<?xml version="1.0" encoding="utf-8"?>
<!--Generated by crowdin.net-->
<resources>
  <string name="app_name">FM-radio</string>
  <string name="tx_app_name">FM-lähetin</string>
  <string name="preset_delete">Poista</string>
  <string name="stat_notif_frequency">FM-taajuus %1$s MHz</string>
  <string name="sel_band_menu">Valitse Alueelliset Bändi</string>
  <string name="settings_menu">Asetukset</string>
  <string name="regional_band">Paikallinen taajuus</string>
  <string name="aud_output_mode">Äänen lähdön tila</string>
  <string name="sel_audio_output">Valitse äänen lähtö</string>
  <string name="record_dur">Tallennuksen kesto</string>
  <string name="sel_rec_dur">Valitse tallennuksen kesto</string>
  <string name="auto_select_af">Vaihtoehtoinen taajuus</string>
  <string name="auto_select_af_enabled">Automaattinen valinta sallittu</string>
  <string name="auto_select_af_disabled">Automaattinen valinta poissa käytöstä</string>
  <string name="fac_defaults">Palauta oletusasetukset</string>
  <string name="revert_to_fac">Palauta oletusasetukset</string>
  <string name="settings_back">Palaa</string>
  <string name="settings_revert_confirm_title">Vahvista asetuksien palautus</string>
  <string name="settings_revert_confirm_msg">Tämä poistaa kaikki asetukset, mukaan lukien esiasetukset</string>
  <string name="settings_back_summary">Palaa edelliseen näkymään</string>
  <string name="settings_revert_defaults_title">Palauta tehdasasetukset</string>
  <string name="settings_revert_defaults_summary">Palauta kaikki asetukset</string>
  <string name="alert_dialog_ok">OK</string>
  <string name="alert_dialog_cancel">Peruuta</string>
  <string name="preset_search">Etsi%1$s</string>
  <string name="fm_command_failed_title">FM käyttö epäonnistui</string>
  <string name="fm_cmd_failed_msg">Toiminta epäonnistui. Mahdollisia syitä ovat: et ole liittäny langallisia kuulokkeita, et ole ottanut Bluetoothia käyttöön, puhelu on kesken, tai FM on suljettu. Tarkista ja yritä uudelleen.</string>
  <string name="durationformat">%2$d:%5$02d</string>
  <string name="frequency_string">frequency_string</string>
  <string name="stat_no_fm">FM-radio ei ole päällä</string>
  <string name="need_headset_for_antenna">Tarvitet langalliset kuulokkeet toimimaan antennina</string>
  <string name="init_FM">Ole hyvä ja odota, otetaan Bluetooth käyttöön FM-radiota varten...</string>
  <string name="need_bluetooth">Virhe! Ota Bluetooth käyttöön</string>
</resources>
