<?xml version="1.0" encoding="utf-8"?>
<!--Generated by crowdin.net-->
<resources>
  <string name="cancel">Peruuta</string>
  <string name="copy">Kopioi</string>
  <string name="copyUrl">Kopioi URL</string>
  <string name="cut">Leikkaa</string>
  <string name="defaultVoiceMailAlphaTag">Vastaaja</string>
  <string name="defaultMsisdnAlphaTag">MSISDN1</string>
  <string name="emptyPhoneNumber">(Ei numeroa)</string>
  <string name="httpErrorBadUrl">Sivua ei voi avata koska URL-osoite on viallinen.</string>
  <string name="httpErrorUnsupportedScheme">Protokollaa ei tueta.</string>
  <string name="no">Peruuta</string>
  <string name="ok">OK</string>
  <string name="paste">Liitä</string>
  <string name="search_go">Etsi</string>
  <string name="selectAll">Valitse kaikki</string>
  <string name="unknownName">(Tuntematon)</string>
  <string name="untitled"><nimetön></string>
  <string name="VideoView_error_button">OK</string>
  <string name="VideoView_error_text_unknown">Videoa ei voi toistaa.</string>
  <string name="VideoView_error_title">Videota ei voi toistaa</string>
  <string name="yes">OK</string>
  <string name="dialog_alert_title">Huomautus</string>
  <string name="VideoView_error_text_invalid_progressive_playback">Videoa ei voi virtauttaa laitteeseen.</string>
  <string name="config_tether_apndata">asetus jaa yhteyspistetiedot</string>
  <string name="config_networkLocationProvider">com.google.android.location.NetworkLocationProvider</string>
  <string name="config_geocodeProvider">com.google.android.location.GeocodeProvider</string>
  <string name="config_datause_iface">rmnet0</string>
  <string name="month_long_standalone_january">Tammikuu</string>
  <string name="month_long_standalone_february">Helmikuu</string>
  <string name="month_long_standalone_march">Maaliskuu</string>
  <string name="month_long_standalone_april">Huhtikuu</string>
  <string name="month_long_standalone_may">Toukokuu</string>
  <string name="month_long_standalone_june">Kesäkuu</string>
  <string name="month_long_standalone_july">Heinäkuu</string>
  <string name="month_long_standalone_august">Elokuu</string>
  <string name="month_long_standalone_september">Syyskuu</string>
  <string name="month_long_standalone_october">Lokakuu</string>
  <string name="month_long_standalone_november">Marraskuu</string>
  <string name="month_long_standalone_december">Joulukuu</string>
  <string name="month_long_january">Tammikuu</string>
  <string name="month_long_february">Helmikuu</string>
  <string name="month_long_march">Maaliskuu</string>
  <string name="month_long_april">Huhtikuu</string>
  <string name="month_long_may">Toukokuu</string>
  <string name="month_long_june">Kesäkuu</string>
  <string name="month_long_july">Heinäkuu</string>
  <string name="month_long_august">Elokuu</string>
  <string name="month_long_september">Syyskuu</string>
  <string name="month_long_october">Lokakuu</string>
  <string name="month_long_november">Marraskuu</string>
  <string name="month_long_december">Joulukuu</string>
  <string name="month_medium_january">Tammi</string>
  <string name="month_medium_february">Helmi</string>
  <string name="month_medium_march">Maalis</string>
  <string name="month_medium_april">Huhti</string>
  <string name="month_medium_may">Touko</string>
  <string name="month_medium_june">Kesä</string>
  <string name="month_medium_july">Heinä</string>
  <string name="month_medium_august">Elo</string>
  <string name="month_medium_september">Syys</string>
  <string name="month_medium_october">Loka</string>
  <string name="month_medium_november">Marras</string>
  <string name="month_medium_december">Joulu</string>
  <string name="month_shortest_january">T</string>
  <string name="month_shortest_february">H</string>
  <string name="month_shortest_march">M</string>
  <string name="month_shortest_april">H</string>
  <string name="month_shortest_may">T</string>
  <string name="month_shortest_june">K</string>
  <string name="month_shortest_july">H</string>
  <string name="month_shortest_august">E</string>
  <string name="month_shortest_september">S</string>
  <string name="month_shortest_october">L</string>
  <string name="month_shortest_november">M</string>
  <string name="month_shortest_december">J</string>
  <string name="day_of_week_long_sunday">Sunnuntai</string>
  <string name="day_of_week_long_monday">Maanantai</string>
  <string name="day_of_week_long_tuesday">Tiistai</string>
  <string name="day_of_week_long_wednesday">Keskiviikko</string>
  <string name="day_of_week_long_thursday">Torstai</string>
  <string name="day_of_week_long_friday">Perjantai</string>
  <string name="day_of_week_long_saturday">Lauantai</string>
  <string name="day_of_week_medium_sunday">Sun</string>
  <string name="day_of_week_medium_monday">Maa</string>
  <string name="day_of_week_medium_tuesday">Tii</string>
  <string name="day_of_week_medium_wednesday">Kes</string>
  <string name="day_of_week_medium_thursday">Tor</string>
  <string name="day_of_week_medium_friday">Per</string>
  <string name="day_of_week_medium_saturday">Lau</string>
  <string name="day_of_week_short_sunday">Su</string>
  <string name="day_of_week_short_monday">Ma</string>
  <string name="day_of_week_short_tuesday">Ti</string>
  <string name="day_of_week_short_wednesday">Ke</string>
  <string name="day_of_week_short_thursday">To</string>
  <string name="day_of_week_short_friday">Pe</string>
  <string name="day_of_week_short_saturday">La</string>
  <string name="day_of_week_shortest_sunday">S</string>
  <string name="day_of_week_shortest_monday">M</string>
  <string name="day_of_week_shortest_tuesday">T</string>
  <string name="day_of_week_shortest_wednesday">K</string>
  <string name="day_of_week_shortest_thursday">T</string>
  <string name="day_of_week_shortest_friday">P</string>
  <string name="day_of_week_shortest_saturday">L</string>
  <string name="am">am</string>
  <string name="pm">pm</string>
  <string name="yesterday">Eilen</string>
  <string name="today">Tänään</string>
  <string name="tomorrow">Huomenna</string>
  <string name="hour_minute_24">%H:%M</string>
  <string name="hour_minute_ampm">%-l:%M%p</string>
  <string name="hour_minute_cap_ampm">%-l:%M%^p</string>
  <string name="twelve_hour_time_format">h:mm</string>
  <string name="twenty_four_hour_time_format">HH:mm</string>
  <string name="numeric_date">%-m/%-e/%Y</string>
  <string name="numeric_date_format">K/p/vvvv</string>
  <string name="numeric_date_template">%s/%s/%s</string>
  <string name="month_day_year">%B %-e, %Y</string>
  <string name="time_of_day">%-l:%M:%S %p</string>
  <string name="date_and_time">%b %-e, %Y, %-l:%M:%S %p</string>
  <string name="date_time">%1$s, %2$s</string>
  <string name="time_date">%1$s, %3$s</string>
  <string name="abbrev_month_day_year">%b %-e, %Y</string>
  <string name="month_day">%B %-e</string>
  <string name="month">%-B</string>
  <string name="month_year">%B %Y</string>
  <string name="abbrev_month_day">%b %-e</string>
  <string name="abbrev_month">%-b</string>
  <string name="abbrev_month_year">%b %Y</string>
  <string name="time1_time2">%1$s – %2$s</string>
  <string name="date1_date2">%2$s – %5$s</string>
  <string name="numeric_md1_md2">%2$s/%3$s – %7$s/%8$s</string>
  <string name="numeric_wday1_md1_wday2_md2">%1$s, %2$s/%3$s – %6$s, %7$s/%8$s</string>
  <string name="numeric_mdy1_mdy2">%2$s/%3$s/%4$s – %7$s/%8$s/%9$s</string>
  <string name="numeric_wday1_mdy1_wday2_mdy2">%1$s, %2$s/%3$s/%4$s – %6$s, %7$s/%8$s/%9$s</string>
  <string name="numeric_wday1_mdy1_time1_wday2_mdy2_time2">%1$s, %2$s/%3$s/%4$s, %5$s – %6$s, %7$s/%8$s/%9$s, %10$s</string>
  <string name="numeric_md1_time1_md2_time2">%2$s/%3$s, %5$s – %7$s/%8$s, %10$s</string>
  <string name="numeric_wday1_md1_time1_wday2_md2_time2">%1$s, %2$s/%3$s, %5$s – %6$s, %7$s/%8$s, %10$s</string>
  <string name="numeric_mdy1_time1_mdy2_time2">%2$s/%3$s/%4$s, %5$s – %7$s/%8$s/%9$s, %10$s</string>
  <string name="wday1_date1_time1_wday2_date2_time2">%1$s, %2$s, %3$s – %4$s, %5$s, %6$s</string>
  <string name="wday1_date1_wday2_date2">%1$s, %2$s – %4$s, %5$s</string>
  <string name="date1_time1_date2_time2">%2$s, %3$s – %5$s, %6$s</string>
  <string name="time_wday_date">%1$s, %2$s, %3$s</string>
  <string name="wday_date">%2$s, %3$s</string>
  <string name="time_wday">%1$s, %2$s</string>
  <string name="same_year_md1_md2">%2$s %3$s – %7$s %8$s</string>
  <string name="same_year_wday1_md1_wday2_md2">%1$s, %2$s %3$s – %6$s, %7$s %8$s</string>
  <string name="same_year_md1_time1_md2_time2">%2$s %3$s, %5$s – %7$s %8$s, %10$s</string>
  <string name="same_month_md1_time1_md2_time2">%2$s %3$s, %5$s – %7$s %8$s, %10$s</string>
  <string name="same_year_wday1_md1_time1_wday2_md2_time2">%1$s, %2$s %3$s, %5$s – %6$s, %7$s %8$s, %10$s</string>
  <string name="same_month_wday1_md1_time1_wday2_md2_time2">%1$s, %2$s %3$s, %5$s – %6$s, %7$s %8$s, %10$s</string>
  <string name="same_year_mdy1_time1_mdy2_time2">%2$s %3$s, %4$s, %5$s – %7$s %8$s, %9$s, %10$s</string>
  <string name="same_month_mdy1_time1_mdy2_time2">%2$s %3$s, %4$s, %5$s – %7$s %8$s, %9$s, %10$s</string>
  <string name="same_year_wday1_mdy1_time1_wday2_mdy2_time2">%1$s, %2$s %3$s, %4$s, %5$s – %6$s, %7$s %8$s, %9$s, %10$s</string>
  <string name="same_month_wday1_mdy1_time1_wday2_mdy2_time2">%1$s, %2$s %3$s, %4$s, %5$s – %6$s, %7$s %8$s, %9$s, %10$s</string>
  <string name="same_month_wday1_mdy1_wday2_mdy2">%1$s, %2$s %3$s, %4$s – %6$s, %7$s %8$s, %9$s</string>
  <string name="same_month_md1_md2">%2$s %3$s – %8$s</string>
  <string name="same_month_wday1_md1_wday2_md2">%1$s, %2$s %3$s – %6$s, %7$s %8$s</string>
  <string name="same_year_mdy1_mdy2">%2$s %3$s – %7$s %8$s, %9$s</string>
  <string name="same_month_mdy1_mdy2">%2$s %3$s – %8$s, %9$s</string>
  <string name="same_year_wday1_mdy1_wday2_mdy2">%1$s, %2$s %3$s – %6$s, %7$s %8$s, %9$s</string>
  <string name="short_format_month">%b</string>
  <string name="full_wday_month_day_no_year">EEEE, KKKK p</string>
  <string name="abbrev_wday_month_day_year">EEE, KKK p, vvvv</string>
  <string name="common_name_prefixes">yleinen nimi etuliite</string>
  <string name="common_name_suffixes">yleinen nimi pääte</string>
  <string name="common_last_name_prefixes">yleinen sukunimi etuliite</string>
  <string name="common_name_conjunctions">Yleinen nimiyhteys</string>
  <string name="default_text_encoding">Latin-1</string>
  <string name="lock_pattern_view_aspect">Neliö</string>
  <string name="byteShort">B</string>
  <string name="kilobyteShort">KB</string>
  <string name="megabyteShort">MB</string>
  <string name="gigabyteShort">GB</string>
  <string name="terabyteShort">TB</string>
  <string name="petabyteShort">PB</string>
  <string name="fileSizeSuffix">%1$s%2$s</string>
  <string name="ellipsis">…</string>
  <string name="mmiError">Yhteys ongelma tai väärä MMI-koodi.</string>
  <string name="serviceEnabled">Palvelu otettu käyttöön.</string>
  <string name="serviceEnabledFor">Palvelu käytössä:</string>
  <string name="serviceDisabled">Palvelu poistettu käytöstä.</string>
  <string name="serviceRegistered">Rekisteröinti onnostui.</string>
  <string name="serviceErased">Tyhjennys onnistui.</string>
  <string name="passwordIncorrect">Väärä salasana.</string>
  <string name="mmiComplete">MMI valmis.</string>
  <string name="badPin">Syötit vanhan PIN-koodin väärin.</string>
  <string name="badPuk">PUK-koodi ei kelpaa.</string>
  <string name="mismatchPin">PIN-koodit eivät täsmää.</string>
  <string name="invalidPin">Syötä PIN-koodi joka on 4-8 numeroa pitkä.</string>
  <string name="needPuk">SIM-kortti on PUK-lukittu. Avaa syöttämällä PUK-koodi.</string>
  <string name="needPuk2">Syötä PUK2-koodi avataksesi SIM-kortin.</string>
  <string name="ClipMmi">Saapuvan puhelun ID</string>
  <string name="ClirMmi">Lähtevän puhelun ID</string>
  <string name="CfMmi">Soitonsiirto</string>
  <string name="CwMmi">Koputuspalvelu</string>
  <string name="BaMmi">Puhelunestopalvelu</string>
  <string name="PwdMmi">Salasanan vaihto</string>
  <string name="PinMmi">PIN-koodin vaihto</string>
  <string name="CnipMmi">Soittajan numero ilmoitettu</string>
  <string name="CnirMmi">Soittajan numero rajoitettu</string>
  <string name="ThreeWCMmi">Kokouspuhelu</string>
  <string name="RuacMmi">Ei toivottujen puheluiden hylkääminen</string>
  <string name="CndMmi">Numeron lähetys</string>
  <string name="DndMmi">Do Not Disturb</string>
  <string name="CLIRDefaultOnNextCallOn">Soittajan ID oletuksena rajoitettu. Seuraava puhelu: Sidottu</string>
  <string name="CLIRDefaultOnNextCallOff">Soittajan numero on oletuksena rajoitettu. Seuraava soitto: Rajoittamaton</string>
  <string name="CLIRDefaultOffNextCallOn">Soittajan numero ei ole oletuksena rajoitettu. Seuraava soitto: Rajoitettu</string>
  <string name="CLIRDefaultOffNextCallOff">Soittajan numero ei ole oletuksena rajoitettu. Seuraava soitto: Rajoittamaton</string>
  <string name="serviceNotProvisioned">Palvelua ei ole vahvistettu</string>
  <string name="CLIRPermanent">Soittajan tunnus asetuksia ei voida muuttaa</string>
  <string name="RestrictedChangedTitle">Rajoitettu pääsy muutettu</string>
  <string name="RestrictedOnData">Data-palvelu estetty.</string>
  <string name="RestrictedOnEmergency">Hätäpalvelu estetty.</string>
  <string name="RestrictedOnNormal">Ääni palvelu on estetty.</string>
  <string name="RestrictedOnAllVoice">Kaikki äänipalvelut estetty.</string>
  <string name="RestrictedOnSms">SMS-palvelu estetty.</string>
  <string name="RestrictedOnVoiceData">Ääni ja data palvelut on estetty.</string>
  <string name="RestrictedOnVoiceSms">Ääni ja SMS-palvelut on estetty.</string>
  <string name="RestrictedOnAll">Kaikki ääni,data ja SMS-palvelut estetty.</string>
  <string name="serviceClassVoice">Ääni</string>
  <string name="serviceClassData">Data</string>
  <string name="serviceClassFAX">FAX</string>
  <string name="serviceClassSMS">SMS</string>
  <string name="serviceClassDataAsync">Synkronoimaton</string>
  <string name="serviceClassDataSync">Synkronoi</string>
  <string name="serviceClassPacket">Paketti</string>
  <string name="serviceClassPAD">PAD</string>
  <string name="roamingText0">Verkkovierailun ilmoitus päällä</string>
  <string name="roamingText1">Verkkovierailun ilmoitus pois päältä</string>
  <string name="roamingText2">Verkkovierailun Osoitin Vilkkuu</string>
  <string name="roamingText3">Poissa naapurustosta</string>
  <string name="roamingText4">Poissa</string>
  <string name="roamingText5">Verkkovierailu - Suositeltu järjestelmä</string>
  <string name="roamingText6">Verkkovierailu - saatavissa järjestelmä</string>
  <string name="roamingText7">Verkkovierailu - Liitto-kumppani</string>
  <string name="roamingText8">Verkkovierailu - Premium-kumppani</string>
  <string name="roamingText9">Verkkovierailu - täysi palvelun toiminta</string>
  <string name="roamingText10">Roaming - Palvelun osittainen toiminta</string>
  <string name="roamingText11">Verkkovierailun merkki päällä</string>
  <string name="roamingText12">Verkkovierailun merkki pois</string>
  <string name="roamingTextSearching">Etsitään palvelua</string>
  <string name="cfTemplateNotForwarded">{0}: Ei siirretty</string>
  <string name="cfTemplateForwarded">{0}: {1}</string>
  <string name="cfTemplateForwardedTime">{0}: {1} {2}s jälkeen</string>
  <string name="cfTemplateRegistered">{0}: Ei siirretty</string>
  <string name="cfTemplateRegisteredTime">{0}: Ei siirretty</string>
  <string name="fcComplete">Ominaisuus koodi valmis.</string>
  <string name="fcError">Yhteys ongelma tai väärä ominaisuus koodi.</string>
  <string name="httpErrorOk">OK</string>
  <string name="httpError">Sivulla on virheitä.</string>
  <string name="httpErrorLookup">URL-osoitetta ei löytynyt.</string>
  <string name="httpErrorUnsupportedAuthScheme">Sivun varmistus järjestelmä ei ole tuettu</string>
  <string name="httpErrorAuth">Varmistus epäonnistui.</string>
  <string name="httpErrorProxyAuth">Varmistus proxy-palvelimelta epäonnistui.</string>
  <string name="httpErrorConnect">Yhteys palvelimeen epäonnistui.</string>
  <string name="httpErrorIO">Palvelin ei vastaa. Yritä myöhemmin uudelleen.</string>
  <string name="httpErrorTimeout">Yhteys palvelimeen aikakatkaistiin.</string>
  <string name="httpErrorRedirectLoop">Sivulla on liian monta palvelimen uudelleenohjausta.</string>
  <string name="httpErrorFailedSslHandshake">Suojattua yhteyttä ei voitu muodostaa.</string>
  <string name="httpErrorFile">Tiedostoa ei voi avata.</string>
  <string name="httpErrorFileNotFound">Tiedostoa ei löytynyt.</string>
  <string name="httpErrorTooManyRequests">Liian monta pyyntöä käsittelyssä. Yritä myöhemmin uudelleen.</string>
  <string name="notification_title">Virhe kirjautumisessa %1$s</string>
  <string name="contentServiceSync">Synkronoi</string>
  <string name="contentServiceSyncNotificationTitle">Synkronoi</string>
  <string name="contentServiceTooManyDeletesNotificationDesc">Liian monta %s poistoa.</string>
  <string name="low_memory">Puhelimen tallennustila on täynnä! Poista tiedostoja vapauttaaksesi tilaa.</string>
  <string name="me">Minä</string>
  <string name="power_dialog">Puhelimen asetukset</string>
  <string name="silent_mode">Äänetön</string>
  <string name="turn_on_radio">Kytke langaton päälle</string>
  <string name="turn_off_radio">Kytke langaton pois</string>
  <string name="screen_lock">Näytön lukko</string>
  <string name="power_off">Virta pois</string>
  <string name="shutdown_progress">Suljetaan</string>
  <string name="shutdown_confirm">Puhelimesi sammuu.</string>
  <string name="recent_tasks_title">Viimeaikaiset</string>
  <string name="no_recent_tasks">Ei viimeaikaisia sovelluksia.</string>
  <string name="global_actions">Puhelimen asetukset</string>
  <string name="global_action_lock">Näytön lukko</string>
  <string name="global_action_power_off">Virta pois</string>
  <string name="global_action_toggle_silent_mode">Äänetön</string>
  <string name="global_action_silent_mode_on_status">Ääni POIS päältä</string>
  <string name="global_action_silent_mode_off_status">Ääni PÄÄLLÄ</string>
  <string name="global_actions_toggle_airplane_mode">Lentokonetila</string>
  <string name="global_actions_airplane_mode_on_status">Lentokonetila PÄÄLLÄ</string>
  <string name="global_actions_airplane_mode_off_status">Lentokonetila POIS päältä</string>
  <string name="safeMode">Vikasietotila</string>
  <string name="android_system_label">Android-järjestelmä</string>
  <string name="permgrouplab_costMoney">Maksulliset palvelut</string>
  <string name="permgroupdesc_costMoney">Salli sovelluksien tehdä asioita jotka maksavat rahaa.</string>
  <string name="permgrouplab_messages">Viestit</string>
  <string name="permgroupdesc_messages">Lue ja kirjoita SMS-, sähköposti- tai muita viestejä.</string>
  <string name="permgrouplab_personalInfo">Henkilökohtaiset tietosi</string>
  <string name="permgroupdesc_personalInfo">Suora pääsy kalenteriin ja yhteystietoihin.</string>
  <string name="permgrouplab_location">Sijaintisi</string>
  <string name="permgroupdesc_location">Tarkkaile sijaintia</string>
  <string name="permgrouplab_network">Verkkoyhteys</string>
  <string name="permgroupdesc_network">Sallii sovelluksille pääsy useisiin verkkotoimintoihin.</string>
  <string name="permgrouplab_accounts">Tilit</string>
  <string name="permgroupdesc_accounts">Käytä saatavilla olevia tilejä.</string>
  <string name="permgrouplab_hardwareControls">Laitteisto asetukset</string>
  <string name="permgroupdesc_hardwareControls">Suora pääsy puhelimen laitteisiin.</string>
  <string name="permgrouplab_phoneCalls">Puhelut</string>
  <string name="permgroupdesc_phoneCalls">Seuraa, tallenna ja käsittele puheluita.</string>
  <string name="permgrouplab_systemTools">Järjestelmä työkalut</string>
  <string name="permgroupdesc_systemTools">Järjestelmän alemman tason käyttö ja hallinta.</string>
  <string name="permgrouplab_developmentTools">Kehittäjän työkalut</string>
  <string name="permgroupdesc_developmentTools">Sovelluskehittäjän työkalut.</string>
  <string name="permgrouplab_storage">Tallennustila</string>
  <string name="permgroupdesc_storage">Käytä SD-korttia.</string>
  <string name="permlab_statusBar">Muuta tai poista ilmoitusaluetta</string>
  <string name="permdesc_statusBar">Sallii sovelluksen poistaa ilmoitusalueen käytöstä tai lisätä ja poistaa järjestelmän kuvakkeita.</string>
  <string name="permlab_expandStatusBar">Lajenna tai pienennä ilmoitusalue</string>
  <string name="permdesc_expandStatusBar">Sallii sovelluksen laajentaa tai kutistaa ilmoitusalueen.</string>
  <string name="permlab_processOutgoingCalls">Käsittele lähteviä puheluita</string>
  <string name="permdesc_processOutgoingCalls">Sallii sovelluksen käsitellä lähteviä puheluita ja vaihtaa soitettavaa numeroa. Haittaohjelmat voivat käyttää tätä hyväkseen.</string>
  <string name="permlab_receiveSms">Vastaanota SMS-viestejä</string>
  <string name="permdesc_receiveSms">Sallii sovelluksen vastaanotaa ja käsitellä SMS-viestejä Haittaohjelmat voivat käyttää tätä hyväkseen.</string>
  <string name="permlab_receiveMms">Vastaanota MMS-viestejä</string>
  <string name="permdesc_receiveMms">Sallii sovelluksen vastaanotaa ja käsitellä MMS-viestejä. Haittaohjelmat voivat käyttää tätä hyväkseen.</string>
  <string name="permlab_sendSms">Lähetä SMS-viestejä</string>
  <string name="permdesc_sendSms">Sallii sovelluksen lähettää SMS-viestejä. Haittaohjelmat voivat käyttää tätä hyväkseen.</string>
  <string name="permlab_readSms">Lue SMS- tai MMS-viestejä</string>
  <string name="permdesc_readSms">Sallii sovelluksen lukea SMS-viestejä puhelimesta sekä SIM-kortilta. Haittaohjelmat voivat käyttää tätä hyväkseen.</string>
  <string name="permlab_writeSms">Muokkaa SMS- tai MMS-viestejä</string>
  <string name="permdesc_writeSms">Sallii sovelluksen muokata SMS-viestejä puhelimessa sekä SIM-kortilla. Haittaohjelmat voivat käyttää tätä hyväkseen.</string>
  <string name="permlab_receiveWapPush">Vastaanota WAP-viestejä</string>
  <string name="permdesc_receiveWapPush">Sallii sovelluksen vastaanotaa ja käsitellä WAP-viestejä Haittaohjelmat voivat käyttää tätä hyväkseen.</string>
  <string name="permlab_getTasks">Palauta käynnissä olevat sovellukset</string>
  <string name="permdesc_getTasks">Salli sovelluksen saada tietoja käynnissä olevista ja äskettäin käytetyistä sovelluksista. Haittaohjelmat voivat käyttää tätä hyväkseen.</string>
  <string name="permlab_reorderTasks">Järjestä käynnissä olevat sovellukset</string>
  <string name="permdesc_reorderTasks">Sallii sovelluksen siirtää sovelluksia etualalle ja taustalle. Haittaohjelmat voivat käyttää tätä hyväkseen.</string>
  <string name="permlab_setDebugApp">Avaa sovelluksen korjaus</string>
  <string name="permdesc_setDebugApp">Salli sovelluksen kytkeä toisen sovelluksen virheenkorjaus päälle. Haittaohjelmat voivat käyttää tätä hyväkseen.</string>
  <string name="permlab_changeConfiguration">Vaihda käyttöliittymän asetuksia</string>
  <string name="permdesc_changeConfiguration">Salli sovelluksen muuttaa nykyisiä asetuksia, kuten maa-asetusta tai yleistä fonttikokoa.</string>
  <string name="permlab_enableCarMode">Ota Auto-tila käyttöön</string>
  <string name="permdesc_enableCarMode">Sallii sovelluksen ottaa Auto-tila käyttöön.</string>
  <string name="permlab_killBackgroundProcesses">Tapa taustaprosessit</string>
  <string name="permdesc_killBackgroundProcesses">Sallii sovelluksen tappaa tausta-sovelluksia, vaikka muisti ei olisikaan vähissä.</string>
  <string name="permlab_forceStopPackages">Pakkosulje muita sovelluksia</string>
  <string name="permdesc_forceStopPackages">Sallii sovelluksen pakkosulkea toisia sovelluksia.</string>
  <string name="permlab_forceBack">Pakkosulje sovellus</string>
  <string name="permdesc_forceBack">Salli sovelluksen pakkosulkea minkä tahansa etualalla olevan prosessin. Ei käyttöä tavallisille sovelluksille.</string>
  <string name="permlab_dump">Hae järjestelmän tila</string>
  <string name="permdesc_dump">Salli sovelluksen nähdä järjestelmän tilan. Haittaohjelmat voivat käyttää tätä hyväkseen.</string>
  <string name="permlab_shutdown">Osittainen sammutus</string>
  <string name="permdesc_shutdown">Sulkee tehtävänhallinnan. Ei sammuta kokonaan.</string>
  <string name="permlab_stopAppSwitches">Estä sovellusten vaihdot</string>
  <string name="permdesc_stopAppSwitches">Estää käyttäjää vaihtamasta toiseen sovellukseen.</string>
  <string name="permlab_runSetActivityWatcher">Hallitse kaikkien sovelluksien käynnistymistä</string>
  <string name="permdesc_runSetActivityWatcher">Sallii sovelluksen tarkkailla ja hallita kuinka järjestelmä käynnistää tehtäviä. Haittaohjelmat voivat käyttää tätä hyväkseen.</string>
  <string name="permlab_broadcastPackageRemoved">lähetä pakkaus poistetusta lähetyksestä</string>
  <string name="permdesc_broadcastPackageRemoved">Sallii sovelluksen lähettää ilmoitus sovelluspaketin poistosta. Haittaohjelmat voivat käyttää tätä hyväkseen.</string>
  <string name="permlab_broadcastSmsReceived">lähetä SMS-vastaanotettu lähetys</string>
  <string name="permdesc_broadcastSmsReceived">Antaa sovelluksen lähettää ilmoitus että SMS viesti olisi vastaanotettu. Haitalliset sovellukset voivat käyttää tätä väärentääkseen saapuvan tekstiviestin.</string>
  <string name="permlab_broadcastWapPush">lähetä WAP-PUSH-vastaanotettu lähetys</string>
  <string name="permdesc_broadcastWapPush">Antaa sovelluksen lähettää ilmoitus että WAP PUSH viesti olisi vastaanotettu. Haitallinen sovellus voi käyttää tätä väärentääkseen MMS viestin tai salaa vaihta nettisivun sisällön haitallisella sisällöllä.</string>
  <string name="permlab_setProcessLimit">Rajoita prosessien määrää</string>
  <string name="permdesc_setProcessLimit">Salli sovelluksen hallita samanaikaisesti ajettavien prosessien määrää. Ei käyttöä tavallisille ohjelmille.</string>
  <string name="permlab_setAlwaysFinish">Sulje kaikki taustasovellukset</string>
  <string name="permdesc_setAlwaysFinish">Antaa sovelluksen ohjata ovatko aktiviteetit valmiita kun ne menevät taustalle. Ei koskaan tarvita tavallisiin sovelluksiin.</string>
  <string name="permlab_batteryStats">Muokkaa akun käytön tietoja</string>
  <string name="permdesc_batteryStats">Sallii akun käytön tietojen muokkauksen. Ei käyttöä tavallisille sovelluksille.</string>
  <string name="permlab_backup">Hallitse varmuuskopiointia ja palautusta</string>
  <string name="permdesc_backup">Sallii sovelluksen hallita järjestelmän varmuuskopiointia ja palautusta. Tavallisen ohjelman ei koskaan pitäisi tarvita tätä.</string>
  <string name="permlab_internalSystemWindow">näytä luvattomat näytöt</string>
  <string name="permdesc_internalSystemWindow">Salli sovelluksen luoda ikkunoita, jotka on tarkoitettu sisäisen käyttöjärjestelmän käyttöön. Ei käyttöä tavallisille sovelluksille.</string>
  <string name="permlab_systemAlertWindow">Näytä järjestelmän hälytykset</string>
  <string name="permdesc_systemAlertWindow">Salli sovelluksen näyttää järjestelmän hälytysikkunoita. Haittaohjelmat voivat ottaa koko puhelimen ruudun hallintaansa.</string>
  <string name="permlab_setAnimationScale">Muuta animointinopeutta</string>
  <string name="permdesc_setAnimationScale">Salli sovelluksen muuttaa yleistä animointinopeutta (nopeuttaa tai hidastaa animaatioita) koska tahansa.</string>
  <string name="permlab_manageAppTokens">Hallitse sovelluksien syboleja</string>
  <string name="permdesc_manageAppTokens">Antaa sovelluksen luoda ja hallita omia lippujaan, ohittammalla niiden tavallisen Z-järjestyksen. Tavallisten sovellusten ei pitäisi tarvita tätä.</string>
  <string name="permlab_injectEvents">Painele nappeja ja näppäimiä</string>
  <string name="permdesc_injectEvents">Sallii sovelluksen tuoda sovelluksen omat syöttötapahtumat (teksti, napin painallukset jne.) toiseen sovellukseen. Haittaohjelmat voivat käyttää tätä hyväkseen.</string>
  <string name="permlab_readInputState">Tallenna toiminnot ja kirjoitettu teksti</string>
  <string name="permdesc_readInputState">Sallii sovelluksen tarkkailla näppäimen painalluksiasi (jopa salasanaa kirjoittaessa). Tavallisen ohjelman ei koskaan pitäisi tarvita tätä.</string>
  <string name="permlab_bindInputMethod">sido syöttötapaan</string>
  <string name="permdesc_bindInputMethod">Antaa haltijan sitoutua huipputason käyttöliittymän syöttötapaan. Tavallisten sovellusten ei pitäisi tarvita tätä.</string>
  <string name="permlab_bindWallpaper">sido taustakuvaan</string>
  <string name="permdesc_bindWallpaper">Antaa haltijan sitoutua korkean tason käyttöliittymän taustakuvaan. Tavallisen sovelluksen ei pitäisi tarvita tätä.</string>
  <string name="permlab_bindDeviceAdmin">vaikuta laitteen ylläpitän kanssa</string>
  <string name="permdesc_bindDeviceAdmin">Antaa haltijan lähettää aikomukset laitteen ylläpitäjälle. Tavallisten sovellusten ei koskaan pitäisi tarvita tätä.</string>
  <string name="permlab_setOrientation">Aseta automaattisesti kääntyvä ruutu</string>
  <string name="permdesc_setOrientation">Salli sovelluksen hallita automaattista ruudun suuntausta. Ei käyttöä tavallisille ohjelmille.</string>
  <string name="permlab_signalPersistentProcesses">Lähetä Linux-signaaleja sovelluksille</string>
  <string name="permdesc_signalPersistentProcesses">antaa sovelluksen pyytää, että toimitettu signaali lähetetään kaikille pysyville prosesseille.</string>
  <string name="permlab_persistentActivity">Aja sovellus aina</string>
  <string name="permdesc_persistentActivity">Salli sovelluksen tehdä osistaan pysyviä, niin ettei järjestelmä voi antaa niitä toisten sovelluksien käyttöön.</string>
  <string name="permlab_deletePackages">Poista sovelluksia</string>
  <string name="permdesc_deletePackages">Sallii sovelluksen poistaa Android-paketteja. Haittaohjelmat voivat käyttää tätä hyväkseen ja poistaa tärkeitä sovelluksia.</string>
  <string name="permlab_clearAppUserData">Poista toisen sovelluksen\' data</string>
  <string name="permdesc_clearAppUserData">Sallii sovelluksen tyhjentää käyttäjä-data.</string>
  <string name="permlab_deleteCacheFiles">Tyhjennä muiden sovelluksien välimuistit</string>
  <string name="permdesc_deleteCacheFiles">Sallii sovelluksen poistaa välimuisti tiedostoja.</string>
  <string name="permlab_getPackageSize">Laske Sovelluksen tallennustila</string>
  <string name="permdesc_getPackageSize">Salli sovelluksen hakea omat koodi-, data- ja välimuistitiedot</string>
  <string name="permlab_installPackages">Asenna sovellukset suoraan</string>
  <string name="permdesc_installPackages">Sallii sovelluksen asentaa uusia tai päivitettyjä android-paketteja. Haittaohjelmat voivat käyttää tätä hyväkseen.</string>
  <string name="permlab_clearAppCache">Tyhjennä kaikkien sovelluksien välimuisti</string>
  <string name="permdesc_clearAppCache">Salli sovelluksen vapauttaa puhelimentallennustilaa tyhjentämällä sovelluksien välimuistit. Sallittu yleensä vain järjestelmäsovelluksille.</string>
  <string name="permlab_movePackage">Siirrä sovellusresursseja</string>
  <string name="permdesc_movePackage">Salli sovelluksen siirtää sovellusresursseja sisäisestämuistista ulkoiseen ja päinvastoin.</string>
  <string name="permlab_readLogs">Lue järjestelmän loki</string>
  <string name="permdesc_readLogs">Sallii sovelluksen lukea järjestelmän lokia.</string>
  <string name="permlab_diagnostic">luku/kirjoitus resursseihin jonka omistaa diag</string>
  <string name="permdesc_diagnostic">Mahdollistaa sovelluksen lukea ja kirjoittaa mihin tahansa resurssiin jonka omistaa diag ryhmä; esimerkiksi Tiedostot kansiossa /dev. Tämä saattaa vaikuttaa järjestelmän vakauteen ja turvallisuuteen. Tätä tulisi käyttää vain laitteistokohtaiseen diagnosointiin, konka valmistaja tai operaattori tekee.</string>
  <string name="permlab_changeComponentState">Hallitse sovelluksien osia</string>
  <string name="permdesc_changeComponentState">Salli sovelluksen hallita toisten sovelluksien osien käynnistymistä. Haittaohjelmat voivat käyttää tätä poistaakseen tärkeitä puhelimen ominaisuuksia käytöstä. Luvan myöntämisessä oltava huolellinen koska se voi johtaa sovelluksien tai niiden osien toimimattomuuteen.</string>
  <string name="permlab_setPreferredApplications">Muokkaa oletussovelluksia</string>
  <string name="permdesc_setPreferredApplications">Sallii sovelluksen muokata oletussovelluksia. Haittaohjelmat voivat käyttää tätä hyväkseen.</string>
  <string name="permlab_writeSettings">Muokkaa järjestelmän yleisiä asetuksia</string>
  <string name="permdesc_writeSettings">Sallii sovelluksen muokata järjestelmän asetuksia. Haittaohjelmat voivat käyttää tätä hyväkseen.</string>
  <string name="permlab_writeSecureSettings">Muokkaa järjestelmän suojausasetuksia</string>
  <string name="permdesc_writeSecureSettings">Salli sovelluksen muokata järjestelmän suojausasetusten dataa. Ei käyttöä tavallisille sovelluksille.</string>
  <string name="permlab_writeGservices">Muokkaa Google karttaa</string>
  <string name="permdesc_writeGservices">Sallii sovelluksen muokata Google kartaa. Tavalliset sovellukset eivät käytä tätä.</string>
  <string name="permlab_receiveBootCompleted">Käynnistä aina kun puhelin käynnistyy</string>
  <string name="permdesc_receiveBootCompleted">Sallii sovelluksen käynnistää itsensä puhelimen käynnistyessä. Tämä voi hidastaa puhelinta.</string>
  <string name="permlab_broadcastSticky">Lähetä hankalia lähetyksiä</string>
  <string name="permdesc_broadcastSticky">antaa sovelluksen lähettää hankalia lähetyksiä, jotka jäävät vaikka lähetys päättyy. Haitalliset sovellukset voivat tehdä puhelimesta hitaan tai epävakaan antamalla sen käyttää liikaa muistia.</string>
  <string name="permlab_readContacts">Lye yhteystiedon tiedot</string>
  <string name="permdesc_readContacts">Sallii sovelluksen lukea yhteystiedon (osoite) tietoja. Haittaohjelmat voivat käyttää tätä hyväkseen.</string>
  <string name="permlab_writeContacts">Kirjoita yhteystiedon tiedot</string>
  <string name="permdesc_writeContacts">Sallii sovelluksen muokata yhteystiedon (osoite) tietoja. Haittaohjelmat voivat käyttää tätä hyväkseen.</string>
  <string name="permlab_writeOwnerData">Kirjoita omistajan tiedot</string>
  <string name="permdesc_writeOwnerData">Sallii sovelluksen muokata puhelimen omistajan tietoja. Haittaohjelmat voivat käyttää tätä hyväkseen.</string>
  <string name="permlab_readOwnerData">Lue omistajan tiedot</string>
  <string name="permdesc_readOwnerData">Sallii sovelluksen lukea puhelimen omistajan tiedot. Haittaohjelmat voivat käyttää tätä hyväkseen.</string>
  <string name="permlab_readCalendar">Lue kalenterimerkinnät</string>
  <string name="permdesc_readCalendar">Sallii sovelluksen lukea kaikki kalenterimerkinnät. Haittaohjelmat voivat käyttää tätä hyväkseen.</string>
  <string name="permlab_writeCalendar">Lisää tai muuta kalenterimerkintöjä ja lähetä sähköpostia</string>
  <string name="permdesc_writeCalendar">Sallii sovelluksen lisätä ja muuttaa kalenterimerkintöjä, jotka voivat lähettää sähköpostia. Haittaohjelmat voivat käyttää tätä hyväkseen.</string>
  <string name="permlab_accessMockLocation">Valesijainnit testausta varten</string>
  <string name="permdesc_accessMockLocation">Luo valesijainteja testausta varten. Haittaohjelmat voivat käyttää  tätä ohittaakseen GPS:n tai verkon toimittaman oikean sijainnin tai seurata ja lähettää sijaintisi ulkopuoliselle taholle.</string>
  <string name="permlab_accessLocationExtraCommands">Hallitse sijainnintoimittajan lisäkomentoja</string>
  <string name="permdesc_accessLocationExtraCommands">Hallitse sijainnintoimittajan lisäkomentoja. Haittaohjelmat voivat käyttää tätä puuttuakseen GPS:n tai muun sijaintilähteen toimintaan.</string>
  <string name="permlab_installLocationProvider">Salli sijainnintoimittajan asennus</string>
  <string name="permdesc_installLocationProvider">Luo valesijainteja testausta varten. Haittaohjelmat voivat käyttää  tätä ohittaakseen GPS:n tai verkon toimittaman oikean sijainnin tai seurata ja lähettää sijaintisi ulkopuoliselle taholle.</string>
  <string name="permlab_accessFineLocation">Tarkka (GPS) sijainti</string>
  <string name="permdesc_accessFineLocation">Käytä tarkkaa GPS-sijaintia kun mahdollista. Haittaohjelmat voivat käyttää tätä hyväkseen.</string>
  <string name="permlab_accessCoarseLocation">Verkkosijainti (epätarkka)</string>
  <string name="permdesc_accessCoarseLocation">Käytä langattomiin verkkoihin perustuvaa sijaintia sen ollessa saatavilla. Haittaohjelmat voivat käyttää tätä hyväkseen.</string>
  <string name="permlab_accessSurfaceFlinger">pääsy SurfaceFlinger</string>
  <string name="permdesc_accessSurfaceFlinger">Antaa sovelluksen käyttää SurfaceFlinger matalan tason ominaisuuksia.</string>
  <string name="permlab_readFrameBuffer">Lue kuvapuskuri</string>
  <string name="permdesc_readFrameBuffer">Salli sovelluksen lukea kuvapuskurin sisältö.</string>
  <string name="permlab_modifyAudioSettings">Muokkaa ääni asetuksia</string>
  <string name="permdesc_modifyAudioSettings">Salli sovelluksen muokata yleisiä ääniasetuksia kuten äänenvoimakkuutta.</string>
  <string name="permlab_recordAudio">Tallenna ääntä</string>
  <string name="permdesc_recordAudio">Salli sovellukselle pääsy äänityksien tiedostosijaintiin.</string>
  <string name="permlab_camera">Ota kuvia</string>
  <string name="permdesc_camera">Sallii sovelluksen ottaa kuvia kameralla milloin tahansa.</string>
  <string name="permlab_brick">Poista puhelin käytöstä lopullisesti</string>
  <string name="permdesc_brick">Sallii sovelluksen paistaa käytöstä koko puhelimen lopullisesti. Tämä on erittäin vaarallista.</string>
  <string name="permlab_reboot">Pakota uudelleenkäynnistys</string>
  <string name="permdesc_reboot">Sallii sovelluksen pakottaa puhelimen käynnistymään uudelleen.</string>
  <string name="permlab_mount_unmount_filesystems">Kiinnitä ja irrota tallennusvälineitä</string>
  <string name="permdesc_mount_unmount_filesystems">Sallii sovelluksen kiinnittää ja irrottaa siirrettäviä levyjä.</string>
  <string name="permlab_mount_format_filesystems">Alusta ulkoinenlevy</string>
  <string name="permdesc_mount_format_filesystems">Sallii sovelluksen alustaa siirrettävä levy.</string>
  <string name="permlab_asec_access">Lupa saada tietoja suojatustatallennustilasta</string>
  <string name="permdesc_asec_access">Salli sovelluksen saada tietoja suojatustatallennustilasta.</string>
  <string name="permlab_asec_create">Luo suojattutallennustila</string>
  <string name="permdesc_asec_create">Salli sovelluksen luoda suojattutallennustila.</string>
  <string name="permlab_asec_destroy">Tuhoa suojattutallennustila</string>
  <string name="permdesc_asec_destroy">Salli sovelluksen tuhota suojattutallennustila.</string>
  <string name="permlab_asec_mount_unmount">Liitä/irroita suojattutallennustila</string>
  <string name="permdesc_asec_mount_unmount">Salli sovelluksen liittää/irroittaa suojattutallennustila.</string>
  <string name="permlab_asec_rename">Uudelleennimeä suojattutallennustila</string>
  <string name="permdesc_asec_rename">Salli sovelluksen uudelleennimetä suojattutallennustila.</string>
  <string name="permlab_vibrate">Ohjaa värinää</string>
  <string name="permdesc_vibrate">Sallii sovelluksen ohjata värinää.</string>
  <string name="permlab_flashlight">Hallitse taskulamppua</string>
  <string name="permdesc_flashlight">Salli sovelluksen käyttää salamavaloa.</string>
  <string name="permlab_hardware_test">Laitteisto testi</string>
  <string name="permdesc_hardware_test">Salli sovelluksen hallita oheislaitteita laitteisto testauksessa.</string>
  <string name="permlab_callPhone">Soita suoraan puhelinnumeroon</string>
  <string name="permdesc_callPhone">Salli sovelluksen soittaa huomaamattasi mihin tahansa numeroon mukaan lukien hätänumerot. Haittaohjelmat voivat käyttää tätä hyväkseen.</string>
  <string name="permlab_callPrivileged">Soita suoraan mihin tahansa puhelinnumeroon</string>
  <string name="permdesc_callPrivileged">Salli sovelluksen soittaa huomaamattasi mihin tahansa numeroon mukaan lukien hätänumerot. Haittaohjelmat voivat käyttää tätä hyväkseen.</string>
  <string name="permlab_performCdmaProvisioning">Käynnistä CDMA-määritys suoraan</string>
  <string name="permdesc_performCdmaProvisioning">Salli sovelluksen aloittaa CDMA-toiminnon. Haittaohjelmat voivat tahtomattasi käynnistää CDMA-toiminnon</string>
  <string name="permlab_locationUpdates">Hallitse sijainnin päivitysilmoituksia</string>
  <string name="permdesc_locationUpdates">Salli radion sijainnin päivitysilmoituksien ottaminen käyttöön ja poistaminen käytöstä. Ei käyttöä tavallisille sovelluksille.</string>
  <string name="permlab_checkinProperties">pääsy checkin ominaisuuksiin</string>
  <string name="permdesc_checkinProperties">Mahdollistaa luku/kirjoitus pääsyn ominaisuuksiin jonka checkin-palvelu on lähettänyt. Ei tarkoitettu normaaleille sovelluksille.</string>
  <string name="permlab_bindGadget">Valitse widgetit</string>
  <string name="permdesc_bindGadget">Sallii sovelluksen kertoa mitä widgettiä voidaan käyttää missäkin sovelluksessa. Tällä luvalla, sovellukset voivat antaa muille sovelluksille pääsyn henkilötietoihin. Tavalliset sovellukset eivät käytä tätä.</string>
  <string name="permlab_modifyPhoneState">Hallitse puhelimen tilaa</string>
  <string name="permdesc_modifyPhoneState">Salli sovelluksen hallita laitteen puhelinominaisuuksia. Näillä oikeuksilla sovellus voi vaihtaa verkkoja yms. ilman erillistä ilmoitusta.</string>
  <string name="permlab_readPhoneState">Lue puhelimen tila ja identiteetti</string>
  <string name="permdesc_readPhoneState">Salli sovelluksen päästä laitteen puhelinominaisuuksia. Näillä oikeuksilla sovellus voi saada laitteen puhelin- ja sarjanumeron sekä lähtevän puhelun puhelinnumeron jos puhelu on aktiivinen.</string>
  <string name="permlab_wakeLock">Estä puhelinta nukkumasta</string>
  <string name="permdesc_wakeLock">Salli sovelluksen estää puhelinta menemästä lepotilaan.</string>
  <string name="permlab_devicePower">Käynnistä tai sulje puhelin</string>
  <string name="permdesc_devicePower">Sallii sovelluksen käynnistää tai sulkea puhelimen.</string>
  <string name="permlab_factoryTest">Aja tehdastestitilassa</string>
  <string name="permdesc_factoryTest">Suorita matalan tason valmistajan testi, jolloin on täydellinen pääsy puhelimen laitteistoon. Käytettävissä vain, kun puhelin on käynnissä valmistaja testitilassa.</string>
  <string name="permlab_setWallpaper">Aseta taustakuva</string>
  <string name="permdesc_setWallpaper">Sallii sovelluksen vaihtaa puhelimen taustakuvaa.</string>
  <string name="permlab_setWallpaperHints">Aseta taustakuvan koon vihjeitä</string>
  <string name="permdesc_setWallpaperHints">Salli sovelluksen asettaa järjestelmäntaustakuvan vihjeitä.</string>
  <string name="permlab_masterClear">Tehdasasetusten palautus</string>
  <string name="permdesc_masterClear">Sallii sovelluksen palauttaa laitteen tehdasasetuksiin poistaen kaikki tiedostot, asetukset, asennetut sovellukset ja tiedot.</string>
  <string name="permlab_setTime">Aseta aika</string>
  <string name="permdesc_setTime">Sallii sovelluksen muokata puhelimen kellon aikaa.</string>
  <string name="permlab_setTimeZone">Aseta aikavyöhyke</string>
  <string name="permdesc_setTimeZone">Sallii sovelluksen muuttaa puhelimen aikavyöhykettä.</string>
  <string name="permlab_accountManagerService">toimi TilinHallitsijaPalveluna</string>
  <string name="permdesc_accountManagerService">Salli sovelluksen soittaa puheluita tilin varmistajalle</string>
  <string name="permlab_getAccounts">Etsi tiedetyt tilit</string>
  <string name="permdesc_getAccounts">Salli sovelluksen saada lista kaikista tileistä jotka ovat puhelimen tiedoissa.</string>
  <string name="permlab_authenticateAccounts">Toimi tilin varmistajana</string>
  <string name="permdesc_authenticateAccounts">Salli sovelluksen käyttää tilinhallinnan varmistus ominaisuuksia kuten tilien luominen ja niiden salasanojen lukeminen ja hallinta.</string>
  <string name="permlab_manageAccounts">Hallitse tilejä</string>
  <string name="permdesc_manageAccounts">Sallii sovelluksen lisätä ja poistaa tilejä ja poistaa niiden salasanoja.</string>
  <string name="permlab_useCredentials">käytä tunnuksen varmistus tietoja</string>
  <string name="permdesc_useCredentials">Antaa sovelluksen pyytää varmistuslipukkeen</string>
  <string name="permlab_accessNetworkState">Näytä verkon tila</string>
  <string name="permdesc_accessNetworkState">Sallii sovelluksen lukea kaikkien verkkojen tilan.</string>
  <string name="permlab_createNetworkSockets">Täysi pääsy verkkoon</string>
  <string name="permdesc_createNetworkSockets">Mahdollistaa sovelluksen luoda verkkoportteja.</string>
  <string name="permlab_writeApnSettings">Kirjoita APN-asetukset</string>
  <string name="permdesc_writeApnSettings">Sallii sovelluksen muokata APN-asetuksia kuten Proxy ja Portit.</string>
  <string name="permlab_changeNetworkState">Muokkaa verkkoyhteyden tilaa</string>
  <string name="permdesc_changeNetworkState">Sallii sovelluksen vaihtaa verkkoyhteyden tilaa.</string>
  <string name="permlab_changeTetherState">Muuta jaettua yhteyttä</string>
  <string name="permdesc_changeTetherState">Antaa sovelluksen muuttaa jaetun verkon tilaa</string>
  <string name="permlab_changeBackgroundDataSetting">Muokkaa taustadata asetuksia</string>
  <string name="permdesc_changeBackgroundDataSetting">Sallii sovelluksen muokata taustadata asetuksia.</string>
  <string name="permlab_accessWifiState">Näytä Wi-Fi:n tila</string>
  <string name="permdesc_accessWifiState">Sallii sovelliksen nähdä tietoja Wi-Fi:n tilasta.</string>
  <string name="permlab_changeWifiState">Vaihda Wi-Fi tilaa</string>
  <string name="permdesc_changeWifiState">Sallii sovelluksen yhdistää avoimiin Wi-Fi-verkkoihin ja muokata Wi-Fi-asetuksia.</string>
  <string name="permlab_changeWifiMulticastState">Salli Wi-Fi monilähetys</string>
  <string name="permdesc_changeWifiMulticastState">Salli sovelluksen vastaanottaa paketteja, joita ei ole suoraan osoitettu laitteellesi. Tästä voi olla hyötyä etsittäessä paikallisia palveluita. Käyttää enemmän akkua tavallinen tila.</string>
  <string name="permlab_bluetoothAdmin">Bluetooth järjestelmänvalvonta</string>
  <string name="permdesc_bluetoothAdmin">Sallii sovelluksen muokata Bluetooth asetuksia ja tehdä ja hyväksyä yhteyksiä paritettujen laitteiden kanssa.</string>
  <string name="permlab_bluetooth">Luo Bluetooth yhteyksiä</string>
  <string name="permdesc_bluetooth">Sallii sovelluksen nähdä Bluetooth asetukset ja tehdä ja hyväksyä yhteyksiä paritettujen laitteiden kanssa.</string>
  <string name="permlab_disableKeyguard">Poista näppäinlukko käytöstä</string>
  <string name="permdesc_disableKeyguard">Sallii sovelluksen poistaa näytön avainkuvio tai salasanasuojauksen käytöstä. Laillinen esimerkki tästä on puhelun saapuessa tapahtuva näytön avainkuvion poistaminen käytöstä ja puhelun katkettua ottaminen takaisin käyttöön.</string>
  <string name="permlab_readSyncSettings">Lue synkronointi asetukset</string>
  <string name="permdesc_readSyncSettings">Sallii sovelluksen lukea synkronointi asetuksia kuten yhteystietojen synkronointi.</string>
  <string name="permlab_writeSyncSettings">Kirjoita synkronointi asetukset</string>
  <string name="permdesc_writeSyncSettings">Sallii sovelluksen muokata synkronointi asetuksia kuten yhteystietojen synkronointi.</string>
  <string name="permlab_readSyncStats">Lue synkronointi tiedot</string>
  <string name="permdesc_readSyncStats">Sallii sovelluksen lukea synkronointi tietoja ja synkronointien historiaa.</string>
  <string name="permlab_subscribedFeedsRead">Lue tilatut syötteet</string>
  <string name="permdesc_subscribedFeedsRead">Salli sovelluksen saada tietoja synkronoitavista syötteistä.</string>
  <string name="permlab_subscribedFeedsWrite">Kirjoita tilatut syötteet</string>
  <string name="permdesc_subscribedFeedsWrite">Sallii sovelluksen muokata synkronotuja syötteitä. Haittaohjelmat voivat käyttää tätä hyväkseen.</string>
  <string name="permlab_readDictionary">Lue käyttäjän sanakirjaa</string>
  <string name="permdesc_readDictionary">Sallii sovelluksen lukea kaiken käyttäjän sanakirjasta.</string>
  <string name="permlab_writeDictionary">Kirjoita käyttäjän sanakirjaan</string>
  <string name="permdesc_writeDictionary">Voit kirjoittaa uusia sanoja käyttäjän sanakirjaan.</string>
  <string name="permlab_sdcardWrite">Muuta tai poista SD-kortin sisältöä</string>
  <string name="permdesc_sdcardWrite">Sallii sovelluksen tallentaa SD-kortille.</string>
  <string name="permlab_cache_filesystem">Hallitse välimuistia</string>
  <string name="permdesc_cache_filesystem">Sallii sovelluksen hallita välimuistia.</string>
  <string name="policylab_limitPassword">Rajoita salasanoja</string>
  <string name="policydesc_limitPassword">Rajoita sallittuja salasanatyyppejä.</string>
  <string name="policylab_watchLogin">Seuraa kirjautumiyrityksiä</string>
  <string name="policydesc_watchLogin">Näyttö epäonnistui yrityksissään kirjautua laitteeseen, tehdäkseen toimintoja.</string>
  <string name="policylab_resetPassword">Palauta salasana</string>
  <string name="policydesc_resetPassword">Pakota salasanasi uuteen arvoon. Joudut pyytämään salasanaa järjestelmänvalvojalta kirjautuaksesi sisään.</string>
  <string name="policylab_forceLock">Pakota lukitus</string>
  <string name="policydesc_forceLock">Hallitse laitteen lukkiutumista. Salasana vaaditaan.</string>
  <string name="policylab_wipeData">Tyhjennä kaikki data</string>
  <string name="policydesc_wipeData">Suorita tehdasasetusten palautus, poistaen kaiken datan ilman erillistä vahvistusta.</string>
  <string name="phoneTypeCustom">Muokattu</string>
  <string name="phoneTypeHome">Koti</string>
  <string name="phoneTypeMobile">Matkapuhelin</string>
  <string name="phoneTypeWork">Työ</string>
  <string name="phoneTypeFaxWork">Työ Fax</string>
  <string name="phoneTypeFaxHome">Koti Fax</string>
  <string name="phoneTypePager">Hakulaite</string>
  <string name="phoneTypeOther">Muu</string>
  <string name="phoneTypeCallback">Takaisinsoitto</string>
  <string name="phoneTypeCar">Auto</string>
  <string name="phoneTypeCompanyMain">Työnumero</string>
  <string name="phoneTypeIsdn">ISDN</string>
  <string name="phoneTypeMain">Puhelinnumero</string>
  <string name="phoneTypeOtherFax">Muu Fax</string>
  <string name="phoneTypeRadio">Radio</string>
  <string name="phoneTypeTelex">Telex</string>
  <string name="phoneTypeTtyTdd">TTY TDD</string>
  <string name="phoneTypeWorkMobile">Työ matkapuhelin</string>
  <string name="phoneTypeWorkPager">Työ hakulaite</string>
  <string name="phoneTypeAssistant">Assistentti</string>
  <string name="phoneTypeMms">MMS</string>
  <string name="eventTypeBirthday">Syntymäpäivä</string>
  <string name="eventTypeAnniversary">Vuosipäivä</string>
  <string name="eventTypeOther">Tapahtuma</string>
  <string name="emailTypeCustom">Muokattu</string>
  <string name="emailTypeHome">Koti</string>
  <string name="emailTypeWork">Työ</string>
  <string name="emailTypeOther">Muu</string>
  <string name="emailTypeMobile">Matkapuhelin</string>
  <string name="postalTypeCustom">Muokattu</string>
  <string name="postalTypeHome">Koti</string>
  <string name="postalTypeWork">Työ</string>
  <string name="postalTypeOther">Muu</string>
  <string name="imTypeCustom">Muokattu</string>
  <string name="imTypeHome">Koti</string>
  <string name="imTypeWork">Työ</string>
  <string name="imTypeOther">Muu</string>
  <string name="imProtocolCustom">Muokattu</string>
  <string name="imProtocolAim">AIM</string>
  <string name="imProtocolMsn">Windows Live</string>
  <string name="imProtocolYahoo">Yahoo</string>
  <string name="imProtocolSkype">Skype</string>
  <string name="imProtocolQq">QQ</string>
  <string name="imProtocolGoogleTalk">Google Talk</string>
  <string name="imProtocolIcq">ICQ</string>
  <string name="imProtocolJabber">Jabber</string>
  <string name="imProtocolNetMeeting">NetMeeting</string>
  <string name="orgTypeWork">Työ</string>
  <string name="orgTypeOther">Muu</string>
  <string name="orgTypeCustom">Muokattu</string>
  <string name="contact_status_update_attribution">%1$s kautta</string>
  <string name="contact_status_update_attribution_with_date">%1$s - %2$s</string>
  <string name="keyguard_password_enter_pin_code">Syötä PIN-koodi</string>
  <string name="keyguard_password_enter_password_code">Syötä salasana</string>
  <string name="keyguard_password_wrong_pin_code">Väärä PIN-koodi!</string>
  <string name="keyguard_label_text">Avaa painamalla menu ja 0.</string>
  <string name="emergency_call_dialog_number_for_display">Hätänumero</string>
  <string name="lockscreen_carrier_default">(ei palvelua)</string>
  <string name="lockscreen_screen_locked">Näyttö lukittu.</string>
  <string name="lockscreen_instructions_when_pattern_enabled">Paina Menu avataksesi tai valitse hätäpuhelu.</string>
  <string name="lockscreen_instructions_when_pattern_disabled">Paina Menu avataksesi.</string>
  <string name="lockscreen_pattern_instructions">Piirrä kuvio avataksesi</string>
  <string name="lockscreen_emergency_call">Hätäpuhelu</string>
  <string name="lockscreen_return_to_call">Palaa puheluun</string>
  <string name="lockscreen_pattern_correct">Oikein!</string>
  <string name="lockscreen_pattern_wrong">Koeta uudelleen</string>
  <string name="lockscreen_plugged_in">Ladataan (%d%%)</string>
  <string name="lockscreen_charged">Ladattu.</string>
  <string name="lockscreen_battery_short">%d%%</string>
  <string name="lockscreen_low_battery">Liitä laturiin.</string>
  <string name="lockscreen_missing_sim_message_short">Ei SIM-korttia.</string>
  <string name="lockscreen_missing_sim_message">Ei SIM-korttia.</string>
  <string name="lockscreen_missing_sim_instructions">Aseta SIM-kortti.</string>
  <string name="emergency_calls_only">Vain hätäpuhelut</string>
  <string name="lockscreen_network_locked_message">Verkko lukittu</string>
  <string name="lockscreen_sim_puk_locked_message">SIM-kortti suojattu PUK-koodilla.</string>
  <string name="lockscreen_sim_puk_locked_instructions">Katso apua ohjekirjasta tai ota yhteyttä asiakaspalveluun.</string>
  <string name="lockscreen_sim_locked_message">SIM-kortti lukittu.</string>
  <string name="lockscreen_sim_unlock_progress_dialog_message">Avataan SIM-korttia</string>
  <string name="lockscreen_too_many_failed_attempts_dialog_message">Olet yrittänyt kuviota %d kertaa. \n\nYritä uudelleen %d sekunnin päästä.</string>
  <string name="lockscreen_failed_attempts_almost_glogin">Olet yrittänyt kuviota %d kertaa. %d epäonnistuneen yrityksen jälkeen joudut avaamaan puhelimen käyttämällä Google-kirjautumista. \n\n Yritä uudelleen %d sekunnin päästä.</string>
  <string name="lockscreen_too_many_failed_attempts_countdown">Yritä uudelleen %d sekunnin päästä.</string>
  <string name="lockscreen_forgot_pattern_button_text">Unohditko kuvion?</string>
  <string name="lockscreen_glogin_forgot_pattern">Avaa tili</string>
  <string name="lockscreen_glogin_too_many_attempts">Liian monta yritystä!</string>
  <string name="lockscreen_glogin_instructions">Kirjaudu sisään Google-tililläsi</string>
  <string name="lockscreen_glogin_username_hint">Käyttäjänimi (email)</string>
  <string name="lockscreen_glogin_password_hint">Salasana</string>
  <string name="lockscreen_glogin_submit_button">Kirjaudu</string>
  <string name="lockscreen_glogin_invalid_input">Väärä käyttäjänimi tai salasana.</string>
  <string name="lockscreen_glogin_checking_password">Tarkistetaan...</string>
  <string name="lockscreen_unlock_label">Avaa</string>
  <string name="lockscreen_sound_on_label">Ääni päällä</string>
  <string name="lockscreen_sound_off_label">Ääni pois</string>
  <string name="password_keyboard_label_symbol_key">\?123</string>
  <string name="password_keyboard_label_alpha_key">ABC</string>
  <string name="password_keyboard_label_alt_key">ALT</string>
  <string name="hour_ampm">%-l%P</string>
  <string name="hour_cap_ampm">%-l%p</string>
  <string name="status_bar_clear_all_button">Tyhjennä</string>
  <string name="status_bar_no_notifications_title">Ei ilmoituksia</string>
  <string name="status_bar_ongoing_events_title">Käynnissä</string>
  <string name="status_bar_latest_events_title">Ilmoitukset</string>
  <string name="battery_status_text_percent_format">%d%%</string>
  <string name="battery_status_charging">Lataa</string>
  <string name="battery_low_title">Liitä laturiin</string>
  <string name="battery_low_subtitle">Akku vähissä:</string>
  <string name="battery_low_percent_format">%d%% tai vähemmän jäljellä.</string>
  <string name="battery_low_why">Akun käyttö</string>
  <string name="factorytest_failed">Tehdastesti epäonnistui</string>
  <string name="factorytest_not_system">Vain ohjelmat, jotka on asennettu /system/app kansioon tukevat FACTORY_TEST-toimintoa.</string>
  <string name="factorytest_no_action">Pakettia, joka suorittaa FACTORY_TEST-toiminnon ei löytynyt.</string>
  <string name="factorytest_reboot">Uudelleenkäynnistys</string>
  <string name="web_user_agent">Mozilla/5.0 (Linux; U; Android %s) AppleWebKit/533.1 (KHTML, like Gecko) Version/4.0 Mobile Safari/533.1</string>
  <string name="js_dialog_title">Siusto \'%s\' sanoo:</string>
  <string name="js_dialog_title_default">JavaScript</string>
  <string name="js_dialog_before_unload">Siiry pois sivulta?\n\n%s\n\nValitse OK jatkaaksesi tai Peruuta pysyäksesi tällä sivulla.</string>
  <string name="save_password_label">Vahvista</string>
  <string name="double_tap_toast">Vihje: Kaksois-napauta zoomataksesi.</string>
  <string name="permlab_readHistoryBookmarks">Lue selaimen historia ja kirjanmerkit</string>
  <string name="permdesc_readHistoryBookmarks">Salli sovelluksien lukea selaimen URL-osoitteet ja kirjanmerkit.</string>
  <string name="permlab_writeHistoryBookmarks">Kirjoita selaimen historia ja kirjanmerkit</string>
  <string name="permdesc_writeHistoryBookmarks">Salli sovelluksien muokata selaimen historiaa ja kirjanmerkkejä. Haittaohjelmat voivat käyttää tätä hyväkseen.</string>
  <string name="permlab_writeGeolocationPermissions">Muokkaa selaimen sijainti tietoja</string>
  <string name="permdesc_writeGeolocationPermissions">Sallii sovelluksen muokata selaimen sijainti tietoja. Haittaohjelmat voivat käyttää tätä hyväkseen.</string>
  <string name="save_password_message">Haluatko selaimen muistavan tämän salasanan?</string>
  <string name="save_password_notnow">Ei nyt</string>
  <string name="save_password_remember">Muista</string>
  <string name="save_password_never">Ei koskaan</string>
  <string name="open_permission_deny">Sinulla ei ole oikeuksia avata tätä sivua.</string>
  <string name="text_copied">Teksti kopioitu leikepöydälle.</string>
  <string name="more_item_label">Lisää</string>
  <string name="prepend_shortcut_label">Valikko</string>
  <string name="menu_space_shortcut_label">Väli</string>
  <string name="menu_enter_shortcut_label">Enter</string>
  <string name="menu_delete_shortcut_label">Pyyhi</string>
  <string name="oneMonthDurationPast">Kuukausi sitten</string>
  <string name="beforeOneMonthDurationPast">Yli kuukausi sitten</string>
  <string name="last_month">Edellinen kuukausi</string>
  <string name="older">Vanhempi</string>
  <string name="preposition_for_date">%s päivänä</string>
  <string name="preposition_for_time">klo %s</string>
  <string name="preposition_for_year">vuonna %s</string>
  <string name="day">päivä</string>
  <string name="days">päivää</string>
  <string name="hour">h</string>
  <string name="hours">h</string>
  <string name="minute">min</string>
  <string name="minutes">min</string>
  <string name="second">s</string>
  <string name="seconds">s</string>
  <string name="week">Viikko</string>
  <string name="weeks">Viikkoa</string>
  <string name="year">Vuosi</string>
  <string name="years">Vuotta</string>
  <string name="relative_time">%1$s, %2$s</string>
  <string name="noon">iltapäivä</string>
  <string name="Noon">Iltapäivä</string>
  <string name="midnight">Keskiyö</string>
  <string name="Midnight">Yö</string>
  <string name="elapsed_time_short_format_mm_ss">%1$02d:%2$02d</string>
  <string name="elapsed_time_short_format_h_mm_ss">%1$d:%2$02d:%3$02d</string>
  <string name="selectText">Valitse teksti</string>
  <string name="stopSelectingText">Lopeta tekstin valinta</string>
  <string name="cutAll">Leikkaa kaikki</string>
  <string name="copyAll">Kopioi kaikki</string>
  <string name="inputMethod">Syöttömenetelmä</string>
  <string name="addToDictionary">Lisää \"%s\" sanakirjaan</string>
  <string name="editTextMenuTitle">Muokkaa tekstiä</string>
  <string name="low_internal_storage_view_title">Tallennustila vähissä</string>
  <string name="low_internal_storage_view_text">Puhelimen tallennustila on käymässä vähiin.</string>
  <string name="capital_on">ON</string>
  <string name="capital_off">OFF</string>
  <string name="whichApplication">Suorita toiminto käyttäen</string>
  <string name="alwaysUse">Käytä oletuksena tähän toimintoon.</string>
  <string name="clearDefaultHintMsg">Tyhjennä oletukset valikossa: Asetukset > Sovellukset > Hallitse Sovelluksia.</string>
  <string name="chooseActivity">Valitse toiminto</string>
  <string name="noApplications">Yksikään ohjelma ei voi suorittaa tätä toimintoa.</string>
  <string name="aerr_title">Anteeksi!</string>
  <string name="aerr_application">Sovellus %1$s (prosessi %2$s) pysähtyi odottamattomasti. Yritä uudelleen.</string>
  <string name="aerr_process">Palvelu %1$s pysähtyi odottamattomasti. Yritä uudelleen.</string>
  <string name="anr_title">Anteeksi!</string>
  <string name="anr_activity_application">Toiminto %1$s (sovellus %2$s) ei vastaa.</string>
  <string name="anr_activity_process">Sovellus %1$s (palvelu %2$s) ei vastaa.</string>
  <string name="anr_application_process">Sovellus %1$s (palvelussa %2$s) ei vastaa.</string>
  <string name="anr_process">Prosessi %1$s ei vastaa.</string>
  <string name="force_close">Pakkosulje</string>
  <string name="report">Ilmoita</string>
  <string name="wait">Odota</string>
  <string name="sendText">Valitse toiminto tekstille</string>
  <string name="volume_ringtone">Soiton voimakkuus</string>
  <string name="volume_music">Median voimakkuus</string>
  <string name="volume_music_hint_playing_through_bluetooth">Soitetaan bluetoothin kautta</string>
  <string name="volume_music_hint_silent_ringtone_selected">Äänetön valittu</string>
  <string name="volume_call">Tulevan puhelun voimakkuus</string>
  <string name="volume_bluetooth_call">Bluetooth tulevan puhelun voimakkuus</string>
  <string name="volume_alarm">Hälytyksen voimakkuus</string>
  <string name="volume_notification">Merkkiäänen voimakkuus</string>
  <string name="volume_unknown">Äänen voimakkuus</string>
  <string name="ringtone_default">Oletus soittoääni</string>
  <string name="ringtone_default_with_actual">Oletus soittoääni (%1$s)</string>
  <string name="ringtone_silent">Äänetön</string>
  <string name="ringtone_picker_title">Soittoäänet</string>
  <string name="ringtone_unknown">Tuntematon soittoääni</string>
  <string name="wifi_tether_configure_ssid_default">AndroidAP</string>
  <string name="select_character">Kirjoita</string>
  <string name="sms_control_default_app_name">Tuntematon ohjelma</string>
  <string name="sms_control_title">Lähetetään viestiä</string>
  <string name="sms_control_message">Useita SMS viestejä lähetetään. Valitse \"OK\" jatkaakksesi tai \"Peruuta\" lopettaaksesi lähettämisen.</string>
  <string name="sms_control_yes">OK</string>
  <string name="sms_control_no">Peruuta</string>
  <string name="date_time_set">Aseta</string>
  <string name="default_permission_group">Oletus</string>
  <string name="permissions_format">%1$s, %2$s</string>
  <string name="no_permissions">Lupaa ei vaadita</string>
  <string name="perms_hide">Piilota luvat</string>
  <string name="perms_show_all">Näytä kaikki luvat</string>
  <string name="usb_storage_activity_title">USB massamuisti</string>
  <string name="usb_storage_title">USB yhdistetty</string>
  <string name="usb_storage_message">Olet kytkenyt puhelimen tietokoneeseen USB:n avulla. Paina nappia alhaalla jos haluat kopioida tiedostoja tietokoneen ja puhelimen välillä.</string>
  <string name="usb_storage_button_mount">Kytke USB-levy päälle</string>
  <string name="usb_storage_error_message">Ongelma käytettäessä SD-korttia USB levynä.</string>
  <string name="usb_storage_notification_title">USB yhdistetty</string>
  <string name="usb_storage_notification_message">Kopioi tiedostoja tietokoneen ja puhelimen välillä.</string>
  <string name="usb_storage_stop_notification_title">Sulje USB-levyasematila</string>
  <string name="usb_storage_stop_notification_message">Sulje USB-levyasematila.</string>
  <string name="usb_storage_stop_title">USB-levyasematila käytössä</string>
  <string name="usb_storage_stop_message">Ennen USB-levyasematilan sulkemista varmista että olet irrottanut (sulkenut ohjelman) SD-kortin tietokoneelta.</string>
  <string name="usb_storage_stop_button_mount">Kytke USB-levyasematila pois päältä</string>
  <string name="usb_storage_stop_error_message">Ongelma kytkettäesssä USB-levyasematilaa pois. Varmista että olet irrottanut USB:n tietokoneesta. Yritä uudelleen.</string>
  <string name="dlg_confirm_kill_storage_users_title">Kytke USB-levy päälle</string>
  <string name="dlg_confirm_kill_storage_users_text">Jos avaat USB-levyasematilan, jotkin sovellukset saattavat pysähtyä ja olla käytettävissä vasta kun suljet USB-levyasematilan.</string>
  <string name="dlg_error_title">USB-operaatio epäonnistui</string>
  <string name="dlg_ok">OK</string>
  <string name="extmedia_format_title">Alusta SD-kortti</string>
  <string name="extmedia_format_message">Oletko varma että haluat alustaa SD-kortin? Kaikki kortilla olevat tiedot menetetään.</string>
  <string name="extmedia_format_button_format">Alusta</string>
  <string name="adb_active_notification_title">USB-korjaus liitetty</string>
  <string name="adb_active_notification_message">Poista USB-korjaus käytöstä.</string>
  <string name="locale_replacement">Sijainnin korvaaminen</string>
  <string name="select_input_method">Syöttömenetelmä</string>
  <string name="fast_scroll_alphabet">\u0020ABCDEFGHIJKLMNOPQRSTUVWXYZ</string>
  <string name="fast_scroll_numeric_alphabet">\u00200123456789ABCDEFGHIJKLMNOPQRSTUVWXYZ</string>
  <string name="candidates_style">Tyylit</string>
  <string name="ext_media_checking_notification_title">Valmistellaan SD-korttia</string>
  <string name="ext_media_checking_notification_message">Tarkastetaan virheitä.</string>
  <string name="ext_media_nofs_notification_title">Tyhjä SD-kortti</string>
  <string name="ext_media_nofs_notification_message">SD-kortti on tyhjä tai sen tiedostojärjestelmää ei tueta.</string>
  <string name="ext_media_unmountable_notification_title">Viallinen SD-kortti</string>
  <string name="ext_media_unmountable_notification_message">SD-kortti vioittunut. Saatat joutua alustamaan sen.</string>
  <string name="ext_media_badremoval_notification_title">SD-kortti poistettu odottamattomasti</string>
  <string name="ext_media_badremoval_notification_message">Irrota SD-kortti ennensen poistamista välttääksesi datan häviämisen.</string>
  <string name="ext_media_safe_unmount_notification_title">SD-kortin voi poistaa nyt turvallisesti</string>
  <string name="ext_media_safe_unmount_notification_message">Voit turvallisesti poistaa SD-kortin.</string>
  <string name="ext_media_nomedia_notification_title">SD-kortti poistettu puhelimesta</string>
  <string name="ext_media_nomedia_notification_message">SD-kortti irroitettu. Aseta uusi kortti.</string>
  <string name="activity_list_empty">Toimintoja ei löytynyt</string>
  <string name="permlab_pkgUsageStats">Komponentin käyttötiedot päivitetty</string>
  <string name="permdesc_pkgUsageStats">Salli kerättyjen sovellusosien käyttötietojen muokkaus. Ei käyttöä tavallisille sovelluksille.</string>
  <string name="permlab_copyProtectedData">Sallii vetoamisen tavalliseen container-palveluun tiedostojen kopioimiseen. Ei norm. ohjelmien käyttöön.</string>
  <string name="permdesc_copyProtectedData">Sallii vetoamisen tavalliseen container-palveluun tiedostojen kopioimiseen. Ei norm. ohjelmien käyttöön.</string>
  <string name="tutorial_double_tap_to_zoom_message_short">Napauta kahdesti zoomataksesi</string>
  <string name="gadget_host_error_inflating">Virhe laajennettaessa widgettiä</string>
  <string name="ime_action_go">Siirry</string>
  <string name="ime_action_search">Etsi</string>
  <string name="ime_action_send">Lähetetty</string>
  <string name="ime_action_next">Seuraava</string>
  <string name="ime_action_done">Tehty</string>
  <string name="ime_action_default">Suorita</string>
  <string name="dial_number_using">Soita numeroon\nkäyttäen %s</string>
  <string name="create_contact_using">Yhteystieto luotu\nkäyttäen %s</string>
  <string name="accessibility_compound_button_selected">Valittu</string>
  <string name="accessibility_compound_button_unselected">Ei valittu</string>
  <string name="grant_credentials_permission_message_header">Seuraavat ohjelmat pyytävät valtuuksia tiliisi nyt ja tulevaisuudessa.</string>
  <string name="grant_credentials_permission_message_footer">Haluatko sallia tämän pyynnön?</string>
  <string name="grant_permissions_header_text">Pyytää valtuuksia</string>
  <string name="allow">Salli</string>
  <string name="deny">Kiellä</string>
  <string name="permission_request_notification_title">Lupa pyydetty</string>
  <string name="permission_request_notification_with_subtitle">Lupa pyydetty\ntilille %s</string>
  <string name="input_method_binding_label">Syöttömenetelmä</string>
  <string name="sync_binding_label">Synkronoi</string>
  <string name="accessibility_binding_label">Helppokäyttöisyys</string>
  <string name="wallpaper_binding_label">Taustakuva</string>
  <string name="chooser_wallpaper">Valitse taustakuva</string>
  <string name="alternate_eri_file">/data/eri.xml</string>
  <string name="pptp_vpn_description">PPTP</string>
  <string name="l2tp_vpn_description">L2TP</string>
  <string name="l2tp_ipsec_psk_vpn_description">L2TP/IPSec VPN pohjainen ennaltajaettu avain</string>
  <string name="l2tp_ipsec_crt_vpn_description">Sertifikaatti perusteinen L2TP/IPSec VPN</string>
  <string name="upload_file">Valitse tiedosto</string>
  <string name="reset">Palauta</string>
  <string name="submit">Lähetä</string>
  <string name="description_star">Suosikki</string>
  <string name="car_mode_disable_notification_title">Auto-tila käytössä</string>
  <string name="car_mode_disable_notification_message">Valitse poistuaksesi auto-tilasta.</string>
  <string name="tethered_notification_title">Wi-Fi hotspot aktiivisena</string>
  <string name="tethered_notification_message">Aseta</string>
  <string name="throttle_warning_notification_title">Korkea mobiilidatan käyttö</string>
  <string name="throttle_warning_notification_message">Paina saadaksesi lisätietoja mobiilidatasta</string>
  <string name="throttled_notification_title">Mobiilidataraja ylitetty</string>
  <string name="throttled_notification_message">Paina saadaksesi lisätietoja mobiilidatasta</string>
  <string name="openvpn_vpn_description">OpenVPN SSL VPN</string>
  <string name="lockscreen_dial_label">Syötä numero</string>
  <string name="lockscreen_mms_label">Kirjoita teksti</string>
  <string name="status_bar_back_to_call">Paina palataksesi puheluun</string>
  <string name="lockscreen_bottom_hint">Avaa liu\'uttamalla ylös ja alas</string>
  <string name="lockscreen_unlock_hint">Avaa</string>
  <string name="unknown">Tuntematon</string>
  <string name="private_num">Tuntematon numero</string>
  <string name="payphone">Julkinen puhelin</string>
  <string name="callNoAnswerTimeFormat">Soi %s kertaa</string>
  <string name="callDetailsDurationFormat">%1$s min %2$s s</string>
  <string name="date_day">Päivämäärä</string>
  <string name="status_bar_battery_low_notification">Akku vähissä</string>
  <string name="status_bar_battery_low_notification_button">Liitä laturiin</string>
  <string name="status_bar_button_wifi">Wi-Fi</string>
  <string name="status_bar_button_apn">Bluetooth</string>
  <string name="status_bar_button_bluetooth">Bluetooth</string>
  <string name="status_bar_button_rotate">Kierrä</string>
  <string name="status_bar_button_brightness">Kirkkaus</string>
  <string name="status_bar_button_ringer_normal">Normaali</string>
  <string name="status_bar_button_ringer_vibrate">Värinä</string>
  <string name="status_bar_button_ringer_mute">Mykistä</string>
  <string name="status_bar_button_gps">GPS</string>
  <string name="status_bar_button_sync">Synkronoi</string>
  <string name="status_bar_button_cpu">CPU</string>
  <string name="status_bar_button_vibrate">Värinä</string>
  <string name="status_bar_button_flight_mode">Lentokonetila</string>
  <string name="status_bar_button_reboot">Käynnistä uudelleen</string>
  <string name="status_bar_button_shutdown">Sammuta</string>
  <string name="recent_dialog_buttonAppKiller_summary">MIUI vapauttaa %1$s muistia.\nTällä hetkellä käytettävissä olevan muistin määrä: %2$s</string>
  <string name="recent_dialog_buttonAppKiller">Sulje kaikki</string>
  <string name="recent_dialog_buttonTaskManager">Tehtävien hallinta</string>
  <string name="theme_changing_dialog_title">Valmistellaan uutta kuvaketyyliä</string>
  <string name="theme_changed_dialog_title">Kuvakkeiden tyylin vaihtaminen onnistui</string>
  <string name="theme_changed_dialog_message">Esikatselu työpöydällä. Suositellaan uudelleenkäynnistystä</string>
</resources>
