<?xml version="1.0" encoding="utf-8"?>
<!--Generated by crowdin.net-->
<resources>
  <string name="app_name">Galleria</string>
  <string name="gadget_title">Kuvakehys</string>
  <string name="details_ms">%1$02d:%2$02d</string>
  <string name="details_hms">%1$d:%2$02d:%3$02d</string>
  <string name="movie_view_label">Videot</string>
  <string name="loading_video">Ladataan videota</string>
  <string name="resume_playing_title">Jatka videota</string>
  <string name="resume_playing_message">Jatka toistoa kohdasta %s ?</string>
  <string name="resume_playing_resume">Jatka toistoa</string>
  <string name="resume_playing_restart">Aloita alusta</string>
  <string name="camera">Kamera</string>
  <string name="crop_save_text">Tallenna</string>
  <string name="crop_discard_text">Hylkää</string>
  <string name="multiface_crop_help">Napauta kasvoja aloittaaksesi.</string>
  <string name="saving_image">Tallennetaan kuvaa</string>
  <string name="crop_label">Rajaa kuvaa</string>
  <string name="running_face_detection">Odota...</string>
  <string name="set_image">Aseta kuva...</string>
  <string name="wallpaper">Asetetaan taustakuvaa, odota...</string>
  <string name="camera_setas_wallpaper">Taustakuva</string>
  <string name="details_ok">OK</string>
  <string name="loading_new">Ladataan uusia albumeja ja kuvia</string>
  <string name="initializing">Ladataan</string>
  <string name="pick_prompt">Valitse kuva kokoelmastasi</string>
  <string name="no_items">Ei ole kuvia kokoelmissa</string>
  <string name="pick">Valitse</string>
  <string name="delete">Poista</string>
  <string name="confirm_delete">Vahvista poisto</string>
  <string name="cancel">Peruuta</string>
  <string name="share">Jaa</string>
  <string name="no_sd_card">SD-kortti on asentamaton tai ei ole paikallaan</string>
  <string name="more">Lisää</string>
  <string name="select_all">Valitse kaikki</string>
  <string name="deselect_all">Poista valinnat</string>
  <string name="slideshow">Diaesitys</string>
  <string name="menu">Valikko</string>
  <string name="details">Yksityiskohdat</string>
  <string name="album_selected">Albumi valittu</string>
  <string name="item_selected">valittu kuva</string>
  <string name="albums_selected">valitut albumit</string>
  <string name="items_selected">valitut kuvat</string>
  <string name="album">Albumi</string>
  <string name="start">Alku</string>
  <string name="end">Loppu</string>
  <string name="location">Sijainti</string>
  <string name="location_unknown">Tuntematon sijainti</string>
  <string name="title">Otsikko</string>
  <string name="type">tyyppi</string>
  <string name="taken_on">Otettu</string>
  <string name="added_on">Lisätty</string>
  <string name="show_on_map">Näytä kartalla</string>
  <string name="rotate_left">Käännä vasemmalle</string>
  <string name="rotate_right">Käännä oikealle</string>
  <string name="crop">Rajaa</string>
  <string name="set_as">Aseta</string>
  <string name="set_as_wallpaper">Aseta taustakuvaksi</string>
  <string name="item">kuva</string>
  <string name="items">kuvaa</string>
  <string name="around">Ympäri</string>
  <string name="date_unknown">Päiväys tuntematon</string>
  <string name="video_err">Videota ei voi toistaa</string>
  <string name="lockscreen_wallpaper">Asetetaan taustakuvaa lukitusnäyttöön, odota hetki…</string>
  <string name="wallpaper_set">Valitse Taustakuva Galleriasta</string>
  <string name="lockscreen_set">Valitse Lukitusnäyttö Galleriasta</string>
  <string name="miui_screenshot">MIUI Kuvankaappaukset</string>
</resources>
