<?xml version="1.0" encoding="utf-8"?>
<!--Generated by crowdin.net-->
<resources>
  <string name="word_separators">. ,;:!?\n()[]*&@{}/<>_+=|\"</string>
  <string name="sentence_separators">.,!?</string>
  <string name="suggested_punctuations">!?,@_</string>
  <string name="alternates_for_d">d,D</string>
  <string name="alternates_for_r">r,R</string>
  <string name="alternates_for_t">t,T</string>
  <string name="alternates_for_z">z,Z</string>
  <string name="alternates_for_l">l</string>
  <string name="alternates_for_g">g</string>
  <string name="ime_name">Google Pinyin IME</string>
  <string name="ime_settings_activity_name">Google Pinyin IME Asetukset</string>
  <string name="ime_settings_choose_other_ime">Syöttömenetelmä</string>
  <string name="version">1.2.8</string>
  <string name="toggle_cn">0</string>
  <string name="toggle_cn_cand">1</string>
  <string name="toggle_en_lower">2</string>
  <string name="toggle_en_upper">3</string>
  <string name="toggle_en_sym1">4</string>
  <string name="toggle_en_sym2">5</string>
  <string name="toggle_enter_go">6</string>
  <string name="toggle_enter_search">7</string>
  <string name="toggle_enter_send">8</string>
  <string name="toggle_enter_next">9</string>
  <string name="toggle_enter_done">10</string>
  <string name="toggle_row_cn">11</string>
  <string name="toggle_row_en">12</string>
  <string name="toggle_row_uri">13</string>
  <string name="toggle_row_emailaddress">14</string>
  <string name="toggle_phone_sym">15</string>
  <string name="toggle_stroke_urlqwerty">16</string>
  <string name="toggle_misc1">17</string>
  <string name="toggle_misc2">18</string>
  <string name="toggle_misc3">19</string>
  <string name="toggle_misc4">20</string>
  <string name="toggle_smiley_off">21</string>
  <string name="toggle_smiley_on">22</string>
  <string name="toggle_cn_sym1">23</string>
  <string name="toggle_cn_sym2">24</string>
  <string name="toggle_url">25</string>
  <string name="toggle_emailaddress">26</string>
  <string name="toggle_stroke_disabled">27</string>
  <string name="toggle_exit_sym_to_en">28</string>
  <string name="toggle_en_upper_locked">29</string>
  <string name="toggle_single_quote_open">30</string>
  <string name="toggle_single_quote_close">31</string>
  <string name="toggle_double_quote_open">32</string>
  <string name="toggle_double_quote_close">33</string>
  <string name="setting_stroke_key">setting_stroke_key</string>
  <string name="setting_fault_tolerance_key">setting_fault_key</string>
  <string name="setting_sound_key">setting_sound_key</string>
  <string name="setting_vibrate_key">setting_vibrate_key</string>
  <string name="setting_prediction_key">setting_prediction_key</string>
  <string name="setting_tradition_key">setting_tradition_key</string>
  <string name="setting_switch_key">setting_switch_key</string>
  <string name="setting_advanced_key">setting_advanced_key</string>
  <string name="setting">Google Pinyin IME Asetukset</string>
  <string name="setting_stroke_title">kosketus näppäimistö</string>
  <string name="setting_fault_tolerance_title">kosketuksen herkkyys</string>
  <string name="setting_sound_key_title">Ääni painalluksesta</string>
  <string name="setting_vibrate_title">Värinä painalluksesta</string>
  <string name="setting_prediction_title">Tekstiennuste</string>
  <string name="setting_tradition_title">Perinteinen Kiinalainen Syöttö</string>
  <string name="setting_switch_title">Vaihda kiina/englanti</string>
  <string name="setting_switch_shift_space_title">Shift-space</string>
  <string name="setting_enabled">Päälle</string>
  <string name="setting_disabled">Pois päältä</string>
  <string name="setting_others">Muut asetukset</string>
  <string name="setting_others_summary">Synkronoi sanakirja, jne.</string>
  <string name="account_label_username">Käyttäjänimi: (esim. johndoe@gmail.com)</string>
  <string name="account_label_password">Salasana:</string>
  <string name="account_label_login">Kirjaudu sisälle</string>
  <string name="account_label_cancel">Peruuta</string>
  <string name="account_title">Käyttäjän kirjautuminen</string>
  <string name="account_sign_up_title">Rekisteröidy</string>
  <string name="account_signing_in_title">Kirjaudutaan sisälle, odota hetki...</string>
  <string name="setting_title">Google Pinyin IME Asetukset</string>
  <string name="setting_update_category_key">setting_update_category_key</string>
  <string name="setting_update_category_title">Automaattinen sanakirjan päivitys</string>
  <string name="setting_update_enabled_key">setting_update_enabled_key</string>
  <string name="setting_update_enabled_title">Automaattinen sanakirjan päivitys</string>
  <string name="setting_sync_category_title">synkronoi käyttäjän sanakirja</string>
  <string name="setting_sync_enabled_key">setting_sync_enabled_key</string>
  <string name="setting_sync_now_key">setting_sync_now_key</string>
  <string name="setting_sync_clear_key">setting_sync_clear_key</string>
  <string name="setting_sync_enabled_title">Synkronoi käyttäjän sanakirja</string>
  <string name="setting_sync_now_title">Synkronoi nyt</string>
  <string name="setting_sync_cancel_title">Peruuta synkronointi</string>
  <string name="setting_sync_clear_title">Tyhjennä sanakirja</string>
  <string name="setting_enabled_title">Päälle</string>
  <string name="setting_disabled_title">Pois päältä</string>
  <string name="status_bar_message_title">Google Pinyin IME</string>
  <string name="status_bar_message_sync_title">Synkronoidaan käyttäjän sanakirjaa...</string>
  <string name="status_bar_message_update_title">Ladataan suosittuja sanoja...</string>
  <string name="setting_dialog_sync_now_title">Kysy</string>
  <string name="setting_dialog_sync_now_message">Haluatko synkronoida nyt？</string>
  <string name="setting_dialog_sync_clear_title">Varoitus</string>
  <string name="setting_dialog_sync_clear_message">Käyttäjän sanakirja palvelimelta poistetaan, tämä toiminpide on peruuttamaton. Halutko varmasti poistaa käyttäjän sanakirja palvelimelta. Jos haluat, kirjoita seuraavat numerot ja paina OK.</string>
  <string name="setting_error_sync_service_inactive">Sync service is not started. Unable to proceed. Ei pystytä jatkamaan.</string>
  <string name="sign_up_url">https://www.google.com/accounts/NewAccount?hl=fi_FI</string>
  <string name="setting_update_time">Viimeksi päivitetty:</string>
  <string name="setting_sync_time">Viimeinen synkronointi:</string>
  <string name="setting_year">Vuosi</string>
  <string name="setting_month">Kuukausi</string>
  <string name="setting_day">Päivä</string>
  <string name="setting_hour">Tunti</string>
  <string name="setting_minute">Minuttia</string>
  <string name="setting_second">Sekunttia</string>
  <string name="setting_sync_error">Synkronointi epäonnistui</string>
  <string name="setting_sync_ongoing">Synkronoidaan...</string>
  <string name="setting_update_error">Päivitys epäonnistui</string>
  <string name="setting_update_ongoing">Päivitetään...</string>
  <string name="privacy_url">http://m.google.com/static/fi-FI/privacy.html</string>
  <string name="tos_url">http://m.google.com/tospage?dc=gorganic&hl=fi_FI</string>
  <string name="setting_privacy_key">setting_privacy_key</string>
  <string name="setting_tos_key">setting_tos_key</string>
  <string name="setting_about_key">setting_about_key</string>
  <string name="setting_privacy_title">Yksityisyydensuoja</string>
  <string name="setting_tos_title">Käyttöehdot</string>
  <string name="setting_about_title">Tietoja</string>
  <string name="setting_about_version_title">Nykyinen Versio：</string>
  <string name="setting_about_loading_title">Ladataan…</string>
  <string name="touch_to_continue">Jatka »</string>
  <string name="touch_to_finish">Kosketa lopettaaksesi</string>
  <string name="tip_to_open_keyboard">Näppäimistö aukeaa kun kosket tekstikenttää.</string>
  <string name="tip_to_view_accents">Paina nähdäksesi korostukset</string>
  <string name="tip_to_open_symbols">Paina tästä päästäksesi takaisin kirjaimiin.</string>
  <string name="tip_to_close_symbols">Paina sulkeaksesi symbolit</string>
  <string name="tip_to_launch_settings">Paina ja pidä pohjassa vaihtaaksesi näppäimistön asetuksia.</string>
  <string name="tip_to_select_candidate">Paina valitaksesi kandidaatin</string>
  <string name="tip_to_backspace">Askelpalautin</string>
  <string name="tip_to_smart_key">Viisas avain</string>
  <string name="tip_to_start_typing">Kokeile!</string>
  <string name="default_device_name">Android</string>
  <string name="next_button_label">Seuraava</string>
  <string name="back_button_label">Takaisin</string>
  <string name="skip_button_label">Ohita</string>
  <string name="done_button_label">Valmis</string>
  <string name="keyboard_tutorial_title">Käytä näytön näppäimistöä</string>
  <string name="open_the_keyboard">Päivitetään...</string>
  <string name="close_the_keyboard">Paina "Takaisin"</string>
  <string name="sync">Ota käyttöön tai pois käytöstä käyttäjäsanakirjan näppäimistön asetuksista</string>
  <string name="keyboard_settings">Paina ja pidä pohjassa。</string>
</resources>
