<?xml version="1.0" encoding="utf-8"?>
<!--Generated by crowdin.net-->
<resources>
  <string name="app_label">Viestit</string>
  <string name="new_message">Uusi viesti</string>
  <string name="create_new_message">Kirjoita uusi viesti</string>
  <string name="menu_call_back">Puhelu %s</string>
  <string name="menu_send_email">Lähetä sähköposti %s</string>
  <string name="menu_compose_new">Kirjoita</string>
  <string name="menu_preferences">Asetukset</string>
  <string name="menu_add_address_to_contacts">Lisää %s yhteystietoihin</string>
  <string name="menu_call">Soita</string>
  <string name="menu_delete_all">Poista ketjut</string>
  <string name="menu_delete">Poista ketju</string>
  <string name="menu_undelivered_messages">Toimittamattomat viestit</string>
  <string name="menu_view">Näytä ketju</string>
  <string name="refreshing">Päivitetään…</string>
  <string name="has_draft">Luonnokset</string>
  <string name="broadcast_from_to">%1$s -> %2$s</string>
  <string name="anonymous_recipient">Anonyymi</string>
  <string name="no_subject_view">(ei aihetta)</string>
  <string name="messagelist_sender_self">Minä</string>
  <string name="view_picture">Näytä kuva</string>
  <string name="view_slideshow">Näytä kuvaesitys</string>
  <string name="view_message_details">Näytä viestin tiedot</string>
  <string name="view_delivery_report">Näytä raportti</string>
  <string name="delete_message">Poista viesti</string>
  <string name="sent_on">Lähetetty: %s</string>
  <string name="expire_on">Vanhenee: %s</string>
  <string name="kilobyte">kt</string>
  <string name="undelivered_msg_dialog_title">Toimittamaton viesti</string>
  <string name="undelivered_msg_dialog_body">Viestin lähetys epäonnistui.\n Yritettiin: %s.</string>
  <string name="undelivered_sms_dialog_body">Viestin lähetys epäonnistui.</string>
  <string name="delete_thread">Poista ketju</string>
  <string name="menu_forward">Välitä</string>
  <string name="download">Lataa</string>
  <string name="downloading">Ladataan</string>
  <string name="name_colon">:\u0020</string>
  <string name="inline_subject"><Subject: %s></string>
  <string name="drm_protected_text">* DRM-suojattu teksti *</string>
  <string name="insufficient_drm_rights">Riittämättömät DRM-oikeudet havaittu.</string>
  <string name="copy_message_text">Kopioi viestin teksti</string>
  <string name="message_options">Viestiasetukset</string>
  <string name="done">Valmis</string>
  <string name="move_up">Siirrä ylös</string>
  <string name="move_down">Siirrä alas</string>
  <string name="remove_slide">Poista dia</string>
  <string name="add_slide">Lisää dia</string>
  <string name="add_slide_hint">Valitse luodaksesi uusi dia.</string>
  <string name="discard_slideshow">Poista diaesitys</string>
  <string name="slide_show_part">Osa %1$s/%2$s</string>
  <string name="remove_text">Poista teksti</string>
  <string name="add_picture">Lisää kuva</string>
  <string name="remove_picture">Poista kuva</string>
  <string name="add_music">Lisää musiikki</string>
  <string name="remove_music">Poista musiikki</string>
  <string name="add_video">Lisää video</string>
  <string name="remove_video">Poista video</string>
  <string name="compose_title">Kirjoita</string>
  <string name="to_hint">Vastaanottaja</string>
  <string name="subject_hint">Aihe</string>
  <string name="add_attachment">Liitä</string>
  <string name="add_subject">Lisää aihe</string>
  <string name="discard">Hylkää</string>
  <string name="view">Näytä</string>
  <string name="replace">Korvata</string>
  <string name="remove">Poista</string>
  <string name="send">Lähetä</string>
  <string name="mms">Tekstiviesti</string>
  <string name="all_threads">Kaikki viestiketjut</string>
  <string name="type_to_compose_text_enter_to_send">Kirjoita</string>
  <string name="open_keyboard_to_compose_message">Avaa näppäimistö kirjoittaaksesi viestin</string>
  <string name="image_too_large">Kuva on liian suuri</string>
  <string name="ask_for_automatically_resize">Automaattisesti muuttaa kuvan kokoa ennen lähettämistä?</string>
  <string name="compressing">Kuva on liian suuri. Pakataan…</string>
  <string name="unsupported_media_format">Ei tuettu %1$s muoto</string>
  <string name="select_different_media">Valitse toinen %1$s.</string>
  <string name="exceed_message_size_limitation">Viestin enimmäiskoko saavutettu.</string>
  <string name="message_too_big_for_video">Viesti on liian iso liittäksesi videon.</string>
  <string name="failed_to_add_media">Valitettavasti et voi lisätä %1$s viestiin.</string>
  <string name="failed_to_resize_image">Kuvan koko ei muutettu.</string>
  <string name="resize_image_error_information">Valitettavasti kuva on vieläkin liian suuri lähtettäväksi.</string>
  <string name="forward_prefix">Seur:\u0020</string>
  <string name="discard_message">Hylkää</string>
  <string name="discard_message_reason">Viestisi hylätään, koska sillä ei ole kelvollista vastaanottajaa.</string>
  <string name="has_invalid_recipient">Virheellinen vastaanottaja(t): <%1$s></string>
  <string name="invalid_destination">Annoit virheellisen osoitteen.</string>
  <string name="invalid_recipient_message">Korjaa vastaanottaja(t), muuten he eivät vastaanota viestiä.</string>
  <string name="cannot_send_message">Tämän viestin lähettäminen ei onnistu</string>
  <string name="cannot_send_message_reason">Viestilläsi ei ole kelvollista vastaanottajaa.</string>
  <string name="cannot_forward_drm_obj">Viestin sisältämää DRM-suojattua objektia ei voi välittää.</string>
  <string name="converting_to_picture_message">Muunna multimediaviestiksi…</string>
  <string name="converting_to_text_message">Muunna tekstiviestiksi…</string>
  <string name="cannot_add_slide_anymore">Ei voi lisätä lisää dioja.</string>
  <string name="cannot_add_picture_and_video">Videota ja kuvaa ei voi lisätä samaan diaan.</string>
  <string name="cannot_save_message">Viestiä ei voi tallentaa.</string>
  <string name="cannot_load_message">Viestin lataaminen ei onnistu.</string>
  <string name="message_saved_as_draft">Viesti tallennettu luonnoksena.</string>
  <string name="locked_message_cannot_be_deleted">Lukittua viestiä ei voi poistaa.</string>
  <string name="too_many_recipients">Tällä viestillä on liikaa vastaanottajia (%1$s). Vastaanottajien määrä on rajoitettu %2$s.</string>
  <string name="too_many_attachments">Liiteiden määrä on rajoitettu %1$s. %2$s vain ensimmäinen lisätään.</string>
  <string name="adding_attachments_title">Lisätään liitteitä</string>
  <string name="adding_attachments">Odota, kun kohteet lisätään diaesitykseen.</string>
  <string name="multiple_recipients">%1$s vastaanottajat</string>
  <string name="cannot_play_audio">Ääntä ei voi toistaa.</string>
  <string name="preview">Esikatselu</string>
  <string name="preview_slideshow">Esikatselu</string>
  <string name="replace_image">Vaihda kuva</string>
  <string name="duration_sec">Kesto (%s sekuntia)</string>
  <string name="duration_selector_title">Dian kesto\u0020</string>
  <string name="layout_selector_title">Kuvaesityksen ulkoasu\u0020</string>
  <string name="layout_top">Ulkoasu (ylä)</string>
  <string name="layout_bottom">Asettelu (alaosa)</string>
  <string name="type_to_compose_text_or_leave_blank">Kirjoita luodaksesi tekstiä, tai jätä tyhjäksi</string>
  <string name="duration_not_a_number">Keston on oltava luku</string>
  <string name="duration_zero">Keston on oltava suurempi kuin nolla sekuntia</string>
  <string name="secs">sekuntia</string>
  <string name="menu_view_contact">Näytä yhteystiedot</string>
  <string name="menu_add_to_contacts">Lisää yhteystietoihin</string>
  <string name="hidden_sender_address">Piilotettu lähettäjän osoite</string>
  <string name="yes">OK</string>
  <string name="no">Peruuta</string>
  <string name="set">Aseta</string>
  <string name="play">Soita</string>
  <string name="edit">Muokkaa</string>
  <string name="resize">Muuta kokoa</string>
  <string name="try_to_send">Yritä lähettää</string>
  <string name="preferences_title">Asetukset</string>
  <string name="restore_default">Palauta oletusasetuksiin</string>
  <string name="pref_notification_settings_title">Ilmoitusasetukset</string>
  <string name="pref_mms_settings_title">Multimediaviesti (MMS) asetukset</string>
  <string name="pref_sms_settings_title">Tekstiviesti (SMS) asetukset</string>
  <string name="pref_sms_storage_title">Muistiasetukset</string>
  <string name="pref_summary_manage_sim_messages">Hallitse SIM-kortille tallennettuja viestejä</string>
  <string name="pref_summary_mms_delivery_reports">Pyydä toimitusraportti jokaiselta lähetetyltä viestiltä.</string>
  <string name="pref_summary_mms_read_reports">Pyydä lukuraportti jokaiselta lähetetyltä viestiltä.</string>
  <string name="pref_summary_sms_delivery_reports">Pyydä toimitusraportti jokaiselta lähetetyltä viestiltä.</string>
  <string name="pref_summary_auto_delete">Poista vanhat viestit, kun rajat tulevat täyteen</string>
  <string name="pref_summary_delete_limit">%1$s viestiä per keskustelu</string>
  <string name="pref_title_manage_sim_messages">Hallitse SIM-kortin viestejä</string>
  <string name="pref_title_mms_delivery_reports">Välitystiedot</string>
  <string name="pref_title_mms_read_reports">Lue tiedot</string>
  <string name="pref_title_sms_delivery_reports">Välitystiedot</string>
  <string name="pref_title_auto_delete">Poista vanhat viestit</string>
  <string name="pref_title_sms_delete">Tekstiviestin raja</string>
  <string name="pref_title_mms_delete">Multimediaviestin raja</string>
  <string name="pref_title_popup_enabled">Viesti ponnahdusikkuna</string>
  <string name="pref_summary_popup_enabled">Ponnahdusikkuna päänäytössä kun viestejä vastaanotetaan</string>
  <string name="pref_title_notification_enabled">Ilmoitukset</string>
  <string name="pref_summary_notification_enabled">Näytä viesti-ilmoitukset tilarivillä</string>
  <string name="pref_title_notification_vibrateWhen">Värähtely</string>
  <string name="pref_summary_notification_vibrateWhen">Värise ilmoituksen lisäksi</string>
  <string name="pref_title_notification_ringtone">Valitse soittoääni</string>
  <string name="pref_messages_to_save">Määritä tallennettavien viestien määrä</string>
  <string name="prefDefault_vibrateWhen">ei koskaan</string>
  <string name="prefDefault_vibrate_true">aina</string>
  <string name="prefDefault_vibrate_false">ei koskaan</string>
  <string name="prefDialogTitle_vibrateWhen">Värähtely</string>
  <string name="pref_title_mms_auto_retrieval">Automaattinen haku</string>
  <string name="pref_summary_mms_auto_retrieval">Nouda viestit automaattisesti</string>
  <string name="pref_title_mms_retrieval_during_roaming">Nouda viestit automaattisesti myös verkkovierailujen aikana</string>
  <string name="pref_summary_mms_retrieval_during_roaming">Nouda viestit automaattisesti myös verkkovierailun aikana</string>
  <string name="to_label">Vastaanottaja\u0020</string>
  <string name="confirm_dialog_title">Poista</string>
  <string name="confirm_dialog_locked_title">Poista lukitut viestit?</string>
  <string name="confirm_delete_conversation">Koko viestiketju poistetaan.</string>
  <string name="confirm_delete_all_conversations">Kaikki viestiketjut poistetaan.</string>
  <string name="confirm_delete_message">Viesti poistetaan.</string>
  <string name="confirm_delete_locked_message">Oletko varma että haluat poistaa tämän lukitun viestin?</string>
  <string name="confirm_delete_all_messages">Koko viestiketju poistetaan.</string>
  <string name="confirm_delete_all_SIM_messages">SIM-kortin kaikki viestit poistetaan.</string>
  <string name="confirm_delete_SIM_message">SIM-kortilla oleva viesti poistetaan.</string>
  <string name="delete_unlocked">Poista lukitut viestit</string>
  <string name="delete">Poista</string>
  <string name="cannot_get_details">Tietoja ei saada</string>
  <string name="message_details_title">Viestin tiedot</string>
  <string name="message_type_label">Tyyppi:\u0020</string>
  <string name="text_message">Tekstiviesti</string>
  <string name="multimedia_message">Multimediaviesti</string>
  <string name="multimedia_notification">Multimediaviesti-ilmoitus</string>
  <string name="from_label">Lähettäjä:\u0020</string>
  <string name="to_address_label">Vastaanottaja:\u0020</string>
  <string name="bcc_label">Piilokopio:\u0020</string>
  <string name="sent_label">Lähetetty:\u0020</string>
  <string name="received_label">Vastaanotettu:\u0020</string>
  <string name="saved_label">Tallennettu:\u0020</string>
  <string name="subject_label">Aihe:\u0020</string>
  <string name="message_size_label">Viestin koko:\u0020</string>
  <string name="priority_label">Prioriteetti:\u0020</string>
  <string name="priority_high">Korkea</string>
  <string name="priority_normal">Normaali</string>
  <string name="priority_low">Alhainen</string>
  <string name="message_class_label">Viestin luokka:\u0020</string>
  <string name="error_code_label">Virhekoodi:\u0020</string>
  <string name="menu_edit">Muokkaa</string>
  <string name="menu_retry_sending">Yritä lähettää uudelleen</string>
  <string name="menu_retry_sending_all">Yritä lähettää kaikki uudelleen</string>
  <string name="menu_delete_messages">Poista viestit</string>
  <string name="retrying_dialog_body">%s viestiä ei lähetetty yhteysongelman takia.\nYritetään uudelleen…</string>
  <string name="menu_lock">Lukitse viesti</string>
  <string name="menu_unlock">Avaa viesti</string>
  <string name="sim_copy_to_phone_memory">Kopioi puhelimen muistiin</string>
  <string name="sim_delete">Poista</string>
  <string name="sim_manage_messages_title">SIM-kortin tekstiviestit</string>
  <string name="sim_view">Näytä</string>
  <string name="sim_empty">Ei viestejä SIM-kortilla.</string>
  <string name="delivery_header_title">Ilmoita</string>
  <string name="status_none">(ei mitään)</string>
  <string name="status_pending">Odottaa</string>
  <string name="status_read">Luku</string>
  <string name="status_received">Vastaanotettu</string>
  <string name="status_failed">Epäonnistunut</string>
  <string name="status_unread">Lukematon</string>
  <string name="status_rejected">Hylätty</string>
  <string name="recipient_label">Vastaanottaja:\u0020</string>
  <string name="status_label">Tila:\u0020</string>
  <string name="attach_image">Kuvat</string>
  <string name="attach_take_photo">Kaappaa kuva</string>
  <string name="attach_video">Videot</string>
  <string name="attach_record_video">Kaappaa videota</string>
  <string name="attach_sound">Ääni</string>
  <string name="attach_record_sound">Nauhoita ääntä</string>
  <string name="attach_slideshow">Näytä diaesitys</string>
  <string name="select_bottom_text">Teksti alhaalla</string>
  <string name="select_top_text">Teksti ylhäällä</string>
  <string name="delivery_toast_body">Viestin vastaanotti %s</string>
  <string name="notification_multiple">%s lukemattomat viestit.</string>
  <string name="notification_multiple_title">Uusia viestejä</string>
  <string name="notification_failed_multiple">%s viestiä ei voitu lähettää.</string>
  <string name="notification_failed_multiple_title">Viestit ei lähetetty</string>
  <string name="sim_full_title">SIM-kortti täynnä</string>
  <string name="sim_full_body">Poista joitakin viestejä tehdäksesi lisää tilaa.</string>
  <string name="sms_full_title">Tekstiviestien tallennustila täynnä</string>
  <string name="sms_full_body">Saapuva viesti hylättiin, koska muisti on täynnä. Ole hyvä ja poistaa vanhoja viestejä.</string>
  <string name="sms_rejected_title">Tekstiviesti hylätty</string>
  <string name="sms_rejected_body">Saapuva viesti hylätty tuntemattomasta syystä.</string>
  <string name="type_audio">ääni</string>
  <string name="type_picture">kuva</string>
  <string name="type_video">video</string>
  <string name="confirm">Vahvista</string>
  <string name="message_send_read_report">Lukuraportti lähetetään.</string>
  <string name="message_queued">Viestiäsi ei voi lähettää tällä hetkellä. Se lähetetään kun palvelu on saatavilla.</string>
  <string name="no_subject">(Ei aihetta)</string>
  <string name="unknown_sender">Tuntematon lähettäjä</string>
  <string name="dl_failure_notification">%1$s viestin lataaminen %2$s ei onnistunut.</string>
  <string name="dl_expired_notification">Tämä viesti on vanhentunut, ja se poistetaan.</string>
  <string name="rate_limit_surpassed">Vahvista</string>
  <string name="confirm_rate_limit">Useita multimediaviestejä lähetetään. Onko tämä oikein?</string>
  <string name="message_download_failed_title">Viesti ei ladattu</string>
  <string name="message_send_failed_title">Viestiä ei lähetetty</string>
  <string name="message_failed_body">Valitse tarkistaaksesi viestin ja yritä uudelleen.</string>
  <string name="download_later">Lataaminen ei onnistu tällä hetkellä, yritä myöhemmin uudelleen.</string>
  <string name="select_audio">Valitse ääni</string>
  <string name="copy_to_sdcard">Kopio liite SD-kortille</string>
  <string name="copy_to_sdcard_success">Liite kopioitu SD-kortille</string>
  <string name="copy_to_sdcard_fail">Liitteen kopioiminen SD-kortille epäonnistui</string>
  <string name="save_ringtone">Tallenna soittoääneksi</string>
  <string name="saved_ringtone">Soittoääni tallennettu</string>
  <string name="saved_ringtone_fail">Soittoäänen tallennus epäonnistui</string>
  <string name="menu_insert_smiley">Lisää hymiö</string>
  <string name="select_link_title">Valitse toiminto</string>
  <string name="slide_number">Dia %s</string>
  <string name="delivery_report_activity">Välitystiedot</string>
  <string name="storage_limits_activity">Tallennusrajat</string>
  <string name="add_attachment_activity">Lisää liite:</string>
  <string name="select_layout_activity">Valitse asettelu</string>
  <string name="change_duration_activity">Muuta kestoa</string>
  <string name="edit_text_activity">Muokkaa tekstiä</string>
  <string name="edit_slideshow_activity">Muokkaa diaesitystäa</string>
  <string name="edit_slide_activity">Muokkaa diaa</string>
  <string name="pick_numbers_activity">Valitse numerot</string>
  <string name="slideshow_activity">Diaesitys</string>
  <string name="popup_activity">Nopea vastaus</string>
  <string name="popup_btn_send">Vastaa</string>
  <string name="class_0_message_activity">Luokan 0 viesti</string>
  <string name="send_using_mms_activity">Lähetä multimediaviestinä…</string>
  <string name="select_contact_method_activity">Valitse yhteystiedon tyyppi</string>
  <string name="search_label">Viestit</string>
  <string name="search_hint">Etsi viesteistä</string>
  <string name="search">Viestit</string>
  <string name="search_setting_description">Teksti viesteissäsi</string>
  <string name="search_empty">Ei hakutuloksia</string>
  <string name="search_history">%1$s tulokset \"%2$s\"</string>
  <string name="confirm_clear_search_title">Tyhjennä</string>
  <string name="confirm_clear_search_text">Hakuhistoria tyhjennetään.</string>
  <string name="pref_mms_clear_search_history_title">Tyhjennä hakuhistoria</string>
  <string name="pref_mms_clear_search_history_summary">Poista edelliset haut hakukentästä</string>
  <string name="save">Tallenna</string>
  <string name="storage_limits_title">Viestien rajat</string>
  <string name="storage_limits_message">Haluatko rajoittaa viestien määrää per keskustelu?</string>
  <string name="storage_limits_setting">Aseta rajat</string>
  <string name="storage_limits_setting_dismiss">Ei rajoituksia</string>
  <string name="too_many_unsent_mms">Ei voi lähettää viestiä juuri nyt. Liian monta lähettämätöntä multimediaviestiä.</string>
  <string name="me">Minä</string>
  <string name="sending_message">Lähetetään…</string>
  <string name="bookmark_sms">SMS viestit</string>
  <string name="bookmark_sms_message">SMS-suosikit...</string>
  <string name="recent_conversation">Keskustelu</string>
  <string name="contacts">Yhteystiedot</string>
  <string name="sms_bookmark">Suosikit</string>
  <string name="sms_push">Lähetä</string>
  <string name="forward_from_format">%sLähetetty%s</string>
  <string name="msg_forward_from_format">-Lähetetty:%s</string>
  <string name="forward_count_format">Lähetetty %d kertaa</string>
  <string name="recipient_count_format">Yhteensä %d vastaanottajia</string>
  <string name="notification_color_title">Valitse väri</string>
  <string name="notification_color_summary">Ohjauspallon väri kun viesti saapuu</string>
  <string name="group_msg_contact_title">%sLähetä:%s</string>
  <string name="sms_bookmark_welcome">Sinulla ei ole viestejä suosikit kansiossa. Lisää viestejä painamalla "Uusi Viesti" nappia</string>
  <string name="mms_increase_font_size">Suurenna tekstin kokoa</string>
  <string name="mms_decrease_font_size">Pienennä tekstin kokoa</string>
  <string name="mms_reading_mode_day">Light background mode</string>
  <string name="mms_reading_mode_night">Tumma tausta -tila</string>
  <string name="menu_patch_delete">Poista keskustelu</string>
  <string name="btn_done">Poista</string>
  <string name="btn_cancel">Peruuta</string>
  <string name="pref_title_forward_contact">Lähetetty</string>
  <string name="pref_summary_forward_contact">Määritä uusi tietolähde lähetettäessä yhteystietoja</string>
  <string name="save_image">Tallenna kuva</string>
  <string name="mms_image_folder_name">MMS-kuva</string>
  <string name="mms_image_saved_successfully">Kuvan tallennus onnistui</string>
  <string name="mms_image_saving_failed">Kuvan tallennus epäonnistui, tarkista SD-kortti</string>
  <string name="festival_sms_category_count_format">(%s)</string>
  <string name="festival_msg_loading">Ladataan...</string>
  <string name="festival_sms_push">Suositellaan</string>
  <string name="menu_group_sending">Viesti</string>
  <string name="miui_push">MIUI suosittelee</string>
  <string name="pushed_sms_category">Tekstiviesti</string>
  <string name="converstaion_list_tile">Tekstiviesti</string>
  <string name="conversations_count_format">(%d)</string>
  <string name="quick_sms_to">Lähetä %s</string>
  <string name="popup_sms_deleted">Tekstiviesti on poistettu</string>
  <string name="pref_set_font_size">Määritä tekstin koko</string>
  <string name="pref_summery_set_font_size">Määritä viestin tekstin koko</string>
  <string name="menu_batch_delete">Erän poistaminen</string>
  <string name="batch_delete_confirm_dialog_title">Erän poistaminen</string>
  <string name="batch_delete_confrom_dialog_message">Poista valitsemasi viesti</string>
  <string name="btn_delete_with_number">Poista (%d)</string>
</resources>
