<?xml version="1.0" encoding="utf-8"?>
<!--Generated by crowdin.net-->
<resources>
  <string name="contactsIconLabel">Yhteystiedot</string>
  <string name="contactsFavoritesLabel">Suosikit</string>
  <string name="dialerIconLabel">Numeronvalitsin</string>
  <string name="emergencyDialerIconLabel">Hätäpuhelu</string>
  <string name="phoneIconLabel">Puhelin</string>
  <string name="recentCallsIconLabel">Puhelutiedot</string>
  <string name="fdnListLabel">FDN-luettelo</string>
  <string name="unknown">Tuntematon</string>
  <string name="private_num">Tuntematon numero</string>
  <string name="payphone">Maksu puhelin</string>
  <string name="onHold">Pidossa</string>
  <string name="ongoing">Nykyinen puhelu</string>
  <string name="callFailed_userBusy">Varattu</string>
  <string name="callFailed_congestion">Verkko varattu</string>
  <string name="callFailed_noSignal">Ei verkkoa</string>
  <string name="callFailed_limitExceeded">ACM:n raja on ylitetty</string>
  <string name="callFailed_powerOff">Sulje radio</string>
  <string name="callFailed_simError">Ei SIM-korttia tai SIM-kortin virhe</string>
  <string name="callFailed_outOfService">Kuuluvuusalueen ulkopuolella</string>
  <string name="callFailed_fdn_only">FDN rajoittaa lähtevät puhelut.</string>
  <string name="callFailed_cb_enabled">Et voi soittaa puheluita, kun esto on päällä.</string>
  <string name="callFailed_dsac_restricted">Puhelut rajoitettu käytönvalvonnasta.</string>
  <string name="callFailed_dsac_restricted_emergency">Hätäpuhelut rajoitettu käytönvalvonnasta.</string>
  <string name="callFailed_dsac_restricted_normal">Normaalit puhelut rajoitettu käytönvalvonnasta.</string>
  <string name="callFailed_cdma_lockedUntilPowerCycle">CDMA: Puhelin lukittuna, kunnes käynnistetään uudelleen.</string>
  <string name="callFailed_cdma_drop">CDMA: Soitto hylättiin.</string>
  <string name="callFailed_cdma_intercept">CDMA: Puhelu katkaistiin.</string>
  <string name="callFailed_cdma_reorder">CDMA: Järjestä uudelleen.</string>
  <string name="callFailed_cdma_SO_reject">CDMA: Palveluvaihtoehto hylätty.</string>
  <string name="callFailed_cdma_retryOrder">CDMA: Yritä uudelleen järjestyksessä.</string>
  <string name="callFailed_cdma_accessFailure">CDMA: Tietojenkäsittelyvirhe.</string>
  <string name="callFailed_cdma_preempted">CDMA: Estetty.</string>
  <string name="callFailed_cdma_notEmergency">Vain hätäpuhelut ovat mahdollisia.</string>
  <string name="confCall">Kokouspuhelu</string>
  <string name="call_lost">Puhelu on katkennut.</string>
  <string name="retry">Yritä uudestaan</string>
  <string name="call_lost_title">Puhelu katkennut</string>
  <string name="mmiStarted">MMI-koodi käynnistetty</string>
  <string name="ussdRunning">USSD-koodi käynnissä…</string>
  <string name="mmiCancelled">MMI-koodi peruttu</string>
  <string name="cancel">Peruuta</string>
  <string name="menu_rejectCallAndSms">Hylkää ja vastaa tekstiviestillä</string>
  <string name="menu_speaker">Kaiutin</string>
  <string name="menu_bluetooth">Bluetooth</string>
  <string name="menu_mute">Mykistä</string>
  <string name="menu_hold">Pitoon</string>
  <string name="menu_endCall">Lopeta puhelu</string>
  <string name="menu_swapCalls">Vaihda puhelut</string>
  <string name="menu_mergeCalls">Yhdistä puhelut</string>
  <string name="menu_addCall">Lisää puhelu</string>
  <string name="menu_manageConference">Neuvottelupuhelun hallinta</string>
  <string name="menu_showDialpad">Näytä numerovalitsin</string>
  <string name="menu_hideDialpad">Piilota numerovalitsin</string>
  <string name="menu_answerAndHold">Aseta nykyinen puhelu pitoon\nja vastaa</string>
  <string name="menu_answerAndEnd">Lopeta nykyinen puhelu\nja vastaa</string>
  <string name="ok">OK</string>
  <string name="menuButtonKeyboardDialHint">Paina Valikko-painiketta päästäksesi soiton asetuksiin \u0020• \u0020Käytä näppäimistöä soittaaksesi</string>
  <string name="menu_answer">Vastaa</string>
  <string name="menu_ignore">Hylkää</string>
  <string name="wait_prompt_str">Lähetä seuraavat äänet?\n</string>
  <string name="pause_prompt_str">Lähetetään ääniä\n</string>
  <string name="send_button">Lähetä</string>
  <string name="pause_prompt_yes">Kyllä</string>
  <string name="pause_prompt_no">Ei</string>
  <string name="wild_prompt_str">Korvaa merkki</string>
  <string name="no_vm_number">Vastaajan numero puuttuu</string>
  <string name="no_vm_number_msg">Vastaajan numeroa ei ole tallennettu SIM-kortille.</string>
  <string name="add_vm_number_str">Lisää numero</string>
  <string name="dialer_emptyListWorking">Ladataan…</string>
  <string name="enterPin">Kirjoita PIN-koodi avataksesi SIM-kortin.</string>
  <string name="pinUnlocked">SIM avattu</string>
  <string name="enterNewPin">Uusi Sim-kortin PIN-koodi</string>
  <string name="verifyNewPin">Kirjoita uusi SIM-kortin PIN-koodi uudelleen vahvistaaksesi</string>
  <string name="verifyFailed">Syöttämäsi PIN-koodit eivät täsmää. Ole hyvä ja yritä uudelleen.</string>
  <string name="enterPuk">Kirjoita PUK-koodi avataksesi SIM-kortin</string>
  <string name="badPuk">Väärä PUK-koodi!</string>
  <string name="buttonTxtContinue">Jatka</string>
  <string name="puk_unlocked">SIM-kortin esto poistettu. Puhelimen lukitusta avataan…</string>
  <string name="label_ndp">SIM-verkon lukituksen poiston PIN</string>
  <string name="sim_ndp_unlock_text">Avaa</string>
  <string name="sim_ndp_dismiss_text">Hylkää</string>
  <string name="requesting_unlock">Pyydetään verkkolukituksen purkua…</string>
  <string name="unlock_failed">Verkon avauspyyntö epäonnistui.</string>
  <string name="unlock_success">Verkon lukituksen poisto onnistui.</string>
  <string name="imei">IMEI</string>
  <string name="meid">MEID</string>
  <string name="labelGSMMore">GSM-puheluasetukset</string>
  <string name="labelCDMAMore">CDMA-puheluasetukset</string>
  <string name="apn_settings">Yhteyspisteiden nimet</string>
  <string name="settings_label">Verkkoasetukset</string>
  <string name="voicemail">Vastaaja</string>
  <string name="voicemail_abbreviated">Vaihtoehtoiset vain GSM-tilan soittoasetukset</string>
  <string name="networks">Verkko-operaattorit</string>
  <string name="call_settings">Puhelun asetukset</string>
  <string name="additional_gsm_call_settings">Lisäasetukset</string>
  <string name="sum_gsm_call_settings">Vaihtoehtoiset vain GSM-tilan soittoasetukset</string>
  <string name="additional_cdma_call_settings">Vaihtoehtoiset CDMA-tilan soittoasetukset</string>
  <string name="sum_cdma_call_settings">Vaihtoehtoiset vain CDMA-tilan soittoasetukset</string>
  <string name="labelNwService">Verkkopalvelun asetukset</string>
  <string name="labelCallerId">Soittajan tunnus</string>
  <string name="sum_hide_caller_id">Numero salattu lähtevissä puheluissa</string>
  <string name="sum_show_caller_id">Numero näytetään lähtevissä puheluissa</string>
  <string name="sum_default_caller_id">Näytä lähtevä numero vastaajalle sopimuksen mukaan</string>
  <string name="labelCW">Koputuspalvelu</string>
  <string name="sum_cw_enabled">Puhelun aikana ilmoita minulle saapuvista puheluista</string>
  <string name="sum_cw_disabled">Puhelun aikana ilmoita minulle saapuvista puheluista</string>
  <string name="call_forwarding_settings">Soitonsiirtojen asetukset</string>
  <string name="labelCF">Soitonsiirto</string>
  <string name="labelCFU">Siirrä aina</string>
  <string name="messageCFU">Käytä aina tätä numeroa</string>
  <string name="sum_cfu_enabled_indicator">Käännä kaikki puhelut</string>
  <string name="sum_cfu_enabled">Käännetään kaikki puhelut {0}</string>
  <string name="sum_cfu_enabled_no_number">Numero ei ole käytettävissä</string>
  <string name="sum_cfu_disabled">Poistettu käytöstä</string>
  <string name="labelCFB">Siirrä kun varattu</string>
  <string name="messageCFB">Numero, kun varattu</string>
  <string name="sum_cfb_enabled">Käännetään {0}</string>
  <string name="sum_cfb_disabled">Ei käytössä</string>
  <string name="disable_cfb_forbidden">Operaattorisi ei tue puhelun uudelleenohjausta, kun puhelimesi on varattu.</string>
  <string name="labelCFNRy">Siirrä kun ei vastata</string>
  <string name="messageCFNRy">Numero kun ei vastaa</string>
  <string name="sum_cfnry_enabled">Käännetään {0}</string>
  <string name="sum_cfnry_disabled">Ei käytössä</string>
  <string name="disable_cfnry_forbidden">Operaattorisi ei tue puhelun uudelleenohjausta, kun puhelimesi ei vastaa.</string>
  <string name="labelCFNRc">Siirrä kun ei tavoitettavissa</string>
  <string name="messageCFNRc">Numero kun tavoittamattomissa</string>
  <string name="sum_cfnrc_enabled">Käännetään {0}</string>
  <string name="sum_cfnrc_disabled">Ei käytössä</string>
  <string name="disable_cfnrc_forbidden">Operaattorisi ei tue puhelun kääntämistä, kun puhelin on tavoittamattomissa.</string>
  <string name="updating_title">Puheluasetukset</string>
  <string name="error_updating_title">Puheluasetukset virhe</string>
  <string name="reading_settings">Luetaan asetuksia…</string>
  <string name="updating_settings">Päivitetään asetukset\u2026</string>
  <string name="reverting_settings">Palautetaan asetuksia…</string>
  <string name="response_error">Odottamaton vastaus verkkolta.</string>
  <string name="exception_error">Verkko- tai SIM-kortin virhe.</string>
  <string name="radio_off_error">Käynnistä radio ennen näiden asetusten katselua.</string>
  <string name="close_dialog">OK</string>
  <string name="enable">Ota käyttöön</string>
  <string name="disable">Poista käytöstä</string>
  <string name="change_num">Päivitä</string>
  <string name="vm_save_number">Tallenna vastaajapalvelun numero</string>
  <string name="vm_changed">Vastaajan numero muuttunut.</string>
  <string name="vm_change_failed">Vastaajan numeron vaihto epäonnistunut.\nOta yhteyttä operaattoriin, mikäli tämä ongelma jatkuu.</string>
  <string name="fw_change_failed">Uudelleenohjaus numeron vaihto epäonnistunutl.\nOta yhteyttä operaattoriin, mikäli tämä ongelma jatkuu.</string>
  <string name="fw_get_in_vm_failed">Nykyisten numeronvälitysasetusten palautus ja tallennus epäonnistunut.\nHaluatko vaihtaa uuteen tarjoajaan kuitenkin?</string>
  <string name="no_change">Muutoksia ei tehty.</string>
  <string name="sum_voicemail_choose_provider">Valitse vastaajapalvelu</string>
  <string name="voicemail_default">Palveluntarjoaja</string>
  <string name="mobile_networks">Mobiiliverkkoasetukset</string>
  <string name="label_available">Käytettävissä olevat verkot</string>
  <string name="load_networks_progress">Etsitään…</string>
  <string name="empty_networks_list">Verkkoja ei löytynyt.</string>
  <string name="search_networks">Etsi verkkoja</string>
  <string name="network_query_error">Virhe etsittäessä verkkoja.</string>
  <string name="register_on_network">Kirjaudutaan verkkoon %s…</string>
  <string name="not_allowed">SIM-kortti ei salli yhteyttä tähän verkkoon.</string>
  <string name="connect_later">Verkkoon yhdistäminen epäonnistui. Yritä myöhemmin uudelleen.</string>
  <string name="registration_done">Kirjauduttu verkkoon.</string>
  <string name="sum_carrier_select">Valitse verkko-operaattori</string>
  <string name="sum_search_networks">Etsi kaikki käytettävissä olevat verkot</string>
  <string name="select_automatically">Valitse automaattisesti</string>
  <string name="sum_select_automatically">Valitse automaattisesti ensisijainen verkko</string>
  <string name="register_automatically">Automaattinen kirjautuminen...</string>
  <string name="preferred_network_mode_title">Verkkotila</string>
  <string name="preferred_network_mode_summary">Muuta verkon toimintatila</string>
  <string name="preferred_network_mode_dialogtitle">Ensisijaisen verkkotila</string>
  <string name="data_enabled">Tiedonsiirto käytettävissä</string>
  <string name="data_enable_summary">Ota käyttöön tiedonsiirto mobiiliverkossa</string>
  <string name="roaming">Verkkovierailu</string>
  <string name="roaming_enable">Yhdistä datapalveluihin verkkovierailutilassa</string>
  <string name="roaming_disable">Yhdistä datapalveluihin verkkovierailutilassa</string>
  <string name="roaming_reenable_message">Datayhteys on katkennut, koska poistuit kotiverkostasi eikä datapalvelu ole käytössä.</string>
  <string name="roaming_warning">Sallitaanko datapalvelu? Tämä saattaa aiheuttaa merkittäviä verkkovierailumaksuja!</string>
  <string name="gsm_umts_options">GSM/UMTS-asetukset</string>
  <string name="cdma_options">CDMA-asetukset</string>
  <string name="throttle_data_usage">Tiedonsiirron käyttö</string>
  <string name="throttle_settings_title">Liittymän tiedonsiirtomenettely</string>
  <string name="throttle_current_usage">Käytetty data istunnon aikana</string>
  <string name="throttle_time_frame">Dataa käytety aikajaksolla</string>
  <string name="throttle_rate">Tiedonsiirron raja-arvot</string>
  <string name="throttle_help">Lue lisää</string>
  <string name="throttle_status_subtext">%1$s (%2$d٪) %3$s erän maksimista\nSeuraava erä aloitetaan päivän päästä %4$d (%5$s)</string>
  <string name="throttle_data_usage_subtext">%1$s (%2$d٪) %3$s  erän maksimista</string>
  <string name="throttle_data_rate_reduced_subtext">%1$s maksimi ylitetty\nTiedonsiirtonopeus rajoitettu %2$d kt/s</string>
  <string name="throttle_time_frame_subtext">%1$d٪ syklistä kulunut\nSeuraava erä alkaa %2$d päivän päästä (%3$s)</string>
  <string name="throttle_rate_subtext">Tiedonsiirtonopeus rajoitettu %1$d kt/s jos tiedonsiirron raja-arvo ylittyy</string>
  <string name="throttle_help_subtext">Lisää tietoa operaattorisi tiedonsiirron käyttöarvoista</string>
  <string name="cdma_cell_broadcast_sms">Solulähetys (SMS)</string>
  <string name="cell_broadcast_sms">Solulähetys (SMS)</string>
  <string name="enable_disable_cell_bc_sms">Solulähetys (SMS)</string>
  <string name="cell_bc_sms_enable">Solulähetys (SMS) käytössä</string>
  <string name="cell_bc_sms_disable">Solulähetys (SMS) ei käytössä</string>
  <string name="cb_sms_settings">Solulähetys (SMS) asetukset</string>
  <string name="enable_disable_emergency_broadcast">Hätälähetys</string>
  <string name="emergency_broadcast_enable">Hätälähetys käytössä</string>
  <string name="emergency_broadcast_disable">Hätälähetys ei käytössä</string>
  <string name="enable_disable_administrative">Järjestelmänvalvoja-tila</string>
  <string name="administrative_enable">Järjestelmänvalvoja-tila ei käytössä</string>
  <string name="administrative_disable">Järjestelmänvalvoja-tila ei käytössä</string>
  <string name="enable_disable_maintenance">Huolto-tila</string>
  <string name="maintenance_enable">Huolto-tila käytössä</string>
  <string name="maintenance_disable">Huolto-tila ei käytössä</string>
  <string name="general_news_settings">Yleiset uutiset</string>
  <string name="bf_news_settings">Talousuutiset</string>
  <string name="sports_news_settings">Urheilu-uutiset</string>
  <string name="entertainment_news_settings">Viihdeuutiset</string>
  <string name="enable_disable_local">Paikallinen</string>
  <string name="local_enable">Paikalliset uutiset käytössä</string>
  <string name="local_disable">Paikalliset uutiset ei käytössä</string>
  <string name="enable_disable_regional">Alueelliset uutiset</string>
  <string name="regional_enable">Alueelliset uutiset käytössä</string>
  <string name="regional_disable">Alueelliset uutiset ei käytössä</string>
  <string name="enable_disable_national">Kansalliset uutiset</string>
  <string name="national_enable">Kansalliset uutiset käytössä</string>
  <string name="national_disable">Kansalliset uutiset ei käytössä</string>
  <string name="enable_disable_international">Kansainväliset uutiset</string>
  <string name="international_enable">Kansainväliset uutiset käytössä</string>
  <string name="international_disable">Kansainväliset uutiset ei käytössä</string>
  <string name="list_language_title">Kieli</string>
  <string name="list_language_summary">Valitse uutisten kieli</string>
  <string name="list_language_dtitle">Kielet</string>
  <string name="enable_disable_local_weather">Paikallinen sää</string>
  <string name="local_weather_enable">Paikallissää käytössä</string>
  <string name="local_weather_disable">Paikallissää ei käytössä</string>
  <string name="enable_disable_atr">Alueen liikennetiedotteet</string>
  <string name="atr_enable">Alueen liikennetiedotteet käytössä</string>
  <string name="atr_disable">Alueen liikennetiedotteet ei käytössä</string>
  <string name="enable_disable_lafs">Paikallisen lentokentän aikataulut</string>
  <string name="lafs_enable">Paikallisen lentokentän aikataulut käytössä</string>
  <string name="lafs_disable">Paikallisen lentokentän aikataulut ei käytössä</string>
  <string name="enable_disable_restaurants">Ravintolat</string>
  <string name="restaurants_enable">Ravintolat käytössä</string>
  <string name="restaurants_disable">Ravintolat ei käytössä</string>
  <string name="enable_disable_lodgings">Majoitustiedot</string>
  <string name="lodgings_enable">Majoitustiedot käytössä</string>
  <string name="lodgings_disable">Majoitustiedot ei käytössä</string>
  <string name="enable_disable_retail_directory">Vähittäiskauppahakemisto</string>
  <string name="retail_directory_enable">Vähittäiskauppahakemisto käytössä</string>
  <string name="retail_directory_disable">Vähittäiskauppahakemisto ei käytössä</string>
  <string name="enable_disable_advertisements">Mainokset</string>
  <string name="advertisements_enable">Mainokset käytössä</string>
  <string name="advertisements_disable">Mainokset ei käytössä</string>
  <string name="enable_disable_stock_quotes">Osakekurssit</string>
  <string name="stock_quotes_enable">Osakekurssit käytössä</string>
  <string name="stock_quotes_disable">Osakekurssit ei käytössä</string>
  <string name="enable_disable_eo">Työpaikat</string>
  <string name="eo_enable">Työpaikat käytössä</string>
  <string name="eo_disable">Työpaikat ei käytössä</string>
  <string name="enable_disable_mhh">Lääketiede, terveys ja sairaala</string>
  <string name="mhh_enable">Lääketiede, terveys ja sairaala käytössä</string>
  <string name="mhh_disable">Lääketiede, terveys ja sairaala ei käytössä</string>
  <string name="enable_disable_technology_news">Teknologiauutiset</string>
  <string name="technology_news_enable">Teknologiauutiset käytössä</string>
  <string name="technology_news_disable">Teknologiauutiset ei käytössä</string>
  <string name="enable_disable_multi_category">Multi-luokka</string>
  <string name="multi_category_enable">Multi-luokka käytössä</string>
  <string name="multi_category_disable">Multi-luokka ei käytössä</string>
  <string name="gsm_umts_network_preferences_title">GSM/UMTS-verkon asetukset</string>
  <string name="gsm_umts_network_preferneces_summary">Ei toteutettu vielä!</string>
  <string name="gsm_umts_network_preferences_dialogtitle">GSM/UMTS-verkon asetukset</string>
  <string name="prefer_2g">Käytä vain 2G-verkkoja</string>
  <string name="prefer_2g_summary">Säästää akkua</string>
  <string name="cdma_system_select_title">Järjestelmän valita</string>
  <string name="cdma_system_select_summary">Muuta CDMA-verkkovierailu-tilaa</string>
  <string name="cdma_system_select_dialogtitle">Järjestelmän valita</string>
  <string name="cdma_roaming_mode_title">UMTS-verkkovierailu-tila</string>
  <string name="cdma_roaming_mode_summary">Muuta CDMA-verkkovierailu-tilaa</string>
  <string name="cdma_roaming_mode_dialogtitle">UMTS-verkkovierailu-tila</string>
  <string name="cdma_network_preferences_title">UMTS-verkkomääritykset</string>
  <string name="cdma_network_preferneces_summary">Ei toteutettu vielä!</string>
  <string name="cdma_network_preferences_dialogtitle">UMTS-verkkomääritykset</string>
  <string name="subscription_title">UMTS-tilaus TESTI</string>
  <string name="subscription_summary">Vaihda välillä RUIM/SIM ja NV</string>
  <string name="subscription_dialogtitle">tilaus</string>
  <string name="fdn">Sallitut numerot</string>
  <string name="manage_fdn_list">FDN-luettelo</string>
  <string name="fdn_activation">Sallitut numerot (FDN) aktivointi</string>
  <string name="fdn_enabled">Sallitut numerot ovat käytössä</string>
  <string name="fdn_disabled">Sallitut numerot eivät ole käytössä</string>
  <string name="enable_fdn">Ota sallitut numerot (FDN) käyttöön</string>
  <string name="disable_fdn">Poista sallitut numerot (FDN)</string>
  <string name="change_pin2">Vaihda PIN2</string>
  <string name="enable_fdn_ok">Poista sallitut numerot (FDN)</string>
  <string name="disable_fdn_ok">Ota sallitut numerot (FDN) käyttöön</string>
  <string name="sum_fdn">Sallitut numerot (FDN)</string>
  <string name="sum_fdn_change_pin">Muuta sallittujen numeroiden (FDN) PIN-koodia</string>
  <string name="sum_fdn_manage_list">Puhelinnumeroluettelon hallinta</string>
  <string name="voice_privacy">Äänen tietosuoja</string>
  <string name="voice_privacy_summary">Ota laajennettu tietosuoja-tila käyttöön</string>
  <string name="tty_mode_title">Kuulovammaisten avustustila (TTY)</string>
  <string name="tty_mode_summary">Enable TTY mode</string>
  <string name="tty_mode_option_title">Kuulovammaisten avustustila (TTY)</string>
  <string name="tty_mode_option_summary">Aseta kuulovammaisten avustustila (TTY)</string>
  <string name="auto_retry_mode_title">Automaattinen uudelleenyritys</string>
  <string name="auto_retry_mode_summary">Ota automaattinen uudelleenyritys-tila käyttöön</string>
  <string name="menu_add">Lisää yhteystieto</string>
  <string name="menu_edit">Muokkaa yhteystietoa</string>
  <string name="menu_delete">Poista yhteystieto</string>
  <string name="get_pin2">Syötä PIN2-koodi</string>
  <string name="name">Nimi</string>
  <string name="number">Numero</string>
  <string name="save">Tallenna</string>
  <string name="add_fdn_contact">Lisää sallittu numero</string>
  <string name="adding_fdn_contact">Lisätään sallittua numeroa…</string>
  <string name="fdn_contact_added">Sallittu numero lisätty.</string>
  <string name="edit_fdn_contact">Muokkaa sallittua numeroa</string>
  <string name="updating_fdn_contact">Päivitetään sallittua numeroa…</string>
  <string name="fdn_contact_updated">Sallittu numero päivitetty.</string>
  <string name="delete_fdn_contact">Poista sallittu numero</string>
  <string name="deleting_fdn_contact">Poistetaan sallittua numeroa…</string>
  <string name="fdn_contact_deleted">Sallittu numero poistettu.</string>
  <string name="pin2_invalid">Sallittua numeroa ei päivitetty: annoit väärän PIN-koodin.</string>
  <string name="fdn_invalid_number">Sallittua numeroa ei päivitetty: numeromäärä saa olla enintään 20.</string>
  <string name="simContacts_emptyLoading">Luetaan SIM-kortilta</string>
  <string name="simContacts_empty">Ei yhteystietoja SIM-kortilla.</string>
  <string name="simContacts_title">Valitse tuotavat yhteystiedot</string>
  <string name="enable_pin">Ota käyttöön/poista käytöstä SIM-kortin PIN-koodi</string>
  <string name="change_pin">Vaihda SIM-kortin PIN-koodi</string>
  <string name="enter_pin_text">SIM-kortin PIN:</string>
  <string name="oldPinLabel">Vanha PIN-koodi</string>
  <string name="newPinLabel">Uusi PIN-koodi</string>
  <string name="confirmPinLabel">Vahvista uusi PIN-koodi</string>
  <string name="badPin">Antamasi PIN-koodi ei ole oikein. Yritä uudestaan.</string>
  <string name="mismatchPin">PIN-koodit eivät täsmää. Yritä uudelleen.</string>
  <string name="invalidPin">Syötä PIN-koodi joka on 4-8 numeroa pitkä.</string>
  <string name="disable_sim_pin">Poista PIN-koodin kysely käytöstä</string>
  <string name="enable_sim_pin">Ota PIN-koodin kysely käyttöön</string>
  <string name="enable_in_progress">Odota</string>
  <string name="enable_pin_ok">PIN-koodin kysely käytössä</string>
  <string name="disable_pin_ok">PIN-koodin kysely pois käytöstä</string>
  <string name="pin_failed">Väärä PIN-koodi</string>
  <string name="pin_changed">PIN-koodi vaihdettu onnistuneesti</string>
  <string name="puk_requested">Väärä salasana, SIM-kortti lukittu. PUK2- koodi tarvitaan.</string>
  <string name="enter_pin2_text">PIN2-koodi</string>
  <string name="oldPin2Label">Vanha PIN2</string>
  <string name="newPin2Label">Uusi PIN2</string>
  <string name="confirmPin2Label">Vahvista uusi PIN2-koodi</string>
  <string name="badPuk2">Antamasi PUK2-koodi ei ole oikein. Yritä uudestaan.</string>
  <string name="badPin2">Antamasi vanha PIN2-koodi ei ole oikein. Yritä uudestaan.</string>
  <string name="mismatchPin2">PIN2-koodit eivät täsmää. Yritä uudelleen.</string>
  <string name="invalidPin2">Syötä PIN2-koodi joka on 4-8 numeroa pitkä.</string>
  <string name="invalidPuk2">Kirjoita PUK2 joka on 8 numeroa.</string>
  <string name="pin2_changed">PIN2-koodi vaihdettu onnistuneesti</string>
  <string name="label_puk2_code">Syötä PUK2-koodi</string>
  <string name="fdn_enable_puk2_requested">Väärä salasana. Vaihda PIN2-koodi ja yritä uudelleen!</string>
  <string name="puk2_requested">Väärä salasana, SIM-kortti lukittu PUK2-koodi tarvitaan.</string>
  <string name="doneButton">Valmis</string>
  <string name="caller_manage_header">Kokouspuhelu %s</string>
  <string name="caller_manage_manage_done_text">Takaisin puheluun</string>
  <string name="fake_phone_activity_phoneNumber_text">(650) 555-1234</string>
  <string name="fake_phone_activity_infoText_text">Saapuvan puhelun numero</string>
  <string name="fake_phone_activity_placeCall_text">Valepuhelu</string>
  <string name="sim_missing_continueView_text">Jatka ilman SIM-korttia</string>
  <string name="sim_missing_msg_text">Ei SIM-korttia. Aseta SIM-kortti puhelimeen.</string>
  <string name="sim_unlock_dismiss_text">Hylkää</string>
  <string name="sim_unlock_unlock_text">Avaa lukitus</string>
  <string name="sim_unlock_status_text">Vahvistetaan PIN…</string>
  <string name="voicemail_settings_number_label">Vastaajan numero</string>
  <string name="card_title_dialing">Soitetaan</string>
  <string name="card_title_redialing">Yritetään uudelleen</string>
  <string name="card_title_in_progress">Nykyinen puhelu</string>
  <string name="card_title_conf_call">Kokouspuhelu</string>
  <string name="card_title_incoming_call">Saapuva puhelu</string>
  <string name="card_title_cdma_call_waiting">CDMA-puhelu odottaa</string>
  <string name="card_title_call_ended">Puhelu lopetettu</string>
  <string name="card_title_on_hold">Pidossa</string>
  <string name="card_title_hanging_up">Katkaistaan puhelua</string>
  <string name="card_title_in_call">Puhelu käynnissä</string>
  <string name="notification_missedCallTitle">Vastaamaton puhelu</string>
  <string name="notification_missedCallsTitle">Vastaamattomat puhelut</string>
  <string name="notification_missedCallsMsg">%s vastaamatonta puhelua</string>
  <string name="notification_missedCallTicker">Vastaamaton puhelu %s</string>
  <string name="notification_ongoing_call_format">Nykyinen puhelu (%s)</string>
  <string name="notification_on_hold">Pidossa</string>
  <string name="notification_voicemail_title">uusi vastaaja viesti</string>
  <string name="notification_voicemail_title_count">Uusi vastaaja viesti (%d)</string>
  <string name="notification_voicemail_text_format">Soita %s</string>
  <string name="notification_voicemail_no_vm_number">Vastaajan numero tuntematon</string>
  <string name="notification_network_selection_title">Ei verkkoa</string>
  <string name="notification_network_selection_text">Valittu verkko (%s) ei saatavilla</string>
  <string name="incall_error_power_off">Kytke lentokonetila pois päältä soittaaksesi puhelun.</string>
  <string name="incall_error_emergency_only">Ei rekisteröitynä verkkoon.</string>
  <string name="incall_error_out_of_service">Matkapuhelinverkkoa ei saatavilla.</string>
  <string name="incall_error_no_phone_number_supplied">Virheellinen numerovalinta, puhelua ei lähetetty.</string>
  <string name="incall_error_call_failed">Puhelua ei lähetetty.</string>
  <string name="incall_status_dialed_mmi">Käynnistetään MMI-sekvenssiä…</string>
  <string name="incall_status_dialed_fc">Käynnistetään ominaisuus koodi sekvenssiä…</string>
  <string name="incall_error_supp_service_unknown">Ei tuettu palvelu.</string>
  <string name="incall_error_supp_service_switch">Puhelun vaihtaminen ei onnistu.</string>
  <string name="incall_error_supp_service_separate">Puhelun erottaminen ei onnistu.</string>
  <string name="incall_error_supp_service_transfer">Puhelun siirto ei onnistu.</string>
  <string name="incall_error_supp_service_conference">Neuvottelupuhelu ei onnistu.</string>
  <string name="incall_error_supp_service_reject">Puhelun hylkääminen ei onnistu.</string>
  <string name="incall_error_supp_service_hangup">Puhelun vapauttaminen ei onnistu.</string>
  <string name="emergency_enable_radio_dialog_title">Hätäpuhelu</string>
  <string name="emergency_enable_radio_dialog_message">Yhdistetään verkkoon</string>
  <string name="emergency_enable_radio_dialog_retry">Ei verkkoa. Yritetään uudelleen</string>
  <string name="dial_emergency_error">Puhelu ei lähtenyt, %s ei ole hätänumero!</string>
  <string name="dial_emergency_empty_error">Puhelu ei lähtenyt, valitse hätänumero!</string>
  <string name="dialerKeyboardHintText">Käytä näppäimistöä soittamiseen</string>
  <string name="dtmfDialpadHintText">Ääninäppäimistö</string>
  <string name="dtmfDialpadHandleLabel">Näppäimistö</string>
  <string name="touchLockText">Kaksois-napauta\navataksesi</string>
  <string name="onscreenAnswerText">Kaksois-napauta\nvastataksesi</string>
  <string name="onscreenRejectText">Kaksois-napauta\nhylätäksesi</string>
  <string name="onscreenHoldText">Pitoon</string>
  <string name="onscreenUnholdText">Pois pidosta</string>
  <string name="onscreenEndCallText">Lopeta puhelu</string>
  <string name="onscreenShowDialpadText">Näppäimistö</string>
  <string name="onscreenHideDialpadText">Piilota</string>
  <string name="onscreenSpeakerText">Kaiutin</string>
  <string name="onscreenMuteText">Mykistä</string>
  <string name="onscreenBluetoothText">Bluetooth</string>
  <string name="onscreenAddCallText">Lisää puhelu</string>
  <string name="onscreenMergeCallsText">Yhdistä puhelut</string>
  <string name="onscreenSwapCallsText">Vaihda</string>
  <string name="onscreenManageCallsText">Hallitse puheluita</string>
  <string name="onscreenManageConferenceText">Hallitse</string>
  <string name="importSimEntry">Tuo</string>
  <string name="importAllSimEntries">Tuo kaikki</string>
  <string name="importingSimContacts">Tuodaan SIM-kortin yhteystietoja</string>
  <string name="importToFDNfromContacts">Tuo yhteystiedoista</string>
  <string name="hac_mode_title">Kuulolaitteet</string>
  <string name="hac_mode_summary">Ota kuulolaitteen yhteensopivuus käyttöön</string>
  <string name="eri_text_label">ERI-teksti</string>
  <string name="dtmf_tones_title">Aseta äänitaajuusvalintojen (DTMF) pituus</string>
  <string name="dtmf_tones_summary">Aseta äänitaajuusvalintojen (DTMF) pituus</string>
  <string name="network_message">Verkkoviesti</string>
  <string name="ota_title_activate">Aktivoi puhelimesi</string>
  <string name="ota_touch_activate">Erikoispuhelu tarvitaan puhelinpalveluiden aktivointia varten. \n\nA
Painettuasi “Aktivoi”, kuuntele ohjeet puhelimen aktivointia varten.</string>
  <string name="ota_touch_activate_new">Paina “Aktivoi” soittaaksesi erikoispuhelun, joka aktivoi puhelimesi operaatttorisi verkkoon, 
puheluiden soittamista ja tiedonsiirtopalveluiden käyttöä varten.</string>
  <string name="ota_skip_activation_dialog_title">Ohita aktivointi?</string>
  <string name="ota_skip_activation_dialog_message">Jos ohitat aktivoinnin, et voi soittaa tai yhdistää matkapuhelinverkkoon (Voit kuitenkin yhdistää Wi-Fi-verkkoihin). Saat muistutuksen aktivoinnista aina kun käynnistät puhelimen kunnes aktivoit sen.</string>
  <string name="ota_skip_activation_dialog_skip_label">Ohita</string>
  <string name="ota_skip_activation_dialog_continue_label">Aktivoi</string>
  <string name="ota_activate">Aktivoi</string>
  <string name="ota_title_activate_success">Puhelimesi on aktivoitu!</string>
  <string name="ota_title_problem_with_activation">Ongelma aktivoinnissa</string>
  <string name="ota_listen">Seuraa ohjeita kunnes aktivointi on valmis.</string>
  <string name="ota_dialpad">Näppäimistö</string>
  <string name="ota_speaker">Kaiutin</string>
  <string name="ota_progress">Odota. Puhelinta ohjelmoidaan.</string>
  <string name="ota_failure">Ohjelmointi epäonnistui</string>
  <string name="ota_successful">Puhelimesi on nyt aktivoitu. Käynnistyminen voi kestää jopa 15min.</string>
  <string name="ota_unsuccessful">Puhelintasi ei aktvoitu. \nEtsi paikka jossa on parempi kuuluvuus (lähellä ikkunaa tai ulkona). \n\nYritä uudelleen tai ota yhteyttä asiakaspalveluun.</string>
  <string name="ota_spc_failure">LIIKAA SPC-VIKOJA</string>
  <string name="ota_call_end">Takaisin</string>
  <string name="ota_try_again">Yritä uudestaan</string>
  <string name="ota_next">Seuraava</string>
  <string name="ota_back">Takaisin</string>
  <string name="ecm_exit_dialog">Hätäpuhelun takaisinsoittotilastaPoistumisIlmoitus</string>
  <string name="phone_entered_ecm_text">Siirrytty hätäpuhelun takaisinsoittotilaan</string>
  <string name="phone_in_ecm_notification_title">Siirrytty hätäpuhelun takaisinsoittotilaan</string>
  <string name="phone_in_ecm_call_notification_text">Mobiilidata poistettu käytöstä</string>
  <string name="alert_dialog_in_ecm_call">Valittu toiminto ei ole käytettävissä kun hätäpuhelu on käynnissä</string>
  <string name="progress_dialog_exiting_ecm">Poistutaan hätäpuhelun takaisinsoittotilasta</string>
  <string name="alert_dialog_yes">Kyllä</string>
  <string name="alert_dialog_no">Ei</string>
  <string name="alert_dialog_dismiss">Hylkää</string>
  <string name="absent_num">PUUTTUVA NUMERO</string>
  <string name="voicemail_settings">Vastaajan asetukset</string>
  <string name="voicemail_number_not_set"><Ei määritetty></string>
  <string name="voicemail_provider">Vastaajan tarjoaja</string>
  <string name="voicemail_settings_for">%s asetukset</string>
  <string name="other_settings">Muut puhelu asetukset</string>
  <string name="dial_button_label">Soita</string>
  <string name="calling_via_template">Soitetaan ^1\nkautta</string>
  <string name="slide_to_answer">Vastaa vetämällä oikealle</string>
  <string name="slide_to_silence">Vaienna vetämällä vasemmalle</string>
  <string name="slide_to_decline">Hylkää vetämällä vasemmalle</string>
  <string name="slide_to_answer_and_hold">Vastaa ja aseta aktiivinen\npitoon vetämällä oikealle</string>
  <string name="slide_to_answer_and_end_active">Vastaa ja hylkää aktiivinen\nvetämällä oikealle</string>
  <string name="slide_to_answer_and_end_onhold">Vastaa ja hylkää\npuhelu pidosta</string>
  <string name="slide_to_answer_hint">Vastaa</string>
  <string name="slide_to_decline_hint">Hylkää</string>
  <string name="notification_ongoing_calling_format">Soitetaan (%s)</string>
  <string name="advanced_setting">Lisäasetukset</string>
  <string name="call_reject_hint">Hylkää puhelu</string>
  <string name="hangup_sms">Paina "Valikko"-painiketta hylätäksesi puhelun ja vastataksesi tekstiviestillä</string>
  <string name="hangup_sms_body">En voi vastata juuri nyt. Soitan takaisin myöhemmin</string>
  <string name="onscreenNoteText">Tallentaa</string>
  <string name="query_telocation_title">Etsi numeron sijainti</string>
  <string name="query_telocation_sum">Etsi matkapuhelimen tai lankapuhelimen numeron sijainti</string>
  <string name="button_query_hint">Syötä puhelinnumero</string>
  <string name="button_query">Kysely</string>
  <string name="button_clear">Tyhjennä</string>
  <string name="text_location">Nimeä:</string>
  <string name="text_areacode">Suuntanumero:</string>
  <string name="unknown_location">Tuntematon sijainti</string>
  <string name="autoip">Automaattinen IP-osoite</string>
  <string name="autoip_sum">Lisää IP-osoitteen etuliite ulkomaalaiseen numeroon. Syötä nykyinen suuntanumero alle</string>
  <string name="ip_prefix">IP-osoitteen etuliite</string>
  <string name="ip_prefix_sum">IP etuliitteen operaattori:%s</string>
  <string name="current_areacode">Nykyinen suuntanumero</string>
  <string name="current_areacode_sum">Nykyinen suuntanumero</string>
  <string name="always_enable_mms">Vastaanota MMS-viestejä aina</string>
  <string name="always_enable_mms_summary">Vastaanota MMS-viestejä vaikka mobiilidata olisi poistettu käytöstä</string>
  <string name="dialer_click_pref_title">Valitse yhteystieto luettelosta</string>
  <string name="dialer_click_pref_summary">Mukautettu yhteystietoluettelo. Valitse Toiminto</string>
  <string name="auto_dialpad_pref_title">Automaattinen numeronäppäimistö</string>
  <string name="auto_dialpad_pref_summary">Aina kun aloitat soittamisen numeronäppäimistö tulee automaattisesti esiin</string>
  <string name="anti_disturb_settings">DND asetukset</string>
  <string name="incoming_call_limit_title">Saapuvien puheluiden esto</string>
  <string name="incoming_call_limit_summary">Päästää halutut puhelut läpi ja hylkää ei-toivotut</string>
</resources>
