<?xml version="1.0" encoding="utf-8"?>
<!--Generated by crowdin.net-->
<resources>
  <string name="config_import_vcard_type">προεπιλογή</string>
  <string name="config_export_vcard_type">προεπιλογή</string>
  <string name="config_export_dir">/sdcard</string>
  <string name="config_export_file_prefix">Όνομα αρχείου</string>
  <string name="config_export_file_suffix">Επέκταση αρχείου</string>
  <string name="config_export_file_extension">vcf</string>
  <string name="config_export_extensions_to_consider">Επεκτάσεις</string>
  <string name="contactsList">Επαφές</string>
  <string name="launcherDialer">Τηλέφωνο</string>
  <string name="shortcutContact">Άτομο</string>
  <string name="shortcutDialContact">Απευθείας κλήση</string>
  <string name="shortcutMessageContact">Άμεσο μήνυμα</string>
  <string name="shortcutActivityTitle">Επιλογή επαφής</string>
  <string name="callShortcutActivityTitle">Επιλογή προεπιλεγμένης ενέργειας</string>
  <string name="messageShortcutActivityTitle">Επιλογή επαφής</string>
  <string name="starredList">Με αστέρι</string>
  <string name="frequentList">Συχνά</string>
  <string name="strequentList">Αγαπημένα</string>
  <string name="viewContactTitle">Λεπτομέρειες</string>
  <string name="viewContactDesription">Προβολή επαφής</string>
  <string name="editContactDescription">Επεξεργασία επαφής</string>
  <string name="insertContactDescription">Προσθήκη επαφής</string>
  <string name="searchHint">Αναζήτηση επαφών</string>
  <string name="menu_search">Αναζήτηση</string>
  <string name="menu_newContact">Νέα επαφή</string>
  <string name="menu_viewContact">Προβολή επαφής</string>
  <string name="menu_callNumber">Κλήση %s</string>
  <string name="menu_addStar">Προσθήκη στα αγαπημένα</string>
  <string name="menu_removeStar">Αφαίρεση από τα αγαπημένα</string>
  <string name="menu_editContact">Επεξεργασία επαφής</string>
  <string name="menu_deleteContact">Διαγραφή επαφής</string>
  <string name="menu_call">Κλήση επαφής</string>
  <string name="menu_sendSMS">Αποστολή μηνύματος</string>
  <string name="menu_sendEmail">Αποστολή e-mail</string>
  <string name="menu_viewAddress">Ταχυδρομική διεύθυνση</string>
  <string name="menu_makeDefaultNumber">Ορισμός προεπιλογής</string>
  <string name="menu_makeDefaultEmail">Ορισμός προεπιλογής</string>
  <string name="menu_splitAggregate">Διαχωρισμός</string>
  <string name="contactsSplitMessage">Οι επαφές διαχωρίστηκαν</string>
  <string name="splitConfirmation_title">Διαχωρισμός επαφής</string>
  <string name="splitConfirmation">Είστε βέβαιοι ότι επιθυμείτε να χωρίσετε την επαφή σε πολλές επαφές: μία για κάθε πληροφορία της επαφής που σχετιζόταν με αυτήν;</string>
  <string name="menu_joinAggregate">Ένωση</string>
  <string name="titleJoinContactDataWith">Ένωση επαφών</string>
  <string name="blurbJoinContactDataWith">Επιλέξτε την επαφή που επιθυμείτε να ενώσετε με %s.</string>
  <string name="showAllContactsJoinItem">Εμφάνιση όλων των επαφών</string>
  <string name="separatorJoinAggregateSuggestions">Προτεινόμενες επαφές</string>
  <string name="separatorJoinAggregateAll">Όλες οι επαφές</string>
  <string name="contactsJoinedMessage">Οι επαφές ενώθηκαν</string>
  <string name="menu_contactOptions">Επιλογές</string>
  <string name="contactOptionsTitle">Επιλογές</string>
  <string name="deleteConfirmation_title">Διαγραφή</string>
  <string name="readOnlyContactWarning">Δεν μπορείτε να διαγράψετε επαφές από λογαριασμούς μόνο για ανάγνωση, αλλά μπορείτε να τις αποκρύψετε από τις λίστες επαφών σας.</string>
  <string name="readOnlyContactDeleteConfirmation">Αυτή η επαφή περιέχει πληροφορίες από πολλαπλούς λογαριασμούς. Οι πληροφορίες από λογαριασμούς μόνο για ανάγνωση δεν θα εμφανίζονται στις λίστες επαφών σας, δεν διαγράφονται.</string>
  <string name="multipleContactDeleteConfirmation">Η διαγραφή αυτής της επαφής θα διαγράψει πληροφορίες από πολλαπλούς λογαριασμούς.</string>
  <string name="deleteConfirmation">Αυτή η επαφή θα διαγραφεί.</string>
  <string name="menu_done">Τέλος</string>
  <string name="menu_doNotSave">Επαναφορά</string>
  <string name="editContact_title_edit">Επεξεργασία επαφής</string>
  <string name="editContact_title_insert">Νέα επαφή</string>
  <string name="label_phonetic_name">Φωνητική εντολή</string>
  <string name="label_notes">Σημειώσεις</string>
  <string name="label_ringtone">Ήχος κλήσης</string>
  <string name="ghostData_name">Ονοματεπώνυμο</string>
  <string name="ghostData_phonetic_name">Φωνητικό όνομα</string>
  <string name="ghostData_company">Εταιρία</string>
  <string name="ghostData_title">Τίτλος</string>
  <string name="invalidContactMessage">Η επαφή δεν υπάρχει.</string>
  <string name="pickerNewContactHeader">Προσθήκη επαφής</string>
  <string name="selectLabel">Επιλέξτε ετικέτα</string>
  <string name="phoneLabelsGroup">Τηλέφωνο</string>
  <string name="emailLabelsGroup">Ε-mail</string>
  <string name="imLabelsGroup">Ανταλ.άμεσων μην.(IM)</string>
  <string name="postalLabelsGroup">Ταχυδρομική διεύθυνση</string>
  <string name="photoPickerNotFoundText">Δεν υπάρχουν διαθέσιμες φωτογραφίες στο τηλέφωνο.</string>
  <string name="attachToContact">Φωτογραφία επαφής</string>
  <string name="customLabelPickerTitle">Προσαρμοσμένο όνομα ετικέτας</string>
  <string name="send_to_voicemail_checkbox">Αποστ. σε αυτ. τηλεφωνητή</string>
  <string name="default_ringtone">Προεπιλογή</string>
  <string name="changePicture">Αλλαγή φωτογραφίας</string>
  <string name="removePicture">Αφαίρεση φωτογραφίας</string>
  <string name="noContacts">Δεν υπάρχουν επαφές.</string>
  <string name="noMatchingContacts">Δεν βρέθηκαν επαφές που να ταιριάζουν.</string>
  <string name="noContactsWithPhoneNumbers">Δεν υπάρχουν επαφές με αριθμό τηλεφώνου.</string>
  <string name="savingContact">Αποθήκευση επαφής...</string>
  <string name="contactSavedToast">Η επαφή αποθηκεύτηκε.</string>
  <string name="contactSavedErrorToast">Σφάλμα: αδυναμία αποθήκευσης αλλαγών στην επαφή.</string>
  <string name="listTotalPhoneContactsZero">Καμία ορατή επαφή με αριθμό τηλεφώνου</string>
  <string name="listTotalAllContactsZero">Καμιά ορατή επαφή</string>
  <string name="listFoundAllContactsZero">Δεν βρέθηκε επαφή</string>
  <string name="contactsIconLabel">Επαφές</string>
  <string name="contactsFavoritesLabel">Αγαπημένα</string>
  <string name="dialerIconLabel">Τηλέφωνο</string>
  <string name="recentCallsIconLabel">Ιστορικό κλήσεων</string>
  <string name="liveFolderAll">Όλες οι επαφές</string>
  <string name="liveFolderFavorites">Επαφές με αστέρι</string>
  <string name="liveFolderPhone">Επαφές με αριθμό τηλεφώνου</string>
  <string name="menu_sendTextMessage">Αποστολή μηνύματος</string>
  <string name="recentCalls_callNumber">Κλήση %s</string>
  <string name="recentCalls_editNumberBeforeCall">Επεξεργασία αριθμού πριν την κλήση</string>
  <string name="recentCalls_addToContact">Προσθήκη στις επαφές</string>
  <string name="recentCalls_removeFromRecentList">Διαγραφή από ιστορικό κλήσεων</string>
  <string name="recentCalls_deleteAll">Διαγραφή όλων</string>
  <string name="recentCalls_empty">Το ιστορικό κλήσεων είναι άδειο.</string>
  <string name="clearCallLogConfirmation_title">Διαγραφή ιστορικού κλήσεων</string>
  <string name="clearCallLogConfirmation">Είστε βέβαιοι ότι επιθυμείτε τη διαγραφή όλου του ιστορικού κλήσεων;</string>
  <string name="imei">IMEI</string>
  <string name="meid">MEID</string>
  <string name="voicemail">Αυτόματος τηλεφωνητής</string>
  <string name="unknown">Άγνωστος</string>
  <string name="private_num">Χωρίς αριθμό</string>
  <string name="payphone">Τηλέφωνο κοινής χρήσης</string>
  <string name="dialerKeyboardHintText">Χρησιμοποιήστε το πληκτρολόγιο για να καλέσετε</string>
  <string name="dialerDialpadHintText">Καλέστε για να προσθέσετε μια κλήση</string>
  <string name="simContacts_emptyLoading">Φόρτωση από την κάρτα SIM...</string>
  <string name="simContacts_title">Επαφές κάρτας SIM</string>
  <string name="liveFolder_all_label">Όλες οι επαφές</string>
  <string name="liveFolder_favorites_label">Με αστέρι</string>
  <string name="liveFolder_phones_label">Τηλέφωνα</string>
  <string name="callDetailTitle">Λεπτομέρειες κλήσης</string>
  <string name="toast_call_detail_error">Αδυναμία ανάγνωσης λεπτομερειών για την ζητούμενη κλήση.</string>
  <string name="type_incoming">Εισερχόμενη κλήση</string>
  <string name="type_outgoing">Εξερχόμενη κλήση</string>
  <string name="type_missed">Αναπάντητη κλήση</string>
  <string name="actionIncomingCall">Εισερχόμενες κλήσεις</string>
  <string name="callBack">Επανάκληση</string>
  <string name="callAgain">Επανάκληση</string>
  <string name="returnCall">Επιστροφή κλήσης</string>
  <string name="callDetailsDurationFormat">%1$s% λεπτά %2$s δευτ.</string>
  <string name="favoritesFrquentSeparator">Σε συχνή επικοινωνία</string>
  <string name="add_contact_dlg_title">Προσθήκη επαφής</string>
  <string name="add_contact_dlg_message_fmt">Προσθήκη \"%s\" στις επαφές;</string>
  <string name="all_tab_label">Όλα</string>
  <string name="description_image_button_one">ένα</string>
  <string name="description_image_button_two">δύο</string>
  <string name="description_image_button_three">τρεις</string>
  <string name="description_image_button_four">τέσσερις</string>
  <string name="description_image_button_five">πέντε</string>
  <string name="description_image_button_six">έξι</string>
  <string name="description_image_button_seven">επτά</string>
  <string name="description_image_button_eight">οκτώ</string>
  <string name="description_image_button_nine">εννιά</string>
  <string name="description_image_button_star">αστέρι</string>
  <string name="description_image_button_delete">διαγραφή</string>
  <string name="description_image_button_zero">καμία</string>
  <string name="description_image_button_pound">δίεση</string>
  <string name="description_voicemail_button">αυτόματος τηλεφωνητής</string>
  <string name="description_dial_button">κλήση</string>
  <string name="description_delete_button">backspace</string>
  <string name="description_digits_edittext">αριθμός προς κλήση</string>
  <string name="description_contact_photo">φωτογραφία επαφής</string>
  <string name="description_minus_button">πλην</string>
  <string name="description_plus_button">συν</string>
  <string name="no_sdcard_title">Δεν υπάρχει κάρτα SD</string>
  <string name="no_sdcard_message">Δεν εντοπίστηκε κάρτα SD</string>
  <string name="searching_vcard_title">Αναζήτηση για vCard</string>
  <string name="import_from_sim">Εισαγωγή από την κάρτα SIM</string>
  <string name="import_from_sdcard">Εισαγωγή από την κάρτα SD</string>
  <string name="export_to_sdcard">Εξαγωγή στην κάρτα SD</string>
  <string name="share_visible_contacts">Κοινή χρήση ορατών επαφών</string>
  <string name="import_one_vcard_string">Εισαγωγή ενός αρχείου vCard</string>
  <string name="import_multiple_vcard_string">Εισαγωγή πολλαπλών αρχείων vCard</string>
  <string name="import_all_vcard_string">Εισαγωγή όλων των αρχείων vCard</string>
  <string name="searching_vcard_message">Αναζήτηση για vCard αρχεία στην κάρτα SD</string>
  <string name="scanning_sdcard_failed_title">Η σάρωση της κάρτας SD απέτυχε</string>
  <string name="scanning_sdcard_failed_message">Η σάρωση της κάρτας SD απέτυχε (Αιτία: \"%s\")</string>
  <string name="fail_reason_io_error">Σφάλμα I/O</string>
  <string name="fail_reason_vcard_parse_error">Αποτυχία ανάλυσης του vCard για απρόσμενο λόγο</string>
  <string name="fail_reason_vcard_not_supported_error">Αποτυχία ανάλυσης του vCard αν και φαίνεται σε έγκυρη μορφή, δεδομένου ότι η τρέχουσα εφαρμογή δεν την υποστηρίζει</string>
  <string name="fail_reason_no_vcard_file">Δεν βρέθηκε κανένα αρχείο vCard στην κάρτα SD</string>
  <string name="fail_reason_failed_to_read_files">Ένα ή περισσότερα αρχεία απέτυχαν να εισαχθούν (%s).</string>
  <string name="fail_reason_unknown">Άγνωστο σφάλμα</string>
  <string name="select_vcard_title">Επιλογή vCard αρχείου</string>
  <string name="progress_shower_message">%1$s\n%2$s</string>
  <string name="reading_vcard_title">Ανάγνωση vCard</string>
  <string name="reading_vcard_message">Ανάγνωση vCard αρχείου(ων)</string>
  <string name="reading_vcard_failed_title">Η ανάγνωση των δεδομένων vCard απέτυχε</string>
  <string name="reading_vcard_contacts">%1$s από %2$s επαφές</string>
  <string name="reading_vcard_files">%1$s από %2$s αρχεία</string>
  <string name="confirm_export_title">Επιβεβαίωση εξαγωγής</string>
  <string name="confirm_export_message">Είστε βέβαιοι ότι επιθυμείτε να εξαγάγετε τη λίστα επαφών σας στο \"%s\";</string>
  <string name="exporting_contact_failed_title">Απέτυχε η εξαγωγή δεδομένων επαφής</string>
  <string name="exporting_contact_failed_message">Απέτυχε η εξαγωγή δεδομένων επαφής.\nΛόγος αποτυχίας: \"%s\"</string>
  <string name="fail_reason_no_exportable_contact">Δεν υπάρχει καμία εξαγώγιμη επαφή</string>
  <string name="fail_reason_too_many_vcard">Πάρα πολλά vCard αρχεία στην κάρτα SD</string>
  <string name="fail_reason_too_long_filename">Το απαιτούμενο όνομα αρχείου είναι πολύ μεγάλο (\"%s\")</string>
  <string name="exporting_contact_list_title">Εξαγωγή δεδομένων επαφής</string>
  <string name="exporting_contact_list_message">Εξαγωγή δεδομένων επαφής στο \"%s\"</string>
  <string name="fail_reason_could_not_initialize_exporter">Δεν ήταν δυνατή η προετοιμασία του εξαγωγέα: \"%s\"</string>
  <string name="fail_reason_error_occurred_during_export">Παρουσιάστηκε σφάλμα κατά την εξαγωγή: \"%s\"</string>
  <string name="composer_failed_to_get_database_infomation">Αποτυχία ανάκτησης πληροφοριών της βάσης δεδομένων</string>
  <string name="composer_has_no_exportable_contact">Δεν υπάρχει επαφή προς εξαγωγή. Αν έχετε πράγματι επαφές στο τηλέφωνό σας, μπορεί κάποιος παροχέας δεδομένων να απαγορεύει την εξαγωγή τους.</string>
  <string name="composer_not_initialized">Ο συγγραφέας vCard δεν εκκινήθηκε σωστά</string>
  <string name="fail_reason_could_not_open_file">Αδύνατο το άνοιγμα \"%1$s\": %2$s</string>
  <string name="exporting_contact_list_progress">%1$s από %2$s επαφές</string>
  <string name="search_settings_description">Ονόματα των επαφών σας</string>
  <string name="add_2sec_pause">Προσθήκη παύσης 2 δευτ.</string>
  <string name="add_wait">Προσθήκη αναμονής</string>
  <string name="call_disambig_title">Κλήση με</string>
  <string name="sms_disambig_title">Μήνυμα με</string>
  <string name="make_primary">Να θυμάστε αυτήν την επιλογή</string>
  <string name="quickcontact_missing_app">Δεν βρέθηκε καμία εφαρμογή για να χειριστεί αυτήν την ενέργεια</string>
  <string name="quickcontact_remember_choice">Να θυμάσαι αυτήν την επιλογή</string>
  <string name="quickcontact_missing_name">Άγνωστος</string>
  <string name="menu_accounts">Λογαριασμοί</string>
  <string name="menu_import_export">Εισαγωγή/Εξαγωγή</string>
  <string name="dialog_import_export">Εισαγωγή/εξαγωγή επαφών</string>
  <string name="menu_share">Κοινή χρήση</string>
  <string name="share_via">Κοινή χρήση επαφής μέσω</string>
  <string name="share_error">Η επαφή αυτή δεν μπορεί να διαμοιραστεί.</string>
  <string name="nameLabelsGroup">Όνομα</string>
  <string name="nicknameLabelsGroup">Ψευδώνυμο</string>
  <string name="organizationLabelsGroup">Οργανισμός</string>
  <string name="websiteLabelsGroup">Ιστοσελίδα</string>
  <string name="eventLabelsGroup">Γεγονός</string>
  <string name="type_short_home">Α</string>
  <string name="type_short_mobile">Κ</string>
  <string name="type_short_work">Ε</string>
  <string name="type_short_pager">Β</string>
  <string name="type_short_other">Α</string>
  <string name="edit_read_only">Αυτή η επαφή είναι μόνο για ανάγνωση</string>
  <string name="edit_secondary_collapse">Περισσότερα</string>
  <string name="dialog_primary_name">Κύριο όνομα</string>
  <string name="dialog_new_contact_account">Δημιουργία επαφής στο λογαριασμό</string>
  <string name="account_phone">Μόνο τηλέφωνο (χωρίς συγχρονισμό)</string>
  <string name="call_custom">Κλήση %s</string>
  <string name="call_home">Κλήση οικίας</string>
  <string name="call_mobile">Κλήση κινητού</string>
  <string name="call_work">Κλήση εργασίας</string>
  <string name="call_fax_work">Κλήση φαξ εργασίας</string>
  <string name="call_fax_home">Κλήση φαξ οικίας</string>
  <string name="call_pager">Κλήση βομβητή</string>
  <string name="call_other">Κλήση</string>
  <string name="call_callback">Κλήση επανάκλησης</string>
  <string name="call_car">Κλήση αυτοκινήτου</string>
  <string name="call_company_main">Κλήση εταιρίας</string>
  <string name="call_isdn">Κλήση ISDN</string>
  <string name="call_main">Κλήση</string>
  <string name="call_other_fax">Κλήση φαξ</string>
  <string name="call_radio">Κλήση ασυρμάτου</string>
  <string name="call_telex">Κλήση τέλεξ</string>
  <string name="call_tty_tdd">Κλήση TTY/TDD</string>
  <string name="call_work_mobile">Κλήση κινητού εργασίας</string>
  <string name="call_work_pager">Κλήση βομβητή εργασίας</string>
  <string name="call_assistant">Κλήση %s</string>
  <string name="call_mms">Κλήση MMS</string>
  <string name="sms_custom">Μήνυμα %s</string>
  <string name="sms_home">Αποστολή μηνύματος</string>
  <string name="sms_mobile">Αποστολή μηνύματος</string>
  <string name="sms_work">Αποστολή μηνύματος</string>
  <string name="sms_fax_work">Αποστολή μηνύματος</string>
  <string name="sms_fax_home">Αποστολή μηνύματος</string>
  <string name="sms_pager">Αποστολή μηνύματος</string>
  <string name="sms_other">Αποστολή μηνύματος</string>
  <string name="sms_callback">Κείμενο επανάκλησης</string>
  <string name="sms_car">Αποστολή μηνύματος</string>
  <string name="sms_company_main">Αποστολή μηνύματος</string>
  <string name="sms_isdn">Αποστολή μηνύματος</string>
  <string name="sms_main">Αποστολή μηνύματος</string>
  <string name="sms_other_fax">Αποστολή μηνύματος</string>
  <string name="sms_radio">Αποστολή μηνύματος</string>
  <string name="sms_telex">Text telex</string>
  <string name="sms_tty_tdd">Text TTY/TDD</string>
  <string name="sms_work_mobile">Μήνυμα κινητό εργασίας</string>
  <string name="sms_work_pager">Αποστολή μηνύματος</string>
  <string name="sms_assistant">Αποστολή μηνύματος</string>
  <string name="sms_mms">Αποστολή μηνύματος</string>
  <string name="email_home">Αποστολή e-mail</string>
  <string name="email_mobile">Αποστολή e-mail</string>
  <string name="email_work">Αποστολή e-mail</string>
  <string name="email_other">Αποστολή e-mail</string>
  <string name="email_custom">Αποστολή e-mail</string>
  <string name="email">E-mail</string>
  <string name="map_home">Προβολή διεύθυνσης οικίας</string>
  <string name="map_work">Προβολή διεύθυνσης εργασίας</string>
  <string name="map_other">Προβολή διεύθυνσης</string>
  <string name="map_custom">Προβολή διεύθυνσης %s</string>
  <string name="chat_aim">Συνομιλία μέσω ΑΙΜ</string>
  <string name="chat_msn">Συνομιλία μέσω Windows Live</string>
  <string name="chat_yahoo">Συνομιλία μέσω Yahoo</string>
  <string name="chat_skype">Συνομιλία μέσω Skype</string>
  <string name="chat_qq">Συνομιλία μέσω QQ</string>
  <string name="chat_gtalk">Συνομιλία μέσω Google Talk</string>
  <string name="chat_icq">Συνομιλία μέσω ICQ</string>
  <string name="chat_jabber">Συνομιλία μέσω Jabber</string>
  <string name="chat">Συνομιλία</string>
  <string name="postal_street">Οδός</string>
  <string name="postal_pobox">Τ.Θ.</string>
  <string name="postal_neighborhood">Γειτονιά</string>
  <string name="postal_city">Πόλη</string>
  <string name="postal_region">Νομός</string>
  <string name="postal_postcode">Τ.Κ.</string>
  <string name="postal_country">Χώρα</string>
  <string name="name_given">Όνομα</string>
  <string name="name_family">Επώνυμο</string>
  <string name="name_prefix">Πρόθεμα ονόματος</string>
  <string name="name_middle">Μεσαίο όνομα</string>
  <string name="name_suffix">Επίθεμα ονόματος</string>
  <string name="name_phonetic_given">Φωνητικό όνομα</string>
  <string name="name_phonetic_middle">Φωνητικό μεσαίο όνομα</string>
  <string name="name_phonetic_family">Φωνητικό επώνυμο</string>
  <string name="account_type_format">%1$s επαφή</string>
  <string name="from_account_format">από %1$s</string>
  <string name="use_photo_as_primary">Χρήση αυτής της φωτογραφίας</string>
  <string name="contact_read_only">%1$s πληροφορίες της επαφής δεν είναι επεξεργάσιμες σε αυτήν την συσκευή.</string>
  <string name="no_contact_details">Δεν υπάρχουν άλλες πληροφορίες γι\' αυτήν την επαφή</string>
  <string name="search_bar_hint">Αναζήτηση επαφών</string>
  <string name="search_for_all_contacts">Αναζήτηση για όλες τις επαφές</string>
  <string name="take_photo">Λήψη φωτογραφίας</string>
  <string name="pick_photo">Επιλογή φωτογραφίας από την Γκαλερί</string>
  <string name="locale_change_in_progress">Η λίστα επαφών ενημερώνεται σύμφωνα με την γλώσσα.\n\nΠαρακαλώ περιμένετε...</string>
  <string name="upgrade_in_progress">Η λίστα επαφών ενημερώνεται.\n\nΠαρακαλώ περιμένετε...</string>
  <string name="upgrade_out_of_memory">Οι επαφές βρίσκονται σε διαδικασία αναβάθμισης.\nΗ διαδικασία αναβάθμισης απαιτεί περίπου %dMB της εσωτερικής μνήμης τηλεφώνου.\n\nΔιαλέξτε μία από τις παρακάτω επιλογές:</string>
  <string name="upgrade_out_of_memory_uninstall">Κατάργηση ορισμένων εφαρμογών</string>
  <string name="upgrade_out_of_memory_retry">Επανάληψη αναβάθμισης</string>
  <string name="search_results_for">Αποτελέσματα αναζήτησης για: %s</string>
  <string name="search_results_searching">Αναζήτηση...</string>
  <string name="callNoAnswerTimeFormat">Χτύπησε %s φορές</string>
  <string name="numberCountFormat">%s αριθμοί</string>
  <string name="menu_display_all">Εμφάνιση όλων των επαφών</string>
  <string name="menu_display_only_phones">Εμφάνιση μόνο επαφών με αριθμό τηλεφώνου</string>
  <string name="contactsGroupsLabel">Ομάδες</string>
  <string name="group_summary_format">%s άτομα</string>
  <string name="no_member">Άδεια ομάδα</string>
  <string name="applyGroupsSelection">Ενημέρωση ομάδων...</string>
  <string name="no_availablePhone">Αυτό το μέλος δεν έχει αριθμό τηλεφώνου</string>
  <string name="add_group_member">Προσθήκη μέλους</string>
  <string name="group_name_contacts">Επαφές</string>
  <string name="group_name_friends">Φίλοι</string>
  <string name="group_name_family">Οικογένεια</string>
  <string name="group_name_coworkers">Συνεργάτες</string>
  <string name="group_name_important">VIP</string>
  <string name="group_name_life_info">Τρόπος ζωής</string>
  <string name="group_name_white_list">Λίστα ευνοούμενων προσώπων</string>
  <string name="group_name_black_list">Μαύρη λίστα</string>
  <string name="button_manage_groups">Διαχείριση ομάδων</string>
  <string name="button_back">Πίσω</string>
  <string name="button_remove_contacts">Αφαίρεση επαφών</string>
  <string name="duplicatedGroupNameHelpText">Το όνομα της ομάδας δεν μπορεί να είναι ίδιο με όνομα άλλης ομάδας</string>
  <string name="system_groups_unchangable">Οι προεπιλεγμένες ομάδες δεν μπορούν να μετονομαστούν ή να αφαιρεθούν.</string>
  <string name="menu_add">Προσθήκη</string>
  <string name="menu_remove">Αφαίρεση</string>
  <string name="create_new_group">Νέα ομάδα</string>
  <string name="manage_groups">Διαχείριση ομάδων</string>
  <string name="menu_viewGroup">Προβολή ομάδας</string>
  <string name="menu_deleteGroup">Διαγραφή ομάδας</string>
  <string name="menu_editGroupName">Επεξεργασία ονόματος ομάδας</string>
  <string name="input_group_name_hint">Εισάγετε το όνομα της ομάδας</string>
  <string name="notification_invalid_group_name">Το όνομα της ομάδας δεν μπορεί να είναι κενό</string>
  <string name="add_to_group_format">Προσθήκη σε %s</string>
  <string name="name_full">Όνομα</string>
  <string name="add_more_items">Προσθήκη περισσότερων</string>
  <string name="saveConfirmationTitle">Αποθήκευση επαφής</string>
  <string name="saveConfirmationBody">Αποθήκευση αλλαγών στην επαφή;</string>
  <string name="saveConfirmationYes">Αποθήκευση</string>
  <string name="saveConfirmationNo">Χωρίς αποθήκευση</string>
  <string name="import_from_account">Εισαγωγή από άλλο λογαριασμό</string>
  <string name="select_account_import_from">Επιλογή λογαριασμού για εισαγωγή</string>
  <string name="importing_from_account">Εισαγωγή...</string>
  <string name="fail_message_account_needed">Παρακαλώ ρυθμίστε τον λογαριασμό</string>
  <string name="success_message_import_from_account">Επιτυχής εισαγωγή</string>
  <string name="date_day">Ημέρα</string>
  <string name="fast_scroll_alphabet">\#ΑΒΓΔΕΖΗΘΙΚΛΜΝΞΟΠΡΣΤΥΦΧΨΩ</string>
  <string name="belong_no_group">Χωρίς ομάδα</string>
  <string name="menu_remove_member">Αφαίρεση επαφής</string>
  <string name="removeConfirmation_title">Αφαίρεση</string>
  <string name="menu_add_favorite_contact">Προσθήκη επαφής στ\' αγαπημένα</string>
  <string name="menu_group_sms">SMS ομάδας</string>
  <string name="menu_group_ringtone">Ήχος κλήσης ομάδας</string>
  <string name="menu_add_member">Προσθήκη επαφής</string>
  <string name="menu_callIpNumber">Κλήση τηλεφώνου IP (Κλήση %s)</string>
  <string name="menu_clearDefaultNumber">Ρυθμίσεις εκκαθάρισης προεπιλεγμένου αριθμού</string>
  <string name="menu_clearDefaultEmail">Ρυθμίσεις εκκαθάρισης προεπιλεγμένου e-mail</string>
  <string name="favoriteContactDescription">Προσθήκη στα αγαπημένα</string>
  <string name="unfavoriteContactDescription">Διαγραφή από τα αγαπημένα</string>
  <string name="shareContactDescription">Κοινή χρήση επαφής</string>
  <string name="titlePickOrCreateNewContact">Επιλογή της υπάρχουσας ή δημιουργία νέας επαφής</string>
  <string name="titlePickContactNumber">Επιλογή αριθμού τηλεφώνου</string>
  <string name="fixedPhoneLabel">Κύριο</string>
  <string name="fixedFaxLabel">Φαξ</string>
  <string name="goto_album">Πήγαινε στην Γκαλερί</string>
  <string name="recommneded_photos">Προτεινόμενες φωτογραφίες επαφών</string>
  <string name="downloading_photos">Λήψη εικόνων προφίλ από το ίντερνετ</string>
  <string name="callButtonText">Κλήση</string>
  <string name="callrecordview_menu_phone_all">Προτεινόμενες φωτογραφίες επαφών</string>
  <string name="callrecordview_menu_phone_missed">Εμφάνιση μόνο των αναπάντητων</string>
  <string name="callrecordview_menu_delete_one">Διαγραφή από το ιστορικού κλήσεων</string>
  <string name="callrecordview_menu_delete_stranger">Εκκαθάριση ιστορικού από άγνωστους αριθμούς</string>
  <string name="callrecordview_menu_delete_all">Εκκαθάριση ιστορικού κλήσεων</string>
  <string name="callrecordview_menu_set">Ρυθμίσεις</string>
  <string name="callrecordview_more">Περισσότερα</string>
  <string name="callrecordview_more_title">%s συνολικές κλήσεις</string>
  <string name="callrecordview_item_calls">%d κλήσεις</string>
  <string name="callrecordview_item_op_time_missed">Αναπάντητες</string>
  <string name="callrecordview_item_op_time_short_incoming">Εισερχόμενη %d δευτ.</string>
  <string name="callrecordview_item_op_time_short_outgoing">Εξερχόμενη %d δευτ.</string>
  <string name="callDetailsDurationFormat_incoming">Διάρκεια %1$s λεπτά %2$s δευτ.</string>
  <string name="callDetailsDurationFormat_outgoing">Εξερχόμενη %1$s λεπτά %2$s δευτ.</string>
  <string name="group_delete_confirmation">Επιβεβαίωση διαγραφής ομάδας</string>
  <string name="no_sms_availabe_contact_in_group">Αυτή η ομάδα δεν έχει επαφές ικανές να λάβουν SMS</string>
  <string name="showDialpadTip">Εμφάνιση πληκτρολογίου</string>
  <string name="set_ringtone_for_group_members_success">Ορισμός ήχου κλήσης ομάδας</string>
  <string name="noContactHelpText">Δεν υπάρχει επαφή, μπορείτε να:</string>
  <string name="noFavoriteHelpText">Δεν υπάρχουν αγαπημένα, μπορείτε να:</string>
  <string name="noGroupMemberHelpText">Αυτή η ομάδα είναι άδεια.\n\nΠατήστε και επιλέξτε τις επιθυμητές επαφές.\n</string>
  <string name="noContactHelpTextAccounts">Διαχείριση λογαριασμών</string>
  <string name="noContactHelpTextImportSim">Εισαγωγή επαφής από την κάρτα SIM</string>
  <string name="noContactHelpTextImportSD">Εισαγωγή επαφής από την κάρτα SD</string>
  <string name="noContactHelpTextAddContact">Προσθήκη επαφής</string>
  <string name="noContactHelpTextAddStarred">Προσθήκη στα αγαπημένα</string>
  <string name="noContactHelpTextAddMember">Προσθήκη στην ομάδα</string>
</resources>
