<?xml version="1.0" encoding="utf-8"?>
<!--Generated by crowdin.net-->
<resources>
  <string name="app_name">Ραδιόφωνο FM</string>
  <string name="tx_app_name">Πομπός FM</string>
  <string name="preset_delete">Διαγραφή</string>
  <string name="stat_notif_frequency">Ραδιόφωνο FM %1$s MHz</string>
  <string name="sel_band_menu">Επιλογή τοπικής μπάντας</string>
  <string name="settings_menu">Ρυθμίσεις</string>
  <string name="regional_band">Τοπική μπάντα</string>
  <string name="aud_output_mode">Λειτουργία Εξόδου Ήχου</string>
  <string name="sel_audio_output">Επιλογή Εξόδου Ήχου</string>
  <string name="record_dur">Διάρκεια εγγραφής</string>
  <string name="sel_rec_dur">Επιλογή Διάρκειας Εγγραφής</string>
  <string name="auto_select_af">Εναλλακτική συχνότητα</string>
  <string name="auto_select_af_enabled">Η Αυτόματη Επιλογή Ενεργοποιήθηκε</string>
  <string name="auto_select_af_disabled">Η Αυτόματη Επιλογή Απενεργοποιήθηκε</string>
  <string name="fac_defaults">Επαναφορά προεπιλεγμένων ρυθμίσεων</string>
  <string name="revert_to_fac">Επαναφορά προεπιλεγμένων ρυθμίσεων</string>
  <string name="settings_back">Πίσω</string>
  <string name="settings_revert_confirm_title">Επιβεβαίωση Επαναφοράς Ρυθμίσεων</string>
  <string name="settings_revert_confirm_msg">Αυτό θα διαγράψει όλες τις ρυθμίσεις, συμπεριλαμβανομένων των προκαθορισμένων σταθμών</string>
  <string name="settings_back_summary">Επιστροφή στην προηγούμενη οθόνη</string>
  <string name="settings_revert_defaults_title">Επαναφορά στις Εργοστασιακές Ρυθμίσεις</string>
  <string name="settings_revert_defaults_summary">Επαναφορά όλων των ρυθμίσεων</string>
  <string name="alert_dialog_ok">Επιβεβαίωση</string>
  <string name="alert_dialog_cancel">Ακύρωση</string>
  <string name="preset_search">Αναζήτηση %1$s</string>
  <string name="fm_command_failed_title">Απέτυχε η λειτουργία FM.</string>
  <string name="fm_cmd_failed_msg">Σφάλμα. Οι πιθανές αιτίες είναι: δεν έχετε συνδέσει τα ακουστικά ως κεραία, δεν ενεργοποιήσατε το Bluetooth, το τηλέφωνο βρίσκεται σε κλήση, ή το ραδιόφωνο έχει κλείσει. Ελέγξτε τα παραπάνω και προσπαθήστε ξανά.</string>
  <string name="durationformat">%2$d:%5$02d</string>
  <string name="frequency_string">MHz</string>
  <string name="stat_no_fm">Το ραδιόφωνο FM δεν είναι ενεργοποιημένο</string>
  <string name="need_headset_for_antenna">Παρακαλώ συνδέστε τα ακουστικά που λειτουργούν ως κεραία.</string>
  <string name="init_FM">Ενεργοποίηση Βluetooth για την εκκίνηση του κυκλώματος ραδιοφώνου. Παρακαλώ περιμένετε...</string>
  <string name="need_bluetooth">Παρακαλώ ενεργοποιήστε το Βluetooth.</string>
</resources>
