<?xml version="1.0" encoding="utf-8"?>
<!--Generated by crowdin.net-->
<resources>
  <string name="cancel">Άκυρο</string>
  <string name="copy">Αντιγραφή</string>
  <string name="copyUrl">Αντιγραφή URL</string>
  <string name="cut">Αποκοπή</string>
  <string name="defaultVoiceMailAlphaTag">Τηλεφωνητής</string>
  <string name="defaultMsisdnAlphaTag">MSISDN1</string>
  <string name="emptyPhoneNumber">(Δεν υπάρχει αριθμός τηλεφώνου)</string>
  <string name="httpErrorBadUrl">Δεν ήταν δυνατό το άνοιγμα της σελίδας επειδή η διεύθυνση URL δεν είναι έγκυρη.</string>
  <string name="httpErrorUnsupportedScheme">Το πρωτόκολλο δεν υποστηρίζεται.</string>
  <string name="no">Άκυρο</string>
  <string name="ok">Εντάξει</string>
  <string name="paste">Επικόλληση</string>
  <string name="search_go">Αναζήτηση</string>
  <string name="selectAll">Επιλογή όλων</string>
  <string name="unknownName">(Άγνωστο)</string>
  <string name="untitled"><χωρίς τίτλο></string>
  <string name="VideoView_error_button">Εντάξει</string>
  <string name="VideoView_error_text_unknown">Δυστυχώς, αυτό το βίντεο δεν μπορεί να αναπαραχθεί.</string>
  <string name="VideoView_error_title">Αδυναμία αναπαραγωγής βίντεο</string>
  <string name="yes">Εντάξει</string>
  <string name="dialog_alert_title">Προσοχή</string>
  <string name="VideoView_error_text_invalid_progressive_playback">Συγγνώμη, αυτό το βίντεο δεν είναι έγκυρο για streaming σε αυτήν τη συσκευή.</string>
  <string name="config_tether_apndata">config_tether_apndata</string>
  <string name="config_networkLocationProvider">com.google.android.location.NetworkLocationProvider</string>
  <string name="config_geocodeProvider">com.google.android.location.GeocodeProvider</string>
  <string name="config_datause_iface">rmnet0</string>
  <string name="month_long_standalone_january">Ιανουάριος</string>
  <string name="month_long_standalone_february">Φεβρουάριος</string>
  <string name="month_long_standalone_march">Μάρτιος</string>
  <string name="month_long_standalone_april">Απρίλιος</string>
  <string name="month_long_standalone_may">Μάιος</string>
  <string name="month_long_standalone_june">Ιούνιος</string>
  <string name="month_long_standalone_july">Ιούλιος</string>
  <string name="month_long_standalone_august">Αύγουστος</string>
  <string name="month_long_standalone_september">Σεπτέμβριος</string>
  <string name="month_long_standalone_october">Οκτώβριος</string>
  <string name="month_long_standalone_november">Νοέμβριος</string>
  <string name="month_long_standalone_december">Δεκέμβριος</string>
  <string name="month_long_january">Ιανουάριος</string>
  <string name="month_long_february">Φεβρουάριος</string>
  <string name="month_long_march">Μάρτιος</string>
  <string name="month_long_april">Απρίλιος</string>
  <string name="month_long_may">Μάιος</string>
  <string name="month_long_june">Ιούνιος</string>
  <string name="month_long_july">Ιούλιος</string>
  <string name="month_long_august">Αύγουστος</string>
  <string name="month_long_september">Σεπτέμβριος</string>
  <string name="month_long_october">Οκτώβριος</string>
  <string name="month_long_november">Νοέμβριος</string>
  <string name="month_long_december">Δεκέμβριος</string>
  <string name="month_medium_january">Ιαν</string>
  <string name="month_medium_february">Φεβ</string>
  <string name="month_medium_march">Μαρ</string>
  <string name="month_medium_april">Απρ</string>
  <string name="month_medium_may">Μάι</string>
  <string name="month_medium_june">Ιούν</string>
  <string name="month_medium_july">Ιούλ</string>
  <string name="month_medium_august">Αύγ</string>
  <string name="month_medium_september">Σεπ</string>
  <string name="month_medium_october">Οκτ</string>
  <string name="month_medium_november">Νοέ</string>
  <string name="month_medium_december">Δεκ</string>
  <string name="month_shortest_january">Ι</string>
  <string name="month_shortest_february">Φ</string>
  <string name="month_shortest_march">M</string>
  <string name="month_shortest_april">Α</string>
  <string name="month_shortest_may">M</string>
  <string name="month_shortest_june">Ι</string>
  <string name="month_shortest_july">Ι</string>
  <string name="month_shortest_august">A</string>
  <string name="month_shortest_september">Σ</string>
  <string name="month_shortest_october">O</string>
  <string name="month_shortest_november">N</string>
  <string name="month_shortest_december">Δ</string>
  <string name="day_of_week_long_sunday">Κυριακή</string>
  <string name="day_of_week_long_monday">Δευτέρα</string>
  <string name="day_of_week_long_tuesday">Τρίτη</string>
  <string name="day_of_week_long_wednesday">Τετάρτη</string>
  <string name="day_of_week_long_thursday">Πέμπτη</string>
  <string name="day_of_week_long_friday">Παρασκευή</string>
  <string name="day_of_week_long_saturday">Σάββατο</string>
  <string name="day_of_week_medium_sunday">Κυρ</string>
  <string name="day_of_week_medium_monday">Δευ</string>
  <string name="day_of_week_medium_tuesday">Τρι</string>
  <string name="day_of_week_medium_wednesday">Τετ</string>
  <string name="day_of_week_medium_thursday">Πέμ</string>
  <string name="day_of_week_medium_friday">Παρ</string>
  <string name="day_of_week_medium_saturday">Σαβ</string>
  <string name="day_of_week_short_sunday">Κυ</string>
  <string name="day_of_week_short_monday">Δε</string>
  <string name="day_of_week_short_tuesday">Τρ</string>
  <string name="day_of_week_short_wednesday">Τε</string>
  <string name="day_of_week_short_thursday">Πε</string>
  <string name="day_of_week_short_friday">Πα</string>
  <string name="day_of_week_short_saturday">Σα</string>
  <string name="day_of_week_shortest_sunday">Κ</string>
  <string name="day_of_week_shortest_monday">Δ</string>
  <string name="day_of_week_shortest_tuesday">Τ</string>
  <string name="day_of_week_shortest_wednesday">Τ</string>
  <string name="day_of_week_shortest_thursday">Π</string>
  <string name="day_of_week_shortest_friday">Π</string>
  <string name="day_of_week_shortest_saturday">Σ</string>
  <string name="am">πμ</string>
  <string name="pm">μμ</string>
  <string name="yesterday">Χθες</string>
  <string name="today">Σήμερα</string>
  <string name="tomorrow">Αύριο</string>
  <string name="hour_minute_24">%H:%M</string>
  <string name="hour_minute_ampm">%-l:%M%p</string>
  <string name="hour_minute_cap_ampm">%-l:%M%^p</string>
  <string name="twelve_hour_time_format">h:mm a</string>
  <string name="twenty_four_hour_time_format">HH:mm</string>
  <string name="numeric_date">%-m/%-e/%Y</string>
  <string name="numeric_date_format">M/d/yyyy</string>
  <string name="numeric_date_template">%s/%s/%s</string>
  <string name="month_day_year">%B %-e, %Y</string>
  <string name="time_of_day">%-l:%M:%S %p</string>
  <string name="date_and_time">%b %-e, %Y, %-l:%M:%S %p</string>
  <string name="date_time">%1$s, %2$s</string>
  <string name="time_date">%1$s, %3$s</string>
  <string name="abbrev_month_day_year">%b %-e, %Y</string>
  <string name="month_day">%B %-e</string>
  <string name="month">%-B</string>
  <string name="month_year">%B %Y</string>
  <string name="abbrev_month_day">%b %-e</string>
  <string name="abbrev_month">%-b</string>
  <string name="abbrev_month_year">%b %Y</string>
  <string name="time1_time2">%1$s – %2$s</string>
  <string name="date1_date2">%2$s – %5$s</string>
  <string name="numeric_md1_md2">%2$s/%3$s – %7$s/%8$s</string>
  <string name="numeric_wday1_md1_wday2_md2">%1$s, %2$s/%3$s – %6$s, %7$s/%8$s</string>
  <string name="numeric_mdy1_mdy2">%2$s/%3$s/%4$s – %7$s/%8$s/%9$s</string>
  <string name="numeric_wday1_mdy1_wday2_mdy2">%1$s, %2$s/%3$s/%4$s – %6$s, %7$s/%8$s/%9$s</string>
  <string name="numeric_wday1_mdy1_time1_wday2_mdy2_time2">%1$s, %2$s/%3$s/%4$s, %5$s – %6$s, %7$s/%8$s/%9$s, %10$s</string>
  <string name="numeric_md1_time1_md2_time2">%2$s/%3$s, %5$s – %7$s/%8$s, %10$s</string>
  <string name="numeric_wday1_md1_time1_wday2_md2_time2">%1$s, %2$s/%3$s, %5$s – %6$s, %7$s/%8$s, %10$s</string>
  <string name="numeric_mdy1_time1_mdy2_time2">%2$s/%3$s/%4$s, %5$s – %7$s/%8$s/%9$s, %10$s</string>
  <string name="wday1_date1_time1_wday2_date2_time2">%1$s, %2$s, %3$s – %4$s, %5$s, %6$s</string>
  <string name="wday1_date1_wday2_date2">%1$s, %2$s – %4$s, %5$s</string>
  <string name="date1_time1_date2_time2">%2$s, %3$s – %5$s, %6$s</string>
  <string name="time_wday_date">%1$s, %2$s, %3$s</string>
  <string name="wday_date">%2$s, %3$s</string>
  <string name="time_wday">%1$s, %2$s</string>
  <string name="same_year_md1_md2">%2$s %3$s – %7$s %8$s</string>
  <string name="same_year_wday1_md1_wday2_md2">%1$s, %2$s %3$s – %6$s, %7$s %8$s</string>
  <string name="same_year_md1_time1_md2_time2">%2$s %3$s, %5$s – %7$s %8$s, %10$s</string>
  <string name="same_month_md1_time1_md2_time2">%2$s %3$s, %5$s – %7$s %8$s, %10$s</string>
  <string name="same_year_wday1_md1_time1_wday2_md2_time2">%1$s, %2$s %3$s, %5$s – %6$s, %7$s %8$s, %10$s</string>
  <string name="same_month_wday1_md1_time1_wday2_md2_time2">%1$s, %2$s %3$s, %5$s – %6$s, %7$s %8$s, %10$s</string>
  <string name="same_year_mdy1_time1_mdy2_time2">%2$s %3$s, %4$s, %5$s – %7$s %8$s, %9$s, %10$s</string>
  <string name="same_month_mdy1_time1_mdy2_time2">%2$s %3$s, %4$s, %5$s – %7$s %8$s, %9$s, %10$s</string>
  <string name="same_year_wday1_mdy1_time1_wday2_mdy2_time2">%1$s, %2$s %3$s, %4$s, %5$s – %6$s, %7$s %8$s, %9$s, %10$s</string>
  <string name="same_month_wday1_mdy1_time1_wday2_mdy2_time2">%1$s, %2$s %3$s, %4$s, %5$s – %6$s, %7$s %8$s, %9$s, %10$s</string>
  <string name="same_month_wday1_mdy1_wday2_mdy2">%1$s, %2$s %3$s, %4$s – %6$s, %7$s %8$s, %9$s</string>
  <string name="same_month_md1_md2">%2$s %3$s – %8$s</string>
  <string name="same_month_wday1_md1_wday2_md2">%1$s, %2$s %3$s – %6$s, %7$s %8$s</string>
  <string name="same_year_mdy1_mdy2">%2$s %3$s – %7$s %8$s, %9$s</string>
  <string name="same_month_mdy1_mdy2">%2$s %3$s – %8$s, %9$s</string>
  <string name="same_year_wday1_mdy1_wday2_mdy2">%1$s, %2$s %3$s – %6$s, %7$s %8$s, %9$s</string>
  <string name="short_format_month">%b</string>
  <string name="full_wday_month_day_no_year">EEEE, MMMM d</string>
  <string name="abbrev_wday_month_day_year">EEE, MMM d, yyyy</string>
  <string name="common_name_prefixes">common_name_prefixes</string>
  <string name="common_name_suffixes">common_name_suffixes</string>
  <string name="common_last_name_prefixes">common_last_name_prefixes</string>
  <string name="common_name_conjunctions">common_name_conjunctions</string>
  <string name="default_text_encoding">Latin-1</string>
  <string name="lock_pattern_view_aspect">square</string>
  <string name="byteShort">B</string>
  <string name="kilobyteShort">KB</string>
  <string name="megabyteShort">MB</string>
  <string name="gigabyteShort">GB</string>
  <string name="terabyteShort">TB</string>
  <string name="petabyteShort">PB</string>
  <string name="fileSizeSuffix">%1$s%2$s</string>
  <string name="ellipsis">…</string>
  <string name="mmiError">Πρόβλημα σύνδεσης ή άκυρος κωδικός MMI.</string>
  <string name="serviceEnabled">Η υπηρεσία ενεργοποιήθηκε.</string>
  <string name="serviceEnabledFor">Η υπηρεσία ενεργοποιήθηκε για:</string>
  <string name="serviceDisabled">Η υπηρεσία έχει απενεργοποιηθεί.</string>
  <string name="serviceRegistered">Η καταχώρηση ήταν επιτυχής.</string>
  <string name="serviceErased">Η διαγραφή ήταν επιτυχής.</string>
  <string name="passwordIncorrect">Εσφαλμένος κωδικός.</string>
  <string name="mmiComplete">MMI complete.</string>
  <string name="badPin">Ο παλιός PIN που πληκτρολογήσατε δεν είναι σωστός.</string>
  <string name="badPuk">Ο κωδικός PUK που πληκτρολογήσατε δεν είναι σωστός.</string>
  <string name="mismatchPin">Οι αριθμοί PIN που δώσατε δεν ταιριάζουν.</string>
  <string name="invalidPin">Πληκτρολογήστε έναν κωδικό PIN που είναι απο 4 μέχρι 8 αριθμούς.</string>
  <string name="needPuk">Η κάρτα SIM είναι PUK-κλειδωμένη. Πληκτρολογήστε τον κωδικό PUK για να ξεκλειδώσετε.</string>
  <string name="needPuk2">Πληκτρολογήστε τον κωδικό PUK2 για να ξεμπλοκάρετε την κάρτα SIM.</string>
  <string name="ClipMmi">Ταυτότητα καλούντος</string>
  <string name="ClirMmi">Ταυτότητα καλούμεμου</string>
  <string name="CfMmi">Προώθηση κλήσεων</string>
  <string name="CwMmi">Αναμονή κλήσεων</string>
  <string name="BaMmi">Φραγή κλήσεων</string>
  <string name="PwdMmi">Αλλαγή κωδικού πρόσβασης</string>
  <string name="PinMmi">Αλλαγή PIN</string>
  <string name="CnipMmi">Calling number present</string>
  <string name="CnirMmi">Calling number restricted</string>
  <string name="ThreeWCMmi">Three way calling</string>
  <string name="RuacMmi">Απόρριψη των ανεπιθύμητων ενοχλητικών κλήσεων</string>
  <string name="CndMmi">Κλήση αριθμού παράδοσης</string>
  <string name="DndMmi">Μην ενοχλείτε</string>
  <string name="CLIRDefaultOnNextCallOn">Caller ID defaults to restricted. Next call: Restricted</string>
  <string name="CLIRDefaultOnNextCallOff">Caller ID defaults to restricted. Next call: Not restricted</string>
  <string name="CLIRDefaultOffNextCallOn">Caller ID defaults to not restricted. Next call: Restricted</string>
  <string name="CLIRDefaultOffNextCallOff">Caller ID defaults to not restricted. Next call: Not restricted</string>
  <string name="serviceNotProvisioned">Η υπηρεσία δεν τροφοδοτείται.</string>
  <string name="CLIRPermanent">Η ρύθμιση αναγνώριση καλούντος δεν μπορεί να αλλάξει.</string>
  <string name="RestrictedChangedTitle">Περιορισμένη πρόσβαση άλλαξε</string>
  <string name="RestrictedOnData">Η υπηρεσία δεδομένων είναι αποκλεισμένη.</string>
  <string name="RestrictedOnEmergency">Η υπηρεσία έκτακτης ανάγκης είναι αποκλεισμένη.</string>
  <string name="RestrictedOnNormal">Η υπηρεσία φωνής είναι αποκλεισμένη.</string>
  <string name="RestrictedOnAllVoice">Όλες οι υπηρεσίες φωνής είναι μπλοκαρισμένες.</string>
  <string name="RestrictedOnSms">Η υπηρεσία SMS είναι αποκλεισμένη.</string>
  <string name="RestrictedOnVoiceData">Oi υπηρεσίες Φωνής/Δεδομένων είναι μπλοκαρισμένες.</string>
  <string name="RestrictedOnVoiceSms">Οι υπηρεσίες Φωνής/SMS είναι αποκλεισμένες.</string>
  <string name="RestrictedOnAll">Όλες οι υπηρεσίες Φωνής/Δεδομένων/SMS είναι αποκλεισμένες.</string>
  <string name="serviceClassVoice">Φωνή</string>
  <string name="serviceClassData">Δεδομένα</string>
  <string name="serviceClassFAX">Φαξ</string>
  <string name="serviceClassSMS">SMS</string>
  <string name="serviceClassDataAsync">Async</string>
  <string name="serviceClassDataSync">Συγχρονισμός</string>
  <string name="serviceClassPacket">Πακέτο</string>
  <string name="serviceClassPAD">PAD</string>
  <string name="roamingText0">Δείκτης περιαγωγής ενεργός</string>
  <string name="roamingText1">Δείκτης περιαγωγής ανενεργός</string>
  <string name="roamingText2">Roaming Indicator Flashing</string>
  <string name="roamingText3">Εκτός γειτονιάς</string>
  <string name="roamingText4">Εκτός κτιρίου</string>
  <string name="roamingText5">Προτειμώμενο σύστημα περιαγωγής</string>
  <string name="roamingText6">Περιαγωγή - Διαθέσιμο Σύστημα</string>
  <string name="roamingText7">Περιαγωγή - Μέλος συμμαχίας</string>
  <string name="roamingText8">Περιαγωγή - Εταίρος Premium</string>
  <string name="roamingText9">Περιαγωγή - Πλήρης λειτουργικότητα Υπηρεσίας</string>
  <string name="roamingText10">Περιαγωγή - Μερική λειτουργικότητα των υπηρεσιών</string>
  <string name="roamingText11">Roaming Banner On</string>
  <string name="roamingText12">Roaming Banner Off</string>
  <string name="roamingTextSearching">Αναζήτηση για υπηρεσία</string>
  <string name="cfTemplateNotForwarded">{0}: Δεν προωθήθηκε</string>
  <string name="cfTemplateForwarded">{0}: {1}</string>
  <string name="cfTemplateForwardedTime">{0}: {1} μετά από {2} δευτερόλεπτα</string>
  <string name="cfTemplateRegistered">{0}: Δεν προωθήθηκε</string>
  <string name="cfTemplateRegisteredTime">{0}: Δεν προωθήθηκε</string>
  <string name="fcComplete">Feature code complete.</string>
  <string name="fcError">Πρόβλημα σύνδεσης ή άκυρο κωδικό χαρακτηριστικό.</string>
  <string name="httpErrorOk">Εντάξει</string>
  <string name="httpError">Η ιστοσελίδα περιέχει ένα λάθος.</string>
  <string name="httpErrorLookup">Δεν ήταν δυνατή η εύρεση της διεύθυνσης URL.</string>
  <string name="httpErrorUnsupportedAuthScheme">Το καθεστώς ελέγχου ταυτότητας ιστοσελίδας δεν υποστηρίζεται.</string>
  <string name="httpErrorAuth">Ο έλεγχος ταυτότητας ήταν ανεπιτυχής.</string>
  <string name="httpErrorProxyAuth">Ο έλεγχος ταυτότητας μέσω του διακομιστή μεσολάβησης απέτυχε.</string>
  <string name="httpErrorConnect">Η σύνδεση με το διακομιστή απέτυχε.</string>
  <string name="httpErrorIO">Ο διακομιστής απέτυχε να επικοινωνήσει. Προσπαθήστε ξανά αργότερα.</string>
  <string name="httpErrorTimeout">Η σύνδεση με το διακομιστή έληξε.</string>
  <string name="httpErrorRedirectLoop">Η σελίδα περιέχει πάρα πολλές ανακατευθύνσεις.</string>
  <string name="httpErrorFailedSslHandshake">Μια ασφαλής σύνδεση δεν θα μπόρεσε να επιτευχθεί.</string>
  <string name="httpErrorFile">Το αρχείο δεν μπορεί να προσπελαστεί.</string>
  <string name="httpErrorFileNotFound">Το αρχείο που ζητήθηκε δεν βρέθηκε.</string>
  <string name="httpErrorTooManyRequests">Υφίστανται σε επεξεργασία πάρα πολλές αιτήσεις. Προσπαθήστε ξανά αργότερα.</string>
  <string name="notification_title">Σφάλμα εισόδου για %1$s</string>
  <string name="contentServiceSync">Συγχρονισμός</string>
  <string name="contentServiceSyncNotificationTitle">Συγχρονισμός</string>
  <string name="contentServiceTooManyDeletesNotificationDesc">Πάρα πολλές %s διαγραφές.</string>
  <string name="low_memory">Η μνήμη του τηλεφώνου είναι πλήρης! Διαγράψτε μερικά αρχεία για να ελευθερώσετε χώρο.</string>
  <string name="me">Εγώ</string>
  <string name="power_dialog">Επιλογές τηλεφώνου</string>
  <string name="silent_mode">Σιωπηλό</string>
  <string name="turn_on_radio">Ενεργοποίηση ασύρματου</string>
  <string name="turn_off_radio">Απενεργοποίηση ασύρματου</string>
  <string name="screen_lock">Κλείδωμα οθόνης</string>
  <string name="power_off">Τερματισμός</string>
  <string name="shutdown_progress">Τερματισμός λειτουργίας...</string>
  <string name="shutdown_confirm">Το τηλέφωνό σας θα κλείσει.</string>
  <string name="recent_tasks_title">Πρόσφατο</string>
  <string name="no_recent_tasks">Δεν υπάρχουν πρόσφατες εφαρμογές.</string>
  <string name="global_actions">Επιλογές τηλεφώνου</string>
  <string name="global_action_lock">Κλείδωμα οθόνης</string>
  <string name="global_action_power_off">Απενεργοποίηση</string>
  <string name="global_action_toggle_silent_mode">Σιωπηλό</string>
  <string name="global_action_silent_mode_on_status">Ο ήχος είναι κλειστός</string>
  <string name="global_action_silent_mode_off_status">Ο ήχος είναι ενεργοποιημένος</string>
  <string name="global_actions_toggle_airplane_mode">Λειτουργία πτήσης</string>
  <string name="global_actions_airplane_mode_on_status">Η λειτουργία πτήσης είναι ενεργοποιημένη</string>
  <string name="global_actions_airplane_mode_off_status">Η λειτουργία πτήσης είναι απενεργοποιημένη</string>
  <string name="safeMode">Ασφαλής λειτουργία</string>
  <string name="android_system_label">Android System</string>
  <string name="permgrouplab_costMoney">Υπηρεσίες που κοστίζουν χρήματα</string>
  <string name="permgroupdesc_costMoney">Επιτρέπει σε εφαρμογές να κάνουν πράγματα που μπορεί να σας κοστίσουν χρήματα.</string>
  <string name="permgrouplab_messages">Τα μηνύματά σας</string>
  <string name="permgroupdesc_messages">Ανάγνωση και εγγραφή SMS, ηλεκτρονικού ταχυδρομείου και άλλων.</string>
  <string name="permgrouplab_personalInfo">Τα προσωπικά σας στοιχεία</string>
  <string name="permgroupdesc_personalInfo">Άμεση πρόσβαση στις επαφές και το ημερολόγιο που έχετε αποθηκεύσει στο τηλέφωνο.</string>
  <string name="permgrouplab_location">Η τοποθεσία σας</string>
  <string name="permgroupdesc_location">Παρακολουθήστε τη φυσική θέση σας</string>
  <string name="permgrouplab_network">Επικοινωνία δικτύου</string>
  <string name="permgroupdesc_network">Επιτρέπει σε εφαρμογές να αποκτούν πρόσβαση σε διάφορες λειτουργίες δικτύου.</string>
  <string name="permgrouplab_accounts">Οι λογαριασμοί σας</string>
  <string name="permgroupdesc_accounts">Πρόσβαση στους διαθέσιμους λογαριασμούς.</string>
  <string name="permgrouplab_hardwareControls">Στοιχεία ελέγχου του υλικού</string>
  <string name="permgroupdesc_hardwareControls">Άμεση πρόσβαση στο υλικό της συσκευής.</string>
  <string name="permgrouplab_phoneCalls">Τηλεφωνήματα</string>
  <string name="permgroupdesc_phoneCalls">Παρακολούθηση, καταγραφή και επεξεργασία τηλεφωνικών κλήσεων.</string>
  <string name="permgrouplab_systemTools">Εργαλεία συστήματος</string>
  <string name="permgroupdesc_systemTools">Χαμηλότερο επίπεδο πρόσβασης και έλεγχος του συστήματος.</string>
  <string name="permgrouplab_developmentTools">Εργαλεία ανάπτυξης</string>
  <string name="permgroupdesc_developmentTools">Χαρακτηριστικά μόνο που χρειάζονται για προγραμματιστές εφαρμογών.</string>
  <string name="permgrouplab_storage">Αποθηκευτικός χώρος</string>
  <string name="permgroupdesc_storage">Ππρόσβαση στην κάρτα SD.</string>
  <string name="permlab_statusBar">Απενεργοποιήστε ή τροποποιήστε γραμμή κατάστασης</string>
  <string name="permdesc_statusBar">Επιτρέπει στην εφαρμογή να απενεργοποιήσετε τη γραμμή κατάστασης ή να προσθέσετε και να καταργήσετε εικονίδια συστήματος.</string>
  <string name="permlab_expandStatusBar">ανάπτυξη/σύμπτυξη γραμμής κατάστασης</string>
  <string name="permdesc_expandStatusBar">Επιτρέπει σε μια εφαρμογή για να αναπτύξει ή να συμπτύξει τη γραμμή κατάστασης.</string>
  <string name="permlab_processOutgoingCalls">παρεμβολή στις εξερχόμενες κλήσεις</string>
  <string name="permdesc_processOutgoingCalls">Επιτρέπει σε μια εφαρμογή την επεξεργασία των εξερχόμενων κλήσεων και την αλλαγή του αριθμού που καλέσατε. Κακόβουλες εφαρμογές μπορεί να παρακολουθούν, να κατευθύνουν ή να εμποδίσουν τις εξερχόμενες κλήσεις.</string>
  <string name="permlab_receiveSms">λήψη SMS</string>
  <string name="permdesc_receiveSms">Επιτρέπει σε μια εφαρμογή για να λαμβάνει και να επεξεργάζεται τα μηνύματα SMS. Κακόβουλες εφαρμογές μπορούν να παρακολουθούν τα μηνύματά σας ή να τα διαγράψουν χωρίς να σας ειδοποιούν.</string>
  <string name="permlab_receiveMms">λήψη MMS</string>
  <string name="permdesc_receiveMms">Επιτρέπει σε μια εφαρμογή για να λαμβάνει και να επεξεργάζεται τα μηνύματα SMS Κακόβουλες εφαρμογές μπορούν να παρακολουθούν τα μηνύματά σας ή να τα διαγράψουν χωρίς να σας ειδοποιούν.</string>
  <string name="permlab_sendSms">αποστολή μηνυμάτων SMS</string>
  <string name="permdesc_sendSms">Επιτρέπει σε μια εφαρμογή την αποστολή μηνυμάτων SMS. Κακόβουλες εφαρμογές μπορεί να σας κοστίσουν χρήματα με την αποστολή μηνυμάτων χωρίς την επιβεβαίωσή σας.</string>
  <string name="permlab_readSms">ανάγνωση SMS ή MMS</string>
  <string name="permdesc_readSms">Επιτρέπει σε εφαρμογή την ανάγνωση μηνυμάτων SMS αποθηκευμένα στο τηλέφωνό σας ή στην κάρτα SIM. Κακόβουλες εφαρμογές μπορούν να διαβάσουν προσωπικά μηνύματά σας.</string>
  <string name="permlab_writeSms">επεξεργασία SMS ή MMS</string>
  <string name="permdesc_writeSms">Επιτρέπει σε μια εφαρμογή να γράψει σε μηνύματα SMS αποθηκευμένα στο τηλέφωνό σας ή στην κάρτα SIM. Κακόβουλες εφαρμογές ενδέχεται να διαγράψουν τα μηνύματά σας.</string>
  <string name="permlab_receiveWapPush">λήψη WAP</string>
  <string name="permdesc_receiveWapPush">Επιτρέπει σε μια εφαρμογή για να λαμβάνει και να επεξεργάζεται τα μηνύματα wap. Κακόβουλες εφαρμογές μπορούν να παρακολουθούν τα μηνύματά σας ή να τα διαγράψουν χωρίς να σας ειδοποιούν.</string>
  <string name="permlab_getTasks">ανάκτηση εφαρμογών που εκτελούνται</string>
  <string name="permdesc_getTasks">Επιτρέπει σε μια εφαρμογή να ανακτήσει πληροφορίες σχετικά με τρέχουσες και πρόσφατες εργασίες. Μπορούν να επιτρέψουν σε κακόβουλες εφαρμογές να ανακαλύψουν ιδιωτικές πληροφορίες σχετικά με άλλες εφαρμογές.</string>
  <string name="permlab_reorderTasks">αναδιάταξη των εφαρμογών που εκτελούνται</string>
  <string name="permdesc_reorderTasks">Επιτρέπει σε μια εφαρμογή για να μεταφέρετε τα καθήκοντα στο προσκήνιο και στο παρασκήνιο. Κακόβουλες εφαρμογές μπορούν να έρθουν στο προσκήνιο χωρίς τον έλεγχό σας.</string>
  <string name="permlab_setDebugApp">Ενεργοποίηση εντοπισμού σφαλμάτων εφαρμογών</string>
  <string name="permdesc_setDebugApp">Επιτρέπει σε μια εφαρμογή να ενεργοποιήσει τον εντοπισμό σφαλμάτων για μια άλλη εφαρμογή. Κακόβουλες εφαρμογές μπορούν να το χρησιμοποιήσουν για να κλείσουν άλλες εφαρμογές.</string>
  <string name="permlab_changeConfiguration">Αλλάξτε τις ρυθμίσεις του περιβάλλοντος εργασίας Χρήστη</string>
  <string name="permdesc_changeConfiguration">Επιτρέπει σε μια εφαρμογή να αλλάξει τις τρέχουσες ρυθμίσεις όπως είναι η γλώσσα ή το μέγεθος της γραμματοσειράς.</string>
  <string name="permlab_enableCarMode">ενεργοποιήστε τη λειτουργία αυτοκινήτου</string>
  <string name="permdesc_enableCarMode">Επιτρέπει σε μια εφαρμογή να ενεργοποιήσει τη λειτουργία αυτοκινήτου.</string>
  <string name="permlab_killBackgroundProcesses">τερματισμός διεργασιών παρασκηνίου</string>
  <string name="permdesc_killBackgroundProcesses">Επιτρέπει σε μια εφαρμογή να σταματήσει διαδικασίες προσκηνίου άλλων εφαρμογών ακόμα και αν η μνήμη δεν είναι χαμηλά.</string>
  <string name="permlab_forceStopPackages">αναγκαστικό κλείσιμο άλλων εφαρμογών</string>
  <string name="permdesc_forceStopPackages">Επιτρέπει σε μια εφαρμογή για να σταματήσει αναγκαστικά άλλες εφαρμογές.</string>
  <string name="permlab_forceBack">αναγκαστικό κλείσιμο</string>
  <string name="permdesc_forceBack">Επιτρέπει σε μια εφαρμογή για να αναγκάσει οποιαδήποτε δραστηριότητα που είναι στο προσκήνιο να κλείσει και να πάει πίσω. Δεν είναι απαραίτητο για κανονικές εφαρμογές.</string>
  <string name="permlab_dump">ανάκτηση της εσωτερικής κατάστασης συστήματος</string>
  <string name="permdesc_dump">Επιτρέπει στην εφαρμογή να ανακτήσει την εσωτερική κατάσταση του συστήματος. Κακόβουλες εφαρμογές μπορεί να ανακτήσουν μια μεγάλη ποικιλία απο απόρρηες και ασφαλείς πληροφορίες που κανονικά δε χρειάζονται.</string>
  <string name="permlab_shutdown">μερικός τερματισμός</string>
  <string name="permdesc_shutdown">Τοποθετεί το διαχειριστή δραστηριότητας σε κατάσταση τερματισμού λειτουργίας. Δεν εκτελεί πλήρη τερματισμό λειτουργίας.</string>
  <string name="permlab_stopAppSwitches">prevent app switches</string>
  <string name="permdesc_stopAppSwitches">Εμποδίζει το χρήστη να μεταβεί σε άλλη εφαρμογή.</string>
  <string name="permlab_runSetActivityWatcher">παρακολουθεί και ελέγχει όλες τις εκκινήσεις εφαρμογών</string>
  <string name="permdesc_runSetActivityWatcher">Επιτρέπει σε μια εφαρμογή να παρακολουθεί και να ελέγχει τον τρόπο που το σύστημα εκκινεί δραστηριότητες. Κακόβουλες εφαρμογές μπορεί να θέσουν σε κίνδυνο το σύστημα. Το δικαίωμα αυτό απαιτείται μόνο για την ανάπτυξη, ποτέ για κανονική χρήση.</string>
  <string name="permlab_broadcastPackageRemoved">send package removed broadcast</string>
  <string name="permdesc_broadcastPackageRemoved">Επιτρέπει σε μια εφαρμογή να μεταδώσει μια ειδοποίηση ότι ένα πακέτο αίτησης έχει αφαιρεθεί. Κακόβουλες εφαρμογές μπορούν να χρησιμοποιήσουν αυτό για να κλείσουν οποιαδήποτε άλλη εφαρμογή που τρέχει.</string>
  <string name="permlab_broadcastSmsReceived">send SMS-received broadcast</string>
  <string name="permdesc_broadcastSmsReceived">Επιτρέπει σε μια εφαρμογή να μεταδώσει μια ειδοποίηση ότι ένα μήνυμα SMS έχει παραληφθεί. Κακόβουλες εφαρμογές μπορούν να το χρησιμοποιήσουν για να δημιουργήσουν  εισερχόμενα μηνύματα SMS.</string>
  <string name="permlab_broadcastWapPush">send WAP-PUSH-received broadcast</string>
  <string name="permdesc_broadcastWapPush">Allows an application to broadcast a notification that a WAP PUSH message has been received. Malicious applications may use this to forge MMS message receipt or to silently replace the content of any web page with malicious variants.</string>
  <string name="permlab_setProcessLimit">όριο διεργασιών που εκτελούνται</string>
  <string name="permdesc_setProcessLimit">Επιτρέπει σε μια εφαρμογή να ελέγξει το μέγιστο αριθμό διεργασιών που θα εκτελεστούν. Ποτέ δεν απαιτείται για κανονικές εφαρμογές.</string>
  <string name="permlab_setAlwaysFinish">κλείνει όλες τις εφαρμογές στο παρασκήνιο</string>
  <string name="permdesc_setAlwaysFinish">Επιτρέπει σε μια εφαρμογή να ελέγχει κατά πόσον οι δραστηριότητες είναι πάντα ολοκληρωμένες μόλις πάνε στο παρασκήνιο. Ποτέ δεν απαιτείται για τις κανονικές εφαρμογές.</string>
  <string name="permlab_batteryStats">τροποποίηση στατιστικών μπαταρίας</string>
  <string name="permdesc_batteryStats">Επιτρέπει την τροποποίηση των συλλεγομένων στατιστικών στοιχείων της μπαταρίας. Δεν προορίζεται για χρήση από κανονικές εφαρμογές.</string>
  <string name="permlab_backup">έλεγχος αντιγράφων και επαναφοράς</string>
  <string name="permdesc_backup">Επιτρέπει στην εφαρμογή να ελέγξει το σύστημα αντιγράφων ασφαλείας και επαναφοράς. Δεν προορίζεται για χρήση από κανονικές εφαρμογές.</string>
  <string name="permlab_internalSystemWindow">Εμφάνιση μη εξουσιοδοτημένων παραθύρων</string>
  <string name="permdesc_internalSystemWindow">Επιτρέπει τη δημιουργία παραθύρων που προορίζονται να χρησιμοποιηθούν από την εσωτερική διεπαφή χρήστη του συστήματος. Δεν προορίζεται για χρήση από τις κανονικές εφαρμογές.</string>
  <string name="permlab_systemAlertWindow">display system-level alerts</string>
  <string name="permdesc_systemAlertWindow">Επιτρέπει σε μια εφαρμογή να εμφανίσει παράθυρα συναγερμού συστήματος. Κακόβουλες εφαρμογές μπορούν να αναλάβουν ολόκληρη την οθόνη του τηλεφώνου.</string>
  <string name="permlab_setAnimationScale">τροποποίηση γενικής ταχύτητας κίνησης</string>
  <string name="permdesc_setAnimationScale">Επιτρέπει σε μια εφαρμογή για να αλλάξει την γενική ταχύτητα κίνησης (γρήγορα ή πιο αργά κινούμενα σχέδια) ανά πάσα στιγμή.</string>
  <string name="permlab_manageAppTokens">manage application tokens</string>
  <string name="permdesc_manageAppTokens">Allows applications to create and manage their own tokens, bypassing their normal Z-ordering. Should never be needed for normal applications.</string>
  <string name="permlab_injectEvents">press keys and control buttons</string>
  <string name="permdesc_injectEvents">Allows an application to deliver its own input events (key presses, etc.) to other applications. Malicious applications can use this to take over the phone.</string>
  <string name="permlab_readInputState">καταγράφει τι πληκτρολογείτε και τις ενέργειες που πέρνετε</string>
  <string name="permdesc_readInputState">Επιτρέπει στις εφαρμογές να παρακολουθούν τα πλήκτρα που πατάτε ακόμη και όταν αλληλεπιδρούν με κάποια άλλη εφαρμογή (όπως η εισαγωγή ενός κωδικού πρόσβασης). Δεν είναι απαραίτητο για τις κανονικές εφαρμογές.</string>
  <string name="permlab_bindInputMethod">σύνδεση με μια μέθοδο εισόδου</string>
  <string name="permdesc_bindInputMethod">Επιτρέπει στον κάτοχό να συνδεθεί με το top-level interface μιας μεθόδου εισόδου. Δεν είναι απαραίτητο για τις κανονικές εφαρμογές.</string>
  <string name="permlab_bindWallpaper">σύνδεση με μια ταπετσαρία</string>
  <string name="permdesc_bindWallpaper">Allows the holder to bind to the top-level interface of a wallpaper. Should never be needed for normal applications.</string>
  <string name="permlab_bindDeviceAdmin">interact with a device admin</string>
  <string name="permdesc_bindDeviceAdmin">Allows the holder to send intents to a device administrator. Should never be needed for normal applications.</string>
  <string name="permlab_setOrientation">αλλαγή του προσανατολισμόυ της οθόνης</string>
  <string name="permdesc_setOrientation">Επιτρέπει σε μια εφαρμογή να αλλάξει την περιστροφή της οθόνης σε οποιαδήποτε στιγμή. Δεν είναι απαραίτητο για τις κανονικές εφαρμογές.</string>
  <string name="permlab_signalPersistentProcesses">αποστολή σημάτων Linux σε εφαρμογές</string>
  <string name="permdesc_signalPersistentProcesses">Allows application to request that the supplied signal be sent to all persistent processes.</string>
  <string name="permlab_persistentActivity">κάνετε μια εφαρμογή να εκτελείται πάντα</string>
  <string name="permdesc_persistentActivity">Επιτρέπει σε μια εφαρμογή για να κάνει τα μέρη της ίδιας ανθεκτικά έτσι ώστε το σύστημα να μη  μπορεί να τα χρησιμοποιήσει για άλλες εφαρμογές.</string>
  <string name="permlab_deletePackages">διαγραφή εφαρμογών</string>
  <string name="permdesc_deletePackages">Επιτρέπει σε μια εφαρμογή για να διαγράψει πακέτα. Κακόβουλες εφαρμογές μπορούν να χρησιμοποιήσουν αυτό για να διαγράψουν σημαντικές εφαρμογές.</string>
  <string name="permlab_clearAppUserData">διαγραφή δεδομένων άλλων εφαρμογών</string>
  <string name="permdesc_clearAppUserData">Επιτρέπει σε μια εφαρμογή για να καθαρίσει τα δεδομένα χρήστη.</string>
  <string name="permlab_deleteCacheFiles">διαγραφή προσωρινής μνήμης άλλων εφαρμογών</string>
  <string name="permdesc_deleteCacheFiles">Επιτρέπει σε μια εφαρμογή να διαγράψει αρχεία προσωρινής μνήμης.</string>
  <string name="permlab_getPackageSize">μέτρηση αποθηκευτικού χώρου εφαρμογής</string>
  <string name="permdesc_getPackageSize">Επιτρέπει σε μια εφαρμογή για να ανακτήσει  τον κωδικό, τα στοιχεία της και το μέγεθος της μνήμης cache</string>
  <string name="permlab_installPackages">άμεση εγκατάσταση εφαρμογών</string>
  <string name="permdesc_installPackages">Allows an application to install new or updated Android packages. Malicious applications can use this to add new applications with arbitrarily powerful permissions.</string>
  <string name="permlab_clearAppCache">διαγραφή όλων των δεδομένων cache</string>
  <string name="permdesc_clearAppCache">Allows an application to free phone storage by deleting files in application cache directory. Access is very restricted usually to system process.</string>
  <string name="permlab_movePackage">μετακίνηση πόρων εφαρμογής</string>
  <string name="permdesc_movePackage">Επιτρέπει σε μια εφαρμογή να μεταφέρει τους πόρους της από την εσωτερική μνήμη σε εξωτερικά μέσα και αντιστρόφως.</string>
  <string name="permlab_readLogs">ανάγνωση αρχείων καταγραφής του συστήματος</string>
  <string name="permdesc_readLogs">Επιτρέπει σε μια εφαρμογή να διαβάσει από το σύστημα διάφορα αρχεία καταγραφής. Αυτό επιτρέπει να ανακαλύψει γενικές πληροφορίες σχετικά με αυτό που κάνετε με το τηλέφωνο, αλλά δεν πρέπει να περιέχει προσωπικές ή εμπιστευτικές πληροφορίες.</string>
  <string name="permlab_diagnostic">ανάγνωση/εγγραφή πόρων που ανήκουν σε διαγνωστικό</string>
  <string name="permdesc_diagnostic">Allows an application to read and write to any resource owned by the diag group; for example, files in /dev. This could potentially affect system stability and security. This should be ONLY be used for hardware-specific diagnostics by the manufacturer or operator.</string>
  <string name="permlab_changeComponentState">ενεργοποίηση ή απενεργοποίηση στοιχείων εφαρμογής</string>
  <string name="permdesc_changeComponentState">Allows an application to change whether a component of another application is enabled or not. Malicious applications can use this to disable important phone capabilities. Care must be used with permission, as it is possible to get application components into an unusable, inconsistent, or unstable state.</string>
  <string name="permlab_setPreferredApplications">ορισμός προτιμώμενων εφαρμογών</string>
  <string name="permdesc_setPreferredApplications">Allows an application to modify your preferred applications. This can allow malicious applications to silently change the applications that are run, spoofing your existing applications to collect private data from you.</string>
  <string name="permlab_writeSettings">modify global system settings</string>
  <string name="permdesc_writeSettings">Allows an application to modify the system\'s settings data. Malicious applications can corrupt your system\'s configuration.</string>
  <string name="permlab_writeSecureSettings">modify secure system settings</string>
  <string name="permdesc_writeSecureSettings">Επιτρέπει σε μια εφαρμογή την τροποποίηση ρυθμίσεων ασφαλών δεδομένων συστήματος. Δεν προορίζεται για χρήση από τις κανονικές εφαρμογές.</string>
  <string name="permlab_writeGservices">τροποποιεί τις υπηρεσίες της Google map</string>
  <string name="permdesc_writeGservices">Allows an application to modify the Google services map. Not for use by normal applications.</string>
  <string name="permlab_receiveBootCompleted">αυτόματη εκκίνηση κατά την εκκίνηση</string>
  <string name="permdesc_receiveBootCompleted">Allows an application to have itself started as soon as the system has finished booting. This can make it take longer to start the phone and allow the application to slow down the overall phone by always running.</string>
  <string name="permlab_broadcastSticky">send sticky broadcast</string>
  <string name="permdesc_broadcastSticky">Allows an application to send sticky broadcasts, which remain after the broadcast ends. Malicious applications can make the phone slow or unstable by causing it to use too much memory.</string>
  <string name="permlab_readContacts">ανάγνωση δεδομένων επικοινωνίας</string>
  <string name="permdesc_readContacts">Allows an application to read all of the contact (address) data stored on your phone. Malicious applications can use this to send your data to other people.</string>
  <string name="permlab_writeContacts">εγγραφή δεδομένων επικοινωνίας</string>
  <string name="permdesc_writeContacts">Allows an application to modify the contact (address) data stored on your phone. Malicious applications can use this to erase or modify your contact data.</string>
  <string name="permlab_writeOwnerData">write owner data</string>
  <string name="permdesc_writeOwnerData">Allows an application to modify the phone owner data stored on your phone. Malicious applications can use this to erase or modify owner data.</string>
  <string name="permlab_readOwnerData">read owner data</string>
  <string name="permdesc_readOwnerData">Allows an application read the phone owner data stored on your phone. Malicious applications can use this to read phone owner data.</string>
  <string name="permlab_readCalendar">read calendar events</string>
  <string name="permdesc_readCalendar">Allows an application to read all of the calendar events stored on your phone. Malicious applications can use this to send your calendar events to other people.</string>
  <string name="permlab_writeCalendar">add or modify calendar events and send email to guests</string>
  <string name="permdesc_writeCalendar">Allows an application to add or change the events on your calendar, which may send email to guests. Malicious applications can use this to erase or modify your calendar events or to send email to guests.</string>
  <string name="permlab_accessMockLocation">mock location sources for testing</string>
  <string name="permdesc_accessMockLocation">Create mock location sources for testing. Malicious applications can use this to override the location and/or status returned by real location sources such as GPS or Network providers.</string>
  <string name="permlab_accessLocationExtraCommands">access extra location provider commands</string>
  <string name="permdesc_accessLocationExtraCommands">Access extra location provider commands. Malicious applications could use this to interfere with the operation of the GPS or other location sources.</string>
  <string name="permlab_installLocationProvider">permission to install a location provider</string>
  <string name="permdesc_installLocationProvider">Create mock location sources for testing. Malicious applications can use this to override the location and/or status returned by real location sources such as GPS or Network providers or monitor and report your location to an external source.</string>
  <string name="permlab_accessFineLocation">fine (GPS) location</string>
  <string name="permdesc_accessFineLocation">Access fine location sources such as the Global Positioning System on the phone, where available. Malicious applications can use this to determine where you are, and may consume additional battery power.</string>
  <string name="permlab_accessCoarseLocation">coarse (network-based) location</string>
  <string name="permdesc_accessCoarseLocation">Access coarse location sources such as the cellular network database to determine an approximate phone location, where available. Malicious applications can use this to determine approximately where you are.</string>
  <string name="permlab_accessSurfaceFlinger">access SurfaceFlinger</string>
  <string name="permdesc_accessSurfaceFlinger">Allows application to use SurfaceFlinger low-level features.</string>
  <string name="permlab_readFrameBuffer">read frame buffer</string>
  <string name="permdesc_readFrameBuffer">Allows application to read the content of the frame buffer.</string>
  <string name="permlab_modifyAudioSettings">change your audio settings</string>
  <string name="permdesc_modifyAudioSettings">Allows application to modify global audio settings such as volume and routing.</string>
  <string name="permlab_recordAudio">εγγραφή ήχου</string>
  <string name="permdesc_recordAudio">Allows application to access the audio record path.</string>
  <string name="permlab_camera">λήψη εικόνων</string>
  <string name="permdesc_camera">Allows application to take pictures with the camera. This allows the application at any time to collect images the camera is seeing.</string>
  <string name="permlab_brick">μόνιμη απενεργοποίηση του τηλεφώνου</string>
  <string name="permdesc_brick">Επιτρέπει την αίτηση για να απενεργοποιήσετε το σύνολο του τηλεφώνου μόνιμα. Αυτό είναι πολύ επικίνδυνο.</string>
  <string name="permlab_reboot">αναγκαστική επανεκκίνηση</string>
  <string name="permdesc_reboot">Επιτρέπει στην εφαρμογή για να αναγκάσει το τηλέφωνο να επανεκκινήσει.</string>
  <string name="permlab_mount_unmount_filesystems">mount and unmount filesystems</string>
  <string name="permdesc_mount_unmount_filesystems">Allows the application to mount and unmount filesystems for removable storage.</string>
  <string name="permlab_mount_format_filesystems">μορφοποίηση εξωτερικού χώρου αποθήκευσης</string>
  <string name="permdesc_mount_format_filesystems">Επιτρέπει στην εφαρμογή να μορφοποιεί αφαιρούμενα μέσα αποθήκευσης.</string>
  <string name="permlab_asec_access">λάβετε πληροφορίες σχετικά με την ασφαλή αποθήκευση</string>
  <string name="permdesc_asec_access">Επιτρέπει την εφαρμογή να πάρει για ασφαλή αποθήκευση.</string>
  <string name="permlab_asec_create">δημιουργία ασφαλούς αποθήκευσης</string>
  <string name="permdesc_asec_create">Επιτρέπει την εφαρμογή να δημιουργεί ασφαλή αποθήκευση.</string>
  <string name="permlab_asec_destroy">καταστροφή ασφαλούς αποθήκευσης</string>
  <string name="permdesc_asec_destroy">Επιτρέπει στην εφαρμογή να καταστρέψει την ασφαλή αποθήκευση.</string>
  <string name="permlab_asec_mount_unmount">mount / unmount secure storage</string>
  <string name="permdesc_asec_mount_unmount">Allows the application to mount / unmount secure storage.</string>
  <string name="permlab_asec_rename">μετονομασία ασφαλούς αποθήκευσης</string>
  <string name="permdesc_asec_rename">Allows the application to rename secure storage.</string>
  <string name="permlab_vibrate">έλεγχος δόνησης</string>
  <string name="permdesc_vibrate">Επιτρέπει στην εφαρμογή να ελέγχει την δόνηση.</string>
  <string name="permlab_flashlight">έλεγχος φακού</string>
  <string name="permdesc_flashlight">Επιτρέπει στην εφαρμογή να ελέγχει τον φακό.</string>
  <string name="permlab_hardware_test">test hardware</string>
  <string name="permdesc_hardware_test">Επιτρέπει στην εφαρμογή να ελέγχει διάφορα περιφερειακά για τους σκοπούς του υλικού δοκιμής.</string>
  <string name="permlab_callPhone">απευθείας κλήση αριθμών τηλεφώνου</string>
  <string name="permdesc_callPhone">Allows the application to call phone numbers without your intervention. Malicious applications may cause unexpected calls on your phone bill. Note that this does not allow the application to call emergency numbers.</string>
  <string name="permlab_callPrivileged">απευθείας κλήση κάθε αριθμού τηλεφώνου</string>
  <string name="permdesc_callPrivileged">Επιτρέπει στην εφαρμογή να καλέσει κάθε αριθμό τηλεφώνου, συμπεριλαμβανομένων των αριθμών έκτακτης ανάγκης, χωρίς την παρέμβασή σας. Κακόβουλες εφαρμογές μπορεί να τοποθετήσουν περιττές και παράνομες κλήσεις σε υπηρεσίες έκτακτης ανάγκης.</string>
  <string name="permlab_performCdmaProvisioning">directly start CDMA phone setup</string>
  <string name="permdesc_performCdmaProvisioning">Allows the application to start CDMA provisioning. Malicious applications may unnecessarily start CDMA provisioning</string>
  <string name="permlab_locationUpdates">control location update notifications</string>
  <string name="permdesc_locationUpdates">Allows enabling/disabling location update notifications from the radio. Not for use by normal applications.</string>
  <string name="permlab_checkinProperties">access checkin properties</string>
  <string name="permdesc_checkinProperties">Allows read/write access to properties uploaded by the checkin service. Not for use by normal applications.</string>
  <string name="permlab_bindGadget">choose widgets</string>
  <string name="permdesc_bindGadget">Allows the application to tell the system which widgets can be used by which application. With this permission, applications can give access to personal data to other applications. Not for use by normal applications.</string>
  <string name="permlab_modifyPhoneState">modify phone state</string>
  <string name="permdesc_modifyPhoneState">Allows the application to control the phone features of the device. An application with this permission can switch networks, turn the phone radio on and off and the like without ever notifying you.</string>
  <string name="permlab_readPhoneState">read phone state and identity</string>
  <string name="permdesc_readPhoneState">Allows the application to access the phone features of the device. An application with this permission can determine the phone number and serial number of this phone, whether a call is active, the number that call is connected to and the like.</string>
  <string name="permlab_wakeLock">prevent phone from sleeping</string>
  <string name="permdesc_wakeLock">Επιτρέπει σε μια εφαρμογή να αποτρέψει το τηλέφωνο από τον ύπνο.</string>
  <string name="permlab_devicePower">ενεργοποίηση ή απενεργοποίηση</string>
  <string name="permdesc_devicePower">Επιτρέπει στην εφαρμογή να ενεργοποιήσει το τηλέφωνο ή να το απενεργοποιήσει.</string>
  <string name="permlab_factoryTest">run in factory test mode</string>
  <string name="permdesc_factoryTest">Run as a low-level manufacturer test, allowing complete access to the phone hardware. Only available when a phone is running in manufacturer test mode.</string>
  <string name="permlab_setWallpaper">Ορισμός ταπετσαρίας</string>
  <string name="permdesc_setWallpaper">Επιτρέπει στην εφαρμογή να ρυθμίσει την ταπετσαρία του συστήματος.</string>
  <string name="permlab_setWallpaperHints">set wallpaper size hints</string>
  <string name="permdesc_setWallpaperHints">Allows the application to set the system wallpaper size hints.</string>
  <string name="permlab_masterClear">επαναφορά του συστήματος στις εργοστασιακές ρυθμίσεις</string>
  <string name="permdesc_masterClear">Επιτρέπει σε μια εφαρμογή για να επαναφέρετε πλήρως το σύστημα στις εργοστασιακές ρυθμίσεις του, διαγράφοντας όλα τα δεδομένα, τη διαμόρφωση, και τις εγκατεστημένες εφαρμογές.</string>
  <string name="permlab_setTime">Ορισμός ώρας</string>
  <string name="permdesc_setTime">Επιτρέπει σε μια εφαρμογή να αλλάξει την ώρα του τηλεφώνου.</string>
  <string name="permlab_setTimeZone">Ορισμός ζώνης ώρας</string>
  <string name="permdesc_setTimeZone">Allows an application to change the phone\'s time zone.</string>
  <string name="permlab_accountManagerService">act as the AccountManagerService</string>
  <string name="permdesc_accountManagerService">Allows an application to make calls to AccountAuthenticators</string>
  <string name="permlab_getAccounts">discover known accounts</string>
  <string name="permdesc_getAccounts">Allows an application to get the list of accounts known by the phone.</string>
  <string name="permlab_authenticateAccounts">act as an account authenticator</string>
  <string name="permdesc_authenticateAccounts">Allows an application to use the account authenticator capabilities of the AccountManager, including creating accounts and getting and setting their passwords.</string>
  <string name="permlab_manageAccounts">manage the accounts list</string>
  <string name="permdesc_manageAccounts">Allows an application to perform operations like adding, and removing accounts and deleting their password.</string>
  <string name="permlab_useCredentials">use the authentication credentials of an account</string>
  <string name="permdesc_useCredentials">Allows an application to request authentication tokens.</string>
  <string name="permlab_accessNetworkState">view network state</string>
  <string name="permdesc_accessNetworkState">Allows an application to view the state of all networks.</string>
  <string name="permlab_createNetworkSockets">πλήρης πρόσβαση στο Internet</string>
  <string name="permdesc_createNetworkSockets">Allows an application to create network sockets.</string>
  <string name="permlab_writeApnSettings">write Access Point Name settings</string>
  <string name="permdesc_writeApnSettings">Allows an application to modify the APN settings, such as Proxy and Port of any APN.</string>
  <string name="permlab_changeNetworkState">change network connectivity</string>
  <string name="permdesc_changeNetworkState">Allows an application to change the state of network connectivity.</string>
  <string name="permlab_changeTetherState">Change tethered connectivity</string>
  <string name="permdesc_changeTetherState">Allows an application to change the state of tethered network connectivity.</string>
  <string name="permlab_changeBackgroundDataSetting">change background data usage setting</string>
  <string name="permdesc_changeBackgroundDataSetting">Allows an application to change the background data usage setting.</string>
  <string name="permlab_accessWifiState">προβολή κατάστασης Wi-Fi</string>
  <string name="permdesc_accessWifiState">Επιτρέπει σε μια εφαρμογή  να δεί τις πληροφορίες σχετικά με την κατάσταση του Wi-Fi.</string>
  <string name="permlab_changeWifiState">αλλαγή κατάστασης Wi-Fi</string>
  <string name="permdesc_changeWifiState">Επιτρέπει σε μια εφαρμογή για να συνδεθείτε και να αποσυνδεθείτε από Wi-Fi σημεία πρόσβασης, και να προβεί σε αλλαγές στα δίκτυα Wi-Fi.</string>
  <string name="permlab_changeWifiMulticastState">allow Wi-Fi Multicast reception</string>
  <string name="permdesc_changeWifiMulticastState">Allows an application to receive packets not directly addressed to your device. This can be useful when discovering services offered near by. It uses more power than the non-multicast mode.</string>
  <string name="permlab_bluetoothAdmin">bluetooth administration</string>
  <string name="permdesc_bluetoothAdmin">Allows an application to configure the local Bluetooth phone, and to discover and pair with remote devices.</string>
  <string name="permlab_bluetooth">create Bluetooth connections</string>
  <string name="permdesc_bluetooth">Allows an application to view configuration of the local Bluetooth phone, and to make and accept connections with paired devices.</string>
  <string name="permlab_disableKeyguard">απενεργοποίηση κλειδώματος πληκτρολογίου</string>
  <string name="permdesc_disableKeyguard">Allows an application to disable the keylock and any associated password security. A legitimate example of this is the phone disabling the keylock when receiving an incoming phone call, then re-enabling the keylock when the call is finished.</string>
  <string name="permlab_readSyncSettings">read sync settings</string>
  <string name="permdesc_readSyncSettings">Allows an application to read the sync settings, such as whether sync is enabled for Contacts.</string>
  <string name="permlab_writeSyncSettings">write sync settings</string>
  <string name="permdesc_writeSyncSettings">Allows an application to modify the sync settings, such as whether sync is enabled for Contacts.</string>
  <string name="permlab_readSyncStats">read sync statistics</string>
  <string name="permdesc_readSyncStats">Allows an application to read the sync stats; e.g., the history of syncs that have occurred.</string>
  <string name="permlab_subscribedFeedsRead">read subscribed feeds</string>
  <string name="permdesc_subscribedFeedsRead">Allows an application to get details about the currently synced feeds.</string>
  <string name="permlab_subscribedFeedsWrite">write subscribed feeds</string>
  <string name="permdesc_subscribedFeedsWrite">Allows an application to modify your currently synced feeds. This could allow a malicious application to change your synced feeds.</string>
  <string name="permlab_readDictionary">ανάγνωση λεξικού χρήστη</string>
  <string name="permdesc_readDictionary">Επιτρέπει σε μια εφαρμογή να διαβάσει λέξεις,φράσεις και ονόματα τα οποία ο χρήστης έχει προσθέσει στο λεξικό.</string>
  <string name="permlab_writeDictionary">εγγραφή σε λεξικό χρήστη</string>
  <string name="permdesc_writeDictionary">Επιτρέπει σε μια εφαρμογή να προσθέσει νέες λέξεις στο λεξικό χρήστη.</string>
  <string name="permlab_sdcardWrite">Αλλαγή/διαγραφή περιοχομένων κάρτας SD</string>
  <string name="permdesc_sdcardWrite">Επιτρέπει σε μια εφαρμογή να γράψει στην κάρτα SD.</string>
  <string name="permlab_cache_filesystem">πρόσβαση στο σύστημα αρχείων cache</string>
  <string name="permdesc_cache_filesystem">Επιτρέπει σε μια εφαρμογή για να διαβάσει και να γράψει το σύστημα αρχείων cache.</string>
  <string name="policylab_limitPassword">Όριο κωδικού πρόσβασης</string>
  <string name="policydesc_limitPassword">Περιορίζει τα είδη των κωδικών πρόσβασης που επιτρέπεται να χρησιμοποιείτε.</string>
  <string name="policylab_watchLogin">Παρακολουθήστε τις προσπάθειες σύνδεσης</string>
  <string name="policydesc_watchLogin">Παρακολουθεί αποτυχημένες προσπάθειες για να συνδεθείτε στη συσκευή, να εκτελέσετε κάποια ενέργεια.</string>
  <string name="policylab_resetPassword">Επαναφορά Κωδικού Πρόσβασης</string>
  <string name="policydesc_resetPassword">Force your password to a new value, requiring the administrator give it to you before you can log in.</string>
  <string name="policylab_forceLock">Αναγκαστικό κλείσιμο</string>
  <string name="policydesc_forceLock">Έλεγχος του πότε κλειδώνει η συσκευή, ζητώντας να εισαχθεί κωδικός.</string>
  <string name="policylab_wipeData">Διαγραφή όλων των δεδομένων</string>
  <string name="policydesc_wipeData">Εκτελέστε επαναφορά εργοστασιακών ρυθμίσεων, διαγράφοντας όλα τα δεδομένα σας χωρίς καμία επιβεβαίωση.</string>
  <string name="phoneTypeCustom">Custom</string>
  <string name="phoneTypeHome">Οικία</string>
  <string name="phoneTypeMobile">Κινητό</string>
  <string name="phoneTypeWork">Εργασία</string>
  <string name="phoneTypeFaxWork">Φαξ εργασίας</string>
  <string name="phoneTypeFaxHome">Φαξ οικίας</string>
  <string name="phoneTypePager">Βομβητής</string>
  <string name="phoneTypeOther">Άλλο</string>
  <string name="phoneTypeCallback">Επανάκληση</string>
  <string name="phoneTypeCar">Αυτοκίνητο</string>
  <string name="phoneTypeCompanyMain">Εταιρία</string>
  <string name="phoneTypeIsdn">ISDN</string>
  <string name="phoneTypeMain">Κύρια</string>
  <string name="phoneTypeOtherFax">Άλλο Φαξ</string>
  <string name="phoneTypeRadio">Ραδιόφωνο</string>
  <string name="phoneTypeTelex">Τηλέτυπο</string>
  <string name="phoneTypeTtyTdd">TTY TDD</string>
  <string name="phoneTypeWorkMobile">Κινητό τηλέφωνο εργασίας</string>
  <string name="phoneTypeWorkPager">Τηλεειδοποίηση εργασίας</string>
  <string name="phoneTypeAssistant">Βοηθός</string>
  <string name="phoneTypeMms">MMS</string>
  <string name="eventTypeBirthday">Γενέθλια</string>
  <string name="eventTypeAnniversary">Επέτειος</string>
  <string name="eventTypeOther">Γεγονός</string>
  <string name="emailTypeCustom">Custom</string>
  <string name="emailTypeHome">Οικία</string>
  <string name="emailTypeWork">Εργασία</string>
  <string name="emailTypeOther">Άλλο</string>
  <string name="emailTypeMobile">Κινητό</string>
  <string name="postalTypeCustom">Custom</string>
  <string name="postalTypeHome">Οικία</string>
  <string name="postalTypeWork">Εργασία</string>
  <string name="postalTypeOther">Άλλο</string>
  <string name="imTypeCustom">Custom</string>
  <string name="imTypeHome">Οικία</string>
  <string name="imTypeWork">Εργασία</string>
  <string name="imTypeOther">Άλλο</string>
  <string name="imProtocolCustom">Custom</string>
  <string name="imProtocolAim">AIM</string>
  <string name="imProtocolMsn">Windows Live</string>
  <string name="imProtocolYahoo">Yahoo</string>
  <string name="imProtocolSkype">Skype</string>
  <string name="imProtocolQq">QQ</string>
  <string name="imProtocolGoogleTalk">Google Talk</string>
  <string name="imProtocolIcq">ICQ</string>
  <string name="imProtocolJabber">Jabber</string>
  <string name="imProtocolNetMeeting">NetMeeting</string>
  <string name="orgTypeWork">Εργασία</string>
  <string name="orgTypeOther">Άλλο</string>
  <string name="orgTypeCustom">Custom</string>
  <string name="contact_status_update_attribution">μέσω %1$s</string>
  <string name="contact_status_update_attribution_with_date">%1$s μέσω %2$s</string>
  <string name="keyguard_password_enter_pin_code">Εισάγετε τον κωδικό PIN</string>
  <string name="keyguard_password_enter_password_code">Εισάγετε τον κωδικό για να ξεκλειδώσετε</string>
  <string name="keyguard_password_wrong_pin_code">Λάθος κωδικός PIN!</string>
  <string name="keyguard_label_text">Για να ξεκλειδώσετε, πατήστε Μενού, στη συνέχεια, 0.</string>
  <string name="emergency_call_dialog_number_for_display">Αριθμός έκτακτης ανάγκης</string>
  <string name="lockscreen_carrier_default">(Καμία υπηρεσία)</string>
  <string name="lockscreen_screen_locked">Οθόνη κλειδωμένη.</string>
  <string name="lockscreen_instructions_when_pattern_enabled">Πατήστε Μενού για να ξεκλειδώσετε ή για κλήση έκτακτης ανάγκης.</string>
  <string name="lockscreen_instructions_when_pattern_disabled">Πατήστε Μενού για να ξεκλειδώσετε.</string>
  <string name="lockscreen_pattern_instructions">Σχεδιάστε μοτίβο για το ξεκλείδωμα</string>
  <string name="lockscreen_emergency_call">Κλήση έκτακτης ανάγκης</string>
  <string name="lockscreen_return_to_call">Επιστροφή στην κλήση</string>
  <string name="lockscreen_pattern_correct">Σωστό!</string>
  <string name="lockscreen_pattern_wrong">Λυπούμαστε, δοκιμάστε ξανά</string>
  <string name="lockscreen_plugged_in">Φόρτιση (%d%%)</string>
  <string name="lockscreen_charged">Φορτισμένο.</string>
  <string name="lockscreen_battery_short">%d%%</string>
  <string name="lockscreen_low_battery">Συνδέστε το φορτιστή σας.</string>
  <string name="lockscreen_missing_sim_message_short">Δεν υπάρχει κάρτα SIM.</string>
  <string name="lockscreen_missing_sim_message">Δεν υπάρχει κάρτα SIM στο τηλέφωνο.</string>
  <string name="lockscreen_missing_sim_instructions">Παρακαλώ εισάγετε την κάρτα SIM.</string>
  <string name="emergency_calls_only">Επείγουσες κλήσεις μόνο</string>
  <string name="lockscreen_network_locked_message">Δίκτυο κλειδωμένο</string>
  <string name="lockscreen_sim_puk_locked_message">Η κάρτα SIM είναι κλειδωμένη με PUK.</string>
  <string name="lockscreen_sim_puk_locked_instructions">Παρακαλούμε ανατρέξτε στον Οδηγό χρήσης ή επικοινωνήστε με την Εξυπηρέτηση πελατών.</string>
  <string name="lockscreen_sim_locked_message">Η κάρτα SIM είναι κλειδωμένη.</string>
  <string name="lockscreen_sim_unlock_progress_dialog_message">Ξεκλείδωμα κάρτας SIM...</string>
  <string name="lockscreen_too_many_failed_attempts_dialog_message">Έχετε σχεδιάσει εσφαλμένα το μοτίβο ξεκλειδώματος %d φορές. \n\nΔοκιμάστε ξανά σε %d δευτ.</string>
  <string name="lockscreen_failed_attempts_almost_glogin">Έχετε σχεδιάσει εσφαλμένα το μοτίβο ξεκλειδώματος %d φορές. Μετά από %d  ανεπιτυχείς προσπάθειες θα σας ζητηθεί να ξεκλειδώσετε το τηλέφωνό σας χρησιμοποιώντας το συνθηματικό εισόδου Google.\N\n Δοκιμάστε ξανά σε %d δευτερόλεπτα.</string>
  <string name="lockscreen_too_many_failed_attempts_countdown">Δοκιμάστε ξανά σε %d δευτερόλεπτα.</string>
  <string name="lockscreen_forgot_pattern_button_text">Ξεχάσατε το μοτίβο;</string>
  <string name="lockscreen_glogin_forgot_pattern">Ξεκλείδωμα λογαριασμού</string>
  <string name="lockscreen_glogin_too_many_attempts">Πάρα πολλές προσπάθειες!</string>
  <string name="lockscreen_glogin_instructions">Για να ξεκλειδώσετε, συνδεθείτε με το λογαριασμό σας Google</string>
  <string name="lockscreen_glogin_username_hint">Όνομα Χρήστη (ηλεκτρονικό ταχυδρομείο)</string>
  <string name="lockscreen_glogin_password_hint">Κωδικός</string>
  <string name="lockscreen_glogin_submit_button">Είσοδος</string>
  <string name="lockscreen_glogin_invalid_input">Μη έγκυρο όνομα χρήστη ή κωδικός.</string>
  <string name="lockscreen_glogin_checking_password">Έλεγχος...</string>
  <string name="lockscreen_unlock_label">Ξεκλείδωμα</string>
  <string name="lockscreen_sound_on_label">Ήχου ενεργός</string>
  <string name="lockscreen_sound_off_label">Ήχος ανενεργός</string>
  <string name="password_keyboard_label_symbol_key">\?123</string>
  <string name="password_keyboard_label_alpha_key">ABC</string>
  <string name="password_keyboard_label_alt_key">ALT</string>
  <string name="hour_ampm">%-l%P</string>
  <string name="hour_cap_ampm">%-l%p</string>
  <string name="status_bar_clear_all_button">Εκκαθάριση</string>
  <string name="status_bar_no_notifications_title">Δεν υπάρχουν ειδοποιήσεις</string>
  <string name="status_bar_ongoing_events_title">Εν εξελίξει</string>
  <string name="status_bar_latest_events_title">Ειδοποιήσεις</string>
  <string name="battery_status_text_percent_format">%d%%</string>
  <string name="battery_status_charging">Φόρτιση...</string>
  <string name="battery_low_title">Παρακαλούμε συνδέστε το φορτιστή</string>
  <string name="battery_low_subtitle">Η μπαταρία είναι χαμηλή:</string>
  <string name="battery_low_percent_format">%d%% ή λιγότερο απομένει.</string>
  <string name="battery_low_why">Χρήση μπαταρίας</string>
  <string name="factorytest_failed">Επαναφορά εργοστασιακών ρυθμίσεων απέτυχε</string>
  <string name="factorytest_not_system">The FACTORY_TEST action is only supported for packages installed in /system/app.</string>
  <string name="factorytest_no_action">No package was found that provides the FACTORY_TEST action.</string>
  <string name="factorytest_reboot">Επανεκκίνηση</string>
  <string name="web_user_agent">Mozilla/5.0 (Linux; U; Android %s) AppleWebKit/533.1 (KHTML, like Gecko) Version/4.0 Mobile Safari/533.1</string>
  <string name="js_dialog_title">Η σελίδα στο \'%s\' λέει:</string>
  <string name="js_dialog_title_default">JavaScript</string>
  <string name="js_dialog_before_unload">Πλοήγηση μακριά απο αυτή τη σελίδα;\n\n%s\n\nΠατήστε OK για να συνεχίσετε ή άκυρο για να παραμείνετε σ αυτή τη σελίδα.</string>
  <string name="save_password_label">Επιβεβαίωση</string>
  <string name="double_tap_toast">Συμβουλή: διπλό άγγιγμα για να κάνετε ζουμ μέσα και έξω.</string>
  <string name="permlab_readHistoryBookmarks">ανάγνωση ιστουρικού και αγαπημένων του φυλλομετρητή</string>
  <string name="permdesc_readHistoryBookmarks">Επιτρέπει στην εφαρμογή να διαβάσει όλες τις διευθύνσεις URL που ο Browser έχει επισκεφθεί, και όλους τους σελιδοδείκτες του προγράμματος περιήγησης.</string>
  <string name="permlab_writeHistoryBookmarks">εγγραφή ιστορικού και αγαπημένων του φυλλομετρητή</string>
  <string name="permdesc_writeHistoryBookmarks">Επιτρέπει σε μια εφαρμογή την τροποποίηση του ιστορικού και των αγαπημένων που αποθηκεύονται στο τηλέφωνό σας. Κακόβουλες εφαρμογές μπορούν να χρησιμοποιήσουν για να διαγράψουν ή να τροποποιήσουν τα δεδομένα του φυλλομετρητή σας.</string>
  <string name="permlab_writeGeolocationPermissions">Modify Browser geolocation permissions</string>
  <string name="permdesc_writeGeolocationPermissions">Allows an application to modify the Browser\'s geolocation permissions. Malicious applications can use this to allow sending location information to arbitrary web sites.</string>
  <string name="save_password_message">Θέλετε το πρόγραμμα περιήγησης να απομνημονεύσει τον κωδικό;</string>
  <string name="save_password_notnow">Όχι τώρα</string>
  <string name="save_password_remember">Απομνημόνευση</string>
  <string name="save_password_never">Ποτέ</string>
  <string name="open_permission_deny">Δεν έχετε δικαίωμα να ανοίξετε αυτή τη σελίδα.</string>
  <string name="text_copied">Το κείμενο αντιγράφτηκε στο πρόχειρο.</string>
  <string name="more_item_label">Περισσότερα</string>
  <string name="prepend_shortcut_label">Μενού+</string>
  <string name="menu_space_shortcut_label">διάστημα</string>
  <string name="menu_enter_shortcut_label">Εισαγωγή</string>
  <string name="menu_delete_shortcut_label">διαγραφή</string>
  <string name="oneMonthDurationPast">1 μήνα πριν</string>
  <string name="beforeOneMonthDurationPast">Νωρίτερα από 1 μήνα πριν</string>
  <string name="last_month">Τελευταίος μήνας</string>
  <string name="older">Παλαιότερα</string>
  <string name="preposition_for_date">στις %s</string>
  <string name="preposition_for_time">στις %s</string>
  <string name="preposition_for_year">το %s</string>
  <string name="day">ημέρα</string>
  <string name="days">ημέρες</string>
  <string name="hour">ώρα</string>
  <string name="hours">ώρες</string>
  <string name="minute">λεπτό</string>
  <string name="minutes">λεπτά</string>
  <string name="second">δευτερόλεπτο</string>
  <string name="seconds">δευτερόλεπτα</string>
  <string name="week">εβδομάδα</string>
  <string name="weeks">εβδομάδες</string>
  <string name="year">έτος</string>
  <string name="years">έτη</string>
  <string name="relative_time">%1$s, %2$s</string>
  <string name="noon">μεσημέρι</string>
  <string name="Noon">Μεσημέρι</string>
  <string name="midnight">Μεσάνυχτα</string>
  <string name="Midnight">Μεσάνυχτα</string>
  <string name="elapsed_time_short_format_mm_ss">%1$02d:%2$02d</string>
  <string name="elapsed_time_short_format_h_mm_ss">%1$d:%2$02d:%3$02d</string>
  <string name="selectText">Επιλογή κειμένου</string>
  <string name="stopSelectingText">Διακοπή επιλογής κειμένου</string>
  <string name="cutAll">Αποκοπή όλων</string>
  <string name="copyAll">Αντιγραφή όλων</string>
  <string name="inputMethod">Μέθοδος εισαγωγής</string>
  <string name="addToDictionary">Προσθήκη του \"%s\" στο λεξικό</string>
  <string name="editTextMenuTitle">Επεξεργασία κειμένου</string>
  <string name="low_internal_storage_view_title">Λίγος διαθέσιμος χώρος</string>
  <string name="low_internal_storage_view_text">Ο αποθηκευτικός χώρος είναι σε χαμηλά επίπεδα.</string>
  <string name="capital_on">Ενεργό</string>
  <string name="capital_off">Ανενεργό</string>
  <string name="whichApplication">Ολοκλήρωση της ενέργειαας χρησιμοποιώντας</string>
  <string name="alwaysUse">Χρήση ως προεπιλεγμένη ενέργεια.</string>
  <string name="clearDefaultHintMsg">Καθαρισμός προεπιλογών στο Αρχική Ρυθμίσεις>Εφρμογές>Διαχείρηση εφαρμογών.</string>
  <string name="chooseActivity">Επιλέξτε μια ενέργεια</string>
  <string name="noApplications">Καμία εφαρμογή δε μπορεί να εκτελέσει αυτήν την ενέργεια.</string>
  <string name="aerr_title">Συγγνώμη!</string>
  <string name="aerr_application">Η εφαρμογή %1$s (διεργασία %2$s) σταμάτησε απροσδόκητα. Παρακαλώ δοκιμάστε ξανά.</string>
  <string name="aerr_process">Η διεργασία %1$s σταμάτησε απροσδόκητα. Παρακαλώ δοκιμάστε ξανά.</string>
  <string name="anr_title">Συγγνώμη!</string>
  <string name="anr_activity_application">Η δραστηριότητα %1$s (στην εφαρμογή %2$s) δεν ανταποκρίνεται.</string>
  <string name="anr_activity_process">Η δραστηριότητα %1$s (στην διεργασία %2$s) δεν ανταποκρίνεται.</string>
  <string name="anr_application_process">Η εφαρμογή %1$s (στην διεργασία %2$s) δεν ανταποκρίνεται.</string>
  <string name="anr_process">Η διεργασία %1$s δεν ανταποκρίνεται.</string>
  <string name="force_close">Αναγκαστικό κλείσιμο</string>
  <string name="report">Αναφορά</string>
  <string name="wait">Αναμονή</string>
  <string name="sendText">Επιλέξτε μια ενέργεια για το κείμενο</string>
  <string name="volume_ringtone">Ένταση κουδουνίσματος</string>
  <string name="volume_music">Ένταση μέσων</string>
  <string name="volume_music_hint_playing_through_bluetooth">Αναπαραγωγή μέσω Bluetooth</string>
  <string name="volume_music_hint_silent_ringtone_selected">Επιλέχθηκε σιωπηλός ήχος</string>
  <string name="volume_call">Ένταση κατά την κλήση</string>
  <string name="volume_bluetooth_call">Ένταση κατά την κλήση με ΒΤ</string>
  <string name="volume_alarm">Ένταση αφύπνισης</string>
  <string name="volume_notification">Ένταση ειδοποίησης</string>
  <string name="volume_unknown">Ένταση</string>
  <string name="ringtone_default">Προεπιλεγμένος ήχος</string>
  <string name="ringtone_default_with_actual">Προεπιλεγμένος ήχος (%1$s)</string>
  <string name="ringtone_silent">Σιωπηλό</string>
  <string name="ringtone_picker_title">Ήχοι κλήσης</string>
  <string name="ringtone_unknown">Άγνωστος ήχος κλήσης</string>
  <string name="wifi_tether_configure_ssid_default">AndroidAP</string>
  <string name="select_character">Εισαγωγή χαρακτήρα</string>
  <string name="sms_control_default_app_name">Άγνωστη εφαρμογή</string>
  <string name="sms_control_title">Αποστολή μηνυμάτων SMS</string>
  <string name="sms_control_message">Ένας μεγάλος αριθμός των μηνυμάτων αποστέλλεται. Επιλέξτε \"OK\" για να συνεχίσετε, ή \"Άκυρο\" για να σταματήσει την αποστολή.</string>
  <string name="sms_control_yes">ΟΚ</string>
  <string name="sms_control_no">Ακύρωση</string>
  <string name="date_time_set">Ορισμός</string>
  <string name="default_permission_group">Προεπιλογή</string>
  <string name="permissions_format">%1$s, %2$s</string>
  <string name="no_permissions">Δεν απαιτούνται δικαιώματα</string>
  <string name="perms_hide">perms_hide</string>
  <string name="perms_show_all">perms_show_all</string>
  <string name="usb_storage_activity_title">Μαζική αποθήκευση USB</string>
  <string name="usb_storage_title">USB συνδεδεμένο</string>
  <string name="usb_storage_message">Έχετε συνδέσει το τηλέφωνο στον υπολογιστή σας μέσω USB. Επιλέξτε το παρακάτω κουμπί εάν θέλετε να αντιγράψετε αρχεία μεταξύ του υπολογιστή σας και της κάρτας SD.</string>
  <string name="usb_storage_button_mount">Ενεργοποίηση αποθήκευσης USB</string>
  <string name="usb_storage_error_message">Υπάρχει ένα πρόβλημα κατά την χρήση της κάρτας SD για αποθήκευση USB.</string>
  <string name="usb_storage_notification_title">USB συνδεδεμένο</string>
  <string name="usb_storage_notification_message">Επιλέξτε για να αντιγράψετε τα αρχεία από και προς τον υπολογιστή σας.</string>
  <string name="usb_storage_stop_notification_title">Απενεργοποίηση αποθήκευσης USB</string>
  <string name="usb_storage_stop_notification_message">Επιλέξτε για να απενεργοποιήσετε την αποθήκευση USB.</string>
  <string name="usb_storage_stop_title">Αποθήκευση USB σε χρήση</string>
  <string name="usb_storage_stop_message">Πριν την απενεργοποίηση της USB αποθήκευσης σιγουρευτείτε ότι έχετε αφαιρέσει την SD κάρτα από τον υπολογιστή σας.</string>
  <string name="usb_storage_stop_button_mount">Απενεργοποίηση αποθήκευσης USB</string>
  <string name="usb_storage_stop_error_message">Υπήρξε ένα πρόβλημα κατά την απενεργοποίηση USB αποθήκευσης. Ελέγξτε ότι έχετε βγάλει την υποδοχή USB και στη συνέχεια προσπαθήστε ξανά.</string>
  <string name="dlg_confirm_kill_storage_users_title">Ενεργοποίηση αποθήκευσης USB</string>
  <string name="dlg_confirm_kill_storage_users_text">Εάν ενεργοποιήσετε την αποθήκευση USB ορισμένες εφαρμογές που χρησιμοποιείτε θα σταματήσουν και μπορεί να μην είναι διαθέσιμες μέχρι να απενεργοποιήσετε την αποθήκευση USB.</string>
  <string name="dlg_error_title">Απέτυχε η λειτουργία USB</string>
  <string name="dlg_ok">ΟΚ</string>
  <string name="extmedia_format_title">Διαμόρφωση κάρτας SD</string>
  <string name="extmedia_format_message">Είστε σίγουροι ότι θέλετε να διαμορφώσετε την κάρτα SD; Όλα τα δεδομένα στην κάρτα σας θα χαθούν.</string>
  <string name="extmedia_format_button_format">Μορφοποίηση</string>
  <string name="adb_active_notification_title">Εντοπισμός σφαλμάτων USB συνδεδεμένος</string>
  <string name="adb_active_notification_message">Επιλέξτε για να απενεργοποιήσετε τον εντοπισμό σφαλμάτων USB.</string>
  <string name="locale_replacement">locale_replacement</string>
  <string name="select_input_method">Επιλέξτε τη μέθοδο εισαγωγής</string>
  <string name="fast_scroll_alphabet">\u0020ABCDEFGHIJKLMNOPQRSTUVWXYZ</string>
  <string name="fast_scroll_numeric_alphabet">\u00200123456789ABCDEFGHIJKLMNOPQRSTUVWXYZ</string>
  <string name="candidates_style">candidates_style</string>
  <string name="ext_media_checking_notification_title">Προετοιμασία κάρτας SD</string>
  <string name="ext_media_checking_notification_message">Έλεγχος για σφάλματα.</string>
  <string name="ext_media_nofs_notification_title">Κενή κάρτα SD</string>
  <string name="ext_media_nofs_notification_message">Η κάρτα SD είναι κενή ή δεν υποστηρίζεται το σύστημα αρχείων της.</string>
  <string name="ext_media_unmountable_notification_title">Κατεστραμμένη κάρτα SD</string>
  <string name="ext_media_unmountable_notification_message">Κατεστραμμένη κάρτα SD. Ίσως χρειαστεί να την ξαναδιαμορφώσετε.</string>
  <string name="ext_media_badremoval_notification_title">Η κάρτα SD αφαιρέθηκε απροσδόκητα</string>
  <string name="ext_media_badremoval_notification_message">Κατάργηση κάρτας SD πριν αφαιρέσετε προς αποφυγή απώλειας δεδομένων.</string>
  <string name="ext_media_safe_unmount_notification_title">Ασφαλής κατάργηση της κάρτας SD</string>
  <string name="ext_media_safe_unmount_notification_message">Μπορείτε να αφαιρέσετε με ασφάλεια την κάρτα SD.</string>
  <string name="ext_media_nomedia_notification_title">Καταργημένη κάρτα SD</string>
  <string name="ext_media_nomedia_notification_message">Η κάρτα SD έχει αφαιρεθεί. Τοποθετήστε μια νέα.</string>
  <string name="activity_list_empty">Δεν βρέθηκαν ενέργειες που να ταιριάζουν</string>
  <string name="permlab_pkgUsageStats">update component usage statistics</string>
  <string name="permdesc_pkgUsageStats">Allows the modification of collected component usage statistics. Not for use by normal applications.</string>
  <string name="permlab_copyProtectedData">Allows to invoke default container service to copy content. Not for use by normal applications.</string>
  <string name="permdesc_copyProtectedData">Allows to invoke default container service to copy content. Not for use by normal applications.</string>
  <string name="tutorial_double_tap_to_zoom_message_short">Αγγίξτε δύο φορές για ελέγχου zoom</string>
  <string name="gadget_host_error_inflating">Error inflating widget</string>
  <string name="ime_action_go">Μετάβαση</string>
  <string name="ime_action_search">Αναζήτηση</string>
  <string name="ime_action_send">Αποστολή</string>
  <string name="ime_action_next">Επόμενο</string>
  <string name="ime_action_done">Ολοκληρώθηκε</string>
  <string name="ime_action_default">Εκτέλεση</string>
  <string name="dial_number_using">Κλήση αριθμού\nχρησιμοποιώντας %s</string>
  <string name="create_contact_using">Δημιουργία επαφής\nχρησιμοποιώντας %s</string>
  <string name="accessibility_compound_button_selected">επιλεγμένο</string>
  <string name="accessibility_compound_button_unselected">μη επιλεγμένο</string>
  <string name="grant_credentials_permission_message_header">Οι παρακάτω μία ή περισσότερες εφαρμογές ζητούν άδεια για πρόσβαση στο λογαριασμό σας, τώρα και στο μέλλον.</string>
  <string name="grant_credentials_permission_message_footer">Θέλετε να επιτρέψετε αυτή την αίτηση;</string>
  <string name="grant_permissions_header_text">Αίτηση πρόσβασης</string>
  <string name="allow">Να επιτρέπεται</string>
  <string name="deny">Άρνηση</string>
  <string name="permission_request_notification_title">Ζητήθηκε άδεια</string>
  <string name="permission_request_notification_with_subtitle">Ζητήθηκε άδεια\nγια τον λογαριασμό %s</string>
  <string name="input_method_binding_label">Μέθοδος εισαγωγής</string>
  <string name="sync_binding_label">Συγχρονισμός</string>
  <string name="accessibility_binding_label">Προσβασιμότητα</string>
  <string name="wallpaper_binding_label">Ταπετσαρία</string>
  <string name="chooser_wallpaper">Αλλαγή ταπετσαρίας</string>
  <string name="alternate_eri_file">/data/eri.xml</string>
  <string name="pptp_vpn_description">Point-to-Point Tunneling Protocol</string>
  <string name="l2tp_vpn_description">Layer 2 Tunneling Protocol</string>
  <string name="l2tp_ipsec_psk_vpn_description">Pre-shared key based L2TP/IPSec VPN</string>
  <string name="l2tp_ipsec_crt_vpn_description">Certificate based L2TP/IPSec VPN</string>
  <string name="upload_file">Επιλογή αρχείου</string>
  <string name="reset">Επαναφορά</string>
  <string name="submit">Υποβολή</string>
  <string name="description_star">αγαπημένο</string>
  <string name="car_mode_disable_notification_title">Η λειτουργία αυτοκίνητου απενεργοποιήθηκε</string>
  <string name="car_mode_disable_notification_message">Επιλέξτε για να βγείτε από την λειτουργία αυτοκινήτου.</string>
  <string name="tethered_notification_title">Tethering ή hotspot ενεργό</string>
  <string name="tethered_notification_message">Αγγίξτε για να ρυθμίσετε</string>
  <string name="throttle_warning_notification_title">Υψηλή χρήση δεδομένων κινητού</string>
  <string name="throttle_warning_notification_message">Πατήστε για να μάθετε περισσότερα σχετικά με τη χρήση κινητών δεδομένων</string>
  <string name="throttled_notification_title">Υπέρβαση ορίου δεδομένων κινητού</string>
  <string name="throttled_notification_message">Πατήστε για να μάθετε περισσότερα σχετικά με τη χρήση κινητών δεδομένων</string>
  <string name="openvpn_vpn_description">OpenVPN SSL VPN</string>
  <string name="lockscreen_dial_label">Dialler</string>
  <string name="lockscreen_mms_label">Μηνύματα</string>
  <string name="status_bar_back_to_call">Επιστροφή στην κλήση</string>
  <string name="lockscreen_bottom_hint">Σύρετε προς τα πάνω ή προς τα κάτω για ξεκλείδωμα</string>
  <string name="lockscreen_unlock_hint">Σύρετε επάνω ή κάτω για να ξεκλειδώσετε</string>
  <string name="unknown">Άγνωστο</string>
  <string name="private_num">Χωρίς αριθμό</string>
  <string name="payphone">公用电话</string>
  <string name="callNoAnswerTimeFormat">Κουδούνισμα %s φορές</string>
  <string name="callDetailsDurationFormat">%1$s λεπτά %2$s δευτερόλεπτα</string>
  <string name="date_day">Ημέρα</string>
  <string name="status_bar_battery_low_notification">Χαμηλή μπαταρία</string>
  <string name="status_bar_battery_low_notification_button">Μπαταρία</string>
  <string name="status_bar_button_wifi">Wi-Fi</string>
  <string name="status_bar_button_apn">Δεδομένα</string>
  <string name="status_bar_button_bluetooth">Bluetooth</string>
  <string name="status_bar_button_rotate">Περιστροφή</string>
  <string name="status_bar_button_brightness">Φωτεινότητα</string>
  <string name="status_bar_button_ringer_normal">Κανονικό</string>
  <string name="status_bar_button_ringer_vibrate">Δόνηση</string>
  <string name="status_bar_button_ringer_mute">Αθόρυβο</string>
  <string name="status_bar_button_gps">GPS</string>
  <string name="status_bar_button_sync">Συγχρονισμός</string>
  <string name="status_bar_button_cpu">CPU降频</string>
  <string name="status_bar_button_vibrate">Λειτουργία δόνησης</string>
  <string name="status_bar_button_flight_mode">Λειτουργία πτήσης</string>
  <string name="status_bar_button_reboot">Επανεκκίνηση</string>
  <string name="status_bar_button_shutdown">Απενεργοποίηση</string>
  <string name="recent_dialog_buttonAppKiller_summary">MIUI vacated %1$s memory.\nCurrent available memory：%2$s</string>
  <string name="recent_dialog_buttonAppKiller">Καθαρισμός</string>
  <string name="recent_dialog_buttonTaskManager">Διαχείριση Εργασιών</string>
  <string name="theme_changing_dialog_title">Αλλαγή θέματος</string>
  <string name="theme_changed_dialog_title">Το θέμα άλλαξε!</string>
  <string name="theme_changed_dialog_message">Το θέμα έχει αλλάξει.</string>
</resources>
