<?xml version="1.0" encoding="utf-8"?>
<!--Generated by crowdin.net-->
<resources>
  <string name="word_separators">. ,;:!?\n()[]*&@{}/<>_+=|\"</string>
  <string name="sentence_separators">.,!?</string>
  <string name="suggested_punctuations">!?,@_</string>
  <string name="alternates_for_d">alternates_for_d</string>
  <string name="alternates_for_r">alternates_for_r</string>
  <string name="alternates_for_t">alternates_for_t</string>
  <string name="alternates_for_z">alternates_for_t</string>
  <string name="alternates_for_l">alternates_for_l</string>
  <string name="alternates_for_g">alternates_for_g</string>
  <string name="ime_name">Google Pinyin IME</string>
  <string name="ime_settings_activity_name">Ρυθμίσεις Google IME</string>
  <string name="ime_settings_choose_other_ime">Μέθοδος εισαγωγής</string>
  <string name="version">1.2.8</string>
  <string name="toggle_cn">0</string>
  <string name="toggle_cn_cand">1</string>
  <string name="toggle_en_lower">2</string>
  <string name="toggle_en_upper">3</string>
  <string name="toggle_en_sym1">4</string>
  <string name="toggle_en_sym2">5</string>
  <string name="toggle_enter_go">6</string>
  <string name="toggle_enter_search">7</string>
  <string name="toggle_enter_send">8</string>
  <string name="toggle_enter_next">9</string>
  <string name="toggle_enter_done">10</string>
  <string name="toggle_row_cn">11</string>
  <string name="toggle_row_en">12</string>
  <string name="toggle_row_uri">13</string>
  <string name="toggle_row_emailaddress">14</string>
  <string name="toggle_phone_sym">15</string>
  <string name="toggle_stroke_urlqwerty">16</string>
  <string name="toggle_misc1">17</string>
  <string name="toggle_misc2">18</string>
  <string name="toggle_misc3">19</string>
  <string name="toggle_misc4">20</string>
  <string name="toggle_smiley_off">21</string>
  <string name="toggle_smiley_on">22</string>
  <string name="toggle_cn_sym1">23</string>
  <string name="toggle_cn_sym2">24</string>
  <string name="toggle_url">25</string>
  <string name="toggle_emailaddress">26</string>
  <string name="toggle_stroke_disabled">27</string>
  <string name="toggle_exit_sym_to_en">28</string>
  <string name="toggle_en_upper_locked">29</string>
  <string name="toggle_single_quote_open">30</string>
  <string name="toggle_single_quote_close">31</string>
  <string name="toggle_double_quote_open">32</string>
  <string name="toggle_double_quote_close">33</string>
  <string name="setting_stroke_key">setting_stroke_key</string>
  <string name="setting_fault_tolerance_key">setting_fault_key</string>
  <string name="setting_sound_key">setting_sound_key</string>
  <string name="setting_vibrate_key">setting_vibrate_key</string>
  <string name="setting_prediction_key">setting_prediction_key</string>
  <string name="setting_tradition_key">setting_tradition_key</string>
  <string name="setting_switch_key">setting_switch_key</string>
  <string name="setting_advanced_key">setting_advanced_key</string>
  <string name="setting">Ρυθμίσεις Google IME</string>
  <string name="setting_stroke_title">Stroke IME</string>
  <string name="setting_fault_tolerance_title">Ανοχή σε λάθος χτυπήματα</string>
  <string name="setting_sound_key_title">Ήχος κατά το άγγιγμα</string>
  <string name="setting_vibrate_title">Δόνηση κατά το άγγιγμα</string>
  <string name="setting_prediction_title">Πρόβλεψη κειμένου</string>
  <string name="setting_tradition_title">Εισαγωγή παραδοσιακών κινέζικων</string>
  <string name="setting_switch_title">Εναλλαγή Κινέζικα/Αγγλικά</string>
  <string name="setting_switch_shift_space_title">Shift-space</string>
  <string name="setting_enabled">Ενεργοποίηση</string>
  <string name="setting_disabled">Απενεργοποίηση</string>
  <string name="setting_others">Άλλες ρυθμίσεις</string>
  <string name="setting_others_summary">Συγχρονισμός,λεξικά και άλλα</string>
  <string name="account_label_username">Όνομα χρήστη: (π.χ. johndoe@gmail.com)</string>
  <string name="account_label_password">Κωδικός:</string>
  <string name="account_label_login">Είσοδος</string>
  <string name="account_label_cancel">Άκυρο</string>
  <string name="account_title">Είσοδος χρήστη</string>
  <string name="account_sign_up_title">Εγγραφή</string>
  <string name="account_signing_in_title">Εγγραφή,περιμένετε...</string>
  <string name="setting_title">Ρυθμίσεις Google IME</string>
  <string name="setting_update_category_key">setting_update_category_key</string>
  <string name="setting_update_category_title">Αυτόματη ενημέρωση λεξικού</string>
  <string name="setting_update_enabled_key">setting_update_enabled_key</string>
  <string name="setting_update_enabled_title">Αυτόματη ενημέρωση λεξικού</string>
  <string name="setting_sync_category_title">Συγχρονισμός λεξικού χρήστη</string>
  <string name="setting_sync_enabled_key">setting_sync_enabled_key</string>
  <string name="setting_sync_now_key">setting_sync_now_key</string>
  <string name="setting_sync_clear_key">setting_sync_clear_key</string>
  <string name="setting_sync_enabled_title">Αυτόματη ενημέρωση λεξικού</string>
  <string name="setting_sync_now_title">Συγχρονισμός τώρα</string>
  <string name="setting_sync_cancel_title">Ακύρωση συγχρονισμού</string>
  <string name="setting_sync_clear_title">Καθαρισμός σέρβερ λεξικών</string>
  <string name="setting_enabled_title">Ενεργοποίηση</string>
  <string name="setting_disabled_title">Απενεργοποίηση</string>
  <string name="status_bar_message_title">Google Pinyin IME</string>
  <string name="status_bar_message_sync_title">Συγχρονισμός λεξικού χρήστη...</string>
  <string name="status_bar_message_update_title">Λήψη δημοφιλών λέξεων...</string>
  <string name="setting_dialog_sync_now_title">Ερώτηση</string>
  <string name="setting_dialog_sync_now_message">Θέλετε να γίνει συγχρονισμός τώρα;</string>
  <string name="setting_dialog_sync_clear_title">Προσοχή</string>
  <string name="setting_dialog_sync_clear_message">Το λεξικό χρήστη στον σέρβερ θα καθαριστεί, αυτή η ενέργεια είναι μη αναστρέψιμη. Θέλετε πραγματικά να καθαρίστε το λεξικό χρήστη; Αν ναι, παρακαλώ εισάγετε τους παρακάτω αριθμούς και πατήστε OK.</string>
  <string name="setting_error_sync_service_inactive">Η υπηρεσία συγρχονισμού δε τρέχει.Αδύνατη η συνέχεια</string>
  <string name="sign_up_url">https://www.google.com/accounts/NewAccount?hl=el</string>
  <string name="setting_update_time">Τελευταία ενημέρωση:</string>
  <string name="setting_sync_time">Τελευταίος συγχρονισμός:</string>
  <string name="setting_year">Έτος</string>
  <string name="setting_month">Μήνας</string>
  <string name="setting_day">Ημέρα</string>
  <string name="setting_hour">Ώρα</string>
  <string name="setting_minute">Λεπτά</string>
  <string name="setting_second">Δευτερόλεπτα</string>
  <string name="setting_sync_error">Ο συγχρονισμός απέτυχε</string>
  <string name="setting_sync_ongoing">Συγχρονισμός...</string>
  <string name="setting_update_error">Η ενημέρωση απέτυχε</string>
  <string name="setting_update_ongoing">Ενημέρωση...</string>
  <string name="privacy_url">http://m.google.com/static/el/privacy.html</string>
  <string name="tos_url">http://m.google.com/tospage?dc=gorganic&hl=el</string>
  <string name="setting_privacy_key">setting_privacy_key</string>
  <string name="setting_tos_key">setting_tos_key</string>
  <string name="setting_about_key">setting_about_key</string>
  <string name="setting_privacy_title">Πολιτική απορρήτου</string>
  <string name="setting_tos_title">Όροι χρήσης</string>
  <string name="setting_about_title">Περί</string>
  <string name="setting_about_version_title">Τρέχουσα έκδοση:</string>
  <string name="setting_about_loading_title">Φόρτωση...</string>
  <string name="touch_to_continue">Συνέχεια</string>
  <string name="touch_to_finish">Άγγιξε για να ολοκληρωθεί</string>
  <string name="tip_to_open_keyboard">tip_to_open_keyboard</string>
  <string name="tip_to_view_accents">tip_to_view_accents</string>
  <string name="tip_to_open_symbols">tip_to_open_symbols</string>
  <string name="tip_to_close_symbols">tip_to_close_symbols</string>
  <string name="tip_to_launch_settings">tip_to_launch_settings</string>
  <string name="tip_to_select_candidate">tip_to_select_candidate</string>
  <string name="tip_to_backspace">tip_to_backspace</string>
  <string name="tip_to_smart_key">tip_to_smart_key</string>
  <string name="tip_to_start_typing">tip_to_start_typing</string>
  <string name="default_device_name">Android</string>
  <string name="next_button_label">Επόμενο</string>
  <string name="back_button_label">Πίσω</string>
  <string name="skip_button_label">Παράλλειψη</string>
  <string name="done_button_label">Τέλος</string>
  <string name="keyboard_tutorial_title">Χρήση πληκτρολογίου οθόνης</string>
  <string name="open_the_keyboard">Κάντε κλικ σε οποιοδήποτε κείμενο</string>
  <string name="close_the_keyboard">Πατήστε "Πίσω"</string>
  <string name="sync">Ενεργοποίηση ή απενεργοποίηση λεξικού χρήση στις ρυθμίσεις πληκτρολογίου</string>
  <string name="keyboard_settings">Κρατήστε πατημένο</string>
</resources>
