<?xml version="1.0" encoding="utf-8"?>
<!--Generated by crowdin.net-->
<resources>
  <string name="sharedUserId">sharedUserId</string>
  <string name="process">διεργασία</string>
  <string name="application_name">Launcher</string>
  <string name="uid_name">Εφαρμογές Android</string>
  <string name="folder_name">Φάκελος</string>
  <string name="chooser_wallpaper">Επιλογή ταπετσαρίας από</string>
  <string name="wallpaper_instructions">Ορισμός ταπετσαρίας</string>
  <string name="pick_wallpaper">Ταπετσαρίες</string>
  <string name="activity_not_found">Η εφαρμογή δεν είναι εγκατεστημένη στο τηλέφωνο σας.</string>
  <string name="configure_wallpaper">Διαμόρφωση...</string>
  <string name="rename_folder_label">Όνομα φακέλου</string>
  <string name="rename_folder_title">Μετονομασία φακέλου</string>
  <string name="rename_action">ΟΚ</string>
  <string name="cancel_action">Ακύρωση</string>
  <string name="menu_item_add_item">Προσθήκη σε Αρχική</string>
  <string name="group_applications">Εφαρμογές</string>
  <string name="group_shortcuts">Συντομεύσεις</string>
  <string name="group_folder">Νέος φάκελος</string>
  <string name="group_live_folders">Φάκελοι</string>
  <string name="group_widgets">Γραφικά στοιχεία</string>
  <string name="group_wallpapers">Ταπετσαρίες</string>
  <string name="add_folder">Φάκελος</string>
  <string name="add_clock">Ρολόι</string>
  <string name="add_photo_frame">Πλαίσιο εικόνας</string>
  <string name="out_of_space">Καθόλου χώρος σε αυτήν την οθόνη</string>
  <string name="shortcut_installed">Η συντόμευση \"%s\" δημιουργήθηκε.</string>
  <string name="shortcut_uninstalled">Η συντόμευση \"%s\" αφαιρέθηκε.</string>
  <string name="shortcut_duplicate">Η συντόμευση \"%s\" υπάρχει ήδη.</string>
  <string name="title_select_shortcut">Επιλογή συντόμευσης</string>
  <string name="title_select_live_folder">Επιλογή φακέλου</string>
  <string name="all_apps_button_label">Όλες οι εφαρμογές</string>
  <string name="all_apps_home_button_label">Αρχική</string>
  <string name="menu_add">Προσθήκη</string>
  <string name="menu_wallpaper">Ταπετσαρία</string>
  <string name="menu_search">Αναζήτηση</string>
  <string name="menu_notifications">Ειδοποιήσεις</string>
  <string name="menu_gestures">Χειρονομίες</string>
  <string name="menu_settings">Ρυθμίσεις</string>
  <string name="permlab_install_shortcut">Προσθήκη συντομεύσεων</string>
  <string name="permdesc_install_shortcut">Επιτρέπει σε μια εφαρμογή να προσθέτει συντομεύσεις χωρίς την παρέμβαση του χρήση.</string>
  <string name="permlab_uninstall_shortcut">αφαίρεση συντομεύσεων</string>
  <string name="permdesc_uninstall_shortcut">Επιτρέπει σε μια εφαρμογή να αφαιρεί συντομεύσεις χωρίς την παρέμβαση του χρήστη.</string>
  <string name="permlab_read_settings">ανάγνωση ρυθμίσεων και συντομεύσεων Αρχικής</string>
  <string name="permdesc_read_settings">Επιτρέπει σε μια εφαρμογή να διαβάζει τις συντομεύσεις και τις ρυθμίσεις της Αρχικής.</string>
  <string name="permlab_write_settings">εγγραφή ρυθμίσεων και συντομεύσεων Αρχικής</string>
  <string name="permdesc_write_settings">Επιτρέπει σε μια εφαρμογή να αλλάζει τις συντομεύσεις και τις ρυθμίσεις της Αρχικής.</string>
  <string name="gadget_error_text">Πρόβλημα κατά την φόρτωση του γραφικού στοιχείου</string>
  <string name="menu_edit">Επεξεργασία</string>
  <string name="cant_remove_system_app">Η αφαίρεση εφαρμογής συστήματος δεν είναι δυνατή</string>
  <string name="uninstall_body_format">Απεγκατάσταση της εφαρμογής \"%s\";</string>
  <string name="uninstall">Απεγκατάσταση</string>
  <string name="cant_remove_folder">Η διαγραφή του φακέλου δεν είναι δυνατή</string>
  <string name="pick_lockscreenwallpaper">Ταπετσαρία οθόνης κλειδώματος</string>
  <string name="lockscreenwallpaper_instructions">Ορισμός ταπετσαρίας οθόνης κλειδώματος</string>
  <string name="failed_to_drop">Αδύνατη μετακίνηση, το αντικείμενο θα επιστρέψει στην αρχική του θέση</string>
  <string name="failed_to_drop_widget">Καθόλου χώρος σε αυτή την οθόνη</string>
  <string name="widget_box_usage_hint">Πατήστε παρατεταμένα το αντικείμενο που θέλετε να μετακινήσετε και αφήστε το στην επιθυμητή οθόνη</string>
  <string name="widget_favorite_contacts_lable">Συνήθη χρησιμοποιημένα πρόσωπα</string>
  <string name="widget_favorite_contacts_edit">Επεξεργασία</string>
  <string name="widget_favorite_contacts_style">Επιλογή στιλ γραφικού στοιχείου</string>
</resources>
