<?xml version="1.0" encoding="utf-8"?>
<!--Generated by crowdin.net-->
<resources>
  <string name="app_label">Μηνύματα</string>
  <string name="new_message">Νέο μήνυμα</string>
  <string name="create_new_message">Σύνθεση νέου μηνύματος</string>
  <string name="menu_call_back">Κλήση %s</string>
  <string name="menu_send_email">Αποστολή email στο %s</string>
  <string name="menu_compose_new">Σύνθεση</string>
  <string name="menu_preferences">Ρυθμίσεις</string>
  <string name="menu_add_address_to_contacts">Προσθήκη %s στις επαφές</string>
  <string name="menu_call">Κλήση</string>
  <string name="menu_delete_all">Διαγραφή νημάτων</string>
  <string name="menu_delete">Διαγραφή νήματος</string>
  <string name="menu_undelivered_messages">Ανεπίδοτα μηνύματα</string>
  <string name="menu_view">Προβολή νήματος</string>
  <string name="refreshing">Ανανέωση...</string>
  <string name="has_draft">Πρόχειρο</string>
  <string name="broadcast_from_to">%1$s προς %2$s</string>
  <string name="anonymous_recipient">Ανώνυμος</string>
  <string name="no_subject_view">(Χωρίς Θέμα)</string>
  <string name="messagelist_sender_self">Εγώ</string>
  <string name="view_picture">Προβολή εικόνας</string>
  <string name="view_slideshow">Προβολή σλάιντς</string>
  <string name="view_message_details">Προβολή λεπτομερειών μηνύματος</string>
  <string name="view_delivery_report">Προβολή αναφοράς</string>
  <string name="delete_message">Διαγραφή μηνύματος</string>
  <string name="sent_on">Στάλθηκε: %s</string>
  <string name="expire_on">Λήγει: %s</string>
  <string name="kilobyte">KB</string>
  <string name="undelivered_msg_dialog_title">Ανεπίδοτο μήνυμα</string>
  <string name="undelivered_msg_dialog_body">Αδυναμία αποστολής μηνύματος.\nΠροσπάθεια: %s.</string>
  <string name="undelivered_sms_dialog_body">Αδυναμία αποστολής μυνήματος.</string>
  <string name="delete_thread">Διαγραφή νήματος</string>
  <string name="menu_forward">Προώθηση</string>
  <string name="download">Λήψη</string>
  <string name="downloading">Λήψη</string>
  <string name="name_colon">:\u0020</string>
  <string name="inline_subject"><Θέμα: %s></string>
  <string name="drm_protected_text">* DRM προστατευόμενο κείμενο *</string>
  <string name="insufficient_drm_rights">Ανεπαρκή δικαιώματα DRM.</string>
  <string name="copy_message_text">Αντιγράψτε το κείμενο του μηνύματος</string>
  <string name="message_options">Επιλογές μηνυμάτων</string>
  <string name="done">Ολοκληρώθηκε</string>
  <string name="move_up">Μετακίνηση επάνω</string>
  <string name="move_down">Μετακίνηση κάτω</string>
  <string name="remove_slide">Κατάργηση διαφάνειας</string>
  <string name="add_slide">Προσθήκη διαφάνειας</string>
  <string name="add_slide_hint">Επιλέξτε για να δημιουργήσετε νέα διαφάνεια.</string>
  <string name="discard_slideshow">Απόρριψη slideshow</string>
  <string name="slide_show_part">Μέρος %1$s/%2$s</string>
  <string name="remove_text">Αφαίρεση κείμενου</string>
  <string name="add_picture">Προσθήκη εικόνας</string>
  <string name="remove_picture">Κατάργηση εικόνας</string>
  <string name="add_music">Προσθήκη μουσικής</string>
  <string name="remove_music">Κατάργηση μουσικής</string>
  <string name="add_video">Πρόσθεση βίντεο</string>
  <string name="remove_video">Κατάργηση βίντεο</string>
  <string name="compose_title">Σύνταξη</string>
  <string name="to_hint">Προς</string>
  <string name="subject_hint">Θέμα</string>
  <string name="add_attachment">Επισύναψη</string>
  <string name="add_subject">Προσθήκη θέματος</string>
  <string name="discard">Απόρριψη</string>
  <string name="view">Προβολή</string>
  <string name="replace">Αντικατάσταση</string>
  <string name="remove">Αφαίρεση</string>
  <string name="send">Αποστολή</string>
  <string name="mms">MMS</string>
  <string name="all_threads">Όλα τα νήματα</string>
  <string name="type_to_compose_text_enter_to_send">Πληκτρολογήστε να συνθέσετε</string>
  <string name="open_keyboard_to_compose_message">Ανοίξτε το πληκτρολόγιο για να συνθέσετε το μήνυμα</string>
  <string name="image_too_large">Εικόνα πολύ μεγάλη</string>
  <string name="ask_for_automatically_resize">Αυτόματη αλλαγή μεγέθους φωτογραφίας πριν την αποστολή;</string>
  <string name="compressing">Εικόνα πολύ μεγάλη. Συμπίεση...</string>
  <string name="unsupported_media_format">Μη υποστηριζόμενη %1$s μορφή</string>
  <string name="select_different_media">Παρακαλώ διαλέξτε διαφορετική %1$s.</string>
  <string name="exceed_message_size_limitation">Επιτεύχθηκε το όριο μηνύματος.</string>
  <string name="message_too_big_for_video">Το μήνυμα είναι πολύ μεγάλο για να επισυνάψετε ένα βίντεο.</string>
  <string name="failed_to_add_media">Λυπούμαστε, δεν μπορείτε να προσθέσετε αυτό το %1$s στο μήνυμά σας.</string>
  <string name="failed_to_resize_image">Η εικόνα δεν έχει αλλάξει μέγεθος.</string>
  <string name="resize_image_error_information">Δυστυχώς, ακόμη και όταν αλλάξει το μέγεθός αυτή η εικόνα είναι πολύ μεγάλη για αποστολή.</string>
  <string name="forward_prefix">Fwd:\u0020</string>
  <string name="discard_message">Απόρριψη</string>
  <string name="discard_message_reason">Το μήνυμά σας θα απορριφθεί, επειδή δεν έχει έγκυρους παραλήπτες.</string>
  <string name="has_invalid_recipient">Άκυροι παραλήπτες: <%1$s></string>
  <string name="invalid_destination">Έχετε εισάγει μια άκυρη διεύθυνση.</string>
  <string name="invalid_recipient_message">Παρακαλώ διορθώστε τους παραλήπτες ειδάλλως δεν θα λάβουν το μήνυμα.</string>
  <string name="cannot_send_message">Δεν είναι δυνατή η αποστολή αυτού του μηνύματος</string>
  <string name="cannot_send_message_reason">Το μήνυμά σας δεν διαθέτει έγκυρους παραλήπτες.</string>
  <string name="cannot_forward_drm_obj">Το DRM αντικείμενο που περιλαμβάνονται στο μήνυμα δεν μπορεί να διαβιβαστεί.</string>
  <string name="converting_to_picture_message">Μετατροπή σε μήνυμα πολυμέσων...</string>
  <string name="converting_to_text_message">Μετατρέποντας σε μήνυμα κειμένου...</string>
  <string name="cannot_add_slide_anymore">Δεν είναι δυνατή η προσθήκη περισσότερων διαφανειών.</string>
  <string name="cannot_add_picture_and_video">Δεν είναι δυνατή η προσθήκη βίντεο και εικόνας σε μία διαφάνεια.</string>
  <string name="cannot_save_message">Δεν είναι δυνατή η αποθήκευση του μηνύματος.</string>
  <string name="cannot_load_message">Δεν είναι δυνατή η φόρτωση του μηνύματος.</string>
  <string name="message_saved_as_draft">Το μήνυμα αποθηκεύτηκε ως πρόχειρο.</string>
  <string name="locked_message_cannot_be_deleted">Τα κλειδωμένα μηνύματα δεν μπορούν να διαγραφούν.</string>
  <string name="too_many_recipients">Αυτό το μήνυμα έχει πάρα πολλούς παραλήπτες (%1$s). Υπάρχει ένα όριο από %2$s παραλήπτες.</string>
  <string name="too_many_attachments">Υπάρχει ένα όριο από %1$s συνημμένα. Μόνο τα πρώτα %2$s θα προστεθούν.</string>
  <string name="adding_attachments_title">Προσθήκη συνημμένων</string>
  <string name="adding_attachments">Παρακαλώ περιμένετε ενώ τα στοιχεία προστίθενται στο σλάιντ.</string>
  <string name="multiple_recipients">%1$s αποδέκτες</string>
  <string name="cannot_play_audio">Δεν είναι δυνατή η αναπαραγωγή ήχου.</string>
  <string name="preview">Προεπισκόπηση</string>
  <string name="preview_slideshow">Προεπισκόπηση</string>
  <string name="replace_image">Αντικατάσταση εικόνας</string>
  <string name="duration_sec">Διάρκεια (%s δευτ)</string>
  <string name="duration_selector_title">Διάρκεια σλάιντ\u0020</string>
  <string name="layout_selector_title">Διάταξη σλάιντ\u0020</string>
  <string name="layout_top">Διάταξη (κορυφή)</string>
  <string name="layout_bottom">Διάταξη (κάτω)</string>
  <string name="type_to_compose_text_or_leave_blank">Πληκτρολογήστε για να συνθέσετε κείμενο, ή αφήστε το κενό</string>
  <string name="duration_not_a_number">Η διάρκεια πρέπει να είναι αριθμός</string>
  <string name="duration_zero">Η διάρκεια πρέπει να είναι μεγαλύτερη του μηδενός</string>
  <string name="secs">δευτερόλεπτα</string>
  <string name="menu_view_contact">Προβολή επαφής</string>
  <string name="menu_add_to_contacts">Προσθήκη στις Επαφές</string>
  <string name="hidden_sender_address">Κρυφή διεύθυνση αποστολέα</string>
  <string name="yes">Εντάξει</string>
  <string name="no">Ακύρωση</string>
  <string name="set">Ορισμός</string>
  <string name="play">Αναπαραγωγή</string>
  <string name="edit">Επεξεργασία</string>
  <string name="resize">Αλλαγή μεγέθους</string>
  <string name="try_to_send">Προσπάθεια αποστολής</string>
  <string name="preferences_title">Ρυθμίσεις</string>
  <string name="restore_default">Επαναφορά προεπιλεγμένων ρυθμίσεων</string>
  <string name="pref_notification_settings_title">Ρυθμίσεις ειδοποίησης</string>
  <string name="pref_mms_settings_title">Ρυθμίσεις μηνύματος πολυμέσων (MMS)</string>
  <string name="pref_sms_settings_title">Ρυθμίσεις μηνύματος κειμένου</string>
  <string name="pref_sms_storage_title">Ρυθμίσεις αποθήκευσης</string>
  <string name="pref_summary_manage_sim_messages">Διαχείριση μηνυμάτων που είναι αποθηκευμένα στην κάρτα SIM</string>
  <string name="pref_summary_mms_delivery_reports">Αίτημα για αναφορά παράδοσης για κάθε μήνυμα που στέλνετε</string>
  <string name="pref_summary_mms_read_reports">Ζητήστε αναφορά ανάγνωσης για κάθε μήνυμα που στέλνετε</string>
  <string name="pref_summary_sms_delivery_reports">Αίτημα για αναφορά παράδοσης για κάθε μήνυμα που στέλνετε</string>
  <string name="pref_summary_auto_delete">Διαγραφή παλαιών μηνυμάτων όταν φτάνει στο όριο</string>
  <string name="pref_summary_delete_limit">%1$s μηνύματα ανα συνομιλία</string>
  <string name="pref_title_manage_sim_messages">Διαχείριση μηνυμάτων κάρτας SIM</string>
  <string name="pref_title_mms_delivery_reports">Αναφορές παράδοσης</string>
  <string name="pref_title_mms_read_reports">Αναφορές ανάγνωσης</string>
  <string name="pref_title_sms_delivery_reports">Αναφορές παράδοσης</string>
  <string name="pref_title_auto_delete">Διαγραφή παλιών μηνυμάτων</string>
  <string name="pref_title_sms_delete">Όριο μηνύματος κειμένου</string>
  <string name="pref_title_mms_delete">Όριο μηνύματος πολυμέσων</string>
  <string name="pref_title_popup_enabled">Αναδυόμενο μήνυμα</string>
  <string name="pref_summary_popup_enabled">Εμφανίζει αναδυόμενο παράθυρο με το περιεχόμενο τουμ ηνύματος</string>
  <string name="pref_title_notification_enabled">Ειδοποιήσεις</string>
  <string name="pref_summary_notification_enabled">Εμφάνιση ειδοποιήσεων μηνύματος στη γραμμή κατάστασης</string>
  <string name="pref_title_notification_vibrateWhen">Δόνηση</string>
  <string name="pref_summary_notification_vibrateWhen">Δόνηση και κατά την ειδοποίηση</string>
  <string name="pref_title_notification_ringtone">Επιλογή ήχου</string>
  <string name="pref_messages_to_save">Ορίστε τον αριθμό των μηνυμάτων που θα αποθηκεύονται</string>
  <string name="prefDefault_vibrateWhen">ποτέ</string>
  <string name="prefDefault_vibrate_true">πάντα</string>
  <string name="prefDefault_vibrate_false">ποτέ</string>
  <string name="prefDialogTitle_vibrateWhen">Δόνηση</string>
  <string name="pref_title_mms_auto_retrieval">Αυτόματη ανάκτηση</string>
  <string name="pref_summary_mms_auto_retrieval">Αυτόματη ανάκτηση μηνυμάτων</string>
  <string name="pref_title_mms_retrieval_during_roaming">Αυτόματη ανάκτηση περιαγωγής</string>
  <string name="pref_summary_mms_retrieval_during_roaming">Αυτόματη ανάκτηση μηνυμάτων κατά την περιαγωγή</string>
  <string name="to_label">Προς\u0020</string>
  <string name="confirm_dialog_title">Διαγραφή</string>
  <string name="confirm_dialog_locked_title">Διαγραφή κλειδωμένου μηνύματος;</string>
  <string name="confirm_delete_conversation">Θα διαγραφεί ολόκληρο το νήμα.</string>
  <string name="confirm_delete_all_conversations">Θα διαγραφούν όλα τα νήματα.</string>
  <string name="confirm_delete_message">Το μήνυμα θα διαγραφεί.</string>
  <string name="confirm_delete_locked_message">Είστε σίγουροι ότι θέλετε να διαγράψετε αυτό το κλειδωμένο το μήνυμα;</string>
  <string name="confirm_delete_all_messages">Θα διαγραφεί ολόκληρο το νήμα.</string>
  <string name="confirm_delete_all_SIM_messages">Θα διαγραφούν όλα τα μηνύματα της SIM.</string>
  <string name="confirm_delete_SIM_message">Αυτό το μήνυμα της SIM θα διαγραφεί.</string>
  <string name="delete_unlocked">Διαγραφή κλειδωμένων μηνυμάτων;</string>
  <string name="delete">Διαγραφή</string>
  <string name="cannot_get_details">Αδυναμία ανάκτησης λεπτομερειών</string>
  <string name="message_details_title">Στοιχεία μηνύματος</string>
  <string name="message_type_label">Τύπος:\u0020</string>
  <string name="text_message">Μήνυμα κειμένου</string>
  <string name="multimedia_message">Μήνυμα πολυμέσων</string>
  <string name="multimedia_notification">Ειδοποίηση μηνύματος πολυμέσων</string>
  <string name="from_label">Απο:\u0020</string>
  <string name="to_address_label">Προς:\u0020</string>
  <string name="bcc_label">Bcc:\u0020</string>
  <string name="sent_label">Στάλθηκε:\u0020</string>
  <string name="received_label">Ελήφθη:\u0020</string>
  <string name="saved_label">Αποθηκεύτηκε:\u0020</string>
  <string name="subject_label">Θέμα:\u0020</string>
  <string name="message_size_label">Μέγεθος μηνύματος:\u0020</string>
  <string name="priority_label">Προτεραιότητα:\u0020</string>
  <string name="priority_high">Υψηλή</string>
  <string name="priority_normal">Κανονική</string>
  <string name="priority_low">Χαμηλή</string>
  <string name="message_class_label">Κατηγορία μηνύματος:\u0020</string>
  <string name="error_code_label">Κωδικός σφάλματος:\u0020</string>
  <string name="menu_edit">Επεξεργασία</string>
  <string name="menu_retry_sending">Επανάληψη αποστολής</string>
  <string name="menu_retry_sending_all">Επανάληψη αποστολής όλων</string>
  <string name="menu_delete_messages">Διαγραφή μηνυμάτων</string>
  <string name="retrying_dialog_body">Αυτό το μήνυμα %s δεν εστάλη εξαιτίας ενός προβλήματος σύνδεσης.\nΠροσπάθεια αποστολής…</string>
  <string name="menu_lock">Κλείδωμα μηνύματος</string>
  <string name="menu_unlock">Ξεκλειδώστε το μήνυμα</string>
  <string name="sim_copy_to_phone_memory">Αντιγραφή στη μνήμη του τηλεφώνου</string>
  <string name="sim_delete">Διαγραφή</string>
  <string name="sim_manage_messages_title">Μηνύματα κειμένου στην κάρτα SIM</string>
  <string name="sim_view">Προβολή</string>
  <string name="sim_empty">Δεν υπάρχουν μηνύματα στην κάρτα SIM.</string>
  <string name="delivery_header_title">Αναφορά</string>
  <string name="status_none">(Κανένα)</string>
  <string name="status_pending">Εκκρεμεί</string>
  <string name="status_read">Αναγνωσμένα</string>
  <string name="status_received">Ληφθέντα</string>
  <string name="status_failed">Ανεπιτυχή</string>
  <string name="status_unread">Μη αναγνωσμένα</string>
  <string name="status_rejected">Απορριπτόμενα</string>
  <string name="recipient_label">Παραλήπτης:\u0020</string>
  <string name="status_label">Κατάσταση:\u0020</string>
  <string name="attach_image">Εικόνες</string>
  <string name="attach_take_photo">Λήψη εικόνας</string>
  <string name="attach_video">Βίντεο</string>
  <string name="attach_record_video">Καταγραφή βίντεο</string>
  <string name="attach_sound">Ήχος</string>
  <string name="attach_record_sound">Ηχογράφηση</string>
  <string name="attach_slideshow">Προβολή σλάιντ</string>
  <string name="select_bottom_text">Κείμενο στο κάτω μέρος</string>
  <string name="select_top_text">Κείμενο στην κορυφή</string>
  <string name="delivery_toast_body">Το μήνυμα λήφθηκε απο %s</string>
  <string name="notification_multiple">%s μη αναγνωσμένα μηνύματα.</string>
  <string name="notification_multiple_title">Νέα μηνύματα</string>
  <string name="notification_failed_multiple">%s μηνύματα δε μπόρεσαν να σταλούν.</string>
  <string name="notification_failed_multiple_title">Τα μηνύματα δεν στάλθηκαν</string>
  <string name="sim_full_title">Κάρτα SIM πλήρης</string>
  <string name="sim_full_body">Διαγράψτε μερικά μηνύματα για να δημιουργηθεί χώρος για περισσότερα.</string>
  <string name="sms_full_title">Μνήμη μηνυμάτων κειμένου πλήρης</string>
  <string name="sms_full_body">Εισερχόμενο μήνυμα απορρίφθηκε λόγω πλήρους μνήμης. Παρακαλώ διαγράψτε παλαιά μηνύματα.</string>
  <string name="sms_rejected_title">Γραπτό μήνυμα απορρίφθηκε</string>
  <string name="sms_rejected_body">Εισερχόμενο μήνυμα απορρίφθηκε για άγνωστο λόγο.</string>
  <string name="type_audio">ήχος</string>
  <string name="type_picture">εικόνα</string>
  <string name="type_video">βίντεο</string>
  <string name="confirm">Επιβεβαίωση</string>
  <string name="message_send_read_report">Μια αναφορά ανάγνωσης θα σταλεί.</string>
  <string name="message_queued">Αδυναμία αποστολής μηνύματος. Θα σταλεί όταν η υπηρεσία είναι διαθέσιμη.</string>
  <string name="no_subject">(Χωρίς Θέμα)</string>
  <string name="unknown_sender">Άγνωστος αποστολέας</string>
  <string name="dl_failure_notification">Η λήψη του μηνύματος %1$s απο %2$s ήταν ανεπιτυχής.</string>
  <string name="dl_expired_notification">Το μήνυμα έχει λήξει και θα διαγραφεί.</string>
  <string name="rate_limit_surpassed">Επιβεβαίωση</string>
  <string name="confirm_rate_limit">Αποστέλλεται μεγάλος αριθμός μηνυμάτων. Είναι αυτό εντάξει;</string>
  <string name="message_download_failed_title">Δεν γίνεται λήψη μηνύματος</string>
  <string name="message_send_failed_title">Το μήνυμα δεν στάλθηκε</string>
  <string name="message_failed_body">Επιλέξτε να ελέγξετε το μήνυμα και προσπαθήστε ξανά.</string>
  <string name="download_later">Αυτή τη στιγμή δεν είναι δυνατό να γίνει λήψη. Ξαναπροσπαθήστε αργότερα.</string>
  <string name="select_audio">Επιλογή ήχου</string>
  <string name="copy_to_sdcard">Το αντίγραφο επισυνάφθηκε στην κάρτα SD</string>
  <string name="copy_to_sdcard_success">Το συνημμένο αντιγράφτηκε στην κάρτα SD</string>
  <string name="copy_to_sdcard_fail">Η αντιγραφή του συνημμένου στην κάρτα SD απέτυχε</string>
  <string name="save_ringtone">Αποθήκευση ως ήχος</string>
  <string name="saved_ringtone">Ο ήχος αποθηκεύτηκε</string>
  <string name="saved_ringtone_fail">Η αποθήκευση του ήχου απέτυχε</string>
  <string name="menu_insert_smiley">Εισαγωγή φατσούλας</string>
  <string name="select_link_title">Επιλέξτε ενέργεια</string>
  <string name="slide_number">Σλάιντ %s</string>
  <string name="delivery_report_activity">Αναφορές παράδοσης</string>
  <string name="storage_limits_activity">Όρια αποθήκευσης</string>
  <string name="add_attachment_activity">Προσθήκη συνημμένου:</string>
  <string name="select_layout_activity">Επιλέξτε διάταξη</string>
  <string name="change_duration_activity">Αλλαγή της διάρκειας</string>
  <string name="edit_text_activity">Επεξεργασία κειμένου</string>
  <string name="edit_slideshow_activity">Επεξεργασία σλάιντ</string>
  <string name="edit_slide_activity">Επεξεργασία σλάιντ</string>
  <string name="pick_numbers_activity">Επιλογή αριθμών</string>
  <string name="slideshow_activity">Προβολή σλάιντ</string>
  <string name="popup_activity">Άμεση απάντηση</string>
  <string name="popup_btn_send">Απάντηση</string>
  <string name="class_0_message_activity">Μήνυμα κλάσης 0</string>
  <string name="send_using_mms_activity">Αποστολή ως μήνυμα πολυμέσων...</string>
  <string name="select_contact_method_activity">Επιλέξτε τη μέθοδο επικοινωνίας</string>
  <string name="search_label">Μηνύματα</string>
  <string name="search_hint">Αναζήτηση μηνυμάτων</string>
  <string name="search">Μηνύματα</string>
  <string name="search_setting_description">Κείμενο στα μηνύματά σας</string>
  <string name="search_empty">Δεν βρέθηκαν αποτελέσματα</string>
  <string name="search_history">%1$s αποτελέσματα για \"%2$s\"</string>
  <string name="confirm_clear_search_title">Εκκαθάριση</string>
  <string name="confirm_clear_search_text">Το ιστορικό αναζήτησης θα καθαριστεί.</string>
  <string name="pref_mms_clear_search_history_title">Εκκαθάριση ιστορικού αναζήτησης</string>
  <string name="pref_mms_clear_search_history_summary">Εκκαθάριση προηγούμενων αναζητήσεων απ το να εμφανίζονται στο πλαίσιο "Αναζήτηση"</string>
  <string name="save">Αποθήκευση</string>
  <string name="storage_limits_title">Περιορισμός μηνυμάτων</string>
  <string name="storage_limits_message">Θέλετε να περιορίσετε τον αριθμό των μηνυμάτων που μπορείτε να αποθηκεύσετε ανά συνομιλία;</string>
  <string name="storage_limits_setting">Ορίστε όρια</string>
  <string name="storage_limits_setting_dismiss">Χωρίς όρια</string>
  <string name="too_many_unsent_mms">Δε μπορείτε να στείλετε το μήνυμα τώρα. Υπάρχουν πάρα πολλά μη απεσταλμένα μηνύματα πολυμέσων.</string>
  <string name="me">Εγώ</string>
  <string name="sending_message">Αποστολή...</string>
  <string name="bookmark_sms">Σημείωση SMS</string>
  <string name="bookmark_sms_message">Σημείωση μηνύματος SMS...</string>
  <string name="recent_conversation">Πρόσφατη συζήτηση</string>
  <string name="contacts">Επαφές</string>
  <string name="sms_bookmark">Sms bookmark</string>
  <string name="sms_push">sms push</string>
  <string name="forward_from_format">%s μεταφέρθηκε από %s</string>
  <string name="msg_forward_from_format">—Μεταφέρθηκε από:%s</string>
  <string name="forward_count_format">Προώθηση %s φορές</string>
  <string name="recipient_count_format">%d άτομα</string>
  <string name="notification_color_title">Χρώμα ειδοποίησης</string>
  <string name="notification_color_summary">Επιλογή χρώματος ειδοποίησης</string>
  <string name="group_msg_contact_title">%s snet προς:%s</string>
  <string name="sms_bookmark_welcome">Δεν έχουν αποθηκευτεί μηνύματα.Κρατήσε πατημένο και επιλέξτε Προσθήκη στα αγαπημένα.</string>
  <string name="mms_increase_font_size">Αύξηση μεγέθους γραμματοσειράς</string>
  <string name="mms_decrease_font_size">Μείωση μεγέθους γραμματοσειράς</string>
  <string name="mms_reading_mode_day">Λειτουργία μέρας</string>
  <string name="mms_reading_mode_night">Λειτουργία νύχτας</string>
  <string name="menu_patch_delete">Διαγραφή νήματος</string>
  <string name="btn_done">Διαγραφή</string>
  <string name="btn_cancel">Άκυρο</string>
  <string name="pref_title_forward_contact">Προωθήθηκε από</string>
  <string name="pref_summary_forward_contact">Εμφάνιση προλέλευσης κατά την προώθηση</string>
  <string name="save_image">Αποθήκευση εικόνας</string>
  <string name="mms_image_folder_name">Φάκελος εικόνων</string>
  <string name="mms_image_saved_successfully">Η εικόνα αποθηκεύτηκε</string>
  <string name="mms_image_saving_failed">Η αποθήκευση της εικόνας απέτυχε</string>
  <string name="festival_sms_category_count_format">(%s)</string>
  <string name="festival_msg_loading">Φόρτωση...</string>
  <string name="festival_sms_push">Προτεινόμενο</string>
  <string name="menu_group_sending">Ομαδική αποστολή</string>
  <string name="miui_push">Το MIUI προτείνει</string>
  <string name="pushed_sms_category">短信</string>
  <string name="converstaion_list_tile">短信</string>
  <string name="conversations_count_format">(%d)</string>
  <string name="quick_sms_to">Γρήγορη απάντηση προς %s</string>
  <string name="popup_sms_deleted">Το μήνυμα διεγράφη</string>
  <string name="pref_set_font_size">Ορισμός μεγέθους γραμματοσειράς</string>
  <string name="pref_summery_set_font_size">设置短信显示的文字大小</string>
  <string name="menu_batch_delete">批量删除</string>
  <string name="batch_delete_confirm_dialog_title">Επιβαιβέωση μαζικής διαγραφής</string>
  <string name="batch_delete_confrom_dialog_message">Μαζική διαγραφή</string>
  <string name="btn_delete_with_number">Διαγραφή(%d)</string>
</resources>
