<?xml version="1.0" encoding="utf-8"?>
<!--Generated by crowdin.net-->
<resources>
  <string name="app_name">Ενημερώσεις λογισμικού συστήματος</string>
  <string name="apply_now_button_text">Ενημέρωση τώρα</string>
  <string name="apply_later_button_text">Ενημέρωση αργότερα</string>
  <string name="apply_update_button_text">Ενημέρωση</string>
  <string name="apply_title_textview_text">Έτοιμο προς χρήση</string>
  <string name="apply_subtitle_textview_text">Πληροφορίες έκδοσης：</string>
  <string name="apply_unable_to_reboot_toast">Αδύνατη η επανεκκίνηση στην λειτουργία ανάκτησης</string>
  <string name="apply_trying_to_get_root_access">Προσπάθεια για root πρόσβαση</string>
  <string name="available_updates_text">Παρακαλώ διαλέξτε ποια ROM θέλετε να κατεβάσετε：</string>
  <string name="choose_available_update_text">Αναβάθμιση</string>
  <string name="no_updates_found_instructions">Έχετε ήδη την νεότερη έκδοση\ κάντε κλικ στο \ \'έλεγχος τώρα\'\ Επανέλεγχος για ενημερώσεις</string>
  <string name="check_error_instructions">hi</string>
  <string name="downloaded_update_found_text">Βρέθηκε αρχείο αναβάθμισης στην SD:</string>
  <string name="checking_for_updates">Έλεγχος για ενημερώσεις</string>
  <string name="downloading_update">Λήψη ενημέρωσης</string>
  <string name="sdcard_is_not_present_dialog_body">Χρειάζεστε κάρτα SD για το ληφθέν αρχείο</string>
  <string name="sdcard_is_not_present_dialog_title">Δε βρέθηκε κάρτα SD</string>
  <string name="sdcard_is_not_present_dialog_ok_button">ΟΚ</string>
  <string name="current_version_text">Τρέχουσα έκδοση： {0}</string>
  <string name="delete_updates_text">Αφαίρεση ενημέρωσης</string>
  <string name="delete_updates_success_message">Επιτυχής διαγραφή ενημερώσεων</string>
  <string name="delete_updates_failure_message">Σφάλμα αφαίρεσης ενημερώσεων</string>
  <string name="delete_updates_noFolder_message">Δεν βρέθηκαν τοπικές ενημερώσεις</string>
  <string name="apply_update_dialog_title">Παρακαλώ επιβεβαιώστε</string>
  <string name="apply_update_dialog_text">Θέλετε να εγκαταστήσετε αμέσως το αρχείο ενημέρωσης: (0).\nΑν κάνετε κλικ στο κουμπί "Ενημέρωση" , το τηλέφωνο θα κάνει αυτόματα επανεκκίνηση για να εγκαταστήσει την ενημέρωση.</string>
  <string name="apply_update_dialog_update_button">Ενημέρωση</string>
  <string name="apply_update_dialog_backup_and_update_button">Ενημέρωση εφαρμογών και αντιγράφων ασφαλείας</string>
  <string name="apply_update_dialog_cancel_button">Ακύρωση</string>
  <string name="check_now">Έλεγχος τώρα</string>
  <string name="menu_config">Ρυθμίσεις</string>
  <string name="menu_about">Περί</string>
  <string name="menu_changelog">Καταγραφή αλλαγών</string>
  <string name="cancel_download_buton_text">Ακύρωση</string>
  <string name="confirm_download_cancelation_dialog_message">Θέλετε σίγουρα να ακυρώσετε την τρέχουσα λήψη;</string>
  <string name="confirm_download_cancelation_dialog_yes">Ναι</string>
  <string name="confirm_download_cancelation_dialog_no">Όχι</string>
  <string name="download_canceled_toast_message">Η λήψη ακυρώθηκε</string>
  <string name="verify_and_apply_dialog_title">Το αρχείο επιβεβαιώθηκε επιτυχώς</string>
  <string name="verify_and_apply_dialog_message">Ελέγχονται οι υπογραφές MD5</string>
  <string name="apply_existing_update_md5error_message">Σφάλμα: Η υπογραφή MD5 δεν ταιριάζει.</string>
  <string name="file_not_found_error_message">Το αρχείο δεν υπάρχει ή δεν υπάρχει πρόσβαση σε αυτό</string>
  <string name="apply_upload_info_message">Κάντε κλικ στο "Ενημέρωση τώρα", το τηλέφωνο θα επανεκκινήσει για ενα εφαρμόσει την ενημέρωση. Αν θέλετε αντίγραφο ασφαλείας επιστρέψτε στα Αντίγραφα ασφαλέιας μετά την ενημέρωση.</string>
  <string name="notes_about_recovery">(Παρακαλώ σημειώστε ότι για να υποστηρίζονται μελλοντικές αναβαθμίσεις OTA, πρέπει να υπάρχει συμβατότητα με την λειτουργία ανάκτησης. IΓια να ελέγξετε τη συμβατότητα πάτε στο μενού "heavy brush recovery" για να χρησιμοποιήσετε την προτεινόμενη λειτοργία.</string>
  <string name="last_update_check_text">Τελευταίος έλεγχος για αναβαθμίσεις</string>
  <string name="overwrite_update_title">Η ενημέρωση υπάρχει</string>
  <string name="overwrite_update_summary">Η ROM υπάρχει ήδη.Θέλετε να γίνει λήψη ξανά;</string>
  <string name="overwrite_update_positive">Λήψη ξανά</string>
  <string name="overwrite_update_negative">Χρήση της υπάρχουσας ROM</string>
  <string name="no_md5_found_summary">Η ενημέρωση δεν έχει υπογραφή md5.Θέλετε σίγουρα να γίνει η ενημέρωση;</string>
  <string name="no_md5_found_positive">Ενημέρωση</string>
  <string name="no_md5_found_negative">Άκυρο</string>
  <string name="notification_tickertext">Λήψη ενημέρωσης</string>
  <string name="notification_finished">Η λήψη ολοκληρώθηκε</string>
  <string name="stable_description">Σταθερή</string>
  <string name="experimental_description">Πειραματική</string>
  <string name="changelog_button_text">Αρχείο αλλαγών</string>
  <string name="changelog_title_rom">Αρχείο αλλαγών ROM</string>
  <string name="md5_check_cancelled">Ο έλεγχος MD5 ακυρώθηκε</string>
  <string name="title_running">Τρέχουσα έκδοση</string>
  <string name="no_updatecheck_executed">Δεν έγινε έλεγχος για ενημερώσεις</string>
  <string name="about_dialog_title">Περί</string>
  <string name="no_updates_found">Δε βρέθηκαν ενημερώσεις</string>
  <string name="not_new_updates_found_title">Βρέθηκαν νέες ενημερώσεις</string>
  <string name="exception_while_downloading">Σφάλμα κατά την λήψη</string>
  <string name="not_update_check_error_title">Αδύνατος ο έλεγχος για ενημερώσεις</string>
  <string name="not_update_download_error_title">Σφάλμα κατά την λήψη</string>
  <string name="not_update_downloaded_title">Ολοκλήρωση λήψης της ενημέρωσης</string>
  <string name="not_update_downloaded_body">{0} Έτοιμο προς εγκατάσταση</string>
  <string name="download_info_filename">Όνομα αρχείου:</string>
  <string name="download_info_mirror">Εφεδρικός εξυπηρετητής:</string>
  <string name="download_info_downloading">Λήψη...</string>
  <string name="download_info_speed">Ταχύτητα λήψης:</string>
  <string name="download_info_remaining_time">Χρόνος που απομένει:</string>
  <string name="md5_verification_failed">Η επιβεβαίωση MD5 απέτυχε</string>
  <string name="not_new_updates_found_body">Βρέθηκε νέα έκδοση</string>
  <string name="not_network_error">Σφάλμα δικτύου,παρακαλώ ελέγξτε τις ρυθμίσεις δικτύου</string>
  <string name="version_description">Περιγραφή έκδοσης</string>
  <string name="acknowledge">acknowledge</string>
  <string name="pleasea_check_update">Παρακαλώ ελέγξτε την ενημέρωση</string>
  <string name="already_applied">Έχει εφαρμοσθεί</string>
  <string name="stable_version">Σταθερή έκδοση</string>
  <string name="test_version">Πειραματική έκδοση</string>
  <string name="wifi_not_available_title">Το Wifi δεν είναι συνδεδεμένο</string>
  <string name="wifi_not_available_body">ROM文件较大，推荐使用WIFI下载。检测到您当前WIFI还未打开或连接，是否继续下载？</string>
  <string name="widget_title">My MIUI</string>
  <string name="widget_feedback">Σχόλια;</string>
  <string name="unable_to_flash_recovery">Αδυναμία εγκατάστασης λειτουργίας ανάκτησης</string>
  <string name="flash_recovery_successfully">Η λειτ. ανάκτησης εγκαταστάθηκε επιτυχώς</string>
  <string name="reflash_recovery">Heavy brush recovery</string>
  <string name="boot_recovery">Επανεκκίνηση στην λειτ. ανάκτησης</string>
  <string name="flash_recovery_dialog_message">Εγκατάσταση λειτ. ανάκτησης</string>
  <string name="applying_rom_message">Εφαρμογή νέας rom</string>
  <string name="loading">Σύνδεση με το MIUI</string>
  <string name="page_error_title">Αδυναμία πρόσβασης</string>
  <string name="page_error">Αδυναμία πρόσβασης,ίσως υπάρχει πρόβλημα με τη σύνδεση σας</string>
  <string name="page_reload">Δοκιμάστε ξανά</string>
  <string name="install_rom_from_sd">Εγκατάσταση ROM απο την SD</string>
</resources>
