<?xml version="1.0" encoding="utf-8"?>
<!--Generated by crowdin.net-->
<resources>
  <string name="app_label">Contacts Storage</string>
  <string name="provider_label">Contacts</string>
  <string name="upgrade_out_of_memory_notification_ticker">Contact upgrade needs more memory</string>
  <string name="upgrade_out_of_memory_notification_title">Upgrading contact storage</string>
  <string name="upgrade_out_of_memory_notification_text">Select to complete the upgrade.</string>
  <string name="edit_contact">添加到已有联系人</string>
  <string name="create_contact">新建联系人</string>
</resources>
