<?xml version="1.0" encoding="utf-8"?>
<!--Generated by crowdin.net-->
<resources>
  <string name="application_name">Launcher</string>
  <string name="uid_name">Android Core Apps</string>
  <string name="folder_name">Folder</string>
  <string name="chooser_wallpaper">Select wallpaper from</string>
  <string name="wallpaper_instructions">Set wallpaper</string>
  <string name="pick_wallpaper">Wallpapers</string>
  <string name="activity_not_found">Application is not installed on your phone.</string>
  <string name="configure_wallpaper">Configure...</string>
  <string name="rename_folder_label">Folder name</string>
  <string name="rename_folder_title">Rename folder</string>
  <string name="rename_action">OK</string>
  <string name="cancel_action">Cancel</string>
  <string name="menu_item_add_item">Add to Home screen</string>
  <string name="group_applications">Applications</string>
  <string name="group_shortcuts">Shortcuts</string>
  <string name="group_folder">New folder</string>
  <string name="group_live_folders">Folders</string>
  <string name="group_widgets">Widgets</string>
  <string name="group_wallpapers">Wallpapers</string>
  <string name="add_folder">Folder</string>
  <string name="add_clock">Clock</string>
  <string name="add_photo_frame">Picture frame</string>
  <string name="out_of_space">No more room on this Home screen.</string>
  <string name="shortcut_installed">Shortcut \"%s\" created.</string>
  <string name="shortcut_uninstalled">Shortcut \"%s\" was removed.</string>
  <string name="shortcut_duplicate">Shortcut \"%s\" already exists.</string>
  <string name="title_select_shortcut">Select shortcut</string>
  <string name="title_select_live_folder">Select folder</string>
  <string name="all_apps_button_label">All applications</string>
  <string name="all_apps_home_button_label">Home</string>
  <string name="menu_add">Add</string>
  <string name="menu_wallpaper">Wallpaper</string>
  <string name="menu_search">Search</string>
  <string name="menu_notifications">Notifications</string>
  <string name="menu_gestures">Gestures</string>
  <string name="menu_settings">Settings</string>
  <string name="permlab_install_shortcut">install shortcuts</string>
  <string name="permdesc_install_shortcut">Allows an application to add shortcuts without user intervention.</string>
  <string name="permlab_uninstall_shortcut">uninstall shortcuts</string>
  <string name="permdesc_uninstall_shortcut">Allows an application to remove shortcuts without user intervention.</string>
  <string name="permlab_read_settings">read Home settings and shortcuts</string>
  <string name="permdesc_read_settings">Allows an application to read the settings and shortcuts in Home.</string>
  <string name="permlab_write_settings">write Home settings and shortcuts</string>
  <string name="permdesc_write_settings">Allows an application to change the settings and shortcuts in Home.</string>
  <string name="gadget_error_text">Problem loading widget</string>
  <string name="menu_edit">编辑模式</string>
  <string name="cant_remove_system_app">系统自带的关键应用无法卸载</string>
  <string name="uninstall_body_format">是否卸载应用程序\"%s\"?</string>
  <string name="uninstall">卸载</string>
  <string name="cant_remove_folder">不能删除非空文件夹</string>
  <string name="pick_lockscreenwallpaper">锁屏壁纸</string>
  <string name="lockscreenwallpaper_instructions">设置锁屏壁纸</string>
  <string name="failed_to_drop">移动失败, 图标回到原位置</string>
  <string name="failed_to_drop_widget">此屏没有足够空间</string>
  <string name="widget_box_usage_hint">按住小工具拖放到目标屏</string>
  <string name="widget_favorite_contacts_lable">常用联系人</string>
  <string name="widget_favorite_contacts_edit">编辑</string>
  <string name="widget_favorite_contacts_style">切换</string>
</resources>
