<?xml version="1.0" encoding="utf-8"?>
<!--Generated by crowdin.net-->
<resources>
  <string name="app_label">Armazenamento de Contatos</string>
  <string name="provider_label">Contatos</string>
  <string name="upgrade_out_of_memory_notification_ticker">A atualização de contatos necessita de mais memória</string>
  <string name="upgrade_out_of_memory_notification_title">Atualizar contatos</string>
  <string name="upgrade_out_of_memory_notification_text">Selecione para concluir atualização.</string>
  <string name="edit_contact">Adicionar a contato existente</string>
  <string name="create_contact">Criar Novo Contato</string>
</resources>
