<?xml version="1.0" encoding="utf-8"?>
<!--Generated by crowdin.net-->
<resources>
  <string name="app_name">Rádio FM</string>
  <string name="tx_app_name">Transmissor FM</string>
  <string name="preset_delete">Eliminar</string>
  <string name="stat_notif_frequency">FM FM MHz%1$s</string>
  <string name="sel_band_menu">Selecione Banda Regional</string>
  <string name="settings_menu">Definir</string>
  <string name="regional_band">Banda</string>
  <string name="aud_output_mode">Modo de saída de áudio</string>
  <string name="sel_audio_output">Selecionar saída de áudio</string>
  <string name="record_dur">Duração de gravação</string>
  <string name="sel_rec_dur">Selecionar duração de gravação</string>
  <string name="auto_select_af">Frequência alternativa</string>
  <string name="auto_select_af_enabled">Seleção automática ativada</string>
  <string name="auto_select_af_disabled">Seleção automática desligada</string>
  <string name="fac_defaults">Restaurar definições</string>
  <string name="revert_to_fac">Restaurar definições padrão</string>
  <string name="settings_back">Anterior</string>
  <string name="settings_revert_confirm_title">Confirmar restauro</string>
  <string name="settings_revert_confirm_msg">Esta ação irá apagar todas as definições incluindo predefinições</string>
  <string name="settings_back_summary">Voltar para vista anterior</string>
  <string name="settings_revert_defaults_title">Reposição dos dados de fábrica</string>
  <string name="settings_revert_defaults_summary">Reposição de todas as definições</string>
  <string name="alert_dialog_ok">Confirmar</string>
  <string name="alert_dialog_cancel">Anular</string>
  <string name="preset_search">Procurar%1$s</string>
  <string name="fm_command_failed_title">FM Operação Falhou</string>
  <string name="fm_cmd_failed_msg">A operação falhou. As possíveis causas são: não ligou auriculares, O Bluetooth não ativou, ou está no meio de uma chamada, ou o Rádio foi fechado. Por favor, tente novamente clicando no pop-up acima do botão ON / OFF e pressione o botão ON / OFF para reiniciar o Rádio</string>
  <string name="durationformat">%2$d:%5$02d</string>
  <string name="frequency_string"> </string>
  <string name="stat_no_fm">Rádio FM não está ligado</string>
  <string name="need_headset_for_antenna">Erro! Conecte os auriculares</string>
  <string name="init_FM">Aguarde, a iniciar Bluetooth...</string>
  <string name="need_bluetooth">Erro! Por favor, ligue Bluetooth para iniciar o Rádio FM</string>
</resources>
