<?xml version="1.0" encoding="utf-8"?>
<!--Generated by crowdin.net-->
<resources>
  <string name="app_name">Galeria</string>
  <string name="gadget_title">Moldura</string>
  <string name="details_ms">%1$02d:%2$02d</string>
  <string name="details_hms">%1$d:%2$02d:%3$02d</string>
  <string name="movie_view_label">Filmes</string>
  <string name="loading_video">A carregar vídeo</string>
  <string name="resume_playing_title">Retomar video</string>
  <string name="resume_playing_message">Continuar playback a partir de %s?</string>
  <string name="resume_playing_resume">Continuar Playback</string>
  <string name="resume_playing_restart">Recomeçar</string>
  <string name="camera">Câmera</string>
  <string name="crop_save_text">Guardar</string>
  <string name="crop_discard_text">Eliminar</string>
  <string name="multiface_crop_help">Toque para começar.</string>
  <string name="saving_image">A guardar imagem</string>
  <string name="crop_label">Redimensionar imagem</string>
  <string name="running_face_detection">Aguarde</string>
  <string name="set_image">Definir imagem como</string>
  <string name="wallpaper">A guardar fundo, aguarde</string>
  <string name="camera_setas_wallpaper">Fundo</string>
  <string name="details_ok">Confirmar</string>
  <string name="loading_new">Carregando novo álbum e fotos</string>
  <string name="initializing">A carregar</string>
  <string name="pick_prompt">Escolha um item da sua coleção</string>
  <string name="no_items">Não existem ícones na sua coleção</string>
  <string name="pick">Escolha</string>
  <string name="delete">Apagar</string>
  <string name="confirm_delete">Confirmar apagar</string>
  <string name="cancel">Cancelar</string>
  <string name="share">Partilhar</string>
  <string name="no_sd_card">Cartão SD desmontado ou não presente</string>
  <string name="more">Mais</string>
  <string name="select_all">Selecionar tudo</string>
  <string name="deselect_all">Desmarcar tudo</string>
  <string name="slideshow">Apresentação</string>
  <string name="menu">Menu</string>
  <string name="details">Detalhes</string>
  <string name="album_selected">Album selecionado</string>
  <string name="item_selected">Item selecionado</string>
  <string name="albums_selected">Albuns selecionados</string>
  <string name="items_selected">Items selecionados</string>
  <string name="album">Álbum</string>
  <string name="start">Começar</string>
  <string name="end">Terminar</string>
  <string name="location">Localização</string>
  <string name="location_unknown">Localização desconhecida</string>
  <string name="title">Título</string>
  <string name="type">Tipo</string>
  <string name="taken_on">Tirada de</string>
  <string name="added_on">Adicionada a</string>
  <string name="show_on_map">Mostrar no mapa</string>
  <string name="rotate_left">Rodar para a esquerda</string>
  <string name="rotate_right">Rodar para a direita</string>
  <string name="crop">Redimensionar</string>
  <string name="set_as">Definir como</string>
  <string name="set_as_wallpaper">Definir como fundo</string>
  <string name="item">Item</string>
  <string name="items">Itens</string>
  <string name="around">Loop</string>
  <string name="date_unknown">Data desconhecida</string>
  <string name="video_err">Impossível tocar vídeo</string>
  <string name="lockscreen_wallpaper">A configurar o bloqueio do fundo do ecrã, por favor aguarde</string>
  <string name="wallpaper_set">Galeria de Fundos Opcionais</string>
  <string name="lockscreen_set">Galeria de Fundos opcionais para bloqueio de ecrã</string>
  <string name="miui_screenshot">MIUI Imagens</string>
</resources>
