<?xml version="1.0" encoding="utf-8"?>
<!--Generated by crowdin.net-->
<resources>
  <string name="sharedUserId">Compartilhar ID de utilizador</string>
  <string name="process">Processo</string>
  <string name="application_name">Lançador</string>
  <string name="uid_name">Centro de aplicações do Android</string>
  <string name="folder_name">Pasta</string>
  <string name="chooser_wallpaper">Selecionar o fundo de</string>
  <string name="wallpaper_instructions">Definir como fundo</string>
  <string name="pick_wallpaper">Fundos</string>
  <string name="activity_not_found">A aplicação não está instalada no seu telefone.</string>
  <string name="configure_wallpaper">Configurar...</string>
  <string name="rename_folder_label">Nome da pasta</string>
  <string name="rename_folder_title">Mudar o nome da pasta</string>
  <string name="rename_action">OK</string>
  <string name="cancel_action">Cancelar</string>
  <string name="menu_item_add_item">Adicionar ao ecrã principal</string>
  <string name="group_applications">Aplicações</string>
  <string name="group_shortcuts">Atalhos</string>
  <string name="group_folder">Nova pasta</string>
  <string name="group_live_folders">Pastas</string>
  <string name="group_widgets">Widgets</string>
  <string name="group_wallpapers">Fundos</string>
  <string name="add_folder">Pasta</string>
  <string name="add_clock">Relógio</string>
  <string name="add_photo_frame">Moldura</string>
  <string name="out_of_space">Não há mais espaço no ecrã principal.</string>
  <string name="shortcut_installed">Atalho \"%s\" criado.</string>
  <string name="shortcut_uninstalled">Atalho \"%s\" removido.</string>
  <string name="shortcut_duplicate">Atalho \"%s\" já existe.</string>
  <string name="title_select_shortcut">Selecionar atalho</string>
  <string name="title_select_live_folder">Selecionar pasta</string>
  <string name="all_apps_button_label">Todas as aplicações</string>
  <string name="all_apps_home_button_label">Início</string>
  <string name="menu_add">Adicionar</string>
  <string name="menu_wallpaper">Fundo</string>
  <string name="menu_search">Procurar</string>
  <string name="menu_notifications">Notificações</string>
  <string name="menu_gestures">Gestos</string>
  <string name="menu_settings">Definições</string>
  <string name="permlab_install_shortcut">Instalar atalhos</string>
  <string name="permdesc_install_shortcut">Permite que uma aplicação adicione atalhos sem a intervenção do utilizador.</string>
  <string name="permlab_uninstall_shortcut">Remover atalhos</string>
  <string name="permdesc_uninstall_shortcut">Permite que uma aplicação remova atalhos sem a intervenção do utilizador.</string>
  <string name="permlab_read_settings">Ver definições principais e atalhos</string>
  <string name="permdesc_read_settings">Permitir uma aplicação aceder às definições e atalhos iniciais.</string>
  <string name="permlab_write_settings">Gerir definições do ecrã principal e atalhos</string>
  <string name="permdesc_write_settings">Permitir às aplicações acederem às definições e atalhos iniciais.</string>
  <string name="gadget_error_text">Erro ao carregar widget</string>
  <string name="menu_edit">Modo de edição</string>
  <string name="cant_remove_system_app">Esta aplicação faz parte do sistema. Impossível removê-la.</string>
  <string name="uninstall_body_format">Remover a aplicação \"%s\"?</string>
  <string name="uninstall">Desinstalar</string>
  <string name="cant_remove_folder">Não é possível remover uma pasta com conteúdo</string>
  <string name="pick_lockscreenwallpaper">Definir como fundo</string>
  <string name="lockscreenwallpaper_instructions">Definições de Fundo</string>
  <string name="failed_to_drop">Erro. Ícone movido à posição inicial.</string>
  <string name="failed_to_drop_widget">Sem espaço no ecrã inicial</string>
  <string name="widget_box_usage_hint">Pressionar e arrastar o widget para o local desejado</string>
  <string name="widget_favorite_contacts_lable">Contatos</string>
  <string name="widget_favorite_contacts_edit">Editar Grupos</string>
  <string name="widget_favorite_contacts_style">Controlo de energia</string>
</resources>
