<?xml version="1.0" encoding="utf-8"?>
<!--Generated by crowdin.net-->
<resources>
  <string name="app_label">Mensagens</string>
  <string name="new_message">Nova Mensagem</string>
  <string name="create_new_message">Criar Nova Mensagem</string>
  <string name="menu_call_back">Ligar a %s</string>
  <string name="menu_send_email">Enviar E-Mail a %s</string>
  <string name="menu_compose_new">Criar</string>
  <string name="menu_preferences">Definições</string>
  <string name="menu_add_address_to_contacts">Adicionar %s a contatos</string>
  <string name="menu_call">Ligar</string>
  <string name="menu_delete_all">Apagar conversas</string>
  <string name="menu_delete">Apagar conversa</string>
  <string name="menu_undelivered_messages">Mensagens não enviadas</string>
  <string name="menu_view">Ver conversa</string>
  <string name="refreshing">A atualizar...</string>
  <string name="has_draft">Rascunho</string>
  <string name="broadcast_from_to">%1$s para %2$s</string>
  <string name="anonymous_recipient">Desconhecido</string>
  <string name="no_subject_view">(Sem assunto)</string>
  <string name="messagelist_sender_self">Eu</string>
  <string name="view_picture">Ver imagem</string>
  <string name="view_slideshow">Ver slideshow</string>
  <string name="view_message_details">Ver detalhes da mensagem</string>
  <string name="view_delivery_report">Ver relatório</string>
  <string name="delete_message">Apagar mensagem</string>
  <string name="sent_on">Enviado: %s</string>
  <string name="expire_on">Expira: %s</string>
  <string name="kilobyte">KB</string>
  <string name="undelivered_msg_dialog_title">Mensagem não recebida</string>
  <string name="undelivered_msg_dialog_body">Impossível enviar esta mensagem.\nTentativa realizada: %s.</string>
  <string name="undelivered_sms_dialog_body">Impossível enviar esta mensagem</string>
  <string name="delete_thread">Apagar conversa</string>
  <string name="menu_forward">Avançar</string>
  <string name="download">Transferir</string>
  <string name="downloading">A tranferir</string>
  <string name="name_colon">:\u0020</string>
  <string name="inline_subject"><Subject: %s></string>
  <string name="drm_protected_text">* texto protegido por dRM *</string>
  <string name="insufficient_drm_rights">Direitos de DRM insuficientes.</string>
  <string name="copy_message_text">Copiar texto da mensagem</string>
  <string name="message_options">Opções de mensagem</string>
  <string name="done">Concluído</string>
  <string name="move_up">Mover para cima</string>
  <string name="move_down">Mover para baixo</string>
  <string name="remove_slide">Remover slide</string>
  <string name="add_slide">Adicionar slide</string>
  <string name="add_slide_hint">Selecionar para criar novo slide</string>
  <string name="discard_slideshow">Rejeitar slideshow</string>
  <string name="slide_show_part">Parte %1$s/%2$s</string>
  <string name="remove_text">Remover texto</string>
  <string name="add_picture">Adicionar imagem</string>
  <string name="remove_picture">Remover imagem</string>
  <string name="add_music">Adicionar música</string>
  <string name="remove_music">Remover música</string>
  <string name="add_video">Adicionar vídeo</string>
  <string name="remove_video">Remover vídeo</string>
  <string name="compose_title">Criar</string>
  <string name="to_hint">Para</string>
  <string name="subject_hint">Assunto</string>
  <string name="add_attachment">Anexar</string>
  <string name="add_subject">Adicionar assunto</string>
  <string name="discard">Eliminar</string>
  <string name="view">Visualizar</string>
  <string name="replace">Substituir</string>
  <string name="remove">Remover</string>
  <string name="send">Enviar</string>
  <string name="mms">MMS</string>
  <string name="all_threads">Todas as conversas</string>
  <string name="type_to_compose_text_enter_to_send">Toque para compor</string>
  <string name="open_keyboard_to_compose_message">Abrir teclado para criar mensagem</string>
  <string name="image_too_large">Imagem muito grande</string>
  <string name="ask_for_automatically_resize">Redimensionar imagem automaticamente antes de enviar?</string>
  <string name="compressing">Imagem muito grande. A comprimir...</string>
  <string name="unsupported_media_format">Formato %1$s não suportado</string>
  <string name="select_different_media">Por favor, escolha um %1$s diferente.</string>
  <string name="exceed_message_size_limitation">Limite máximo da mensagem atingido.</string>
  <string name="message_too_big_for_video">A mensagem é muito grande para adicionar um vídeo.</string>
  <string name="failed_to_add_media">Lamentamos, mas não pode adicionar %1$s à sua mensagem</string>
  <string name="failed_to_resize_image">Erro ao redimensionar a mensagem.</string>
  <string name="resize_image_error_information">Lamentamos, mesmo redimensionada, esta imagem é muito grande.</string>
  <string name="forward_prefix">Reencaminhar:\u0020</string>
  <string name="discard_message">Eliminar</string>
  <string name="discard_message_reason">A sua mensagem será eliminada porque não tem um destinatário válido.</string>
  <string name="has_invalid_recipient">Destinatário(s)inválido(s): <%1$s></string>
  <string name="invalid_destination">Introduziu um endereço inválido.</string>
  <string name="invalid_recipient_message">Por favor, corrija os destinatários ou não receberão a mensagem.</string>
  <string name="cannot_send_message">Impossível enviar a mensagem</string>
  <string name="cannot_send_message_reason">A mensagem não tem destinatários válidos.</string>
  <string name="cannot_forward_drm_obj">O objeto DRM incluído na mensagem não pode ser reencaminhado.</string>
  <string name="converting_to_picture_message">A converter para mensagem multimédia...</string>
  <string name="converting_to_text_message">A converter para mensagem de texto...</string>
  <string name="cannot_add_slide_anymore">Impossível adicionar mais slides.</string>
  <string name="cannot_add_picture_and_video">Impossível adicionar um vídeo e uma imagem no mesmo slide.</string>
  <string name="cannot_save_message">Impossível guardar mensagem.</string>
  <string name="cannot_load_message">Impossível carregar mensagem.</string>
  <string name="message_saved_as_draft">Mensagem guardada como rascunho.</string>
  <string name="locked_message_cannot_be_deleted">Impossível apagar mensagem protegida.</string>
  <string name="too_many_recipients">Esta mensagem tem muitos destinatários (%1$s). existe um limite de %2$s destinatários.</string>
  <string name="too_many_attachments">Existe um limite de %1$s anexos. Apenas o primeiro %2$s será adicionado.</string>
  <string name="adding_attachments_title">A adicionar anexos</string>
  <string name="adding_attachments">Por favor, aguarde enquanto os itens são adicionados ao slideshow.</string>
  <string name="multiple_recipients">%1$s destinatários</string>
  <string name="cannot_play_audio">Impossível reproduzir áudio</string>
  <string name="preview">Pré-visualizar</string>
  <string name="preview_slideshow">Pré-visualizar slideshow</string>
  <string name="replace_image">Substituir imagem</string>
  <string name="duration_sec">Duração (%s sec)</string>
  <string name="duration_selector_title">Duração do slide\u0020</string>
  <string name="layout_selector_title">Esboço do slideshow\u0020</string>
  <string name="layout_top">Esboço (Inicio)</string>
  <string name="layout_bottom">Esboço (Fim)</string>
  <string name="type_to_compose_text_or_leave_blank">Escreva para compor o texto, ou deixe em branco</string>
  <string name="duration_not_a_number">A duração deve ser um número</string>
  <string name="duration_zero">A duração deve ser maior que zero segundos</string>
  <string name="secs">Segundos</string>
  <string name="menu_view_contact">Ver contato</string>
  <string name="menu_add_to_contacts">Adicionar a contatos</string>
  <string name="hidden_sender_address">Esconder endereço do remetente</string>
  <string name="yes">Ok</string>
  <string name="no">Cancelar</string>
  <string name="set">Definir</string>
  <string name="play">Reproduzir</string>
  <string name="edit">Editar</string>
  <string name="resize">Redimensionar</string>
  <string name="try_to_send">A tentar o envio</string>
  <string name="preferences_title">Definições</string>
  <string name="restore_default">Restaurar Pré-Definições</string>
  <string name="pref_notification_settings_title">Definições de notificação</string>
  <string name="pref_mms_settings_title">Definições de MMS</string>
  <string name="pref_sms_settings_title">Definições de SMS</string>
  <string name="pref_sms_storage_title">Definições de armazenamento</string>
  <string name="pref_summary_manage_sim_messages">Gerir as mensagens guardadas no cartão SIM</string>
  <string name="pref_summary_mms_delivery_reports">Pedir relatório de entrega para cada mensagem enviada</string>
  <string name="pref_summary_mms_read_reports">Pedir relatório de leitura para cada mensagem enviada</string>
  <string name="pref_summary_sms_delivery_reports">Pedir relatório de entrega para cada mensagem enviada</string>
  <string name="pref_summary_auto_delete">Apagar mensagens antigas quando o limite for atingido</string>
  <string name="pref_summary_delete_limit">%1$s mensagens por conversação</string>
  <string name="pref_title_manage_sim_messages">Gerir mensagens do cartão SIM</string>
  <string name="pref_title_mms_delivery_reports">Relatórios de entrega</string>
  <string name="pref_title_mms_read_reports">Relatórios de leitura</string>
  <string name="pref_title_sms_delivery_reports">Relatórios de entrega</string>
  <string name="pref_title_auto_delete">Apagar mensagens antigas</string>
  <string name="pref_title_sms_delete">Limite de mensagem de texto</string>
  <string name="pref_title_mms_delete">Limite de mensagem multimédia</string>
  <string name="pref_title_popup_enabled">Notificação pop-up</string>
  <string name="pref_summary_popup_enabled">Se a tela estiver ativa, mostrar conteúdo da mensagem na janela pop-up</string>
  <string name="pref_title_notification_enabled">Notificações</string>
  <string name="pref_summary_notification_enabled">Mostrar mensagem na barra de notificações</string>
  <string name="pref_title_notification_vibrateWhen">Vibrar</string>
  <string name="pref_summary_notification_vibrateWhen">Vibrar quando notificado</string>
  <string name="pref_title_notification_ringtone">Escolher toque de notificação</string>
  <string name="pref_messages_to_save">Escolher o número de mensagens a guardar</string>
  <string name="prefDefault_vibrateWhen">Nunca</string>
  <string name="prefDefault_vibrate_true">Sempre</string>
  <string name="prefDefault_vibrate_false">Nunca</string>
  <string name="prefDialogTitle_vibrateWhen">Vibrar</string>
  <string name="pref_title_mms_auto_retrieval">Receber automático</string>
  <string name="pref_summary_mms_auto_retrieval">Receber mensagens automaticamente</string>
  <string name="pref_title_mms_retrieval_during_roaming">Receber automaticamente em roaming</string>
  <string name="pref_summary_mms_retrieval_during_roaming">Receber mensagens automaticamente em roaming</string>
  <string name="to_label">Para\u0020</string>
  <string name="confirm_dialog_title">Apagar</string>
  <string name="confirm_dialog_locked_title">Eliminar mensagem protegida?</string>
  <string name="confirm_delete_conversation">A conversa inteira será eliminada.</string>
  <string name="confirm_delete_all_conversations">Todas as conversas serão eliminadas.</string>
  <string name="confirm_delete_message">A mensagem será eliminada.</string>
  <string name="confirm_delete_locked_message">Tem a certeza que deseja eliminar a mensagem protegida?</string>
  <string name="confirm_delete_all_messages">A conversa inteira será eliminada.</string>
  <string name="confirm_delete_all_SIM_messages">Todas as mensagens do cartão SIM serão eliminadas.</string>
  <string name="confirm_delete_SIM_message">Esta mensagem do cartão SIM será eliminada.</string>
  <string name="delete_unlocked">Eliminar mensagens protegidas</string>
  <string name="delete">Eliminar</string>
  <string name="cannot_get_details">Não é possível obter detalhes</string>
  <string name="message_details_title">Detalhes da mensagem</string>
  <string name="message_type_label">Modelo:\u0020</string>
  <string name="text_message">Mensagem de texto</string>
  <string name="multimedia_message">Mensagem multimédia</string>
  <string name="multimedia_notification">Notificação de mensagem multimédia</string>
  <string name="from_label">De:\u0020</string>
  <string name="to_address_label">Para:\u0020</string>
  <string name="bcc_label">Bcc:\u0020</string>
  <string name="sent_label">Enviado:\u0020</string>
  <string name="received_label">Recebido:\u0020</string>
  <string name="saved_label">Guardado:\u0020</string>
  <string name="subject_label">Assunto:\u0020</string>
  <string name="message_size_label">Tamanho:\u0020</string>
  <string name="priority_label">Prioridade:\u0020</string>
  <string name="priority_high">Alta</string>
  <string name="priority_normal">Normal</string>
  <string name="priority_low">Baixa</string>
  <string name="message_class_label">Classe da mensagem:\u0020</string>
  <string name="error_code_label">Erro:\u0020</string>
  <string name="menu_edit">Editar</string>
  <string name="menu_retry_sending">Repetir o envio</string>
  <string name="menu_retry_sending_all">Repetir todos os envios</string>
  <string name="menu_delete_messages">Eliminar mensagens</string>
  <string name="retrying_dialog_body">A mensagem %s não foi enviada devido a um problema de ligação.\nA repetir o envio...</string>
  <string name="menu_lock">Proteger mensagem</string>
  <string name="menu_unlock">Desbloquear mensagem</string>
  <string name="sim_copy_to_phone_memory">Copiar para a memória do telefone</string>
  <string name="sim_delete">Apagar</string>
  <string name="sim_manage_messages_title">Mensagens de texto no cartão SIM</string>
  <string name="sim_view">Ver</string>
  <string name="sim_empty">Sem mensagens no cartão SIM</string>
  <string name="delivery_header_title">Relatório</string>
  <string name="status_none">(Vazio)</string>
  <string name="status_pending">Pendente</string>
  <string name="status_read">Lido</string>
  <string name="status_received">Recebido</string>
  <string name="status_failed">Sem sucesso</string>
  <string name="status_unread">Não lido</string>
  <string name="status_rejected">Rejeitado</string>
  <string name="recipient_label">Destinatário:\u0020</string>
  <string name="status_label">Estado:\u0020</string>
  <string name="attach_image">Imagens</string>
  <string name="attach_take_photo">Tirar foto</string>
  <string name="attach_video">Videos</string>
  <string name="attach_record_video">Filmar</string>
  <string name="attach_sound">Música</string>
  <string name="attach_record_sound">Gravar som</string>
  <string name="attach_slideshow">Slideshow</string>
  <string name="select_bottom_text">Texto no fim</string>
  <string name="select_top_text">Texto no inicio</string>
  <string name="delivery_toast_body">Mensagem recebida de %s</string>
  <string name="notification_multiple">%s mensagens não lidas</string>
  <string name="notification_multiple_title">Novas mensagens</string>
  <string name="notification_failed_multiple">%s mensagens não foram enviadas.</string>
  <string name="notification_failed_multiple_title">Mensagens não enviadas</string>
  <string name="sim_full_title">Cartão SIM cheio</string>
  <string name="sim_full_body">Apague algumas mensagens para ter mais espaço.</string>
  <string name="sms_full_title">Memória de mensagens de texto cheia</string>
  <string name="sms_full_body">Mensagem a receber rejeitada devido a memória cheia. Por favor, apague algumas mensagens.</string>
  <string name="sms_rejected_title">Mensagem de texto rejeitada</string>
  <string name="sms_rejected_body">Mensagem a receber rejeitada devido a razão desconhecida.</string>
  <string name="type_audio">Som</string>
  <string name="type_picture">Imagem</string>
  <string name="type_video">Vídeo</string>
  <string name="confirm">Confirmar</string>
  <string name="message_send_read_report">Um relatório de leitura será enviado.</string>
  <string name="message_queued">Impossível enviar a mensagem neste momento. Será enviada quando o serviço estiver disponível.</string>
  <string name="no_subject">(Sem assunto)</string>
  <string name="unknown_sender">Remetente desconhecido</string>
  <string name="dl_failure_notification">Transferência da mensagem %1$s de %2$s sem sucesso.</string>
  <string name="dl_expired_notification">Esta mensagem expirou e será eliminada.</string>
  <string name="rate_limit_surpassed">Confirmar</string>
  <string name="confirm_rate_limit">Um grande número de mensagens multimédia estão a ser enviados. Confirma que deseja enviá-las?</string>
  <string name="message_download_failed_title">Mensagem não transferida</string>
  <string name="message_send_failed_title">Mensagem não enviada</string>
  <string name="message_failed_body">Selecione para rever a mensagem e tente novamente.</string>
  <string name="download_later">Impossível transferir neste momento. por favor, tente novamente mais tarde.</string>
  <string name="select_audio">Selecione som</string>
  <string name="copy_to_sdcard">Guardar no Cartão SD</string>
  <string name="copy_to_sdcard_success">Anexo copiado para o Cartão SD</string>
  <string name="copy_to_sdcard_fail">Erro ao copiar o anexo para o Cartão SD</string>
  <string name="save_ringtone">Guardar como toque de chamada</string>
  <string name="saved_ringtone">Toque de chamada guardado</string>
  <string name="saved_ringtone_fail">Erro ao guardar o toque de chamada</string>
  <string name="menu_insert_smiley">Inserir smiley</string>
  <string name="select_link_title">Selecionar ação</string>
  <string name="slide_number">Slide %s</string>
  <string name="delivery_report_activity">Relatório de entrega</string>
  <string name="storage_limits_activity">Limite de armazenamento</string>
  <string name="add_attachment_activity">Adicionar anexo:</string>
  <string name="select_layout_activity">Escolher vista</string>
  <string name="change_duration_activity">Alterar duração</string>
  <string name="edit_text_activity">Editar texto</string>
  <string name="edit_slideshow_activity">Editar apresentação</string>
  <string name="edit_slide_activity">Editar slide</string>
  <string name="pick_numbers_activity">Escolher números</string>
  <string name="slideshow_activity">Slideshow</string>
  <string name="popup_activity">Pop-up</string>
  <string name="popup_btn_send">Responder</string>
  <string name="class_0_message_activity">Mensagem de classe 0</string>
  <string name="send_using_mms_activity">Enviar como mensagem multimédia</string>
  <string name="select_contact_method_activity">Selecionar um método do contato</string>
  <string name="search_label">Mensagem</string>
  <string name="search_hint">Pesquisar mensagem</string>
  <string name="search">Mensagem</string>
  <string name="search_setting_description">Texto nas suas mensagens</string>
  <string name="search_empty">Sem resultados</string>
  <string name="search_history">%1$s resultados para \"%2$s\"</string>
  <string name="confirm_clear_search_title">Limpar</string>
  <string name="confirm_clear_search_text">O histórico de pesquisa irá ser eliminado.</string>
  <string name="pref_mms_clear_search_history_title">Eliminar histórico de pesquisa</string>
  <string name="pref_mms_clear_search_history_summary">Eliminar pesquisas anteriores da caixa de pesquisa</string>
  <string name="save">Guardar</string>
  <string name="storage_limits_title">Limite de mensagens</string>
  <string name="storage_limits_message">Deseja limitar o número de mensagens por conversação?</string>
  <string name="storage_limits_setting">Definir limites</string>
  <string name="storage_limits_setting_dismiss">Sem limites</string>
  <string name="too_many_unsent_mms">Impossível enviar mensagem agora. Existem muitas mensagens multimédia não enviadas.</string>
  <string name="me">Eu</string>
  <string name="sending_message">A enviar...</string>
  <string name="bookmark_sms">Coleção de SMS</string>
  <string name="bookmark_sms_message">Tem uma coleção de SMS ...</string>
  <string name="recent_conversation">Sessão</string>
  <string name="contacts">Contatos</string>
  <string name="sms_bookmark">Favoritos</string>
  <string name="sms_push">SMS push</string>
  <string name="forward_from_format">%sTransferidos%s</string>
  <string name="msg_forward_from_format">- transferência de:%s</string>
  <string name="forward_count_format">Adiantar%dtempo</string>
  <string name="recipient_count_format">Total de %d destinatários</string>
  <string name="notification_color_title">Selecionar cor</string>
  <string name="notification_color_summary">Selecionar cor quando a mensagem for recebida</string>
  <string name="group_msg_contact_title">%senviados para:%s</string>
  <string name="sms_bookmark_welcome">Você não tem quaisquer mensagens guardadas. Pressione durante alguns segundos sobre uma mensagem e selecione a opção correspondente para adicioná-la aqui</string>
  <string name="mms_increase_font_size">Aumentar texto</string>
  <string name="mms_decrease_font_size">Diminuir texto</string>
  <string name="mms_reading_mode_day">Tema branco</string>
  <string name="mms_reading_mode_night">Tema preto</string>
  <string name="menu_patch_delete">Eliminar da sessão</string>
  <string name="btn_done">Eliminar</string>
  <string name="btn_cancel">Cancelar</string>
  <string name="pref_title_forward_contact">Reencaminhar</string>
  <string name="pref_summary_forward_contact">Anexar original ao encaminhar</string>
  <string name="save_image">Guardar imagem</string>
  <string name="mms_image_folder_name">Imagens MMS</string>
  <string name="mms_image_saved_successfully">Imagens guardadas com sucesso</string>
  <string name="mms_image_saving_failed">Erro ao guardar imagem</string>
  <string name="festival_sms_category_count_format">(%s)</string>
  <string name="festival_msg_loading">Carregando...</string>
  <string name="festival_sms_push">Sugestão de mensagens</string>
  <string name="menu_group_sending">Mensagem</string>
  <string name="miui_push">Miui push</string>
  <string name="pushed_sms_category">SMS</string>
  <string name="converstaion_list_tile">SMS</string>
  <string name="conversations_count_format">(%d)</string>
  <string name="quick_sms_to">SMS para %s</string>
  <string name="popup_sms_deleted">Mensagem apagada</string>
  <string name="pref_set_font_size">Tamanho da letra</string>
  <string name="pref_summery_set_font_size">Tamanho de letra da mensagem</string>
  <string name="menu_batch_delete">Excluir tudo</string>
  <string name="batch_delete_confirm_dialog_title">Excluir tudo</string>
  <string name="batch_delete_confrom_dialog_message">Apagar mensagem selecionada</string>
  <string name="btn_delete_with_number">Remover (%d)</string>
</resources>
