<?xml version="1.0" encoding="utf-8"?>
<!--Generated by crowdin.net-->
<resources>
  <string name="contactsIconLabel">Contactos</string>
  <string name="contactsFavoritesLabel">Favoritos</string>
  <string name="dialerIconLabel">Chamar</string>
  <string name="emergencyDialerIconLabel">Chamada de emergência</string>
  <string name="phoneIconLabel">Telefone</string>
  <string name="recentCallsIconLabel">Registro de chamadas</string>
  <string name="fdnListLabel">Lista FDN</string>
  <string name="unknown">Desconhecido</string>
  <string name="private_num">Número privado</string>
  <string name="payphone">Telefone público</string>
  <string name="onHold">Em espera</string>
  <string name="ongoing">Chamada actual</string>
  <string name="callFailed_userBusy">Número ocupado</string>
  <string name="callFailed_congestion">Rede ocupada</string>
  <string name="callFailed_noSignal">Sem sinal</string>
  <string name="callFailed_limitExceeded">Excedido limite de ACM</string>
  <string name="callFailed_powerOff">Sinal desligado</string>
  <string name="callFailed_simError">Não existe nenhum SIM card inserido, ou falha do SIM card</string>
  <string name="callFailed_outOfService">Fora da área de cobertura</string>
  <string name="callFailed_fdn_only">As chamadas efectuadas estão restritas por FDN.</string>
  <string name="callFailed_cb_enabled">Impossível realizar chamadas enquanto o bloqueio de chamadas estiver activo.</string>
  <string name="callFailed_dsac_restricted">Todas as chamadas estão restritas por controlo de acesso.</string>
  <string name="callFailed_dsac_restricted_emergency">Chamadas de emergência estão restritas por controlo de acesso.</string>
  <string name="callFailed_dsac_restricted_normal">Chamadas normais estão restritas por controlo de acesso.</string>
  <string name="callFailed_cdma_lockedUntilPowerCycle">CDMA: Telefone bloqueado até o próximo carregamento da bateria.</string>
  <string name="callFailed_cdma_drop">CDMA: Falha na ligação.</string>
  <string name="callFailed_cdma_intercept">CDMA: Chamada interceptada.</string>
  <string name="callFailed_cdma_reorder">CDMA: Reordenar.</string>
  <string name="callFailed_cdma_SO_reject">CDMA: Opção de serviço rejeitada.</string>
  <string name="callFailed_cdma_retryOrder">CDMA: Repetir ordem.</string>
  <string name="callFailed_cdma_accessFailure">CDMA: Falha de acesso.</string>
  <string name="callFailed_cdma_preempted">CDMA: Interrompido.</string>
  <string name="callFailed_cdma_notEmergency">Só é possível realizar chamadas de emergência.</string>
  <string name="confCall">Chamada em conferência</string>
  <string name="call_lost">A chamada foi perdida.</string>
  <string name="retry">Tentar novamente</string>
  <string name="call_lost_title">Chamada perdida</string>
  <string name="mmiStarted">Código MMI iniciado</string>
  <string name="ussdRunning">Código USSD em execução</string>
  <string name="mmiCancelled">Código MMI finalizado</string>
  <string name="cancel">Cancelar</string>
  <string name="menu_rejectCallAndSms">Rejeitar e responder com mensagem de texto</string>
  <string name="menu_speaker">Altifalante</string>
  <string name="menu_bluetooth">Bluetooth</string>
  <string name="menu_mute">Silenciar</string>
  <string name="menu_hold">Reter</string>
  <string name="menu_endCall">Finalizar chamada</string>
  <string name="menu_swapCalls">Alternar chamadas</string>
  <string name="menu_mergeCalls">Unir chamadas</string>
  <string name="menu_addCall">Adicionar</string>
  <string name="menu_manageConference">Gerir chamada em conferência</string>
  <string name="menu_showDialpad">Mostrar teclado</string>
  <string name="menu_hideDialpad">Ocultar teclado</string>
  <string name="menu_answerAndHold">Reter chamada actual\n& Atender</string>
  <string name="menu_answerAndEnd">Desligar chamada actual\n& Atender</string>
  <string name="ok">OK</string>
  <string name="menuButtonKeyboardDialHint">Prima Menu para visualizar opções de chamada \u0020• \u0020Utilize o teclado para chamar</string>
  <string name="menu_answer">Atender</string>
  <string name="menu_ignore">Ignorar</string>
  <string name="wait_prompt_str">Deseja enviar os seguintes toques?\n</string>
  <string name="pause_prompt_str">A enviar Toques\n</string>
  <string name="send_button">Enviar</string>
  <string name="pause_prompt_yes">Sim</string>
  <string name="pause_prompt_no">Não</string>
  <string name="wild_prompt_str">Substituir caracter universal com</string>
  <string name="no_vm_number">Falta número do correio de voz</string>
  <string name="no_vm_number_msg">Nenhum existem números de voicemail armazenados no SIM card.</string>
  <string name="add_vm_number_str">Adicionar número</string>
  <string name="dialer_emptyListWorking">A carregar…</string>
  <string name="enterPin">Digite o código PIN para desbloquear o SIM card.</string>
  <string name="pinUnlocked">SIM desbloqueado</string>
  <string name="enterNewPin">Novo código PIN</string>
  <string name="verifyNewPin">Digite novamente o novo código PIN para confirmar</string>
  <string name="verifyFailed">Os códigos digitados não correspondem. Tente novamente.</string>
  <string name="enterPuk">Digite o código PUK para desbloquear o SIM card</string>
  <string name="badPuk">Código PUK incorrecto!</string>
  <string name="buttonTxtContinue">Continuar</string>
  <string name="puk_unlocked">O seu SIM card foi desbloqueado. A desbloquear o telefone…</string>
  <string name="label_ndp">Código PIN para desbloquear rede</string>
  <string name="sim_ndp_unlock_text">Desbloquear</string>
  <string name="sim_ndp_dismiss_text">Descartar</string>
  <string name="requesting_unlock">A solicitar desbloqueio de rede…</string>
  <string name="unlock_failed">Solicitação de desbloqueio de rede não efectuada.</string>
  <string name="unlock_success">Desbloqueio de rede efectuado.</string>
  <string name="imei">IMEI</string>
  <string name="meid">MEID</string>
  <string name="labelGSMMore">Definições de chamada GSM</string>
  <string name="labelCDMAMore">Definições de chamada CDMA</string>
  <string name="apn_settings">Nomes dos Pontos de Acesso</string>
  <string name="settings_label">Definições de rede</string>
  <string name="voicemail">Correio de voz</string>
  <string name="voicemail_abbreviated">MV:</string>
  <string name="networks">Operadores de rede</string>
  <string name="call_settings">Definições de chamada</string>
  <string name="additional_gsm_call_settings">Definições adicionais</string>
  <string name="sum_gsm_call_settings">Definições adicionais apenas para chamadas GSM</string>
  <string name="additional_cdma_call_settings">Definições adicionais para chamadas CDMA</string>
  <string name="sum_cdma_call_settings">Definições adicionais apenas para chamadas CDMA</string>
  <string name="labelNwService">Definir opções de Rede</string>
  <string name="labelCallerId">ID da chamada</string>
  <string name="sum_hide_caller_id">Ocultar número ao chamar</string>
  <string name="sum_show_caller_id">Mostrar número ao chamar</string>
  <string name="sum_default_caller_id">Usar as predefinições do operador para exibir o meu número nas chamadas efetuadas</string>
  <string name="labelCW">Chamada em espera</string>
  <string name="sum_cw_enabled">Durante uma chamada, notifique-me de chamadas recebidas</string>
  <string name="sum_cw_disabled">Durante uma chamada, notifique-me de chamadas recebidas</string>
  <string name="call_forwarding_settings">Definições de encaminhamento de chamadas</string>
  <string name="labelCF">Encaminhamento de chamadas</string>
  <string name="labelCFU">Reemcaminhar sempre</string>
  <string name="messageCFU">Usar sempre este número</string>
  <string name="sum_cfu_enabled_indicator">Encaminhar todas as chamadas</string>
  <string name="sum_cfu_enabled">Encaminhar todas as chamadas para  {0}</string>
  <string name="sum_cfu_enabled_no_number">Número indisponível</string>
  <string name="sum_cfu_disabled">Desativado</string>
  <string name="labelCFB">Encaminhar quando ocupado</string>
  <string name="messageCFB">Número quando estiver ocupado</string>
  <string name="sum_cfb_enabled">Desviado para {0}</string>
  <string name="sum_cfb_disabled">Desativado</string>
  <string name="disable_cfb_forbidden">O seu operador de rede não suporta a desativação do encaminhamento de chamada quando o seu telefone estiver ocupado.</string>
  <string name="labelCFNRy">Encaminhar se não atendido</string>
  <string name="messageCFNRy">Número quando não atendido</string>
  <string name="sum_cfnry_enabled">Encaminhado para {0}</string>
  <string name="sum_cfnry_disabled">Desativado</string>
  <string name="disable_cfnry_forbidden">A sua operadora não suporta a desativação do encaminhamento de chamada quando o seu telefone não responder.</string>
  <string name="labelCFNRc">Encaminhar quando não acessível</string>
  <string name="messageCFNRc">Número quando não acessível</string>
  <string name="sum_cfnrc_enabled">Encaminhado para {0}</string>
  <string name="sum_cfnrc_disabled">Desativado</string>
  <string name="disable_cfnrc_forbidden">O seu operador de rede não suporta a desativação do encaminhamento de chamada quando o seu telefone não estiver acessível.</string>
  <string name="updating_title">Definições de chamadas</string>
  <string name="error_updating_title">Erro nas definições de chamada</string>
  <string name="reading_settings">A ler definições…</string>
  <string name="updating_settings">A atualizar definições…</string>
  <string name="reverting_settings">A restaurar definições…</string>
  <string name="response_error">Resposta inesperada da rede.</string>
  <string name="exception_error">Erro de rede ou do cartão SIM.</string>
  <string name="radio_off_error">Ative o rádio antes de ver essas Definições.</string>
  <string name="close_dialog">OK</string>
  <string name="enable">Ativar</string>
  <string name="disable">Desativar</string>
  <string name="change_num">Atualizar</string>
  <string name="vm_save_number">Guardar número correio de voz</string>
  <string name="vm_changed">Número do correio de voz alterado.</string>
  <string name="vm_change_failed">Falha ao alterar o número do correio de voz.\nPor favor, contacte o seu operador de rede caso o erro persista.</string>
  <string name="fw_change_failed">Falha na alteração do número de encaminhamento.\nEntre em contato com o seu operador se este problema continuar.</string>
  <string name="fw_get_in_vm_failed">Falha ao recuperar e guardar as definições atuais de números de encaminhamento.\nDeseja mudar para a nova operadora mesmo assim?</string>
  <string name="no_change">Não foram efetuadas alterações.</string>
  <string name="sum_voicemail_choose_provider">Escolha o serviço de correio de voz</string>
  <string name="voicemail_default">Meu operador</string>
  <string name="mobile_networks">Definições de rede móvel</string>
  <string name="label_available">Redes disponíveis</string>
  <string name="load_networks_progress">A procurar…</string>
  <string name="empty_networks_list">Nenhuma rede encontrada.</string>
  <string name="search_networks">Procurar redes</string>
  <string name="network_query_error">Erro ao procurar redes.</string>
  <string name="register_on_network">Registrando na %s…</string>
  <string name="not_allowed">O seu cartão SIM não permite uma conexão com esta rede.</string>
  <string name="connect_later">Não é possível conectar a esta rede no momento. Tente novamente mais tarde.</string>
  <string name="registration_done">Registrado na rede.</string>
  <string name="sum_carrier_select">Selecione a Rede</string>
  <string name="sum_search_networks">Pesquisar todas as redes disponíveis</string>
  <string name="select_automatically">Selecionar automaticamente</string>
  <string name="sum_select_automatically">Selecionar rede preferencial automaticamente</string>
  <string name="register_automatically">Registro automático...</string>
  <string name="preferred_network_mode_title">Modo de rede</string>
  <string name="preferred_network_mode_summary">Alterar modo de operação de rede</string>
  <string name="preferred_network_mode_dialogtitle">Modo de rede preferido</string>
  <string name="data_enabled">Dados ativados</string>
  <string name="data_enable_summary">Ativar acesso a dados pela rede móvel</string>
  <string name="roaming">Roaming de dados</string>
  <string name="roaming_enable">Ligar a serviços de dados quando estiver em roaming</string>
  <string name="roaming_disable">Ligar a serviços de dados quando estiver em roaming</string>
  <string name="roaming_reenable_message">Conexão de dados perdida porque o roaming de dados está desligado.</string>
  <string name="roaming_warning">Permitir roaming de dados? Poderá acarretar gastos significativos!</string>
  <string name="gsm_umts_options">Opções GSM/UMTS</string>
  <string name="cdma_options">Opções CDMA</string>
  <string name="throttle_data_usage">Uso de dados</string>
  <string name="throttle_settings_title">Politica de dados do operador</string>
  <string name="throttle_current_usage">Dados utilizados no período atual</string>
  <string name="throttle_time_frame">Período de utilização de Dados</string>
  <string name="throttle_rate">Política de taxa de dados</string>
  <string name="throttle_help">Saiba mais</string>
  <string name="throttle_status_subtext">%1$s (%2$d٪) de %3$s do período máximo\nPróximo perído começa em %4$d dias (%5$s)</string>
  <string name="throttle_data_usage_subtext">%1$s (%2$d٪) de %3$s do período máximo</string>
  <string name="throttle_data_rate_reduced_subtext">Máximo de %1$s excedido\nTaxa de dados reduzida para %2$d Kb/s</string>
  <string name="throttle_time_frame_subtext">%1$d٪ do ciclo expirou\nO próximo período começa em %2$d dias (%3$s)</string>
  <string name="throttle_rate_subtext">Taxa de dados reduzida para %1$d Kb/s se o limite de uso de dados for excedido</string>
  <string name="throttle_help_subtext">Mais informações sobre a política de uso de dados da rede móvel da sua operadora</string>
  <string name="cdma_cell_broadcast_sms">SMS de difusão celular</string>
  <string name="cell_broadcast_sms">SMS de difusão celular</string>
  <string name="enable_disable_cell_bc_sms">SMS de difusão celular</string>
  <string name="cell_bc_sms_enable">SMS de difusão celular ativado</string>
  <string name="cell_bc_sms_disable">SMS de difusão celular desativado</string>
  <string name="cb_sms_settings">Definições de SMS de difusão celular</string>
  <string name="enable_disable_emergency_broadcast">Difusão de emergência</string>
  <string name="emergency_broadcast_enable">Difusão de emergência ativada</string>
  <string name="emergency_broadcast_disable">Difusão de emergência desativada</string>
  <string name="enable_disable_administrative">Administrativo</string>
  <string name="administrative_enable">Administrativo ativado</string>
  <string name="administrative_disable">Administrativo desativado</string>
  <string name="enable_disable_maintenance">Manutenção</string>
  <string name="maintenance_enable">Manutenção ativada</string>
  <string name="maintenance_disable">Manutenção desativada</string>
  <string name="general_news_settings">Notícias Gerais</string>
  <string name="bf_news_settings">Notícias sobre Negócios e Finanças</string>
  <string name="sports_news_settings">Notícias desportivas</string>
  <string name="entertainment_news_settings">Notícias de Entretenimento</string>
  <string name="enable_disable_local">Local</string>
  <string name="local_enable">Notícias locais ativadas</string>
  <string name="local_disable">Notícias locais desativadas</string>
  <string name="enable_disable_regional">Regional</string>
  <string name="regional_enable">Notícias regionais ativadas</string>
  <string name="regional_disable">Notícias regionais desativadas</string>
  <string name="enable_disable_national">Nacional</string>
  <string name="national_enable">Notícias nacionais ativadas</string>
  <string name="national_disable">Notícias nacionais desativadas</string>
  <string name="enable_disable_international">Internacional</string>
  <string name="international_enable">Notícias internacionais ativadas</string>
  <string name="international_disable">Notícias internacionais desativadas</string>
  <string name="list_language_title">Idioma</string>
  <string name="list_language_summary">Selecione o idioma das notícias</string>
  <string name="list_language_dtitle">Idiomas</string>
  <string name="enable_disable_local_weather">Clima local</string>
  <string name="local_weather_enable">Clima local ativado</string>
  <string name="local_weather_disable">Clima local desativado</string>
  <string name="enable_disable_atr">Relatórios de trânsito da área</string>
  <string name="atr_enable">Relatórios de trânsito da área ativados</string>
  <string name="atr_disable">Relatórios de trânsito da área desativados</string>
  <string name="enable_disable_lafs">Programação de vôos do aeroporto local</string>
  <string name="lafs_enable">Programação de vôos do aeroporto local ativada</string>
  <string name="lafs_disable">Programação de vôos do aeroporto local desativada</string>
  <string name="enable_disable_restaurants">Restaurantes</string>
  <string name="restaurants_enable">Restaurantes ativados</string>
  <string name="restaurants_disable">Restaurantes desativados</string>
  <string name="enable_disable_lodgings">Alojamentos</string>
  <string name="lodgings_enable">Alojamentos ativados</string>
  <string name="lodgings_disable">Alojamentos desativados</string>
  <string name="enable_disable_retail_directory">Diretório de varejo</string>
  <string name="retail_directory_enable">Diretório de varejo ativado</string>
  <string name="retail_directory_disable">Diretório de varejo desativado</string>
  <string name="enable_disable_advertisements">Anúncios</string>
  <string name="advertisements_enable">Anúncios ativados</string>
  <string name="advertisements_disable">Anúncios desativados</string>
  <string name="enable_disable_stock_quotes">Cotação de ações</string>
  <string name="stock_quotes_enable">Cotação de ações ativada</string>
  <string name="stock_quotes_disable">Cotação de ações desativada</string>
  <string name="enable_disable_eo">Oportunidades de emprego</string>
  <string name="eo_enable">Oportunidades de emprego ativadas</string>
  <string name="eo_disable">Oportunidades de emprego desativadas</string>
  <string name="enable_disable_mhh">Serviços médicos, de saúde e hospitalares</string>
  <string name="mhh_enable">Serviços médicos, de saúde e hospitalares ativados</string>
  <string name="mhh_disable">Serviços médicos, de saúde e hospitalares desativados</string>
  <string name="enable_disable_technology_news">Notícias de tecnologia</string>
  <string name="technology_news_enable">Notícias de tecnologia ativadas</string>
  <string name="technology_news_disable">Notícias de tecnologia desativadas</string>
  <string name="enable_disable_multi_category">Várias categorias</string>
  <string name="multi_category_enable">Várias categorias ativadas</string>
  <string name="multi_category_disable">Várias categorias desativadas</string>
  <string name="gsm_umts_network_preferences_title">Preferências de rede GSM/UMTS</string>
  <string name="gsm_umts_network_preferneces_summary">Ainda não implementado.</string>
  <string name="gsm_umts_network_preferences_dialogtitle">Preferências de rede GSM/UMTS</string>
  <string name="prefer_2g">Usar apenas redes 2G</string>
  <string name="prefer_2g_summary">Economiza bateria</string>
  <string name="cdma_system_select_title">Seleção de sistema</string>
  <string name="cdma_system_select_summary">Alterar o modo de roaming CDMA</string>
  <string name="cdma_system_select_dialogtitle">Selecionar sistema</string>
  <string name="cdma_roaming_mode_title">Modo de roaming CDMA</string>
  <string name="cdma_roaming_mode_summary">Alterar o modo de roaming CDMA</string>
  <string name="cdma_roaming_mode_dialogtitle">Modo de roaming CDMA</string>
  <string name="cdma_network_preferences_title">Preferências de rede CDMA</string>
  <string name="cdma_network_preferneces_summary">Ainda não implementado.</string>
  <string name="cdma_network_preferences_dialogtitle">Preferências de rede CDMA</string>
  <string name="subscription_title">Inscrição CDMA de TESTE</string>
  <string name="subscription_summary">Alterar entre RUIM/SIM e NV</string>
  <string name="subscription_dialogtitle">inscrição</string>
  <string name="fdn">Chamadas fixas</string>
  <string name="manage_fdn_list">Lista FDN</string>
  <string name="fdn_activation">Ativação do FDN</string>
  <string name="fdn_enabled">Os números de chamadas fixas estão ativados</string>
  <string name="fdn_disabled">Os números de chamadas fixas estão desativados</string>
  <string name="enable_fdn">Ativar FDN</string>
  <string name="disable_fdn">Desativar FDN</string>
  <string name="change_pin2">Alterar PIN2</string>
  <string name="enable_fdn_ok">Desativar FDN</string>
  <string name="disable_fdn_ok">Ativar FDN</string>
  <string name="sum_fdn">Gerenciar números de chamadas fixas</string>
  <string name="sum_fdn_change_pin">Alterar PIN para acesso FDN</string>
  <string name="sum_fdn_manage_list">Gerenciar lista de números telefônicos</string>
  <string name="voice_privacy">Privacidade de voz</string>
  <string name="voice_privacy_summary">Ativar modo de privacidade aprimorado</string>
  <string name="tty_mode_title">Modo TTY</string>
  <string name="tty_mode_summary">Ativar modo TTY</string>
  <string name="tty_mode_option_title">Modo TTY</string>
  <string name="tty_mode_option_summary">Definir modo TTY</string>
  <string name="auto_retry_mode_title">Repetir automaticamente</string>
  <string name="auto_retry_mode_summary">Ativar modo Repetir automaticamente</string>
  <string name="menu_add">Adicionar contato</string>
  <string name="menu_edit">Editar contato</string>
  <string name="menu_delete">Excluir contato</string>
  <string name="get_pin2">Inserir PIN2</string>
  <string name="name">Nome</string>
  <string name="number">Número</string>
  <string name="save">Guardar</string>
  <string name="add_fdn_contact">Adicionar número de chamadas fixas</string>
  <string name="adding_fdn_contact">Adicionando número de chamadas fixas…</string>
  <string name="fdn_contact_added">Número de chamadas fixas adicionado.</string>
  <string name="edit_fdn_contact">Editar o número de chamadas fixas</string>
  <string name="updating_fdn_contact">Atualizando o número de chamadas fixas…</string>
  <string name="fdn_contact_updated">Número de chamadas fixas atualizado.</string>
  <string name="delete_fdn_contact">Excluir número de chamadas fixas</string>
  <string name="deleting_fdn_contact">Excluindo número de chamadas fixas…</string>
  <string name="fdn_contact_deleted">Número de chamadas fixas excluído.</string>
  <string name="pin2_invalid">FDN não atualizado: você digitou um PIN incorreto.</string>
  <string name="fdn_invalid_number">FDN não atualizado: o número não pode exceder 20 dígitos.</string>
  <string name="simContacts_emptyLoading">Lendo a partir do cartão SIM…</string>
  <string name="simContacts_empty">Não há contatos no seu cartão SIM.</string>
  <string name="simContacts_title">Selecione os contatos a serem importados</string>
  <string name="enable_pin">Ativar/desativar PIN do SIM</string>
  <string name="change_pin">Alterar PIN do SIM</string>
  <string name="enter_pin_text">PIN do SIM:</string>
  <string name="oldPinLabel">PIN antigo</string>
  <string name="newPinLabel">Novo PIN</string>
  <string name="confirmPinLabel">Confirmar novo PIN</string>
  <string name="badPin">O PIN antigo digitado não está correto. Tente novamente.</string>
  <string name="mismatchPin">Os PINs digitados não correspondem. Tente novamente.</string>
  <string name="invalidPin">Digite um PIN com 4 a 8 números.</string>
  <string name="disable_sim_pin">Desativar PIN do SIM</string>
  <string name="enable_sim_pin">Ativar PIN do SIM</string>
  <string name="enable_in_progress">Aguarde...</string>
  <string name="enable_pin_ok">PIN do SIM ativado</string>
  <string name="disable_pin_ok">PIN do SIM desativado</string>
  <string name="pin_failed">O PIN digitado estava incorreto</string>
  <string name="pin_changed">PIN do SIM alterado com êxito</string>
  <string name="puk_requested">Senha incorreta. SIM bloqueado! PUK2 solicitado.</string>
  <string name="enter_pin2_text">PIN2</string>
  <string name="oldPin2Label">PIN2 antigo</string>
  <string name="newPin2Label">Novo PIN2</string>
  <string name="confirmPin2Label">Confirmar novo PIN2</string>
  <string name="badPuk2">O PUK2 digitado não está correto. Tente novamente.</string>
  <string name="badPin2">O PIN2 antigo digitado não está correto. Tente novamente.</string>
  <string name="mismatchPin2">Os PIN2s digitados não correspondem. Tente novamente.</string>
  <string name="invalidPin2">Digite um PIN2 com 4 a 8 números.</string>
  <string name="invalidPuk2">Digite um PUK2 com 8 números.</string>
  <string name="pin2_changed">PIN2 alterado com êxito</string>
  <string name="label_puk2_code">Digitar o código PUK2</string>
  <string name="fdn_enable_puk2_requested">Senha incorreta. Altere o PIN2 e tente novamente!</string>
  <string name="puk2_requested">Senha incorreta. SIM bloqueado! PUK2 solicitado.</string>
  <string name="doneButton">Concluído</string>
  <string name="caller_manage_header">Conferência telefônica %s</string>
  <string name="caller_manage_manage_done_text">Voltar à chamada</string>
  <string name="fake_phone_activity_phoneNumber_text">(650) 555-1234</string>
  <string name="fake_phone_activity_infoText_text">Número de chamada recebida</string>
  <string name="fake_phone_activity_placeCall_text">Simular Chamada</string>
  <string name="sim_missing_continueView_text">Continuar sem o cartão SIM</string>
  <string name="sim_missing_msg_text">Nenhum cartão SIM encontrado. Insira um cartão SIM no telefone.</string>
  <string name="sim_unlock_dismiss_text">Dispensar</string>
  <string name="sim_unlock_unlock_text">Desbloquear</string>
  <string name="sim_unlock_status_text">A autenticar o PIN…</string>
  <string name="voicemail_settings_number_label">Número correio de voz</string>
  <string name="card_title_dialing">A chamar</string>
  <string name="card_title_redialing">A tentar novamente</string>
  <string name="card_title_in_progress">Chamada atual</string>
  <string name="card_title_conf_call">Conferência telefônica</string>
  <string name="card_title_incoming_call">Chamada recebida</string>
  <string name="card_title_cdma_call_waiting">Aguardando chamada CDMA</string>
  <string name="card_title_call_ended">Chamada encerrada</string>
  <string name="card_title_on_hold">Em espera</string>
  <string name="card_title_hanging_up">A desligar</string>
  <string name="card_title_in_call">Em chamada</string>
  <string name="notification_missedCallTitle">Chamada perdida</string>
  <string name="notification_missedCallsTitle">Chamadas perdidas</string>
  <string name="notification_missedCallsMsg">%s chamadas perdidas</string>
  <string name="notification_missedCallTicker">Chamada perdida de %s</string>
  <string name="notification_ongoing_call_format">Chamada atual (%s)</string>
  <string name="notification_on_hold">Em espera</string>
  <string name="notification_voicemail_title">Novo correio de voz</string>
  <string name="notification_voicemail_title_count">Novo correio de voz (%d)</string>
  <string name="notification_voicemail_text_format">Discar %s</string>
  <string name="notification_voicemail_no_vm_number">Número correio de voz desconhecido</string>
  <string name="notification_network_selection_title">Sem serviço</string>
  <string name="notification_network_selection_text">A rede selecionada (%s) não está disponível</string>
  <string name="incall_error_power_off">Para fazer uma chamada, primeiro desative o modo para avião.</string>
  <string name="incall_error_emergency_only">Não registrado na rede.</string>
  <string name="incall_error_out_of_service">Rede móvel não disponível.</string>
  <string name="incall_error_no_phone_number_supplied">Chamada não completada, o número inserido é inválido.</string>
  <string name="incall_error_call_failed">Chamada não completada.</string>
  <string name="incall_status_dialed_mmi">Iniciando sequência MMI…</string>
  <string name="incall_status_dialed_fc">Iniciando sequência do código de recursos...</string>
  <string name="incall_error_supp_service_unknown">Serviço não suportado.</string>
  <string name="incall_error_supp_service_switch">Não é possível alternar chamadas.</string>
  <string name="incall_error_supp_service_separate">Não é possível separar a chamada.</string>
  <string name="incall_error_supp_service_transfer">Não é possível transferir a chamada.</string>
  <string name="incall_error_supp_service_conference">Não é possível realizar conferências telefônicas.</string>
  <string name="incall_error_supp_service_reject">Não é possível rejeitar a chamada.</string>
  <string name="incall_error_supp_service_hangup">Não é possível liberar a(s) chamada(s).</string>
  <string name="emergency_enable_radio_dialog_title">Chamada de emergência</string>
  <string name="emergency_enable_radio_dialog_message">A ativar o rádio…</string>
  <string name="emergency_enable_radio_dialog_retry">Área fora de serviço, a tentar novamente...</string>
  <string name="dial_emergency_error">Chamada não completada. %s não é um número de emergência.</string>
  <string name="dial_emergency_empty_error">Chamada não completada. Disque um número de emergência.</string>
  <string name="dialerKeyboardHintText">Use o teclado para discar</string>
  <string name="dtmfDialpadHintText">Teclado multifrequencial</string>
  <string name="dtmfDialpadHandleLabel">Teclado</string>
  <string name="touchLockText">Toque duas vezes\npara desbloquear</string>
  <string name="onscreenAnswerText">Toque duas vezes\npara responder</string>
  <string name="onscreenRejectText">Toque duas vezes\npara recusar</string>
  <string name="onscreenHoldText">Em espera</string>
  <string name="onscreenUnholdText">Desativar modo de espera</string>
  <string name="onscreenEndCallText">Terminar</string>
  <string name="onscreenShowDialpadText">Teclado</string>
  <string name="onscreenHideDialpadText">Ocultar</string>
  <string name="onscreenSpeakerText">Alto-falante</string>
  <string name="onscreenMuteText">Desativar som</string>
  <string name="onscreenBluetoothText">Bluetooth</string>
  <string name="onscreenAddCallText">Adicionar chamada</string>
  <string name="onscreenMergeCallsText">Unir chamadas</string>
  <string name="onscreenSwapCallsText">Trocar</string>
  <string name="onscreenManageCallsText">Gerenciar chamadas</string>
  <string name="onscreenManageConferenceText">Gerenciar</string>
  <string name="importSimEntry">Importar</string>
  <string name="importAllSimEntries">Importar tudo</string>
  <string name="importingSimContacts">A importar contatos do SIM</string>
  <string name="importToFDNfromContacts">Importar dos contatos</string>
  <string name="hac_mode_title">Aparelhos auditivos</string>
  <string name="hac_mode_summary">Ativar compatibilidade com aparelhos auditivos</string>
  <string name="eri_text_label">Texto ERI</string>
  <string name="dtmf_tones_title">Tons DTMF</string>
  <string name="dtmf_tones_summary">Definir duração dos tons DTMF</string>
  <string name="network_message">Mensagem de rede</string>
  <string name="ota_title_activate">Ativar o seu telefone</string>
  <string name="ota_touch_activate">Uma chamada especial precisa ser feita para ativar o serviço do seu telefone. \n\nDepois de pressionar “Ativar”, ouça as instruções fornecidas para ativar o seu telefone.</string>
  <string name="ota_touch_activate_new">Toque em “Ativar” para fazer uma chamada especial que ativa o seu telefone na rede celular da sua operadora, para que você possa fazer chamadas e se conectar a redes móveis de dados.</string>
  <string name="ota_skip_activation_dialog_title">Ignorar ativação?</string>
  <string name="ota_skip_activation_dialog_message">Se você ignorar a ativação, não poderá fazer chamadas ou se conectar a redes móveis de dados (embora possa se conectar a redes Wi-Fi). Até que o seu telefone seja ativado, você receberá solicitações de ativação sempre que o ligar.</string>
  <string name="ota_skip_activation_dialog_skip_label">Ignorar</string>
  <string name="ota_skip_activation_dialog_continue_label">Ativar</string>
  <string name="ota_activate">Ativar</string>
  <string name="ota_title_activate_success">O telefone está ativado!</string>
  <string name="ota_title_problem_with_activation">Problema com a ativação</string>
  <string name="ota_listen">Siga as instruções faladas até ouvir que a ativação está concluída.</string>
  <string name="ota_dialpad">Teclado</string>
  <string name="ota_speaker">Alto-falante</string>
  <string name="ota_progress">Aguarde enquanto o seu telefone está a ser programado.</string>
  <string name="ota_failure">Falha de programação</string>
  <string name="ota_successful">O seu telefone está ativado. Pode demorar até 15 minutos para o serviço ser iniciado.</string>
  <string name="ota_unsuccessful">O seu telefone não foi ativado. \nTalvez seja necessário encontrar uma área com uma cobertura melhor (próximo de uma janela ou no lado de fora). \n\nTente novamente ou ligue para o serviço de atendimento ao cliente para obter mais opções.</string>
  <string name="ota_spc_failure">FALHAS EM EXCESSO DE SPC</string>
  <string name="ota_call_end">Voltar</string>
  <string name="ota_try_again">Tentar novamente</string>
  <string name="ota_next">Próxima</string>
  <string name="ota_back">Voltar</string>
  <string name="ecm_exit_dialog">EcmExitDialog</string>
  <string name="phone_entered_ecm_text">Modo de retorno de chamada de emergência acessado</string>
  <string name="phone_in_ecm_notification_title">Modo de retorno de chamada de emergência</string>
  <string name="phone_in_ecm_call_notification_text">Conexão de dados desativada</string>
  <string name="alert_dialog_in_ecm_call">A ação selecionada não está disponível durante uma chamada de emergência</string>
  <string name="progress_dialog_exiting_ecm">Saindo do modo de retorno de chamada de emergência</string>
  <string name="alert_dialog_yes">Sim</string>
  <string name="alert_dialog_no">Não</string>
  <string name="alert_dialog_dismiss">Descartar</string>
  <string name="absent_num">Número de ausentes</string>
  <string name="voicemail_settings">Definições do correio de voz</string>
  <string name="voicemail_number_not_set"><não definido></string>
  <string name="voicemail_provider">Serviço de correio de voz</string>
  <string name="voicemail_settings_for">Definições para %s</string>
  <string name="other_settings">Outras Definições de chamada</string>
  <string name="dial_button_label">Discar</string>
  <string name="calling_via_template">Chamando por meio de ^1\n</string>
  <string name="slide_to_answer">Arraste para a direita para atender</string>
  <string name="slide_to_silence">Arraste para a esquerda para silenciar a campainha</string>
  <string name="slide_to_decline">Arraste para a esquerda para recusar</string>
  <string name="slide_to_answer_and_hold">Arraste para a direita para atender e\ncolocar a chamada ativa em espera</string>
  <string name="slide_to_answer_and_end_active">Arraste para a direita para atender e\nfinalizar a chamada ativa</string>
  <string name="slide_to_answer_and_end_onhold">Arraste para a direita para atender e\nencerrar a chamada em espera</string>
  <string name="slide_to_answer_hint">Atender</string>
  <string name="slide_to_decline_hint">Recusar</string>
  <string name="notification_ongoing_calling_format">Chamadas (%s)</string>
  <string name="advanced_setting">Definições Avançadas</string>
  <string name="call_reject_hint">Deslizar para rejeitar chamada</string>
  <string name="hangup_sms">Pressione o botão "Menu" rejeitar e responder às mensagens de texto</string>
  <string name="hangup_sms_body">Agora, não é conveniente atender, ligue mais tarde</string>
  <string name="onscreenNoteText">Gravar</string>
  <string name="query_telocation_title">Localizar o número de telefone</string>
  <string name="query_telocation_sum">Verificar a origem da chamada</string>
  <string name="button_query_hint">Por favor insira o seu número móvel ou fixo</string>
  <string name="button_query">Consulta</string>
  <string name="button_clear">Vazio</string>
  <string name="text_location">Atribuição:</string>
  <string name="text_areacode">Código:</string>
  <string name="unknown_location">Não é possível encontrar todas as informações</string>
  <string name="autoip">IP Automático</string>
  <string name="autoip_sum">Obter IP automaticamente</string>
  <string name="ip_prefix">Prefixo do número IP</string>
  <string name="ip_prefix_sum">Prefixo IP:%s</string>
  <string name="current_areacode">Código de área local</string>
  <string name="current_areacode_sum">Código para a área local atual, ou a área de roaming. Por exemplo: 010</string>
  <string name="always_enable_mms">Receber sempre mensagens multimédia</string>
  <string name="always_enable_mms_summary">Receber sempre mensagens multimédia, mesmo se a ligação de dados estiver desligada.</string>
  <string name="dialer_click_pref_title">Clique na lista de contatos</string>
  <string name="dialer_click_pref_summary">Define a ação a tomar quando se efetua um simples clique sobre a lista de contatos.</string>
  <string name="auto_dialpad_pref_title">Exibir o teclado numérico automaticamente</string>
  <string name="auto_dialpad_pref_summary">Mostrar o teclado durante a chamada</string>
  <string name="anti_disturb_settings">Definições de "Não incomodar"</string>
  <string name="incoming_call_limit_title">Bloqueio de chamadas recebidas</string>
  <string name="incoming_call_limit_summary">Lista de números bloqueados</string>
</resources>
