<?xml version="1.0" encoding="utf-8"?>
<!--Generated by crowdin.net-->
<resources>
  <string name="app_name">Atualização Do Sistema</string>
  <string name="apply_now_button_text">Atualizar</string>
  <string name="apply_later_button_text">Atualizar Depois</string>
  <string name="apply_update_button_text">Atualizar</string>
  <string name="apply_title_textview_text">{0} Disponível</string>
  <string name="apply_subtitle_textview_text">Versão:</string>
  <string name="apply_unable_to_reboot_toast">Não é possível reiniciar em modo de recuperação</string>
  <string name="apply_trying_to_get_root_access">A obter permissões de root para reiniciar em modo de recuperação</string>
  <string name="available_updates_text">Atualizações Disponíveis</string>
  <string name="choose_available_update_text">Atualizar</string>
  <string name="no_updates_found_instructions">Já tem a versão mais recente \nClique em\ \'Verificar agora\' para reverificar atualizações</string>
  <string name="check_error_instructions">A verificação de atualizações falhou \nClique em\ \'Verificar agora\' para reverificar atualizações</string>
  <string name="downloaded_update_found_text">Arquivos de atualização encontrados no cartão SD:</string>
  <string name="checking_for_updates">A verificar por atualizações</string>
  <string name="downloading_update">A Transferir a Atualização</string>
  <string name="sdcard_is_not_present_dialog_body">É Necessário um Cartão SD Para Transferir a Atualização</string>
  <string name="sdcard_is_not_present_dialog_title">Cartão SD não encontrado</string>
  <string name="sdcard_is_not_present_dialog_ok_button">Ok</string>
  <string name="current_version_text">Versão Atual {0}</string>
  <string name="delete_updates_text">Remover Atualização</string>
  <string name="delete_updates_success_message">Atualização Removida</string>
  <string name="delete_updates_failure_message">Erro ao remover a atualização</string>
  <string name="delete_updates_noFolder_message">Atualização local não foi encontrada</string>
  <string name="apply_update_dialog_title">Por Favor, Confirme</string>
  <string name="apply_update_dialog_text">Você deve aplicar esta atualização imediatamente: Arquivo: {0}.\nSe seleccionar "Atualizar", o telefone irá reiniciar automaticamente em modo de recuperação e instalar a atualização</string>
  <string name="apply_update_dialog_update_button">Atualizar</string>
  <string name="apply_update_dialog_backup_and_update_button">Backup & Atualização de Software</string>
  <string name="apply_update_dialog_cancel_button">Cancelar</string>
  <string name="check_now">Verificar agora</string>
  <string name="menu_config">Configurar</string>
  <string name="menu_about">Sobre</string>
  <string name="menu_changelog">Alterações</string>
  <string name="cancel_download_buton_text">Cancelar a transferência</string>
  <string name="confirm_download_cancelation_dialog_message">Deseja cancelar a transferência?</string>
  <string name="confirm_download_cancelation_dialog_yes">Sim</string>
  <string name="confirm_download_cancelation_dialog_no">Não</string>
  <string name="download_canceled_toast_message">Transferência Cancelada</string>
  <string name="verify_and_apply_dialog_title">A integridade do arquivo foi confirmada</string>
  <string name="verify_and_apply_dialog_message">Arquivos de verificação MD5</string>
  <string name="apply_existing_update_md5error_message">Erro. Arquivo MD5 não confere.</string>
  <string name="file_not_found_error_message">O arquivo não foi encontrado</string>
  <string name="apply_upload_info_message">Selecione "Atualizar Agora". O telefone irá reiniciar automaticamente para aplicar a atualização. Se quiser correr um backup, volte para o sistema de backup após a atualização.</string>
  <string name="notes_about_recovery">(Por favor, note que para obter futuras atualizações via OTA, você deve usar uma Recovery ROM compatível)</string>
  <string name="last_update_check_text">Ultima verificação de atualizações</string>
  <string name="overwrite_update_title">Atualizações existentes</string>
  <string name="overwrite_update_summary">Esta ROM já existe.\nDeseja transferí-la novamente?</string>
  <string name="overwrite_update_positive">Transferir Novamente</string>
  <string name="overwrite_update_negative">Voltar</string>
  <string name="no_md5_found_summary">MD5 não encontrado.\nDeseja aplicar esta atualização sem verificá-la?</string>
  <string name="no_md5_found_positive">Atualizar</string>
  <string name="no_md5_found_negative">Cancelar</string>
  <string name="notification_tickertext">A descarregar a atualização</string>
  <string name="notification_finished">Transferência completa</string>
  <string name="stable_description">= Estável</string>
  <string name="experimental_description">= Versão Experimental</string>
  <string name="changelog_button_text">Alterações</string>
  <string name="changelog_title_rom">Alterações da Rom</string>
  <string name="md5_check_cancelled">Verificação MD5 cancelada</string>
  <string name="title_running">Versão Atual</string>
  <string name="no_updatecheck_executed">Não realizar a verificação de atualização</string>
  <string name="about_dialog_title">Sobre</string>
  <string name="no_updates_found">Não foram encontradas atualizações</string>
  <string name="not_new_updates_found_title">Não há atualizações disponíveis.</string>
  <string name="exception_while_downloading">Erro ao transferir atualizações</string>
  <string name="not_update_check_error_title">Não é possível verificar se há atualizações</string>
  <string name="not_update_download_error_title">Erro ao transferir atualizações</string>
  <string name="not_update_downloaded_title">Download concluído</string>
  <string name="not_update_downloaded_body">{0} Pronto a instalar</string>
  <string name="download_info_filename">Nome do arquivo:</string>
  <string name="download_info_mirror">Imagem do servidor:</string>
  <string name="download_info_downloading">A transferir...</string>
  <string name="download_info_speed">Velocidade de download:</string>
  <string name="download_info_remaining_time">Tempo restante:</string>
  <string name="md5_verification_failed">Verificação MD5 falhou</string>
  <string name="not_new_updates_found_body">Não há atualizações disponíveis</string>
  <string name="not_network_error">Não é possível conectar, verifique a ligação a rede</string>
  <string name="version_description">Descrição da Versão</string>
  <string name="acknowledge">Confirmar</string>
  <string name="pleasea_check_update">Verifique se há atualizações</string>
  <string name="already_applied">Instalado</string>
  <string name="stable_version">Versão Estável</string>
  <string name="test_version">Versão de teste</string>
  <string name="wifi_not_available_title">Wi-Fi não está ligado</string>
  <string name="wifi_not_available_body">O tamanho do arquivo a descarregar é grande, pelo que é recomendado o uso de Wi-Fi para transferir a atualização. Detectamos que você não está ligado a uma rede Wi-Fi, deseja continuar o download?</string>
  <string name="widget_title">Meu MIUI</string>
  <string name="widget_feedback">Comentários</string>
  <string name="unable_to_flash_recovery">Impossível de efetuar Flash Recovery</string>
  <string name="flash_recovery_successfully">Flash recovery efetuada com sucesso</string>
  <string name="reflash_recovery">Atualização do Sistema</string>
  <string name="boot_recovery">Reiniciar em Modo de Recuperação</string>
  <string name="flash_recovery_dialog_message">Atualizando</string>
  <string name="applying_rom_message">A Instalar a Rom</string>
  <string name="loading">A Iniciar MIUI</string>
  <string name="page_error_title">Não é possível aceder</string>
  <string name="page_error">Não é possível aceder a MIUI, o sinal de rede móvel pode ser um problema, ele pode parar o servidor</string>
  <string name="page_reload">Atualizar Página</string>
  <string name="install_rom_from_sd">Instalar ROM a partir do Cartão SD</string>
</resources>
