<?xml version="1.0" encoding="utf-8"?>
<!--Generated by crowdin.net-->
<resources>
  <string name="config_import_vcard_type">Standard</string>
  <string name="config_export_vcard_type">Standard</string>
  <string name="config_export_dir">/sdcard</string>
  <string name="config_export_file_prefix">Wenn Sie diesen Kontakt löschen, werden auch Informationen von gelöscht</string>
  <string name="config_export_file_suffix">config_export_file_suffix</string>
  <string name="config_export_file_extension">vcf</string>
  <string name="config_export_extensions_to_consider">config_export_extensions_to_consider</string>
  <string name="contactsList">Kontakte</string>
  <string name="launcherDialer">Telefon</string>
  <string name="shortcutContact">Kontakt</string>
  <string name="shortcutDialContact">Direktwahl</string>
  <string name="shortcutMessageContact">Direkte SMS</string>
  <string name="shortcutActivityTitle">Kontakt-Verknüpfung auswählen</string>
  <string name="callShortcutActivityTitle">Nummer wählen</string>
  <string name="messageShortcutActivityTitle">Nummer für SMS wählen</string>
  <string name="starredList">Markiert</string>
  <string name="frequentList">Häufig</string>
  <string name="strequentList">Favoriten</string>
  <string name="viewContactTitle">Kontakt informationen</string>
  <string name="viewContactDesription">Kontakt anzeigen</string>
  <string name="editContactDescription">Kontakt bearbeiten</string>
  <string name="insertContactDescription">Kontakt erstellen</string>
  <string name="searchHint">Kontakte suchen</string>
  <string name="menu_search">Suche</string>
  <string name="menu_newContact">Neuer Kontakt</string>
  <string name="menu_viewContact">Kontakt anzeigen</string>
  <string name="menu_callNumber">%s anrufen</string>
  <string name="menu_addStar">Zu Favoriten hinzufügen</string>
  <string name="menu_removeStar">Von Favoriten entfernen</string>
  <string name="menu_editContact">Kontakt bearbeiten</string>
  <string name="menu_deleteContact">Kontakt löschen</string>
  <string name="menu_call">Kontakt Anrufen</string>
  <string name="menu_sendSMS">Nachricht schicken</string>
  <string name="menu_sendEmail">E-Mail verfassen</string>
  <string name="menu_viewAddress">Map adresse</string>
  <string name="menu_makeDefaultNumber">Als Standard festlegen</string>
  <string name="menu_makeDefaultEmail">Setzte Email als Standard</string>
  <string name="menu_splitAggregate">Sortieren</string>
  <string name="contactsSplitMessage">Kontakte Sortieren</string>
  <string name="splitConfirmation_title">Kontakte trennen</string>
  <string name="splitConfirmation">Sind Sie sicher, dass Sie den Kontakt in mehrere einzelne Kontakte teilen wollen: Einen für jede Kontaktinformation?</string>
  <string name="menu_joinAggregate">Beitreten</string>
  <string name="titleJoinContactDataWith">Kontakte vereinen</string>
  <string name="blurbJoinContactDataWith">Wählen Sie den Kontakt aus den sie mit %s zusammenführen möchten.</string>
  <string name="showAllContactsJoinItem">Alle Kontakte anzeigen</string>
  <string name="separatorJoinAggregateSuggestions">Vorgeschlagene Kontakte</string>
  <string name="separatorJoinAggregateAll">Alle Kontakte</string>
  <string name="contactsJoinedMessage">hinzugefügte Kontakte</string>
  <string name="menu_contactOptions">Optionen</string>
  <string name="contactOptionsTitle">Optionen</string>
  <string name="deleteConfirmation_title">Löschen</string>
  <string name="readOnlyContactWarning">Kontakte aus "Nur-Lesen"-Konten können nicht gelöscht werden, aber Sie können sie in Ihrer Kontaktliste verstecken.</string>
  <string name="readOnlyContactDeleteConfirmation">Dieser Kontakt beinhaltet Informationen von verschiedenen Accounts. Informationen welche "Nur gelesen" werden können, werden nicht angezeigt.</string>
  <string name="multipleContactDeleteConfirmation">Das Löschen dieses Kontaktes führt zum Informationsverlust in mehreren Konten.</string>
  <string name="deleteConfirmation">Der Kontakt wird gelöscht.</string>
  <string name="menu_done">Fertig</string>
  <string name="menu_doNotSave">rückgängig machen</string>
  <string name="editContact_title_edit">Kontakt bearbeiten</string>
  <string name="editContact_title_insert">Neuer kontakt</string>
  <string name="label_phonetic_name">phonetisch</string>
  <string name="label_notes">Notizen</string>
  <string name="label_ringtone">Rufton</string>
  <string name="ghostData_name">Erste und Letzte</string>
  <string name="ghostData_phonetic_name">Sprachgesteuerter Name</string>
  <string name="ghostData_company">Firma</string>
  <string name="ghostData_title">Titel</string>
  <string name="invalidContactMessage">Der Kontakt existiert nicht.</string>
  <string name="pickerNewContactHeader">Neuen Kontakt erstellen</string>
  <string name="selectLabel">Label auswählen</string>
  <string name="phoneLabelsGroup">Telefon</string>
  <string name="emailLabelsGroup">E-Mail</string>
  <string name="imLabelsGroup">IM</string>
  <string name="postalLabelsGroup">Anschrift</string>
  <string name="photoPickerNotFoundText">Es sind keine Bilder verfügbar.</string>
  <string name="attachToContact">Kontaktbild</string>
  <string name="customLabelPickerTitle">Anzeigenamen bearbeiten</string>
  <string name="send_to_voicemail_checkbox">Anrufe auf Mailbox umleiten</string>
  <string name="default_ringtone">Standard</string>
  <string name="changePicture">Symbol ändern</string>
  <string name="removePicture">Icon entfernen</string>
  <string name="noContacts">Keine Kontakte vorhanden.</string>
  <string name="noMatchingContacts">Keine zutreffenden Kontakte gefunden.</string>
  <string name="noContactsWithPhoneNumbers">Keine Kontakte mit Telefonnummern.</string>
  <string name="savingContact">Kontakt wird gespeichert...</string>
  <string name="contactSavedToast">Kontakt gespeichert.</string>
  <string name="contactSavedErrorToast">Fehler, konnte die Kontaktänderungen nicht speichern.</string>
  <string name="listTotalPhoneContactsZero">Keine sichtbaren Kontakte mit Telefonnummern</string>
  <string name="listTotalAllContactsZero">Keine sichtbaren Kontakte</string>
  <string name="listFoundAllContactsZero">Kontakt nicht gefunden</string>
  <string name="contactsIconLabel">Kontakte</string>
  <string name="contactsFavoritesLabel">Favoriten</string>
  <string name="dialerIconLabel">Telefon</string>
  <string name="recentCallsIconLabel">Anrufliste</string>
  <string name="liveFolderAll">Alle Kontakte</string>
  <string name="liveFolderFavorites">Markierte Kontakte</string>
  <string name="liveFolderPhone">Kontakte mit Telefonnummern</string>
  <string name="menu_sendTextMessage">Textnachricht senden</string>
  <string name="recentCalls_callNumber">%s anrufen</string>
  <string name="recentCalls_editNumberBeforeCall">Nummer vor dem Anrufen bearbeiten</string>
  <string name="recentCalls_addToContact">Zu Kontakten hinzufügen</string>
  <string name="recentCalls_removeFromRecentList">Von Anrufliste entfernen</string>
  <string name="recentCalls_deleteAll">Anrufliste löschen</string>
  <string name="recentCalls_empty">Die Anrufliste ist leer.</string>
  <string name="clearCallLogConfirmation_title">Anrufliste löschen</string>
  <string name="clearCallLogConfirmation">Sind Sie sicher, dass Sie die Anrufliste leeren wollen?</string>
  <string name="imei">IMEI</string>
  <string name="meid">MEID</string>
  <string name="voicemail">Sprachnachricht</string>
  <string name="unknown">Unbekannt</string>
  <string name="private_num">Private Nummer</string>
  <string name="payphone">Münztelefon</string>
  <string name="dialerKeyboardHintText">Benutzen Sie die Tastertur zum Wählen</string>
  <string name="dialerDialpadHintText">Nummer eingeben um einen Anruf zu starten</string>
  <string name="simContacts_emptyLoading">Lädt von Sim Karte</string>
  <string name="simContacts_title">SIM Karten Kontakte</string>
  <string name="liveFolder_all_label">Alle Kontakte</string>
  <string name="liveFolder_favorites_label">Markiert</string>
  <string name="liveFolder_phones_label">Telefone</string>
  <string name="callDetailTitle">Anrufdetails</string>
  <string name="toast_call_detail_error">Details für den gewählten Anruf konnten nicht abgerufen werden.</string>
  <string name="type_incoming">Eingehender Anruf</string>
  <string name="type_outgoing">Ausgehender Anruf</string>
  <string name="type_missed">Anruf in Abwesenheit</string>
  <string name="actionIncomingCall">Eingehende Anrufe</string>
  <string name="callBack">Rückruf</string>
  <string name="callAgain">Anruf wiederholen</string>
  <string name="returnCall">Rückruf</string>
  <string name="callDetailsDurationFormat">%1$s Min %2$s Sek</string>
  <string name="favoritesFrquentSeparator">Häufig kontaktiert</string>
  <string name="add_contact_dlg_title">Kontakt hinzufügen</string>
  <string name="add_contact_dlg_message_fmt">\"%s\" zu Kontakten hinzufügen?</string>
  <string name="all_tab_label">Alle</string>
  <string name="description_image_button_one">Eins</string>
  <string name="description_image_button_two">Zwei</string>
  <string name="description_image_button_three">Drei</string>
  <string name="description_image_button_four">Vier</string>
  <string name="description_image_button_five">Fünf</string>
  <string name="description_image_button_six">Sechs</string>
  <string name="description_image_button_seven">Sieben</string>
  <string name="description_image_button_eight">Acht</string>
  <string name="description_image_button_nine">Neun</string>
  <string name="description_image_button_star">Stern</string>
  <string name="description_image_button_delete">Löschen</string>
  <string name="description_image_button_zero">Null</string>
  <string name="description_image_button_pound">Pfund</string>
  <string name="description_voicemail_button">Sprachnachricht</string>
  <string name="description_dial_button">wählen</string>
  <string name="description_delete_button">Backspace</string>
  <string name="description_digits_edittext">Nummer die gewählt werden soll</string>
  <string name="description_contact_photo">Kontakt Bild</string>
  <string name="description_minus_button">Minus</string>
  <string name="description_plus_button">Plus</string>
  <string name="no_sdcard_title">Keine SD-Karte</string>
  <string name="no_sdcard_message">Keine SD-Karte gefunden</string>
  <string name="searching_vcard_title">Suche nach vCard</string>
  <string name="import_from_sim">Von SIM-Karte importieren</string>
  <string name="import_from_sdcard">Von SD-Karte importieren</string>
  <string name="export_to_sdcard">Auf SD-Karte exportieren</string>
  <string name="share_visible_contacts">Sichtbare Kontakte teilen</string>
  <string name="import_one_vcard_string">Eine vCard-Datei importieren</string>
  <string name="import_multiple_vcard_string">Mehrere vCard-Dateien importieren</string>
  <string name="import_all_vcard_string">Alle vCard-Dateien importieren</string>
  <string name="searching_vcard_message">Suche nach vCard-Daten auf der SD-Karte</string>
  <string name="scanning_sdcard_failed_title">Durchsuchen der Speicherkarte gescheitert</string>
  <string name="scanning_sdcard_failed_message">Durchsuchen der Speicherkarte gescheitert (Grund: \"%s\")</string>
  <string name="fail_reason_io_error">I/O Fehler</string>
  <string name="fail_reason_vcard_parse_error">Unerwarteter Fehler bei der Überprüfung der vCard</string>
  <string name="fail_reason_vcard_not_supported_error">Konnte die vCard nicht parsen, da die aktuelle Implementierung dies nicht unterstützt</string>
  <string name="fail_reason_no_vcard_file">Keine vCard-Datei auf der SD-Karte gefunden</string>
  <string name="fail_reason_failed_to_read_files">Eine oder mehrere Dateien konnten nicht importiert werden (%s).</string>
  <string name="fail_reason_unknown">Unbekannter Fehler</string>
  <string name="select_vcard_title">Wähle vCard-Datei</string>
  <string name="progress_shower_message">%1$s\n%2$s</string>
  <string name="reading_vcard_title">Lese vCard</string>
  <string name="reading_vcard_message">Lese vCard-Datei(en)</string>
  <string name="reading_vcard_failed_title">Lesen der vCard-Daten ist fehlgeschlagen</string>
  <string name="reading_vcard_contacts">%1$s von %2$s Kontakten</string>
  <string name="reading_vcard_files">%1$s von %2$s Dateien</string>
  <string name="confirm_export_title">Export bestätigen</string>
  <string name="confirm_export_message">Sind Sie sicher das Sie Ihre Kontaktliste nach \"%s\" exportieren wollen?</string>
  <string name="exporting_contact_failed_title">Exportieren der Kontaktdaten fehlgeschlagen</string>
  <string name="exporting_contact_failed_message">Fehler beim Exportieren der Kontaktdaten.\nGrund für den Fehler: \"%s\"</string>
  <string name="fail_reason_no_exportable_contact">Kein Kontakt zum Exportieren</string>
  <string name="fail_reason_too_many_vcard">Zu viele vCard-Dateien auf der SD-Karte</string>
  <string name="fail_reason_too_long_filename">Benötigter Dateiname ist zu lang (\"%s\")</string>
  <string name="exporting_contact_list_title">Exportiere Kontaktdaten</string>
  <string name="exporting_contact_list_message">Exportiere Kontaktdaten nach \"%s\"</string>
  <string name="fail_reason_could_not_initialize_exporter">Konnte den Exporter nicht initialisieren: \"%s\"</string>
  <string name="fail_reason_error_occurred_during_export">Fehler aufgetreten beim Exportieren: \"%s\"</string>
  <string name="composer_failed_to_get_database_infomation">Fehler beim Anfordern der Datenbank Informationen</string>
  <string name="composer_has_no_exportable_contact">Es gibt keine exportierbaren Kontakte. Wenn Sie aktuell Kontakte auf Ihrem Handy haben, kann es sein, dass Ihr Anbieter das Exportieren der Kontakte verhindert.</string>
  <string name="composer_not_initialized">Der vCard Composer ist nicht korrekt initialisiert</string>
  <string name="fail_reason_could_not_open_file">Konnte \"%1$s\" nicht öffnen: %2$s</string>
  <string name="exporting_contact_list_progress">%1$s von %2$s Kontakten</string>
  <string name="search_settings_description">Name Ihrer Kontakte</string>
  <string name="add_2sec_pause">2-sek Pause hinzufügen</string>
  <string name="add_wait">Warten hinzufügen</string>
  <string name="call_disambig_title">anrufen mit</string>
  <string name="sms_disambig_title">Text in Benutzung</string>
  <string name="make_primary">Diese Auswahl merken</string>
  <string name="quickcontact_missing_app">Keine Anwendung gefunden um diese Aktion auszuführen</string>
  <string name="quickcontact_remember_choice">Diese Auswahl merken</string>
  <string name="quickcontact_missing_name">unbekannt</string>
  <string name="menu_accounts">Konten</string>
  <string name="menu_import_export">Importieren/Exportieren</string>
  <string name="dialog_import_export">Kontakte importieren/exportieren</string>
  <string name="menu_share">teilen</string>
  <string name="share_via">teilen mit</string>
  <string name="share_error">Dieser Kontakt kann nicht geteilt werden.</string>
  <string name="nameLabelsGroup">Name</string>
  <string name="nicknameLabelsGroup">Spitzname</string>
  <string name="organizationLabelsGroup">Organisation</string>
  <string name="websiteLabelsGroup">Webseite</string>
  <string name="eventLabelsGroup">Event</string>
  <string name="type_short_home">H</string>
  <string name="type_short_mobile">M</string>
  <string name="type_short_work">W</string>
  <string name="type_short_pager">P</string>
  <string name="type_short_other">O</string>
  <string name="edit_read_only">Dieser Kontakt ist nur lesbar</string>
  <string name="edit_secondary_collapse">Mehr</string>
  <string name="dialog_primary_name">Primärer Name</string>
  <string name="dialog_new_contact_account">Kontakt in diesem Konto erstellen</string>
  <string name="account_phone">Nur Telefon (nicht synchronisiert)</string>
  <string name="call_custom">Anruf %s</string>
  <string name="call_home">zu Hause anrufen</string>
  <string name="call_mobile">Mobil anrufen</string>
  <string name="call_work">Arbeit anrufen</string>
  <string name="call_fax_work">Arbeit Fax anrufen</string>
  <string name="call_fax_home">Zuhause Fax anrufen</string>
  <string name="call_pager">Pager anrufen</string>
  <string name="call_other">anrufen</string>
  <string name="call_callback">Rückruf</string>
  <string name="call_car">im Auto anrufen</string>
  <string name="call_company_main">Anruf Firma</string>
  <string name="call_isdn">Anruf ISDN</string>
  <string name="call_main">Hauptnummer anrufen</string>
  <string name="call_other_fax">Fax anrufen</string>
  <string name="call_radio">Rufe Radio</string>
  <string name="call_telex">Fax anrufen</string>
  <string name="call_tty_tdd">Rufe TTY/TDD</string>
  <string name="call_work_mobile">Arbeit Mobil anrufen</string>
  <string name="call_work_pager">Pager anrufen (geschäftlich)</string>
  <string name="call_assistant">%s anrufen</string>
  <string name="call_mms">Rufe MMS</string>
  <string name="sms_custom">SMS an%s</string>
  <string name="sms_home">SMS an Hauptnummer senden</string>
  <string name="sms_mobile">SMS an Mobil</string>
  <string name="sms_work">SMS an Arbeit senden</string>
  <string name="sms_fax_work">SMS an Fax (Arbeit)</string>
  <string name="sms_fax_home">SMS an Fax (Privat)</string>
  <string name="sms_pager">SMS an Pager</string>
  <string name="sms_other">Text</string>
  <string name="sms_callback">Text Rückruf</string>
  <string name="sms_car">Nachricht an Auto</string>
  <string name="sms_company_main">Nachricht an Geschäft (Standard)</string>
  <string name="sms_isdn">SMS an ISDN</string>
  <string name="sms_main">Nachricht an Standard</string>
  <string name="sms_other_fax">Nachricht an Fax</string>
  <string name="sms_radio">Text Radio</string>
  <string name="sms_telex">Text Telex</string>
  <string name="sms_tty_tdd">Text TTY/TDD</string>
  <string name="sms_work_mobile">SMS Handy (geschäftlich)</string>
  <string name="sms_work_pager">Nachricht an Pager (geschäftlich)</string>
  <string name="sms_assistant">SMS an %s verfassen</string>
  <string name="sms_mms">MMS</string>
  <string name="email_home">E-Mail (privat)</string>
  <string name="email_mobile">E-Mail (Handy)</string>
  <string name="email_work">E-Mail (geschäftlich)</string>
  <string name="email_other">E-Mail (sonstige)</string>
  <string name="email_custom">E-Mail %s</string>
  <string name="email">E-mail</string>
  <string name="map_home">Privatadresse anzeigen</string>
  <string name="map_work">Arbeitsadresse anzeigen</string>
  <string name="map_other">Adresse anzeigen (sonstige)</string>
  <string name="map_custom">%s auf Karte zeigen</string>
  <string name="chat_aim">AIM Chat</string>
  <string name="chat_msn">Windows Live Chat</string>
  <string name="chat_yahoo">Yahoo Chat</string>
  <string name="chat_skype">Skype Chat</string>
  <string name="chat_qq">QQ Chat</string>
  <string name="chat_gtalk">Google Talk Chat</string>
  <string name="chat_icq">ICQ Chat</string>
  <string name="chat_jabber">Jabber Chat</string>
  <string name="chat">Chat</string>
  <string name="postal_street">Straße</string>
  <string name="postal_pobox">Postfach</string>
  <string name="postal_neighborhood">Nachbarschaft</string>
  <string name="postal_city">Stadt</string>
  <string name="postal_region">Bundesland</string>
  <string name="postal_postcode">Postleitzahl</string>
  <string name="postal_country">Land</string>
  <string name="name_given">Vorname</string>
  <string name="name_family">Nachname</string>
  <string name="name_prefix">Name Präfix</string>
  <string name="name_middle">Zweiter Vorname</string>
  <string name="name_suffix">Name Suffix</string>
  <string name="name_phonetic_given">Phonetisch Vorname</string>
  <string name="name_phonetic_middle">Phonetisch 2. Vorname</string>
  <string name="name_phonetic_family">Phonetisch Nachname</string>
  <string name="account_type_format">%1$s Kontakt</string>
  <string name="from_account_format">von %1$s</string>
  <string name="use_photo_as_primary">Dieses Foto benutzen</string>
  <string name="contact_read_only">%1$s Kontaktinformation kann auf diesem Gerät nicht bearbeitet werden.</string>
  <string name="no_contact_details">Keine zusätzlichen Informationen für diesen Kontakt</string>
  <string name="search_bar_hint">Kontakte suchen</string>
  <string name="search_for_all_contacts">Nach allen Kontakten suchen</string>
  <string name="take_photo">Foto aufnehmen</string>
  <string name="pick_photo">Foto aus der Gallery wählen</string>
  <string name="locale_change_in_progress">Kontaktliste wird aktualisiert um Änderungen der Sprache anzuzeigen.\n\n Bitte warten...</string>
  <string name="upgrade_in_progress">Kontaktliste wird aktualisiert.\n\nBitte warten...</string>
  <string name="upgrade_out_of_memory">Kontakte werden aktualisiert. \n\nDieser Prozess benötigt ca. %dMb internen Speicher.\n\nWählen Sie eine der folgenden Optionen:</string>
  <string name="upgrade_out_of_memory_uninstall">Deinstalliere einige Anwendungen</string>
  <string name="upgrade_out_of_memory_retry">Upgrade erneut versuchen</string>
  <string name="search_results_for">Suche Ergebnisse für: %s</string>
  <string name="search_results_searching">Suche...</string>
  <string name="callNoAnswerTimeFormat">Ring %s mal</string>
  <string name="numberCountFormat">%s Zahlen</string>
  <string name="menu_display_all">Alle Kontakte anzeigen</string>
  <string name="menu_display_only_phones">Zeige nur Telefonkontakte</string>
  <string name="contactsGroupsLabel">Gruppen</string>
  <string name="group_summary_format">%s Zusammenfassung</string>
  <string name="no_member">Die Gruppe ist leer</string>
  <string name="applyGroupsSelection">Update die Einstellungen der</string>
  <string name="no_availablePhone">Für die Kontakte der Gruppe keine Rufnummer verfügbar</string>
  <string name="add_group_member">Mitglieder hinzufügen</string>
  <string name="group_name_contacts">Kontakt</string>
  <string name="group_name_friends">Freund</string>
  <string name="group_name_family">Familie</string>
  <string name="group_name_coworkers">Kollege</string>
  <string name="group_name_important">V.I.P.</string>
  <string name="group_name_life_info">Lebensbeschreibung</string>
  <string name="group_name_white_list">Whitelist</string>
  <string name="group_name_black_list">Blacklist</string>
  <string name="button_manage_groups">Bearbeiten</string>
  <string name="button_back">Zurück</string>
  <string name="button_remove_contacts">Entfernen des Kontakts</string>
  <string name="duplicatedGroupNameHelpText">Der eingegebene Gruppenname ist bereits vorhanden</string>
  <string name="system_groups_unchangable">Die Systemgruppe kann nicht entfernt werden</string>
  <string name="menu_add">Hinzufügen</string>
  <string name="menu_remove">Entfernen</string>
  <string name="create_new_group">Neue Gruppe</string>
  <string name="manage_groups">Gruppen Verwalten</string>
  <string name="menu_viewGroup">Gruppen anzeigen</string>
  <string name="menu_deleteGroup">Gruppe löschen</string>
  <string name="menu_editGroupName">Gruppennamen ändern</string>
  <string name="input_group_name_hint">Gruppennamen</string>
  <string name="notification_invalid_group_name">Gruppen Name darf nicht leer sein</string>
  <string name="add_to_group_format">In den %s</string>
  <string name="name_full">Name</string>
  <string name="add_more_items">Weitere Hinzufügen</string>
  <string name="saveConfirmationTitle">Kontakt speichern</string>
  <string name="saveConfirmationBody">Änderungen zu diesem Kontakt speichern?</string>
  <string name="saveConfirmationYes">Speichern</string>
  <string name="saveConfirmationNo">Nicht speichern</string>
  <string name="import_from_account">Importieren vom Account</string>
  <string name="select_account_import_from">Account auswählen zum Importieren</string>
  <string name="importing_from_account">Kontakte importieren</string>
  <string name="fail_message_account_needed">Bitte konfigurieren Sie ihr Konto</string>
  <string name="success_message_import_from_account">Importieren abgeschlossen</string>
  <string name="date_day">Tag(e)</string>
  <string name="fast_scroll_alphabet">\#ABCDEFGHIJKLMNOPQRSTUVWXYZ</string>
  <string name="belong_no_group">Nicht der Gruppe beitreten</string>
  <string name="menu_remove_member">Entfernen des Kontakts</string>
  <string name="removeConfirmation_title">Entfernen</string>
  <string name="menu_add_favorite_contact">Hinzufügen von Kontakten zu den Favoriten</string>
  <string name="menu_group_sms">Gruppen SMS</string>
  <string name="menu_group_ringtone">Gruppen Rufton</string>
  <string name="menu_add_member">Kontakt hinzufügen</string>
  <string name="menu_callIpNumber">Wähle (Ip)Telefon (Wähle%s)</string>
  <string name="menu_clearDefaultNumber">Bearbeiten der Standardnummer</string>
  <string name="menu_clearDefaultEmail">Bearbeiten der Standard-Mail Einstellungen</string>
  <string name="favoriteContactDescription">Zu Favoriten hinzufügen</string>
  <string name="unfavoriteContactDescription">Abmelden</string>
  <string name="shareContactDescription">Kontakte freigeben</string>
  <string name="titlePickOrCreateNewContact">Wählen sie einen bestehenden oder neuen Kontakt</string>
  <string name="titlePickContactNumber">Wählen Sie eine Telefonnummer</string>
  <string name="fixedPhoneLabel">Flugzeug</string>
  <string name="fixedFaxLabel">Fax</string>
  <string name="goto_album">Zum Album</string>
  <string name="recommneded_photos">Empfohlene Fotos</string>
  <string name="downloading_photos">Fotos werden heruntergeladen</string>
  <string name="callButtonText">Anrufen</string>
  <string name="callrecordview_menu_phone_all">Alle Anrufe</string>
  <string name="callrecordview_menu_phone_missed">Anrufe in Abwesenheit</string>
  <string name="callrecordview_menu_delete_one">Liste löschen</string>
  <string name="callrecordview_menu_delete_stranger">Lösche Anrufliste</string>
  <string name="callrecordview_menu_delete_all">Alle Anruflisten löschen</string>
  <string name="callrecordview_menu_set">Einstellungen</string>
  <string name="callrecordview_more">Zeige mehr</string>
  <string name="callrecordview_more_title">%s Alle Gespräche</string>
  <string name="callrecordview_item_calls">Insgesamt %d</string>
  <string name="callrecordview_item_op_time_missed">Nicht verbunden</string>
  <string name="callrecordview_item_op_time_short_incoming">Angenommene Gespräche %d Sekunden</string>
  <string name="callrecordview_item_op_time_short_outgoing">Ausgehende Gespräche %d Sekunden</string>
  <string name="callDetailsDurationFormat_incoming">eingehende Anrufe %1 $s Minuten, %2 $s Sekunden</string>
  <string name="callDetailsDurationFormat_outgoing">ausgehende Anrufe %1 $s Minuten, %2 $s Sekunden</string>
  <string name="group_delete_confirmation">Gruppen werden gelöscht</string>
  <string name="no_sms_availabe_contact_in_group">Keine SMS Kontakt in der Gruppe verfügbar</string>
  <string name="showDialpadTip">Öffnen der Tastatur</string>
  <string name="set_ringtone_for_group_members_success">Gruppenton erfolgreich eingerichtet</string>
  <string name="noContactHelpText">Keine Kontakte vorhanden</string>
  <string name="noFavoriteHelpText">Keine Favoriten vorhanden</string>
  <string name="noGroupMemberHelpText">Es gibt keine Kontakte zu der Gruppe. \ N \ n Um einen Kontakt hinzuzufügen, drücken Sie und wählen Sie dann die Kontakte zu der Gruppe \ n</string>
  <string name="noContactHelpTextAccounts">Kontosynchronisation</string>
  <string name="noContactHelpTextImportSim">Kontakte von der SIM-Karte importieren</string>
  <string name="noContactHelpTextImportSD">Kontakte von der Speicherkarte importieren</string>
  <string name="noContactHelpTextAddContact">Einen neuen Kontakt erstellen</string>
  <string name="noContactHelpTextAddStarred">Favoriten</string>
  <string name="noContactHelpTextAddMember">Gruppenkontakt hinzufügen</string>
</resources>
