<?xml version="1.0" encoding="utf-8"?>
<!--Generated by crowdin.net-->
<resources>
  <string name="app_name">System-Update</string>
  <string name="apply_now_button_text">Update</string>
  <string name="apply_later_button_text">Später updaten</string>
  <string name="apply_update_button_text">Anwendungs Updates</string>
  <string name="apply_title_textview_text">{0} sind bereits verfügbar</string>
  <string name="apply_subtitle_textview_text">Release Notes:</string>
  <string name="apply_unable_to_reboot_toast">Kann nicht in den Recovery Modus booten</string>
  <string name="apply_trying_to_get_root_access">Versucht root Rechte zu erhalten um in den Recovery Modus zu booten</string>
  <string name="available_updates_text">ROM zum Herunterladen auswählen:</string>
  <string name="choose_available_update_text">Upgrade</string>
  <string name="no_updates_found_instructions">Aktuelle Version ist bereits installiert.\nKlicken Sie auf \"Jetzt überprüfen\" um nach Updates zu suchen.</string>
  <string name="check_error_instructions">Suchen nach Updates fehlgeschlagen.\nKlicken Sie auf \"Jetzt überprüfen\" um nach Updates zu suchen.</string>
  <string name="downloaded_update_found_text">Folgende Update Datei wurde auf der SD Karte gefunden:</string>
  <string name="checking_for_updates">Suche nach Updates</string>
  <string name="downloading_update">Update wird heruntergeladen</string>
  <string name="sdcard_is_not_present_dialog_body">Sie brauchen eine SD Karte, um die Aktualisierung herunterladen zu können.</string>
  <string name="sdcard_is_not_present_dialog_title">SD Karte nicht gefunden</string>
  <string name="sdcard_is_not_present_dialog_ok_button">Ok</string>
  <string name="current_version_text">Aktuelle Version</string>
  <string name="delete_updates_text">Updates löschen</string>
  <string name="delete_updates_success_message">Updates erfolgreich gelöscht</string>
  <string name="delete_updates_failure_message">Update Fehler entfernen</string>
  <string name="delete_updates_noFolder_message">Lokale Aktualisierung wurde nicht gefunden</string>
  <string name="apply_update_dialog_title">Bitte bestätigen Sie</string>
  <string name="apply_update_dialog_text">Bitte bestätigen Sie das Update durch folgende Datei: (0)\nWenn Sie auf die Schaltfläche \"Aktualisieren\" drücken, wird das Telefon automatisch einen Neustart in den Wiederherstellungsmodus machen und das Update installieren.</string>
  <string name="apply_update_dialog_update_button">Aktualisieren</string>
  <string name="apply_update_dialog_backup_and_update_button">Backup & Anwendungs Update</string>
  <string name="apply_update_dialog_cancel_button">Abbrechen</string>
  <string name="check_now">Jetzt prüfen</string>
  <string name="menu_config">Einstellungen</string>
  <string name="menu_about">Über</string>
  <string name="menu_changelog">Update Log</string>
  <string name="cancel_download_buton_text">Download abbrechen</string>
  <string name="confirm_download_cancelation_dialog_message">Download abbrechen?</string>
  <string name="confirm_download_cancelation_dialog_yes">Ja</string>
  <string name="confirm_download_cancelation_dialog_no">Nein</string>
  <string name="download_canceled_toast_message">Download abgebrochen</string>
  <string name="verify_and_apply_dialog_title">Die Integrität der Datei wird bestätigt</string>
  <string name="verify_and_apply_dialog_message">Überprüfe die Integrität der MD5 Datei</string>
  <string name="apply_existing_update_md5error_message">Fehler: MD5-Datei stimmt nicht überein.</string>
  <string name="file_not_found_error_message">Datei existiert nicht oder unzureichende Rechte</string>
  <string name="apply_upload_info_message">Klicken Sie auf "Jetzt aktualisieren" und das Telefon wird automatisch neu starten, um das Update zu installieren. Wenn Sie Ihre Arbeit speichern wollen, gehen Sie zurück zum Backup-System nach dem Update.</string>
  <string name="notes_about_recovery">(Bitte nehmen Sie in Kenntnis, um in Zukunft weiterhin OTA Updates zu erhalten, brauchen Sie eine kompatible ROM Recovery. Um sicher zu gehen, dass die Recovery kompatibel ist, können Sie auf das Element \"heavy brush recovery\" gehen um unsere empfohlene Recovery zu verwenden.</string>
  <string name="last_update_check_text">Letzte Überprüfung auf Updates</string>
  <string name="overwrite_update_title">Update existiert</string>
  <string name="overwrite_update_summary">Dieses Update existiert bereits. Trotzdem runterladen?</string>
  <string name="overwrite_update_positive">Erneut runterladen</string>
  <string name="overwrite_update_negative">Aktuelles verwenden</string>
  <string name="no_md5_found_summary">Ein MD5 Checksumme wurde nicht gefunden. Möchten Sie dieses Update trotzdem verwenden ohne es überprüft zu haben?</string>
  <string name="no_md5_found_positive">Anwendungs Updates</string>
  <string name="no_md5_found_negative">Abbrechen</string>
  <string name="notification_tickertext">Update wird heruntergeladen</string>
  <string name="notification_finished">Download abgeschlossen</string>
  <string name="stable_description">= Stabil</string>
  <string name="experimental_description">= Test Version</string>
  <string name="changelog_button_text">Log</string>
  <string name="changelog_title_rom">ROM Update-Log</string>
  <string name="md5_check_cancelled">MD5 Überprüfung wurde abgebrochen</string>
  <string name="title_running">Die aktuelle Version</string>
  <string name="no_updatecheck_executed">Keine Update Prüfung</string>
  <string name="about_dialog_title">Über</string>
  <string name="no_updates_found">Keine Updates gefunden</string>
  <string name="not_new_updates_found_title">Keine Updates verfügbar!</string>
  <string name="exception_while_downloading">Fehler beim Herunterladen</string>
  <string name="not_update_check_error_title">Nicht nach Updates suchen</string>
  <string name="not_update_download_error_title">Fehler beim Herunterladen</string>
  <string name="not_update_downloaded_title">Laden Sie die vollständige Aktualisierung</string>
  <string name="not_update_downloaded_body">{0} ist zur Installation bereit</string>
  <string name="download_info_filename">Dateiname:</string>
  <string name="download_info_mirror">Mirror-Server:</string>
  <string name="download_info_downloading">Loading ...</string>
  <string name="download_info_speed">Geschwindigkeit:</string>
  <string name="download_info_remaining_time">Verbleibende Zeit:</string>
  <string name="md5_verification_failed">MD5-Prüfsumme fehlgeschlagen</string>
  <string name="not_new_updates_found_body">Keine Updates verfügbar</string>
  <string name="not_network_error">Kann keine Verbindung herstellen.</string>
  <string name="version_description">Impressum</string>
  <string name="acknowledge">Danke</string>
  <string name="pleasea_check_update">Bitte prüfen Sie auf Aktualisierungen</string>
  <string name="already_applied">Installierte</string>
  <string name="stable_version">Stable</string>
  <string name="test_version">Beta</string>
  <string name="wifi_not_available_title">WIFI ist nicht aktiviert</string>
  <string name="wifi_not_available_body">Die Dateien sind groß, daher sollten Sie sie über das WIFI runterladen. Sie sind nicht mit dem WIFI verbunden, möchten Sie es trotzdem runterladen? Es wird das mobile Netzwerk verwendet, welches u.U. hohe Kosten verursachen kann.</string>
  <string name="widget_title">Meine MIUI</string>
  <string name="widget_feedback">Feedback</string>
  <string name="unable_to_flash_recovery">Recovery Aktualisierung gescheitert.</string>
  <string name="flash_recovery_successfully">Recovery erfolgreich aktualisiert</string>
  <string name="reflash_recovery">Heavy brush recovery</string>
  <string name="boot_recovery">In das Recovery rebooten</string>
  <string name="flash_recovery_dialog_message">Aktualisiere Recovery</string>
  <string name="applying_rom_message">ROM wird angewendet</string>
  <string name="loading">Lade MIUI</string>
  <string name="page_error_title">Kein Zugriff auf</string>
  <string name="page_error">Kein Zugriff auf MIUI, das mobile Netzwerk könnte das Problem verursachen.</string>
  <string name="page_reload">Wieder</string>
  <string name="install_rom_from_sd">ROM Installation auswählen</string>
</resources>
