<?xml version="1.0" encoding="utf-8"?>
<!--Generated by crowdin.net-->
<resources>
  <string name="app_label">Névjegyek tárhelye</string>
  <string name="provider_label">Névjegyek</string>
  <string name="upgrade_out_of_memory_notification_ticker">A névjegyek számára több memória szükséges</string>
  <string name="upgrade_out_of_memory_notification_title">Névjegyek tárhelyének frissítése</string>
  <string name="upgrade_out_of_memory_notification_text">Kiválasztás a frissítéshez.</string>
  <string name="edit_contact">Add hozzá a meglévő névjegyet</string>
  <string name="create_contact">Új névjegy</string>
</resources>
