<?xml version="1.0" encoding="utf-8"?>
<!--Generated by crowdin.net-->
<resources>
  <string name="config_import_vcard_type">alapértelmezett</string>
  <string name="config_export_vcard_type">alapértelmezett</string>
  <string name="config_export_dir">/sdcard/MIUI/contacts</string>
  <string name="config_export_file_prefix"> </string>
  <string name="config_export_file_suffix"> </string>
  <string name="config_export_file_extension">vcf</string>
  <string name="config_export_extensions_to_consider"> </string>
  <string name="contactsList">Névjegyek</string>
  <string name="launcherDialer">Telefon</string>
  <string name="shortcutContact">Névjegy</string>
  <string name="shortcutDialContact">Hívás</string>
  <string name="shortcutMessageContact">Üzenet</string>
  <string name="shortcutActivityTitle">Válasszon névjegyet a parancsikonhoz</string>
  <string name="callShortcutActivityTitle">Válasszon telefonszámot a híváshoz</string>
  <string name="messageShortcutActivityTitle">Válasszon telefonszámot az üzenetküldéshez</string>
  <string name="starredList">Csillagozva</string>
  <string name="frequentList">Gyakori</string>
  <string name="strequentList">Kedvencek</string>
  <string name="viewContactTitle">Névjegy adatai</string>
  <string name="viewContactDesription">Névjegy megtekintése</string>
  <string name="editContactDescription">Névjegy szerkesztése</string>
  <string name="insertContactDescription">Névjegy létrehozása</string>
  <string name="searchHint">Névjegyek keresése</string>
  <string name="menu_search">Keresés</string>
  <string name="menu_newContact">Új névjegy</string>
  <string name="menu_viewContact">Névjegy megtekintése</string>
  <string name="menu_callNumber">%s hívása</string>
  <string name="menu_addStar">Hozzáadás a kedvencekhez</string>
  <string name="menu_removeStar">Eltávolítás a kedvencekből</string>
  <string name="menu_editContact">Névjegy szerkesztése</string>
  <string name="menu_deleteContact">Névjegy törlése</string>
  <string name="menu_call">Ismerős hívása</string>
  <string name="menu_sendSMS">SMS küldése ismerősnek</string>
  <string name="menu_sendEmail">E-mail küldése</string>
  <string name="menu_viewAddress">Postai cím</string>
  <string name="menu_makeDefaultNumber">Legyen ez az alapértelmezett szám</string>
  <string name="menu_makeDefaultEmail">Legyen ez az alapértelmezett e-mail cím</string>
  <string name="menu_splitAggregate">Szétválasztás</string>
  <string name="contactsSplitMessage">Névjegyek elkülönítve</string>
  <string name="splitConfirmation_title">Névjegy szétválasztása</string>
  <string name="splitConfirmation">Biztosan több névjegybe választja szét ezt az egy névjegyet, hogy minden információtípushoz tartozzon egy?</string>
  <string name="menu_joinAggregate">Egyesítés</string>
  <string name="titleJoinContactDataWith">Névjegyek összekapcsolása</string>
  <string name="blurbJoinContactDataWith">Jelölje ki, hogy kit szeretne %s névjegyhez csatolni.</string>
  <string name="showAllContactsJoinItem">Az összes névjegy megjelenítése</string>
  <string name="separatorJoinAggregateSuggestions">Javasolt névjegyek</string>
  <string name="separatorJoinAggregateAll">Összes névjegy</string>
  <string name="contactsJoinedMessage">A névjegyek összekapcsolása megtörtént</string>
  <string name="menu_contactOptions">Beállítások</string>
  <string name="contactOptionsTitle">Beállítások</string>
  <string name="deleteConfirmation_title">Törlés</string>
  <string name="readOnlyContactWarning">Írásvédett fiókból nem törölhet névjegyet, de saját címtárában elrejtheti azokat.</string>
  <string name="readOnlyContactDeleteConfirmation">Ez a névjegy több fiókból tartalmaz információkat. A csak olvasható fiókokból származó információk rejtve lesznek a névjegyei között.</string>
  <string name="multipleContactDeleteConfirmation">A névjegy törlése több fiókból töröl adatokat.</string>
  <string name="deleteConfirmation">A névjegy törlésre kerül.</string>
  <string name="menu_done">Rendben</string>
  <string name="menu_doNotSave">Visszavonás</string>
  <string name="editContact_title_edit">Névjegy szerkesztése</string>
  <string name="editContact_title_insert">Új kontakt</string>
  <string name="label_phonetic_name">Fonetikus</string>
  <string name="label_notes">Jegyzetek</string>
  <string name="label_ringtone">Csengőhang</string>
  <string name="ghostData_name">Első és utolsó</string>
  <string name="ghostData_phonetic_name">Fonetikus név</string>
  <string name="ghostData_company">Cég</string>
  <string name="ghostData_title">Megszólítás</string>
  <string name="invalidContactMessage">A névjegy nem létezik.</string>
  <string name="pickerNewContactHeader">Új névjegy</string>
  <string name="selectLabel">Címke kiválasztása</string>
  <string name="phoneLabelsGroup">Telefon</string>
  <string name="emailLabelsGroup">E-mail</string>
  <string name="imLabelsGroup">Azonnali üzenetküldés</string>
  <string name="postalLabelsGroup">Postacím</string>
  <string name="photoPickerNotFoundText">Nincsenek elérhető képek a telefonon.</string>
  <string name="attachToContact">Névjegyikon</string>
  <string name="customLabelPickerTitle">Egyéni címkenév</string>
  <string name="send_to_voicemail_checkbox">A hívások hangpostára irányítása</string>
  <string name="default_ringtone">Alapértelmezett</string>
  <string name="changePicture">Ikon változtatása</string>
  <string name="removePicture">Ikon eltávolítása</string>
  <string name="noContacts">Nincsenek névjegyek.</string>
  <string name="noMatchingContacts">Nincsenek a keresési feltételeknek megfelelő névjegyek.</string>
  <string name="noContactsWithPhoneNumbers">Nincsenek telefonszámot is tartalmazó névjegyek.</string>
  <string name="savingContact">Névjegy mentése...</string>
  <string name="contactSavedToast">Névjegy mentve.</string>
  <string name="contactSavedErrorToast">Hiba; nem sikerült menteni a névjegy módosításait.</string>
  <string name="listTotalPhoneContactsZero">Nincsenek látható névjegyek telefonszámokkal</string>
  <string name="listTotalAllContactsZero">Nincsenek látható névjegyek</string>
  <string name="listFoundAllContactsZero">Nem található névjegy</string>
  <string name="contactsIconLabel">Névjegyek</string>
  <string name="contactsFavoritesLabel">Kedvencek</string>
  <string name="dialerIconLabel">Telefon</string>
  <string name="recentCallsIconLabel">Hívásnapló</string>
  <string name="liveFolderAll">Összes névjegy</string>
  <string name="liveFolderFavorites">Csillagozott névjegyek</string>
  <string name="liveFolderPhone">Névjegyek telefonszámmal</string>
  <string name="menu_sendTextMessage">Szöveges üzenet küldése</string>
  <string name="recentCalls_callNumber">%s hívása</string>
  <string name="recentCalls_editNumberBeforeCall">Szám szerkesztése hívás előtt</string>
  <string name="recentCalls_addToContact">Hozzáadás a névjegyekhez</string>
  <string name="recentCalls_removeFromRecentList">Eltávolítás a híváslistából</string>
  <string name="recentCalls_deleteAll">Híváslista törlése</string>
  <string name="recentCalls_empty">Híváslista üres.</string>
  <string name="clearCallLogConfirmation_title">Híváslista törlése</string>
  <string name="clearCallLogConfirmation">Biztosan törli a híváslistát?</string>
  <string name="imei">IMEI</string>
  <string name="meid">MEID</string>
  <string name="voicemail">Hangposta</string>
  <string name="unknown">Ismeretlen</string>
  <string name="private_num">Rejtett szám</string>
  <string name="payphone">Fizetős telefon</string>
  <string name="dialerKeyboardHintText">Használja a tárcsázót a híváshoz</string>
  <string name="dialerDialpadHintText">Tárcsázás hívás hozzáadásához</string>
  <string name="simContacts_emptyLoading">Betöltés SIM kártyáról...</string>
  <string name="simContacts_title">Névjegyek a SIM-kártyán</string>
  <string name="liveFolder_all_label">Összes névjegy</string>
  <string name="liveFolder_favorites_label">Csillagozott</string>
  <string name="liveFolder_phones_label">Telefonszámok</string>
  <string name="callDetailTitle">Hívás adatai</string>
  <string name="toast_call_detail_error">A kért hívás adatai nem olvashatóak.</string>
  <string name="type_incoming">Bejövő hívás</string>
  <string name="type_outgoing">Kimenő hívás</string>
  <string name="type_missed">Nem fogadott hívás</string>
  <string name="actionIncomingCall">Bejövő hívás</string>
  <string name="callBack">Visszahívás</string>
  <string name="callAgain">Újrahívás</string>
  <string name="returnCall">Visszahívás</string>
  <string name="callDetailsDurationFormat">%1$s perc %2$s másodperc</string>
  <string name="favoritesFrquentSeparator">Gyakran keresett</string>
  <string name="add_contact_dlg_title">Névjegy hozzáadása</string>
  <string name="add_contact_dlg_message_fmt">Hozzáadja a névjegyekhez: \"%s\" ?</string>
  <string name="all_tab_label">Mind</string>
  <string name="description_image_button_one">egy</string>
  <string name="description_image_button_two">kettő</string>
  <string name="description_image_button_three">három</string>
  <string name="description_image_button_four">négy</string>
  <string name="description_image_button_five">öt</string>
  <string name="description_image_button_six">hat</string>
  <string name="description_image_button_seven">hét</string>
  <string name="description_image_button_eight">nyolc</string>
  <string name="description_image_button_nine">kilenc</string>
  <string name="description_image_button_star">csillag</string>
  <string name="description_image_button_delete">törlés</string>
  <string name="description_image_button_zero">nulla</string>
  <string name="description_image_button_pound">kettős kereszt</string>
  <string name="description_voicemail_button">hangposta</string>
  <string name="description_dial_button">hívás</string>
  <string name="description_delete_button">törlés</string>
  <string name="description_digits_edittext">tárcsázandó szám</string>
  <string name="description_contact_photo">Névjegy fényképe</string>
  <string name="description_minus_button">Becsuk</string>
  <string name="description_plus_button">Kinyit</string>
  <string name="no_sdcard_title">Nincs SD kártya</string>
  <string name="no_sdcard_message">Nem található SD kártya</string>
  <string name="searching_vcard_title">vCard keresése</string>
  <string name="import_from_sim">Importálás SIM kártyáról</string>
  <string name="import_from_sdcard">Importálás SD kártyáról</string>
  <string name="export_to_sdcard">Exportálás SD kártyára</string>
  <string name="share_visible_contacts">Látható névjegyek megosztása</string>
  <string name="import_one_vcard_string">Egy névjegy importálása fájlból</string>
  <string name="import_multiple_vcard_string">Több névjegy fájl importálása</string>
  <string name="import_all_vcard_string">Az összes névjegy importálása</string>
  <string name="searching_vcard_message">Névjegy adatok keresése az SD kártyán</string>
  <string name="scanning_sdcard_failed_title">Az SD-kártya beolvasása sikertelen</string>
  <string name="scanning_sdcard_failed_message">Az SD-kártya beolvasása nem sikerült (oka: \"%s\")</string>
  <string name="fail_reason_io_error">I/O hiba</string>
  <string name="fail_reason_vcard_parse_error">Váratlan ok miatt nem sikerült a vCard szintaktikai elemzése</string>
  <string name="fail_reason_vcard_not_supported_error">Bár úgy tűnik, hogy a formátuma érvényes, nem sikerült szintaktikailag elemezni a vCardot, mert a jelenlegi verzió nem támogatja</string>
  <string name="fail_reason_no_vcard_file">Nem található vCard az SD kártyán</string>
  <string name="fail_reason_failed_to_read_files">Egy vagy több fájlt nem sikerült importálni (%s).</string>
  <string name="fail_reason_unknown">Ismeretlen hiba</string>
  <string name="select_vcard_title">Válassza ki a vCard fájlt</string>
  <string name="progress_shower_message">%1$\n%2$</string>
  <string name="reading_vcard_title">vCard olvasása</string>
  <string name="reading_vcard_message">vCard fájl(ok) olvasása</string>
  <string name="reading_vcard_failed_title">Nem sikerült a vCard adatainak olvasása</string>
  <string name="reading_vcard_contacts">%1$s/%2$s névjegy</string>
  <string name="reading_vcard_files">%1$ / %2$ fájl</string>
  <string name="confirm_export_title">Exportálás megerősítése</string>
  <string name="confirm_export_message">Biztosan exportálja a Címtárat a(z) \"%s\" fájlba?</string>
  <string name="exporting_contact_failed_title">Nem sikerült exportálni a névjegyadatokat</string>
  <string name="exporting_contact_failed_message">Nem sikerült exportálni a névjegyadatokat.\nA hiba oka: \"%s\"</string>
  <string name="fail_reason_no_exportable_contact">Nincs exportálható névjegy</string>
  <string name="fail_reason_too_many_vcard">Túl sok vCard fájl van az SD-kártyán</string>
  <string name="fail_reason_too_long_filename">A fájlnév túl hosszú (\"%s\")</string>
  <string name="exporting_contact_list_title">Névjegyadatok exportálása</string>
  <string name="exporting_contact_list_message">Névjegyadatok importálása a(z) \"%s\" fájlba</string>
  <string name="fail_reason_could_not_initialize_exporter">Nem sikerült inicializálni az exportálót: \"%s\"</string>
  <string name="fail_reason_error_occurred_during_export">Hiba történt az exportálás során: \"%s\"</string>
  <string name="composer_failed_to_get_database_infomation">Nem sikerült lekérni az adatbázis adatait</string>
  <string name="composer_has_no_exportable_contact">Nincs exportálható névjegy. Ha vannak névjegyek a telefonján, lehet, hogy az adatok szolgáltatója letiltotta a névjegyek telefonon kívülre történő exportálását.</string>
  <string name="composer_not_initialized">A vCard-készítő inicializálása nem sikerült</string>
  <string name="fail_reason_could_not_open_file">A(z) \"%1$s\" fájl nem nyitható meg: %2$s</string>
  <string name="exporting_contact_list_progress">%1$s/%2$s névjegy</string>
  <string name="search_settings_description">Ismerősök nevei</string>
  <string name="add_2sec_pause">2 mp szünet hozzáadása</string>
  <string name="add_wait">várakozás hozzáadása</string>
  <string name="call_disambig_title">Folyamatban levőhívás</string>
  <string name="sms_disambig_title">Szöveg beirása</string>
  <string name="make_primary">Emlékezz a választásomra</string>
  <string name="quickcontact_missing_app">Nincs megfelelő alkalmazás a művelet elvégzésére</string>
  <string name="quickcontact_remember_choice">Emlékezz a választásomra</string>
  <string name="quickcontact_missing_name">Ismeretlen</string>
  <string name="menu_accounts">Fiókok</string>
  <string name="menu_import_export">Import/Export</string>
  <string name="dialog_import_export">Névjegyek importálása/exportálása</string>
  <string name="menu_share">Megosztás</string>
  <string name="share_via">Névjegy megosztása a következőn:</string>
  <string name="share_error">Ez a névjegy nem osztható meg.</string>
  <string name="nameLabelsGroup">Név</string>
  <string name="nicknameLabelsGroup">Becenév</string>
  <string name="organizationLabelsGroup">Cég</string>
  <string name="websiteLabelsGroup">Weboldal</string>
  <string name="eventLabelsGroup">Esemény</string>
  <string name="type_short_home">O</string>
  <string name="type_short_mobile">M</string>
  <string name="type_short_work">Mu</string>
  <string name="type_short_pager">Sz</string>
  <string name="type_short_other">E</string>
  <string name="edit_read_only">Ez a kapcsolat csak olvasható</string>
  <string name="edit_secondary_collapse">Több</string>
  <string name="dialog_primary_name">Elsődleges név</string>
  <string name="dialog_new_contact_account">Névjegy létrehozása ebben a fiókban</string>
  <string name="account_phone">Csak a telefonon, nem szinkronizált</string>
  <string name="call_custom">%s hívása</string>
  <string name="call_home">Otthoni szám hívása</string>
  <string name="call_mobile">Mobil hívása</string>
  <string name="call_work">Munkahely hívása</string>
  <string name="call_fax_work">Munkahelyi fax hívása</string>
  <string name="call_fax_home">Otthoni fax hívása</string>
  <string name="call_pager">Személyhívó hívása</string>
  <string name="call_other">Hívás</string>
  <string name="call_callback">Visszahívási szám hívása</string>
  <string name="call_car">Gépkocsi hívása</string>
  <string name="call_company_main">Céges fővonal hívása</string>
  <string name="call_isdn">ISDN-telefon hívása</string>
  <string name="call_main">Fő telefonszám hívása</string>
  <string name="call_other_fax">Fax hívása</string>
  <string name="call_radio">Rádiótelefon hívása</string>
  <string name="call_telex">Telex hívása</string>
  <string name="call_tty_tdd">TTY/TDD-szám hívása</string>
  <string name="call_work_mobile">Munkahelyi mobil hívása</string>
  <string name="call_work_pager">Munkahelyi csipogó hívása</string>
  <string name="call_assistant">%s hívása</string>
  <string name="call_mms">MMS-ben szereplő telefonszám hívása</string>
  <string name="sms_custom">SMS küldése ide: %s</string>
  <string name="sms_home">SMS küldése haza</string>
  <string name="sms_mobile">SMS küldése mobiltelefonra</string>
  <string name="sms_work">SMS küldése munkahelyi telefonra</string>
  <string name="sms_fax_work">SMS küldése munkahelyi faxszámra</string>
  <string name="sms_fax_home">SMS küldése otthoni faxszámra</string>
  <string name="sms_pager">SMS küldése csipogóra</string>
  <string name="sms_other">SMS küldése</string>
  <string name="sms_callback">SMS küldése visszahívandó számra</string>
  <string name="sms_car">SMS küldése gépkocsinak</string>
  <string name="sms_company_main">SMS küldése a céges fővonalra</string>
  <string name="sms_isdn">SMS küldése ISDN-telefonra</string>
  <string name="sms_main">SMS küldése fő telefonszámra</string>
  <string name="sms_other_fax">SMS küldése faxszámra</string>
  <string name="sms_radio">SMS küldése rádiótelefonra</string>
  <string name="sms_telex">SMS küldése telexre</string>
  <string name="sms_tty_tdd">SMS küldése szöveges telefonra (TTY/TDD)</string>
  <string name="sms_work_mobile">SMS küldése munkahelyi mobilra</string>
  <string name="sms_work_pager">SMS küldése munkahelyi csipogóra</string>
  <string name="sms_assistant">SMS küldése ide: %s</string>
  <string name="sms_mms">SMS küldése MMS-ben szereplő számra</string>
  <string name="email_home">E-mail küldése haza</string>
  <string name="email_mobile">E-mail küldése mobiltelefonra</string>
  <string name="email_work">E-mail küldése munkahelyi címre</string>
  <string name="email_other">E-mail</string>
  <string name="email_custom">E-mail küldése a(z) %s címre</string>
  <string name="email">E-mail</string>
  <string name="map_home">Otthoni cím megtekintése</string>
  <string name="map_work">Munkahelyi cím megtekintése</string>
  <string name="map_other">Cím megtekintése</string>
  <string name="map_custom">%s cím megtekintése</string>
  <string name="chat_aim">Csevegés AIM-on</string>
  <string name="chat_msn">Csevegés a Windows Live-on</string>
  <string name="chat_yahoo">Csevegés a Yahoon</string>
  <string name="chat_skype">Csevegés Skype használatával</string>
  <string name="chat_qq">Csevegés a QQ-n</string>
  <string name="chat_gtalk">Csevegés a Google Csevegő használatával</string>
  <string name="chat_icq">Csevegés az ICQ-n</string>
  <string name="chat_jabber">Csevegés Jabberen</string>
  <string name="chat">Csevegés</string>
  <string name="postal_street">Utca</string>
  <string name="postal_pobox">Postafiók</string>
  <string name="postal_neighborhood">Szomszégság</string>
  <string name="postal_city">Város</string>
  <string name="postal_region">Megye/Állam</string>
  <string name="postal_postcode">Irányítószám</string>
  <string name="postal_country">Ország</string>
  <string name="name_given">Keresztnév</string>
  <string name="name_family">Családi név</string>
  <string name="name_prefix">Név előtag</string>
  <string name="name_middle">Középső név</string>
  <string name="name_suffix">Név utótag</string>
  <string name="name_phonetic_given">Fonetikus keresztnév</string>
  <string name="name_phonetic_middle">Fonetikus középső név</string>
  <string name="name_phonetic_family">Fonetikus családi név</string>
  <string name="account_type_format">%1$ névjegy</string>
  <string name="from_account_format">össz: %1$</string>
  <string name="use_photo_as_primary">Fénykép használata</string>
  <string name="contact_read_only">%1$ adatai nem szerkeszthetők ezen az eszközön.</string>
  <string name="no_contact_details">A névjegyhez nincs további információ</string>
  <string name="search_bar_hint">Névjegyek keresése</string>
  <string name="search_for_all_contacts">Keresés az összes névjegyben</string>
  <string name="take_photo">Fénykép készítése</string>
  <string name="pick_photo">Válassz képet a Galériából</string>
  <string name="locale_change_in_progress">A nyelv módosítása miatt folyamatban van a Címtár frissítése.\n\nKérjük, várjon...</string>
  <string name="upgrade_in_progress">A Címtár frissítése folyamatban van.\n\nKérjük, várjon...</string>
  <string name="upgrade_out_of_memory">A névjegyek verziófrissítése folyamatban.\n\nA frissítéshez körülbelül %d MB belső telefonmemóriára van szükség.\n\nVálasszon egyet a következő lehetőségek közül:</string>
  <string name="upgrade_out_of_memory_uninstall">Távolítson el néhány alkalmazást</string>
  <string name="upgrade_out_of_memory_retry">Verziófrissítés újrapróbálása</string>
  <string name="search_results_for">Találatok a következőre: %s</string>
  <string name="search_results_searching">Keresés...</string>
  <string name="callNoAnswerTimeFormat">Csengés %s alkalommal</string>
  <string name="numberCountFormat">%s számok</string>
  <string name="menu_display_all">Minden névjegy megj.</string>
  <string name="menu_display_only_phones">csak a számmal rend.</string>
  <string name="contactsGroupsLabel">Csoportok</string>
  <string name="group_summary_format">%s tag(ok)</string>
  <string name="no_member">A csoport üres, nincsenek tagjai</string>
  <string name="applyGroupsSelection">Csoport beállítások frissítése...</string>
  <string name="no_availablePhone">Ez a névjegy nem rendelkezik telefonszámmal</string>
  <string name="add_group_member">Csoporthoz adás</string>
  <string name="group_name_contacts">Névjegyek</string>
  <string name="group_name_friends">Barátok</string>
  <string name="group_name_family">Család</string>
  <string name="group_name_coworkers">Munkatársak</string>
  <string name="group_name_important">Fontos névjegyek</string>
  <string name="group_name_life_info">Életmód</string>
  <string name="group_name_white_list">Fehérlista</string>
  <string name="group_name_black_list">Feketelista</string>
  <string name="button_manage_groups">Csoportok szerkesztése</string>
  <string name="button_back">Vissza</string>
  <string name="button_remove_contacts">Kapcsolatok eltávolítása</string>
  <string name="duplicatedGroupNameHelpText">A csoport nevének egyedinek kell lennie.</string>
  <string name="system_groups_unchangable">Ezt a csoportot nem lehet törölni vagy átnevezni</string>
  <string name="menu_add">Hozzáadás</string>
  <string name="menu_remove">Eltávolítás</string>
  <string name="create_new_group">Csoport létrehozása</string>
  <string name="manage_groups">Csoport szerkesztése</string>
  <string name="menu_viewGroup">Csoport megjelenítése</string>
  <string name="menu_deleteGroup">Csoport törlése</string>
  <string name="menu_editGroupName">Csoport átnevezése</string>
  <string name="input_group_name_hint">Írja be a csoport nevét</string>
  <string name="notification_invalid_group_name">A csoport neve nem lehet üres</string>
  <string name="add_to_group_format">Hozzáadás: %s</string>
  <string name="name_full">Teljes név</string>
  <string name="add_more_items">Továbbiak hozzáadása</string>
  <string name="saveConfirmationTitle">Névjegy mentése</string>
  <string name="saveConfirmationBody">Biztosan menti a névjegy módosításait?</string>
  <string name="saveConfirmationYes">Mentés</string>
  <string name="saveConfirmationNo">Mégse</string>
  <string name="import_from_account">Importálás másik fiókból</string>
  <string name="select_account_import_from">Válassza ki a fiókot</string>
  <string name="importing_from_account">Névjegyek importálása</string>
  <string name="fail_message_account_needed">Kérjük állítsa be a MIUI fiókját</string>
  <string name="success_message_import_from_account">Importálás kész</string>
  <string name="date_day">Nap</string>
  <string name="fast_scroll_alphabet">\#ABCDEFGHIJKLMNOPQRSTUVWXYZ</string>
  <string name="belong_no_group">Nincs csoportban</string>
  <string name="menu_remove_member">Névjegyek törlése</string>
  <string name="removeConfirmation_title">Eltávolítás</string>
  <string name="menu_add_favorite_contact">Hozzáadás a kedvencekhez</string>
  <string name="menu_group_sms">Csoportos SMS</string>
  <string name="menu_group_ringtone">Csoport csengőhangja</string>
  <string name="menu_add_member">Névjegy hozzáadása</string>
  <string name="menu_callIpNumber">IP telefon hívása (tárcsázás %s)</string>
  <string name="menu_clearDefaultNumber">Alapértelmezett számbeállítások törlése</string>
  <string name="menu_clearDefaultEmail">Alapértelmezett E-mail beállítások törlése</string>
  <string name="favoriteContactDescription">Kedvencekhez adás</string>
  <string name="unfavoriteContactDescription">Eltávolítás a kedvencekből</string>
  <string name="shareContactDescription">Névjegy megosztása</string>
  <string name="titlePickOrCreateNewContact">Névjegy létrehozása/szerkesztése</string>
  <string name="titlePickContactNumber">Telefonszám választása</string>
  <string name="fixedPhoneLabel">Vezetékes telefon</string>
  <string name="fixedFaxLabel">Fax</string>
  <string name="goto_album">Ugrás a Galériára</string>
  <string name="recommneded_photos">Ajánlott névjegy képek</string>
  <string name="downloading_photos">Fényképek letöltése</string>
  <string name="callButtonText">Tárcsázás</string>
  <string name="callrecordview_menu_phone_all">Minden hívás</string>
  <string name="callrecordview_menu_phone_missed">Nem fogadott hívások</string>
  <string name="callrecordview_menu_delete_one">Hívás törlése</string>
  <string name="callrecordview_menu_delete_stranger">Ismeretlen számok törlése</string>
  <string name="callrecordview_menu_delete_all">Híváslista törlése</string>
  <string name="callrecordview_menu_set">Beállítások</string>
  <string name="callrecordview_more">Továbbiak</string>
  <string name="callrecordview_more_title">Összes hívás: %s</string>
  <string name="callrecordview_item_calls">Összes hívás %d</string>
  <string name="callrecordview_item_op_time_missed">- nem fogadott hívás</string>
  <string name="callrecordview_item_op_time_short_incoming">- bejövő,\u0020</string>
  <string name="callrecordview_item_op_time_short_outgoing">- kimenő,\u0020</string>
  <string name="callDetailsDurationFormat_incoming">Hívás ideje: %1$s:%2$s</string>
  <string name="callDetailsDurationFormat_outgoing">Hívás ideje: %1$s:%2$s</string>
  <string name="group_delete_confirmation">A kiválasztott csoport tölésre kerül\u0020</string>
  <string name="no_sms_availabe_contact_in_group">Nincs névjegy a csoportban, akinek SMS küldhető</string>
  <string name="showDialpadTip">Tárcsázó megnyitása</string>
  <string name="set_ringtone_for_group_members_success">A csoport csengőhangja beállítva</string>
  <string name="noContactHelpText">Nincsenek névjegyek, a következőket teheti:</string>
  <string name="noFavoriteHelpText">Nincsenek kedvencek, a következőket teheti:</string>
  <string name="noGroupMemberHelpText">A csoportnak nincsenek tagjai, a következőket teheti:</string>
  <string name="noContactHelpTextAccounts">Fiókok beállítása</string>
  <string name="noContactHelpTextImportSim">Import SIM kártyáról</string>
  <string name="noContactHelpTextImportSD">Import SD kártyáról</string>
  <string name="noContactHelpTextAddContact">Új névjegy létrehozása</string>
  <string name="noContactHelpTextAddStarred">Hozzáadás a Kedvencekhez</string>
  <string name="noContactHelpTextAddMember">Hozzáadás a Csoportokhoz</string>
</resources>
