<?xml version="1.0" encoding="utf-8"?>
<!--Generated by crowdin.net-->
<resources>
  <string name="app_name">FM Rádió</string>
  <string name="tx_app_name">FM Rádió</string>
  <string name="preset_delete">Törlés</string>
  <string name="stat_notif_frequency">FM MHz FM%1 $</string>
  <string name="sel_band_menu">Regionális adás kiválasztása</string>
  <string name="settings_menu">Beállítások</string>
  <string name="regional_band">Regionális adás</string>
  <string name="aud_output_mode">Hangkimenet</string>
  <string name="sel_audio_output">Hangkimenet kiválasztása</string>
  <string name="record_dur">Felvétel tartama</string>
  <string name="sel_rec_dur">Felvétel tartamának kiválasztása</string>
  <string name="auto_select_af">Alternatív frekvencia</string>
  <string name="auto_select_af_enabled">Automatikus kiválasztás engedélyezve</string>
  <string name="auto_select_af_disabled">Automatikus kiválasztás kikapcsolva</string>
  <string name="fac_defaults">Az alapértelmezett beállítások visszaállítása</string>
  <string name="revert_to_fac">Az alapértelmezett beállítások visszaállítása</string>
  <string name="settings_back">Vissza</string>
  <string name="settings_revert_confirm_title">Beállítások törlésének megerősítése</string>
  <string name="settings_revert_confirm_msg">Ezzel törlődni fog az összes beállítás a Sémákkal együtt</string>
  <string name="settings_back_summary">Vissza az előző nézethez</string>
  <string name="settings_revert_defaults_title">Vissza a gyári beállításokhoz</string>
  <string name="settings_revert_defaults_summary">Összes beállítás visszaállítása</string>
  <string name="alert_dialog_ok">Megerősítés</string>
  <string name="alert_dialog_cancel">Mégsem</string>
  <string name="preset_search">Keresés %1$s</string>
  <string name="fm_command_failed_title">FM művelet nem sikerült</string>
  <string name="fm_cmd_failed_msg">A művelet nem sikerült. Lehetséges okok: a vezetékes fülhallgató nincs csatlakoztatva, vagy a Bluetooth-kapcsolat aktív. Kérjük, próbálja újra az ON / OFF gombokkal.</string>
  <string name="durationformat">%2$d:%5$02d</string>
  <string name="frequency_string"> </string>
  <string name="stat_no_fm">FM rádió nincs bekapcsolva</string>
  <string name="need_headset_for_antenna">Hiba! Csatlakoztassa a vezetékes fülhallgatót!
</string>
  <string name="init_FM">Kérem várjon, Bluetooth aktiválása ...</string>
  <string name="need_bluetooth">Hiba! Kérjük, kapcsolja be a Bluetooth-t!</string>
</resources>
