<?xml version="1.0" encoding="utf-8"?>
<!--Generated by crowdin.net-->
<resources>
  <string name="app_name">Galéria</string>
  <string name="gadget_title">Képkeret</string>
  <string name="details_ms">%1$02d:%2$02d</string>
  <string name="details_hms">%1$d:%2$02d:%3$02d</string>
  <string name="movie_view_label">Filmek</string>
  <string name="loading_video">Videó betöltése…</string>
  <string name="resume_playing_title">Videó folytatása</string>
  <string name="resume_playing_message">Videó folytatása: %s?</string>
  <string name="resume_playing_resume">Videó folytatása</string>
  <string name="resume_playing_restart">Kezdés:</string>
  <string name="camera">Kamera</string>
  <string name="crop_save_text">Mentés</string>
  <string name="crop_discard_text">Elutasítás</string>
  <string name="multiface_crop_help">Érints a kezdéshez.</string>
  <string name="saving_image">Kép mentése…</string>
  <string name="crop_label">Kép kivágása</string>
  <string name="running_face_detection">Kérem várjon…</string>
  <string name="set_image">Kép beállítása, mint</string>
  <string name="wallpaper">Háttérkép beállítása, kérem várjon…</string>
  <string name="camera_setas_wallpaper">Háttérkép</string>
  <string name="details_ok">OK</string>
  <string name="loading_new">Új albumok és képek betöltése</string>
  <string name="initializing">Töltés</string>
  <string name="pick_prompt">Elem felvétele a gyűjteménybe</string>
  <string name="no_items">A gyűjtemény üres</string>
  <string name="pick">Felvétel</string>
  <string name="delete">Törlés</string>
  <string name="confirm_delete">Törlés megerősítése</string>
  <string name="cancel">Mégsem</string>
  <string name="share">Megosztás</string>
  <string name="no_sd_card">SD Kártya kikapcsolva</string>
  <string name="more">Tovább</string>
  <string name="select_all">Összes kijelölése</string>
  <string name="deselect_all">Kijelölés visszavonása</string>
  <string name="slideshow">Diavetítő</string>
  <string name="menu">Menü</string>
  <string name="details">Tartalom</string>
  <string name="album_selected">kijelölt album</string>
  <string name="item_selected">kijelölt elem</string>
  <string name="albums_selected">kijelölt album</string>
  <string name="items_selected">kijelölt elem</string>
  <string name="album">Album</string>
  <string name="start">Kezdés</string>
  <string name="end">Befejezés</string>
  <string name="location">Hely</string>
  <string name="location_unknown">Ismeretlen hely</string>
  <string name="title">Cím</string>
  <string name="type">Típus</string>
  <string name="taken_on">Készült</string>
  <string name="added_on">Hozzáadva</string>
  <string name="show_on_map">Megjelenítés a térképen</string>
  <string name="rotate_left">Forgatás balra</string>
  <string name="rotate_right">Forgatás jobbra</string>
  <string name="crop">Kivágás</string>
  <string name="set_as">Beállítás, mint</string>
  <string name="set_as_wallpaper">Beállítás háttérképként</string>
  <string name="item">elem</string>
  <string name="items">elem</string>
  <string name="around">Körül</string>
  <string name="date_unknown">Ismeretlen dátum</string>
  <string name="video_err">Nem lehet lejátszani a videót</string>
  <string name="lockscreen_wallpaper">Zár háttérkép beállítása…</string>
  <string name="wallpaper_set">Háttérkép választás</string>
  <string name="lockscreen_set">Zárháttér választás</string>
  <string name="miui_screenshot">MIUI Képek</string>
</resources>
