<?xml version="1.0" encoding="utf-8"?>
<!--Generated by crowdin.net-->
<resources>
  <string name="sharedUserId"> </string>
  <string name="process"> </string>
  <string name="application_name">Indító</string>
  <string name="uid_name">Android Alkalmazások</string>
  <string name="folder_name">Mappa</string>
  <string name="chooser_wallpaper">Háttérkép kiválasztása</string>
  <string name="wallpaper_instructions">Háttér beállítása</string>
  <string name="pick_wallpaper">Háttérképek</string>
  <string name="activity_not_found">Az alkalmazás nincs telepítve.</string>
  <string name="configure_wallpaper">Beállítás...</string>
  <string name="rename_folder_label">Mappa neve</string>
  <string name="rename_folder_title">Mappa átnevezése</string>
  <string name="rename_action">OK</string>
  <string name="cancel_action">Mégsem</string>
  <string name="menu_item_add_item">Hozzáadás a kezdőképernyőhöz</string>
  <string name="group_applications">Alkalmazások</string>
  <string name="group_shortcuts">Parancsikonok</string>
  <string name="group_folder">Új mappa</string>
  <string name="group_live_folders">Mappák</string>
  <string name="group_widgets">Widgetek</string>
  <string name="group_wallpapers">Háttérképek</string>
  <string name="add_folder">Mappa</string>
  <string name="add_clock">Óra</string>
  <string name="add_photo_frame">Képkeret</string>
  <string name="out_of_space">Nincs szabad hely a Home screenen.</string>
  <string name="shortcut_installed">\"%s\" parancsikon létrehozva.</string>
  <string name="shortcut_uninstalled">\"%s\" parancsikon eltávolítva.</string>
  <string name="shortcut_duplicate">\"%s\" parancsikon már létezik.</string>
  <string name="title_select_shortcut">Parancsikon kiválasztása</string>
  <string name="title_select_live_folder">Mappa kiválasztása</string>
  <string name="all_apps_button_label">Összes alkalmazás</string>
  <string name="all_apps_home_button_label">Home</string>
  <string name="menu_add">Hozzáadás</string>
  <string name="menu_wallpaper">Háttérkép</string>
  <string name="menu_search">Keresés</string>
  <string name="menu_notifications">Értesítések</string>
  <string name="menu_gestures">Gesztusok</string>
  <string name="menu_settings">Beállítások</string>
  <string name="permlab_install_shortcut">parancsikonok telepítése</string>
  <string name="permdesc_install_shortcut">Engedélyezi egy alkalmazásoknak a parancsikonok létrehozását.</string>
  <string name="permlab_uninstall_shortcut">parancsikonok eltávolítása</string>
  <string name="permdesc_uninstall_shortcut">Engedélyezi egy alkalmazásoknak a parancsikonok eltávolítását.</string>
  <string name="permlab_read_settings">Home beállítások és parancsikonok olvasási joga</string>
  <string name="permdesc_read_settings">Engedélyezi egy alkalmazásnak a beállítások használatát.</string>
  <string name="permlab_write_settings">Home beállítások és parancsikonok írási joga</string>
  <string name="permdesc_write_settings">Engedélyezi egy alkalmazásnak a beállítások használatát.</string>
  <string name="gadget_error_text">Probléma a widget betöltésekor</string>
  <string name="menu_edit">Szerkesztési mód</string>
  <string name="cant_remove_system_app">Alkalmazást nem lehet eltávolítani</string>
  <string name="uninstall_body_format">\"%s\" alkalmazást el szeretné távolítani?</string>
  <string name="uninstall">Eltávolítás</string>
  <string name="cant_remove_folder">Mappa nem törölhető - nem üres</string>
  <string name="pick_lockscreenwallpaper">Zárkép</string>
  <string name="lockscreenwallpaper_instructions">Állítsa be a zár háttérképet</string>
  <string name="failed_to_drop">Ha a mozgatás nem sikerül, az ikon visszakerül az eredeti helyzetbe
</string>
  <string name="failed_to_drop_widget">A képernyőn nincs elég szabad hely</string>
  <string name="widget_box_usage_hint">Tartsa a képernyőn az ujját</string>
  <string name="widget_favorite_contacts_lable">Közös Névjegyzék</string>
  <string name="widget_favorite_contacts_edit">Csoportok szerkesztése</string>
  <string name="widget_favorite_contacts_style">Kapcsoló</string>
</resources>
