<?xml version="1.0" encoding="utf-8"?>
<!--Generated by crowdin.net-->
<resources>
  <string name="app_label">Üzenetek</string>
  <string name="new_message">Új üzenet</string>
  <string name="create_new_message">Üzenet létrehozása</string>
  <string name="menu_call_back">%s hívása</string>
  <string name="menu_send_email">Email küldése: %s</string>
  <string name="menu_compose_new">Létrehozás</string>
  <string name="menu_preferences">Beállítások</string>
  <string name="menu_add_address_to_contacts">%s hozzáadása a névjegyekhez</string>
  <string name="menu_call">Hívás</string>
  <string name="menu_delete_all">Üzenetváltások törlése</string>
  <string name="menu_delete">Üzenetváltás törlése</string>
  <string name="menu_undelivered_messages">Elküldetlen elemek</string>
  <string name="menu_view">Üzenetváltás megtekintése</string>
  <string name="refreshing">Frissítés...</string>
  <string name="has_draft">Piszkozat</string>
  <string name="broadcast_from_to">Üzenet %1$s-től %2$s-nek</string>
  <string name="anonymous_recipient">Anonim</string>
  <string name="no_subject_view">(Nincs tárgy)</string>
  <string name="messagelist_sender_self">Én</string>
  <string name="view_picture">Kép megtekintése</string>
  <string name="view_slideshow">Diavetítés megtekintése</string>
  <string name="view_message_details">Üzenet adatai</string>
  <string name="view_delivery_report">Jelentés megtekintése</string>
  <string name="delete_message">Üzenet törlése</string>
  <string name="sent_on">Elküldve: %s</string>
  <string name="expire_on">Lejár: %s</string>
  <string name="kilobyte">KB</string>
  <string name="undelivered_msg_dialog_title">Elküldetlen elemek</string>
  <string name="undelivered_msg_dialog_body">Az üzenetet nem sikerült kézbesíteni.\nPróbálkozások száma: %s.</string>
  <string name="undelivered_sms_dialog_body">Üzenet kézbesíthetetlen</string>
  <string name="delete_thread">Üzenetváltás törlése</string>
  <string name="menu_forward">Továbbítás</string>
  <string name="download">Letöltés</string>
  <string name="downloading">Letöltés...</string>
  <string name="name_colon">Név</string>
  <string name="inline_subject"><Tárgy: %s></string>
  <string name="drm_protected_text">* DRM védett szöveg *</string>
  <string name="insufficient_drm_rights">DRM jogok nem érhetőek el a megtekintéshez.</string>
  <string name="copy_message_text">Üzenetszöveg másolása</string>
  <string name="message_options">Üzenetbeállítások</string>
  <string name="done">Kész</string>
  <string name="move_up">Mozgatás fel</string>
  <string name="move_down">Mozgatás le</string>
  <string name="remove_slide">Dia eltávolítása</string>
  <string name="add_slide">Dia hozzáadása</string>
  <string name="add_slide_hint">Új dia hozzáadása.</string>
  <string name="discard_slideshow">Diavetítés eldobása</string>
  <string name="slide_show_part">%1$s/%2$s</string>
  <string name="remove_text">Szöveg eltávolítása</string>
  <string name="add_picture">Kép hozzáadása</string>
  <string name="remove_picture">Kép eltávolítása</string>
  <string name="add_music">Hang hozzáadása</string>
  <string name="remove_music">Hang eltávolítása</string>
  <string name="add_video">Videó hozzáadása</string>
  <string name="remove_video">Videó eltávolítása</string>
  <string name="compose_title">Létrehozás</string>
  <string name="to_hint">Kinek</string>
  <string name="subject_hint">Tárgy</string>
  <string name="add_attachment">Csatolmány</string>
  <string name="add_subject">Tárgy hozzáadása</string>
  <string name="discard">Elvetés</string>
  <string name="view">Megtekintés</string>
  <string name="replace">Csere</string>
  <string name="remove">Eltávolítás</string>
  <string name="send">Küldés</string>
  <string name="mms">MMS</string>
  <string name="all_threads">Minden üzenetváltás</string>
  <string name="type_to_compose_text_enter_to_send">Írjon ide az üzenet létrehozásához</string>
  <string name="open_keyboard_to_compose_message">Nyissa ki a billentyűzetet az üzenet megírásához</string>
  <string name="image_too_large">A kép túl nagy</string>
  <string name="ask_for_automatically_resize">Kép átméretezése küldés előtt?</string>
  <string name="compressing">A kép túl nagy. Tömörítés...</string>
  <string name="unsupported_media_format">Nem támogatott formátum: %1$s</string>
  <string name="select_different_media">Válasszon mást %1$s.</string>
  <string name="exceed_message_size_limitation">Elérte az üzenet maximális méretét.</string>
  <string name="message_too_big_for_video">Az üzenet túl nagy videó hozzáadásához.</string>
  <string name="failed_to_add_media">Hiba %1$s hozzáadása közben.</string>
  <string name="failed_to_resize_image">A kép nem lett átméretezve.</string>
  <string name="resize_image_error_information">Az átméretezett kép is túl nagy a küldéshez.</string>
  <string name="forward_prefix">Továbbítás:\u0020</string>
  <string name="discard_message">Elvetés</string>
  <string name="discard_message_reason">Az üzenet törölve lesz, mert nincs érvényes címzett(ek) megadva.</string>
  <string name="has_invalid_recipient">Érvénytelen címzett(ek): <%1$s></string>
  <string name="invalid_destination">Érvénytelen cím.</string>
  <string name="invalid_recipient_message">Javítsa a címzett(ek) listáját, vagy az üzenet nem fog megérkezni.</string>
  <string name="cannot_send_message">Az üzenetet nem lehet elküldeni</string>
  <string name="cannot_send_message_reason">Nincs érvényes címzett.</string>
  <string name="cannot_forward_drm_obj">DRM védett objektum miatt nem lehet továbbítani az üzenetet.</string>
  <string name="converting_to_picture_message">Konvertálás multimédia üzenetté</string>
  <string name="converting_to_text_message">SMS-re konvertálás...</string>
  <string name="cannot_add_slide_anymore">Nem lehet több diát hozzáadni.</string>
  <string name="cannot_add_picture_and_video">Nem lehet képet és videót hozzáadni egy diához.</string>
  <string name="cannot_save_message">Az üzenetet nem lehet menteni.</string>
  <string name="cannot_load_message">Nem lehet betölteni az üzenetet.</string>
  <string name="message_saved_as_draft">Üzenet piszkozatként elmentve.</string>
  <string name="locked_message_cannot_be_deleted">Lezárt üzenetet nem lehet törölni.</string>
  <string name="too_many_recipients">Túl sok címzett (%1$s). Maximum %2$s címzett lehet.</string>
  <string name="too_many_attachments">Túl sok csatolmány (%1$s). Csak az első %2$s lesz hozzáadva.</string>
  <string name="adding_attachments_title">Elemek hozzáadása</string>
  <string name="adding_attachments">Kérem várjon.</string>
  <string name="multiple_recipients">%1$s címzett</string>
  <string name="cannot_play_audio">A hangot nem lehet lejátszani.</string>
  <string name="preview">Előnézet</string>
  <string name="preview_slideshow">Előnézet</string>
  <string name="replace_image">Kép lecserélése</string>
  <string name="duration_sec">Hossz (%s mp)</string>
  <string name="duration_selector_title">Dia hossza\u0020</string>
  <string name="layout_selector_title">Diavetítés elrendezése</string>
  <string name="layout_top">Elrendezés (fent)</string>
  <string name="layout_bottom">Elrendezés (lent)</string>
  <string name="type_to_compose_text_or_leave_blank">Szöveg beillesztéshez írjon ide</string>
  <string name="duration_not_a_number">Az időtartamnak számnak kell lennie</string>
  <string name="duration_zero">Az időtartamnak nagyobbnak kell legyen mint 0</string>
  <string name="secs">mp</string>
  <string name="menu_view_contact">Névjegy megtekintése</string>
  <string name="menu_add_to_contacts">Hozzáadás névjegyhez</string>
  <string name="hidden_sender_address">A feladó címe rejtett</string>
  <string name="yes">OK</string>
  <string name="no">Mégsem</string>
  <string name="set">Beállít</string>
  <string name="play">Lejátszás</string>
  <string name="edit">Szerkesztés</string>
  <string name="resize">Átméretezés</string>
  <string name="try_to_send">Próbálja meg elküldeni</string>
  <string name="preferences_title">Beállítások</string>
  <string name="restore_default">Alapértelmezettek visszaállítása</string>
  <string name="pref_notification_settings_title">Értesítési beállítások</string>
  <string name="pref_mms_settings_title">Multimédia üzenetek (MMS) beállításai</string>
  <string name="pref_sms_settings_title">Szöveges üzenetek (SMS) beállításai</string>
  <string name="pref_sms_storage_title">Tárhely beállítások</string>
  <string name="pref_summary_manage_sim_messages">A SIM kártyán levő üzenetek kezelése</string>
  <string name="pref_summary_mms_delivery_reports">Kézbesítési jelentés kérése minden elküldött üzenet után</string>
  <string name="pref_summary_mms_read_reports">Olvasási visszaigazolás kérése minden elküldött üzenet után</string>
  <string name="pref_summary_sms_delivery_reports">Kézbesítési jelentés kérése minden elküldött üzenet után</string>
  <string name="pref_summary_auto_delete">Régi üzenetek törlése a limit elérésekor</string>
  <string name="pref_summary_delete_limit">%1$s üzenet üzenetváltásonként</string>
  <string name="pref_title_manage_sim_messages">SIM kártyán levő üzenetek kezelése</string>
  <string name="pref_title_mms_delivery_reports">Kézbesítési jelentések</string>
  <string name="pref_title_mms_read_reports">Jelentések elolvasása</string>
  <string name="pref_title_sms_delivery_reports">Kézbesítési jelentések</string>
  <string name="pref_title_auto_delete">Régi üzenetek törlése</string>
  <string name="pref_title_sms_delete">Üzenetszöveg limit</string>
  <string name="pref_title_mms_delete">Multimédia üzenet limit</string>
  <string name="pref_title_popup_enabled">Felugró üzenetek</string>
  <string name="pref_summary_popup_enabled">Üzenet fogadásakor, ha a kijelző be van kapcsolva megjelenik egy felugró ablak az üzenet szövegével</string>
  <string name="pref_title_notification_enabled">Értesítések</string>
  <string name="pref_summary_notification_enabled">Üzenet értesítések megjelenítése az állapotsávon</string>
  <string name="pref_title_notification_vibrateWhen">Rezgés</string>
  <string name="pref_summary_notification_vibrateWhen">Rezgés értesítéskor</string>
  <string name="pref_title_notification_ringtone">Üzenetjelző hang kiválasztása</string>
  <string name="pref_messages_to_save">Mentett üzenetek száma</string>
  <string name="prefDefault_vibrateWhen">Soha</string>
  <string name="prefDefault_vibrate_true">Mindig</string>
  <string name="prefDefault_vibrate_false">Soha</string>
  <string name="prefDialogTitle_vibrateWhen">Rezgés</string>
  <string name="pref_title_mms_auto_retrieval">Automata letöltés</string>
  <string name="pref_summary_mms_auto_retrieval">Üzenetek automatikus letöltése</string>
  <string name="pref_title_mms_retrieval_during_roaming">Automata letöltés roaming közben</string>
  <string name="pref_summary_mms_retrieval_during_roaming">Üzenetek automatikus letöltése roamingolás közben</string>
  <string name="to_label">Címzett\u0020</string>
  <string name="confirm_dialog_title">Törlés</string>
  <string name="confirm_dialog_locked_title">Törli a zárolt üzenetet?</string>
  <string name="confirm_delete_conversation">Az egész beszélgetés törölve lesz.</string>
  <string name="confirm_delete_all_conversations">Az összes üzenet törölve lesz.</string>
  <string name="confirm_delete_message">Üzenet törölve.</string>
  <string name="confirm_delete_locked_message">Biztos törli ezt a zárolt üzenetet?</string>
  <string name="confirm_delete_all_messages">Az egész beszélgetés törölve lesz.</string>
  <string name="confirm_delete_all_SIM_messages">A SIM kártyán levő üzenetek törölve lesznek.</string>
  <string name="confirm_delete_SIM_message">Az üzenet törölve lesz a SIM kártyáról.</string>
  <string name="delete_unlocked">Zárolt üzenet törlése</string>
  <string name="delete">Törlés</string>
  <string name="cannot_get_details">Részletek nem érhetőek el</string>
  <string name="message_details_title">Üzenet adatok</string>
  <string name="message_type_label">Típus:\u0020</string>
  <string name="text_message">Szöveges üzenet</string>
  <string name="multimedia_message">Multimédia üzenet</string>
  <string name="multimedia_notification">Multimédia üzenet értesítés</string>
  <string name="from_label">Feladó:\u0020</string>
  <string name="to_address_label">Címzett:\u0020</string>
  <string name="bcc_label">Másolat:\u0020</string>
  <string name="sent_label">Küldve:\u0020</string>
  <string name="received_label">Fogadva:\u0020</string>
  <string name="saved_label">Mentve:\u0020</string>
  <string name="subject_label">Tárgy:\u0020</string>
  <string name="message_size_label">Üzenet mérete:\u0020</string>
  <string name="priority_label">Prioritás:\u0020</string>
  <string name="priority_high">Magas</string>
  <string name="priority_normal">Normál</string>
  <string name="priority_low">Alacsony</string>
  <string name="message_class_label">Üzenet osztály:\u0020</string>
  <string name="error_code_label">Hibakód:\u0020</string>
  <string name="menu_edit">Szerkesztés</string>
  <string name="menu_retry_sending">Küldés újrapróbálása</string>
  <string name="menu_retry_sending_all">Minden üzenet küldésének újrapróbálása</string>
  <string name="menu_delete_messages">Üzenetek törlése</string>
  <string name="retrying_dialog_body">Az üzenet kapcsolódási probléma miatt nem lett elküldve.\nÚjrapróbálkozás...</string>
  <string name="menu_lock">Üzenet zárolása</string>
  <string name="menu_unlock">Zárolás feloldása</string>
  <string name="sim_copy_to_phone_memory">Másolás a telefon memóriájába</string>
  <string name="sim_delete">Törlés</string>
  <string name="sim_manage_messages_title">Üzenetek a SIM kártyán</string>
  <string name="sim_view">Megtekintés</string>
  <string name="sim_empty">Nincsenek üzenetek a SIM kártyán.</string>
  <string name="delivery_header_title">Jelentés</string>
  <string name="status_none">(Nincs)</string>
  <string name="status_pending">Folyamatban</string>
  <string name="status_read">Olvasás</string>
  <string name="status_received">Fogadott</string>
  <string name="status_failed">Sikertelen</string>
  <string name="status_unread">Olvasatlan</string>
  <string name="status_rejected">Elutasított</string>
  <string name="recipient_label">Címzett:\u0020</string>
  <string name="status_label">Állapot:\u0020</string>
  <string name="attach_image">Képek</string>
  <string name="attach_take_photo">Fénykép készítése</string>
  <string name="attach_video">Videók</string>
  <string name="attach_record_video">Videó rögzítése</string>
  <string name="attach_sound">Hang</string>
  <string name="attach_record_sound">Hang felvétele</string>
  <string name="attach_slideshow">Diavetítés lejátszása</string>
  <string name="select_bottom_text">Szöveg alul</string>
  <string name="select_top_text">Szöveg felül</string>
  <string name="delivery_toast_body">Üzenet érkezett tőle: %s</string>
  <string name="notification_multiple">%s olvasatlan üzenet.</string>
  <string name="notification_multiple_title">Új üzenetek</string>
  <string name="notification_failed_multiple">%s üzenetet nem lehetett elküldeni.</string>
  <string name="notification_failed_multiple_title">Üzenet nincs elküldve</string>
  <string name="sim_full_title">SIM kártya megtelt</string>
  <string name="sim_full_body">Töröljön pár üzenetet.</string>
  <string name="sms_full_title">SMS memória megtelt</string>
  <string name="sms_full_body">Bejövő üzenet elutasítva mert a memória megtelt. Töröljön régi üzenet(ek)et.</string>
  <string name="sms_rejected_title">SMS elutasítva</string>
  <string name="sms_rejected_body">SMS elutasítva ismeretlen ok miatt.</string>
  <string name="type_audio">hang</string>
  <string name="type_picture">kép</string>
  <string name="type_video">videó</string>
  <string name="confirm">Megerősítés</string>
  <string name="message_send_read_report">Olvasási jelentés elküldve.</string>
  <string name="message_queued">Jelenleg nem lehet elküldeni az üzenetet. Az üzenet akkor lesz elküldve ha elérhető lesz a szolgáltatás.</string>
  <string name="no_subject">(Nincs tárgy)</string>
  <string name="unknown_sender">Ismeretlen feladó</string>
  <string name="dl_failure_notification">%1$s üzenetből %2$đ üzenet letöltése sikertelen.</string>
  <string name="dl_expired_notification">Az üzenet lejárt ezért törölve lesz.</string>
  <string name="rate_limit_surpassed">Megerősítés</string>
  <string name="confirm_rate_limit">Nagy számú multimédia üzenet lesz elküldve. Folytatja?</string>
  <string name="message_download_failed_title">Üzenet nincs letöltve</string>
  <string name="message_send_failed_title">Üzenet nincs elküldve</string>
  <string name="message_failed_body">Jelölje ki, és nézze át az üzenetet, majd próbálkozzon újra.</string>
  <string name="download_later">Nem lehet letölteni. Később próbálja újra.</string>
  <string name="select_audio">Válasszon hangot</string>
  <string name="copy_to_sdcard">Csatolmány mentése SD-kártyára</string>
  <string name="copy_to_sdcard_success">Csatolmány mentve SD kártyára</string>
  <string name="copy_to_sdcard_fail">Mentés sikertelen</string>
  <string name="save_ringtone">Mentés csengőhangként</string>
  <string name="saved_ringtone">Csengőhang mentve</string>
  <string name="saved_ringtone_fail">Csengőhang mentés sikertelen</string>
  <string name="menu_insert_smiley">Hangulatjel beillesztése</string>
  <string name="select_link_title">Esemény kiválasztása</string>
  <string name="slide_number">%s. dia</string>
  <string name="delivery_report_activity">Kézbesítési jelentés</string>
  <string name="storage_limits_activity">Tárhely korlát</string>
  <string name="add_attachment_activity">Melléklet hozzáadása:</string>
  <string name="select_layout_activity">Elrendezés választás</string>
  <string name="change_duration_activity">Időtartam módosítása</string>
  <string name="edit_text_activity">Szöveg szerkesztése</string>
  <string name="edit_slideshow_activity">Diavetítés szerkesztése</string>
  <string name="edit_slide_activity">Dia szerkesztése</string>
  <string name="pick_numbers_activity">Számok kiválasztása</string>
  <string name="slideshow_activity">Diavetítés lejátszása</string>
  <string name="popup_activity">Gyors válasz</string>
  <string name="popup_btn_send">Válasz</string>
  <string name="class_0_message_activity">0 osztályú üzenet</string>
  <string name="send_using_mms_activity">Küldés multimédia üzenetként...</string>
  <string name="select_contact_method_activity">Válasszon kapcsolatba lépési módot</string>
  <string name="search_label">Üzenetek</string>
  <string name="search_hint">Üzenetek keresése</string>
  <string name="search">Üzenetek</string>
  <string name="search_setting_description">Üzenet szövege</string>
  <string name="search_empty">Nincs találat</string>
  <string name="search_history">%1$s találat \"%2$s\"</string>
  <string name="confirm_clear_search_title">Törlés</string>
  <string name="confirm_clear_search_text">A keresési előzmények törölve lesznek.</string>
  <string name="pref_mms_clear_search_history_title">Keresési előzmények törlése</string>
  <string name="pref_mms_clear_search_history_summary">Törli az eddigi kereséseket így nem jelennek meg a keresőben</string>
  <string name="save">Mentés</string>
  <string name="storage_limits_title">Üzenetkorlát</string>
  <string name="storage_limits_message">Korlátozni akarja az üzenetek számát üzenetváltásonként?</string>
  <string name="storage_limits_setting">Limit beállítása</string>
  <string name="storage_limits_setting_dismiss">Nincs limit</string>
  <string name="too_many_unsent_mms">Nem lehet elküldeni az üzenetet. Túl sok az elküldetlen üzenet.</string>
  <string name="me">Én</string>
  <string name="sending_message">Küldés...</string>
  <string name="bookmark_sms">Kedvenc üzenetek</string>
  <string name="bookmark_sms_message">Kedvenc üzenet szöveg</string>
  <string name="recent_conversation">Jelenlegi üzenetváltás</string>
  <string name="contacts">Névjegyek</string>
  <string name="sms_bookmark">Kedvenc üzenetek</string>
  <string name="sms_push">Push SMS-ek</string>
  <string name="forward_from_format">Továbbítás</string>
  <string name="msg_forward_from_format">Átcsoportosítás:%s</string>
  <string name="forward_count_format">Továbbítása %d -szer</string>
  <string name="recipient_count_format">Összesen %d személy</string>
  <string name="notification_color_title">Szín kiválasztása</string>
  <string name="notification_color_summary">Értesítési üzenet színe</string>
  <string name="group_msg_contact_title">%s küldve: %s</string>
  <string name="sms_bookmark_welcome">Nem lett SMS hozzáadva a kedvencekhez</string>
  <string name="mms_increase_font_size">Betűméret növelése</string>
  <string name="mms_decrease_font_size">Betűméret kisebb</string>
  <string name="mms_reading_mode_day">Nappali mód</string>
  <string name="mms_reading_mode_night">Éjszakai mód</string>
  <string name="menu_patch_delete">Törlés</string>
  <string name="btn_done">Rendben</string>
  <string name="btn_cancel">Mégse</string>
  <string name="pref_title_forward_contact">Továbbított</string>
  <string name="pref_summary_forward_contact">Üzenet küldéskor további címzettek beállítása</string>
  <string name="save_image">Kép mentése</string>
  <string name="mms_image_folder_name">MMS Képek</string>
  <string name="mms_image_saved_successfully">Kép mentése sikeres</string>
  <string name="mms_image_saving_failed">A képet nem sikerült menteni</string>
  <string name="festival_sms_category_count_format">(%s)</string>
  <string name="festival_msg_loading">Betöltés...</string>
  <string name="festival_sms_push">Ajánlás</string>
  <string name="menu_group_sending">Csoportos küldés</string>
  <string name="miui_push">MIUI push</string>
  <string name="pushed_sms_category">Push SMS kategória</string>
  <string name="converstaion_list_tile">Szöveges üzenetek</string>
  <string name="conversations_count_format">Üzenetek száma (%d)</string>
  <string name="quick_sms_to">Gyors SMS küldése %snek</string>
  <string name="popup_sms_deleted">SMS törölve</string>
  <string name="pref_set_font_size">A szövegméret beállítása</string>
  <string name="pref_summery_set_font_size">Betűméret beállítása</string>
  <string name="menu_batch_delete">Több törlése</string>
  <string name="batch_delete_confirm_dialog_title">Csoportos törlés</string>
  <string name="batch_delete_confrom_dialog_message">Kijelöltek törlése</string>
  <string name="btn_delete_with_number">Törlés (%d)</string>
</resources>
