<?xml version="1.0" encoding="utf-8"?>
<!--Generated by crowdin.net-->
<resources>
  <string name="contactsIconLabel">Névjegyek</string>
  <string name="contactsFavoritesLabel">Kedvencek</string>
  <string name="dialerIconLabel">Tárcsázó</string>
  <string name="emergencyDialerIconLabel">Segélyhívás</string>
  <string name="phoneIconLabel">Telefon</string>
  <string name="recentCallsIconLabel">Híváslista</string>
  <string name="fdnListLabel">Híváskorlátozás kezelése</string>
  <string name="unknown">Ismeretlen</string>
  <string name="private_num">Rejtett szám</string>
  <string name="payphone">Fizetős telefon</string>
  <string name="onHold">Tartásban</string>
  <string name="ongoing">Aktuális hívás</string>
  <string name="callFailed_userBusy">A vonal foglalt</string>
  <string name="callFailed_congestion">A hálózat túlterhelt</string>
  <string name="callFailed_noSignal">Nincs vonal</string>
  <string name="callFailed_limitExceeded">Elérte az ACM-korlátot</string>
  <string name="callFailed_powerOff">Telefon ki</string>
  <string name="callFailed_simError">Hiányzó vagy hibás SIM-kártya</string>
  <string name="callFailed_outOfService">Szolgáltatási területen kívüli terület</string>
  <string name="callFailed_fdn_only">Az FDN korlátozza a kimenő hívásokat.</string>
  <string name="callFailed_cb_enabled">Nem kezdeményezhet hívásokat, amíg a hívásletiltás be van kapcsolva.</string>
  <string name="callFailed_dsac_restricted">Minden hívást korlátoz a hozzáférésvezérlés.</string>
  <string name="callFailed_dsac_restricted_emergency">A segélyhívásokat korlátozza a hozzáférésvezérlés.</string>
  <string name="callFailed_dsac_restricted_normal">A normál hívásokat korlátozza a hozzáférésvezérlés.</string>
  <string name="callFailed_cdma_lockedUntilPowerCycle">CDMA: A telefon zárolt újraindításig.</string>
  <string name="callFailed_cdma_drop">CDMA: Hívás megszakadt.</string>
  <string name="callFailed_cdma_intercept">CDMA: Fogadott hívás.</string>
  <string name="callFailed_cdma_reorder">CDMA: átrendezés.</string>
  <string name="callFailed_cdma_SO_reject">CDMA: Szolgáltatás opció elutasítása.</string>
  <string name="callFailed_cdma_retryOrder">CDMA: újrapróbálkozási sorrend.</string>
  <string name="callFailed_cdma_accessFailure">Hozzáférési hiba.</string>
  <string name="callFailed_cdma_preempted">CDMA: Előjegyezve.</string>
  <string name="callFailed_cdma_notEmergency">Csak segélyhívás.</string>
  <string name="confCall">Konferencia hívás</string>
  <string name="call_lost">A hívás megszakadt.</string>
  <string name="retry">Újrapróbálkozás</string>
  <string name="call_lost_title">Hívás megszakadt</string>
  <string name="mmiStarted">MMI-kód elindítva</string>
  <string name="ussdRunning">USSD-kód futtatása...</string>
  <string name="mmiCancelled">MMI-kód megszakítva</string>
  <string name="cancel">Mégsem</string>
  <string name="menu_rejectCallAndSms">Elutasítás és SMS üzenet küldése</string>
  <string name="menu_speaker">Kihangosító</string>
  <string name="menu_bluetooth">Bluetooth</string>
  <string name="menu_mute">Némítás</string>
  <string name="menu_hold">Hívástartás</string>
  <string name="menu_endCall">Hívás vége</string>
  <string name="menu_swapCalls">Hívásváltás</string>
  <string name="menu_mergeCalls">Hívásegyesítés</string>
  <string name="menu_addCall">Hívás hozzásadása</string>
  <string name="menu_manageConference">Konferenciahívás kezelése</string>
  <string name="menu_showDialpad">Tárcsázó mutatása</string>
  <string name="menu_hideDialpad">Tárcsázó elrejtése</string>
  <string name="menu_answerAndHold">Hívástartás és válasz</string>
  <string name="menu_answerAndEnd">Hívás befejezése és válasz</string>
  <string name="ok">OK</string>
  <string name="menuButtonKeyboardDialHint">Nyomja a MENÜ gombot a hívásopciókhoz
Használja a billentyűzetet a híváshoz</string>
  <string name="menu_answer">Válaszol</string>
  <string name="menu_ignore">Elutasít</string>
  <string name="wait_prompt_str">Elküldi a következő hangjelzéseket?\n</string>
  <string name="pause_prompt_str">Hangjelzések küldése\n</string>
  <string name="send_button">Küldés</string>
  <string name="pause_prompt_yes">Igen</string>
  <string name="pause_prompt_no">Nem</string>
  <string name="wild_prompt_str">Helyettesítő karakter lecserélése a következővel:</string>
  <string name="no_vm_number">Hiányzik a hangposta száma</string>
  <string name="no_vm_number_msg">Nincs hangpostaszám a SIM-kártyán.</string>
  <string name="add_vm_number_str">Szám hozzáadása</string>
  <string name="dialer_emptyListWorking">Betöltés...</string>
  <string name="enterPin">Írja be a PIN kódot.</string>
  <string name="pinUnlocked">SIM feloldva</string>
  <string name="enterNewPin">Új PIN kód</string>
  <string name="verifyNewPin">Új PIN kód újra a megerősítéshez</string>
  <string name="verifyFailed">A beírt kódok nem egyeznek. Próbálja újra.</string>
  <string name="enterPuk">Írja be a PUK kódot</string>
  <string name="badPuk">Hibás PUK kód</string>
  <string name="buttonTxtContinue">Folytatás</string>
  <string name="puk_unlocked">SIM-kártyája letiltása megszűnt. Feloldás folyamatban...</string>
  <string name="label_ndp">SIM hálózati függetlenítő PIN-kódja</string>
  <string name="sim_ndp_unlock_text">Feloldás</string>
  <string name="sim_ndp_dismiss_text">Elvet</string>
  <string name="requesting_unlock">Függetlenítés kérése...</string>
  <string name="unlock_failed">A hálózatzárolás feloldására vonatkozó kérelem sikertelen volt.</string>
  <string name="unlock_success">A függetlenítés sikerült.</string>
  <string name="imei">IMEI</string>
  <string name="meid">MEID</string>
  <string name="labelGSMMore">GSM hívás beállítások</string>
  <string name="labelCDMAMore">CDMA-hívásbeállítások</string>
  <string name="apn_settings">Hozzáférési pontok nevei</string>
  <string name="settings_label">Hálózati beállítások</string>
  <string name="voicemail">Hangposta</string>
  <string name="voicemail_abbreviated">HP:</string>
  <string name="networks">Mobilszolgáltatók</string>
  <string name="call_settings">Hívás beállítások</string>
  <string name="additional_gsm_call_settings">További beállítások</string>
  <string name="sum_gsm_call_settings">További csak GSM beállítások</string>
  <string name="additional_cdma_call_settings">További CDMA-hívásbeállítások</string>
  <string name="sum_cdma_call_settings">További csak CDMA-hívásbeállítások</string>
  <string name="labelNwService">Hálózati szolgáltatás beállítások</string>
  <string name="labelCallerId">Hívóazonosító</string>
  <string name="sum_hide_caller_id">A kimenő hívások során elrejtett szám</string>
  <string name="sum_show_caller_id">A kimenő hívások során megjelenített szám</string>
  <string name="sum_default_caller_id">Alapértelmezett szolgáltatói beállítások használata a számom megjelenítésére a kimenő hívások során</string>
  <string name="labelCW">Hívásvárakoztatás</string>
  <string name="sum_cw_enabled">Hívás közben bejövő hívások mutatása</string>
  <string name="sum_cw_disabled">Hívás közben bejövő hívások elrejtése</string>
  <string name="call_forwarding_settings">Hívásátirányítás beállításai</string>
  <string name="labelCF">Hívásátirányítás</string>
  <string name="labelCFU">Minden hívás átirányítása</string>
  <string name="messageCFU">Mindig ezt a számot használja</string>
  <string name="sum_cfu_enabled_indicator">Minden hívás átirányítása</string>
  <string name="sum_cfu_enabled">Minden hívás átirányítása ide: {0}</string>
  <string name="sum_cfu_enabled_no_number">A szám nem érhető el</string>
  <string name="sum_cfu_disabled">Letiltva</string>
  <string name="labelCFB">Átirányítás, ha foglalt</string>
  <string name="messageCFB">Ha foglalt, átirányít ide:</string>
  <string name="sum_cfb_enabled">Átirányítás ide:</string>
  <string name="sum_cfb_disabled">Letiltva</string>
  <string name="disable_cfb_forbidden">Szolgáltatója nem támogatja a hívásátirányítás letiltását a telefon foglaltsága esetén.</string>
  <string name="labelCFNRy">Átirányítás, ha nem válaszol</string>
  <string name="messageCFNRy">Átirányít, ha nem válaszol</string>
  <string name="sum_cfnry_enabled">Átirányítás ide: {0}</string>
  <string name="sum_cfnry_disabled">Letiltva</string>
  <string name="disable_cfnry_forbidden">Szolgáltatója nem támogatja a hívásátirányítás letiltását, ha a telefon nem fogadja a hívást.</string>
  <string name="labelCFNRc">Átirányítás, ha nem érhető el</string>
  <string name="messageCFNRc">Átirányít ide, ha nem elérhető:</string>
  <string name="sum_cfnrc_enabled">Átirányítás ide: {0}</string>
  <string name="sum_cfnrc_disabled">Letiltva</string>
  <string name="disable_cfnrc_forbidden">Szolgáltatója nem támogatja a hívásátirányítás letiltását, ha a telefon ki van kapcsolva.</string>
  <string name="updating_title">Hívás beállítások</string>
  <string name="error_updating_title">Hiba a hívásbeállításokban</string>
  <string name="reading_settings">Beállítások olvasása...</string>
  <string name="updating_settings">Beállítások frissítése...</string>
  <string name="reverting_settings">Beállítások visszaállítása...</string>
  <string name="response_error">Nem várt válasz a hálózattól.</string>
  <string name="exception_error">Hálózati vagy SIM-kártya hiba.</string>
  <string name="radio_off_error">Kapcsolja be a rádiót a beállítások megtekintése előtt.</string>
  <string name="close_dialog">OK</string>
  <string name="enable">Engedélyezve</string>
  <string name="disable">Letiltva</string>
  <string name="change_num">Frissítés</string>
  <string name="vm_save_number">Hangposta számának mentése</string>
  <string name="vm_changed">A postafiók száma módosítva.</string>
  <string name="vm_change_failed">Nem sikerült módosítani a postafiók számát.\nHa a probléma nem szűnik meg, lépjen kapcsolatba mobilszolgáltatójával.</string>
  <string name="fw_change_failed">Nem sikerült módosítani a hívásátirányítást.\nHa a probléma nem szűnik meg, lépjen kapcsolatba mobilszolgáltatójával.</string>
  <string name="fw_get_in_vm_failed">Nem sikerült lekérni és elmenteni a jelenlegi hívásátirányítási beállításokat.\nMégis átvált az új szolgáltatóra?</string>
  <string name="no_change">Nem történt változtatás.</string>
  <string name="sum_voicemail_choose_provider">Válassza ki a hangposta-szolgáltatást</string>
  <string name="voicemail_default">Saját szolgáltatóm</string>
  <string name="mobile_networks">Mobilhálózati beállítások</string>
  <string name="label_available">Elérhető hálózatok</string>
  <string name="load_networks_progress">Keresés...</string>
  <string name="empty_networks_list">Nem található hálózat.</string>
  <string name="search_networks">Hálózatkeresés</string>
  <string name="network_query_error">Hiba történt a hálózatok keresése közben.</string>
  <string name="register_on_network">Regisztrálás a(z) %s hálózaton...</string>
  <string name="not_allowed">SIM-kártyája nem teszi lehetővé a kapcsolódást ehhez a hálózathoz.</string>
  <string name="connect_later">Jelenleg nem lehet csatlakozni ehhez a hálózathoz. Kérjük, próbálja újra később.</string>
  <string name="registration_done">Regisztrálva a hálózaton.</string>
  <string name="sum_carrier_select">Válasszon szolgáltatót</string>
  <string name="sum_search_networks">Az összes elérhető hálózat megkeresése</string>
  <string name="select_automatically">Automatikus kiválasztás</string>
  <string name="sum_select_automatically">Preferált hálózat automatikus kiválasztása</string>
  <string name="register_automatically">Automatikus regisztráció...</string>
  <string name="preferred_network_mode_title">Hálózati mód</string>
  <string name="preferred_network_mode_summary">A hálózati üzemmód megváltoztatása</string>
  <string name="preferred_network_mode_dialogtitle">Preferált hálózati mód</string>
  <string name="data_enabled">Adatok engedélyezése</string>
  <string name="data_enable_summary">Adathozzáférés engedélyezése mobilhálózatokon</string>
  <string name="roaming">Adatbarangolás</string>
  <string name="roaming_enable">Adatforgalom engedélyezése roamingolás közben</string>
  <string name="roaming_disable">Adatforgalom tiltása roamingolás közben</string>
  <string name="roaming_reenable_message">Az adatkapcsolat megszűnt mert elhagyta az otthoni hálózatot és a roamingolás ki van kapcsolva.</string>
  <string name="roaming_warning">Engedélyezi a roamingolást? Magas költségei lehetnek!</string>
  <string name="gsm_umts_options">GSM/UMTS beállítások</string>
  <string name="cdma_options">CDMA-beállítások</string>
  <string name="throttle_data_usage">Adathasználat</string>
  <string name="throttle_settings_title">Szolgáltató adat irányelve</string>
  <string name="throttle_current_usage">Az aktuális időszakban felhasznált adatmennyiség</string>
  <string name="throttle_time_frame">Adathasználat időtartama</string>
  <string name="throttle_rate">Adatsebesség-irányelvek</string>
  <string name="throttle_help">További információ</string>
  <string name="throttle_status_subtext">az időszakra vonatkozó maximum: %3$s/%1$s (%2$d٪)\nA következő időszak %4$d nap múlva kezdődik (%5$s)</string>
  <string name="throttle_data_usage_subtext">az időszakra vonatkozó maximum: %3$s/%1$s (%2$d٪)</string>
  <string name="throttle_data_rate_reduced_subtext">Elérte a felső korlátot: %1$s\nAz adatsebesség lecsökken %2$d kb/s-ra</string>
  <string name="throttle_time_frame_subtext">A ciklus %1$d٪ -a letelt\nA következő időszak %2$d nap múlva kezdődik (%3$s)</string>
  <string name="throttle_rate_subtext">Az adatátvitel sebessége %1$d kb/s-ra csökken, ha átlépi az adathasználati korlátot.</string>
  <string name="throttle_help_subtext">További információk mobilszolgáltatója hálózatának adatfelhasználási irányelveiről</string>
  <string name="cdma_cell_broadcast_sms">Cella információs SMS</string>
  <string name="cell_broadcast_sms">Cella információs SMS</string>
  <string name="enable_disable_cell_bc_sms">Cella információs SMS</string>
  <string name="cell_bc_sms_enable">Cellán belüli üzenetszórás engedélyezve</string>
  <string name="cell_bc_sms_disable">Cellán belüli üzenetszórás letiltva</string>
  <string name="cb_sms_settings">Cellán belüli üzenetszórás beállításai</string>
  <string name="enable_disable_emergency_broadcast">Vészhelyzeti műsorszórás</string>
  <string name="emergency_broadcast_enable">Vészhelyzeti műsorszórás engedélyezve</string>
  <string name="emergency_broadcast_disable">Vészhelyzeti műsorszórás letiltva</string>
  <string name="enable_disable_administrative">Közigazgatás</string>
  <string name="administrative_enable">Közigazgatás engedélyezve</string>
  <string name="administrative_disable">Közigazgatás letiltva</string>
  <string name="enable_disable_maintenance">Karbantartás</string>
  <string name="maintenance_enable">Karbantartás bekapcsolva</string>
  <string name="maintenance_disable">Karbantartás kikapcsolva</string>
  <string name="general_news_settings">Általános hírek</string>
  <string name="bf_news_settings">Üzleti és pénzügyi hírek</string>
  <string name="sports_news_settings">Sporthírek</string>
  <string name="entertainment_news_settings">Bulvárhírek</string>
  <string name="enable_disable_local">Helyi</string>
  <string name="local_enable">Helyi hírek engedélyezve</string>
  <string name="local_disable">Helyi hírek letiltva</string>
  <string name="enable_disable_regional">Regionális</string>
  <string name="regional_enable">Regionális hírek engedélyezve</string>
  <string name="regional_disable">Regionális hírek letiltva</string>
  <string name="enable_disable_national">Belföldi</string>
  <string name="national_enable">Belföldi hírek engedélyezve</string>
  <string name="national_disable">Belföldi hírek letiltva</string>
  <string name="enable_disable_international">Nemzetközi</string>
  <string name="international_enable">Nemzetközi hírek engedélyezve</string>
  <string name="international_disable">Nemzetközi hírek letiltva.</string>
  <string name="list_language_title">Nyelv</string>
  <string name="list_language_summary">Válassza ki a hírek nyelvét</string>
  <string name="list_language_dtitle">Nyelvek</string>
  <string name="enable_disable_local_weather">Helyi időjárás</string>
  <string name="local_weather_enable">Helyi időjárás engedélyezve</string>
  <string name="local_weather_disable">Helyi időjárás letiltva</string>
  <string name="enable_disable_atr">Jelentések a környék forgalmáról</string>
  <string name="atr_enable">A jelentések a környék forgalmáról engedélyezve vannak</string>
  <string name="atr_disable">A jelentések a környék forgalmáról le vannak tiltva</string>
  <string name="enable_disable_lafs">Helyi repülőjárat-menetrend</string>
  <string name="lafs_enable">Helyi repülőjárat-menetrend engedélyezve</string>
  <string name="lafs_disable">Helyi repülőjárat-menetrend letiltva</string>
  <string name="enable_disable_restaurants">Éttermek</string>
  <string name="restaurants_enable">Éttermek engedélyezve</string>
  <string name="restaurants_disable">Éttermek letiltva</string>
  <string name="enable_disable_lodgings">Szállások</string>
  <string name="lodgings_enable">Szállások engedélyezve</string>
  <string name="lodgings_disable">Szállások letiltva</string>
  <string name="enable_disable_retail_directory">Kiskereskedők címtára</string>
  <string name="retail_directory_enable">Kiskereskedők címtára engedélyezve</string>
  <string name="retail_directory_disable">Kiskereskedők címtára letiltva</string>
  <string name="enable_disable_advertisements">Hirdetések</string>
  <string name="advertisements_enable">Hirdetések engedélyezve</string>
  <string name="advertisements_disable">Hirdetések letiltva</string>
  <string name="enable_disable_stock_quotes">Részvényárfolyamok</string>
  <string name="stock_quotes_enable">Részvényárfolyamok engedélyezve</string>
  <string name="stock_quotes_disable">Részvényárfolyamok letiltva</string>
  <string name="enable_disable_eo">Álláslehetőségek</string>
  <string name="eo_enable">Álláslehetőségek engedélyezve</string>
  <string name="eo_disable">Álláslehetőségek letiltva</string>
  <string name="enable_disable_mhh">Orvosi, egészségügyi és kórházi</string>
  <string name="mhh_enable">Orvosi, egészségügyi és kórházi engedélyezve</string>
  <string name="mhh_disable">Orvosi, egészségügyi és kórházi letiltva</string>
  <string name="enable_disable_technology_news">Műszaki hírek</string>
  <string name="technology_news_enable">Műszaki hírek engedélyezve</string>
  <string name="technology_news_disable">Műszaki hírek letiltva</string>
  <string name="enable_disable_multi_category">Több kategória</string>
  <string name="multi_category_enable">Több kategória engedélyezve</string>
  <string name="multi_category_disable">Több kategória letiltva</string>
  <string name="gsm_umts_network_preferences_title">GSM/UMTS hálózati beállítások</string>
  <string name="gsm_umts_network_preferneces_summary">Ez a fejlesztés még nem készült el!</string>
  <string name="gsm_umts_network_preferences_dialogtitle">GSM/UMTS hálózati beállítások</string>
  <string name="prefer_2g">Csak 2G hálózatok használata</string>
  <string name="prefer_2g_summary">Növeli az akkumulátor használati idejét</string>
  <string name="cdma_system_select_title">Adatátviteli eljárás valsztása</string>
  <string name="cdma_system_select_summary">Change the cdma roaming mode</string>
  <string name="cdma_system_select_dialogtitle">System select</string>
  <string name="cdma_roaming_mode_title">CDMA roaming mód</string>
  <string name="cdma_roaming_mode_summary">Change the cdma roaming mode</string>
  <string name="cdma_roaming_mode_dialogtitle">CDMA roaming mód</string>
  <string name="cdma_network_preferences_title">CDMA hálózati beállítások</string>
  <string name="cdma_network_preferneces_summary">Még nincs implementálva!</string>
  <string name="cdma_network_preferences_dialogtitle">CDMA hálózati beállítások</string>
  <string name="subscription_title">CDMA bejelentkezési teszt</string>
  <string name="subscription_summary">RUIM/SIM és NV közötti váltás</string>
  <string name="subscription_dialogtitle">előfizetés</string>
  <string name="fdn">Fix hívószámok</string>
  <string name="manage_fdn_list">FDN list</string>
  <string name="fdn_activation">Fix hívószámok aktiválása</string>
  <string name="fdn_enabled">A fix hívószámok engedélyezve</string>
  <string name="fdn_disabled">A fix hívószámok letiltva</string>
  <string name="enable_fdn">Enable FDN</string>
  <string name="disable_fdn">Disable FDN</string>
  <string name="change_pin2">PIN2-kód módosítása</string>
  <string name="enable_fdn_ok">Disable FDN</string>
  <string name="disable_fdn_ok">Enable FDN</string>
  <string name="sum_fdn">Fix hívószámok kezelése</string>
  <string name="sum_fdn_change_pin">PIN-kód módosítása az FDN eléréséhez</string>
  <string name="sum_fdn_manage_list">Telefonszámok listájának kezelése</string>
  <string name="voice_privacy">Voice - adatvédelem</string>
  <string name="voice_privacy_summary">Fokozott adatvédelmi mód engedélyezése</string>
  <string name="tty_mode_title">TTY mode</string>
  <string name="tty_mode_summary">TTY mód engedélyezése</string>
  <string name="tty_mode_option_title">TTY mode</string>
  <string name="tty_mode_option_summary">TTY-mód beállítása</string>
  <string name="auto_retry_mode_title">Automatikus újrapróbálkozás</string>
  <string name="auto_retry_mode_summary">Automatikus újrapróbálkozás mód bekapcsolása</string>
  <string name="menu_add">Névjegy hozzáadása</string>
  <string name="menu_edit">Névjegy szerkesztése</string>
  <string name="menu_delete">Névjegy törlése</string>
  <string name="get_pin2">Írja be a PIN2 kódot</string>
  <string name="name">Név</string>
  <string name="number">Szám</string>
  <string name="save">Mentés</string>
  <string name="add_fdn_contact">Fix hívószám hozzáadása</string>
  <string name="adding_fdn_contact">Fix hívószám hozzáadása...</string>
  <string name="fdn_contact_added">A fix hívószám hozzáadva.</string>
  <string name="edit_fdn_contact">Fix hívószám szerkesztése</string>
  <string name="updating_fdn_contact">Fix hívószám frissítése...</string>
  <string name="fdn_contact_updated">A fix hívószám frissítve.</string>
  <string name="delete_fdn_contact">Fix hívószám törlése</string>
  <string name="deleting_fdn_contact">Fix hívószám törlése...</string>
  <string name="fdn_contact_deleted">A fix hívószám törölve.</string>
  <string name="pin2_invalid">Az FDN nincs frissítve: helytelen PIN-kódot adott meg.</string>
  <string name="fdn_invalid_number">FDN nincs frissítve: a szám nem lehet 20 számjegynél hosszabb.</string>
  <string name="simContacts_emptyLoading">Beolvasás a SIM-kártyáról...</string>
  <string name="simContacts_empty">Nincsenek névjegyek a SIM-kártyán.</string>
  <string name="simContacts_title">Válassza ki az importálni kívánt névjegyeket</string>
  <string name="enable_pin">SIM-kártya PIN-kódjának be-/kikapcsolása</string>
  <string name="change_pin">PIN kód megváltoztatása</string>
  <string name="enter_pin_text">SIM-kártya PIN-kódja:</string>
  <string name="oldPinLabel">Régi PIN kód</string>
  <string name="newPinLabel">Új PIN kód</string>
  <string name="confirmPinLabel">Új PIN kód megerősítése</string>
  <string name="badPin">A régi PIN kód érvénytelen. Próbálja újra.</string>
  <string name="mismatchPin">A beírt PIN kódok nem egyeznek. Próbálja újra.</string>
  <string name="invalidPin">Írjon be egy 4-8 jegyű PIN kódot.</string>
  <string name="disable_sim_pin">SIM-kártya PIN-kódjának kikapcsolása</string>
  <string name="enable_sim_pin">SIM-kártya PIN-kódjának bekapcsolása</string>
  <string name="enable_in_progress">Kérjük, várjon...</string>
  <string name="enable_pin_ok">SIM-kártya PIN-kódja bekapcsolva</string>
  <string name="disable_pin_ok">SIM-kártya PIN-kódja kikapcsolva</string>
  <string name="pin_failed">A megadott PIN-kód érvénytelen.</string>
  <string name="pin_changed">PIN kód megváltoztatva</string>
  <string name="puk_requested">Érvénytelen kód, a SIM kártya lezárva. PUK2 kód kérése.</string>
  <string name="enter_pin2_text">PIN2</string>
  <string name="oldPin2Label">Régi PIN2</string>
  <string name="newPin2Label">Új PIN2</string>
  <string name="confirmPin2Label">Új PIN2 megerősítése</string>
  <string name="badPuk2">A beírt PUK2 kód érvénytelen. Próbálja újra.</string>
  <string name="badPin2">A régi PIN2 kód érvénytelen Próbálja újra.</string>
  <string name="mismatchPin2">A beírt PIN2 kódok nem egyeznek Próbálja újra.</string>
  <string name="invalidPin2">Írjon be egy 4-8 jegyű kódot.</string>
  <string name="invalidPuk2">Írjon be egy 8 jegyű kódot.</string>
  <string name="pin2_changed">A PIN2-kód sikeresen módosításra került</string>
  <string name="label_puk2_code">Írja be a PUK2-kódot</string>
  <string name="fdn_enable_puk2_requested">A jelszó helytelen; kérjük, módosítsa a PIN2-kódot és próbálja újra!</string>
  <string name="puk2_requested">Password incorrect, SIM is locked! PUK2 requested.</string>
  <string name="doneButton">Done</string>
  <string name="caller_manage_header">Konferencia hívás %s</string>
  <string name="caller_manage_manage_done_text">Vissza a híváshoz</string>
  <string name="fake_phone_activity_phoneNumber_text">(650) 555-1234</string>
  <string name="fake_phone_activity_infoText_text">Bejövő hívás telefonszáma</string>
  <string name="fake_phone_activity_placeCall_text">Ál bejövő hívás</string>
  <string name="sim_missing_continueView_text">Folytatás SIM kártya nélkül</string>
  <string name="sim_missing_msg_text">Nem található SIM kártya. Helyezzen egy SIM kártyát a telefonba.</string>
  <string name="sim_unlock_dismiss_text">Dismiss</string>
  <string name="sim_unlock_unlock_text">Feloldás</string>
  <string name="sim_unlock_status_text">PIN hitelesítése...</string>
  <string name="voicemail_settings_number_label">Hangposta száma</string>
  <string name="card_title_dialing">Tárcsázás</string>
  <string name="card_title_redialing">Újrapróbálkozás</string>
  <string name="card_title_in_progress">Jelenlegi hívás</string>
  <string name="card_title_conf_call">Konferencia hívás</string>
  <string name="card_title_incoming_call">Bejövő hívás</string>
  <string name="card_title_cdma_call_waiting">CDMA hívásvárakoztatás</string>
  <string name="card_title_call_ended">A hívás befejeződött</string>
  <string name="card_title_on_hold">Tartva</string>
  <string name="card_title_hanging_up">Megszakítás</string>
  <string name="card_title_in_call">Hívás folyamatban</string>
  <string name="notification_missedCallTitle">Nem fogadott hívás</string>
  <string name="notification_missedCallsTitle">Nem fogadott hívások</string>
  <string name="notification_missedCallsMsg">%s nem fogadott hívás</string>
  <string name="notification_missedCallTicker">Nem fogadott hívás: %s</string>
  <string name="notification_ongoing_call_format">Jelenlegi hívás (%s)</string>
  <string name="notification_on_hold">Tartásban</string>
  <string name="notification_voicemail_title">Új hangposta</string>
  <string name="notification_voicemail_title_count">Új hangpostaüzenet (%d)</string>
  <string name="notification_voicemail_text_format">%s tárcsázása</string>
  <string name="notification_voicemail_no_vm_number">A hangposta száma ismeretlen</string>
  <string name="notification_network_selection_title">Nincs szolgáltatás</string>
  <string name="notification_network_selection_text">A kiválasztott hálózat (%s) nem érhető el</string>
  <string name="incall_error_power_off">Híváskezdeményezéshez kapcsolja ki a Repülőgép üzemmódot.</string>
  <string name="incall_error_emergency_only">Nincs regisztrálva a hálózaton.</string>
  <string name="incall_error_out_of_service">A mobilhálózat nem érhető el.</string>
  <string name="incall_error_no_phone_number_supplied">A hívás indítása érvénytelen szám beírása miatt nem történt meg.</string>
  <string name="incall_error_call_failed">A hívás nem indítható.</string>
  <string name="incall_status_dialed_mmi">MMI-sorozat indítása...</string>
  <string name="incall_status_dialed_fc">Starting feature code sequence…</string>
  <string name="incall_error_supp_service_unknown">Nem támogatott szolgáltatás</string>
  <string name="incall_error_supp_service_switch">Nem lehet váltani a hívások között.</string>
  <string name="incall_error_supp_service_separate">Nem lehet elkülöníteni a hívást.</string>
  <string name="incall_error_supp_service_transfer">Nem lehet továbbítani a hívást.</string>
  <string name="incall_error_supp_service_conference">Nem lehet konferenciahívást folytatni.</string>
  <string name="incall_error_supp_service_reject">Nem lehet elutasítani a hívást.</string>
  <string name="incall_error_supp_service_hangup">Nem lehet befejezni a hívás(oka)t.</string>
  <string name="emergency_enable_radio_dialog_title">Segélyhívás</string>
  <string name="emergency_enable_radio_dialog_message">Rádió bekapcsolása...</string>
  <string name="emergency_enable_radio_dialog_retry">Szolgáltatási területen kívüli terület, újrapróbálás...</string>
  <string name="dial_emergency_error">A hívás nem indítható; a(z) %s nem segélyhívó szám!</string>
  <string name="dial_emergency_empty_error">A hívás nem indítható, kérjük, tárcsázzon egy segélyhívó számot!</string>
  <string name="dialerKeyboardHintText">Használja a tárcsázót a híváshoz</string>
  <string name="dtmfDialpadHintText">Touch tone keypad</string>
  <string name="dtmfDialpadHandleLabel">Tárcsázó</string>
  <string name="touchLockText">Érintse meg kétszer\na feloldáshoz</string>
  <string name="onscreenAnswerText">Double-tap\nto answer</string>
  <string name="onscreenRejectText">Double-tap\nto decline</string>
  <string name="onscreenHoldText">Hold</string>
  <string name="onscreenUnholdText">Unhold</string>
  <string name="onscreenEndCallText">End</string>
  <string name="onscreenShowDialpadText">Dialpad</string>
  <string name="onscreenHideDialpadText">Hide</string>
  <string name="onscreenSpeakerText">Speaker</string>
  <string name="onscreenMuteText">Mute</string>
  <string name="onscreenBluetoothText">Bluetooth</string>
  <string name="onscreenAddCallText">Add call</string>
  <string name="onscreenMergeCallsText">Merge calls</string>
  <string name="onscreenSwapCallsText">Csere</string>
  <string name="onscreenManageCallsText">Hívások kezelése</string>
  <string name="onscreenManageConferenceText">Manage</string>
  <string name="importSimEntry">Importálás</string>
  <string name="importAllSimEntries">Összes importálása</string>
  <string name="importingSimContacts">SIM-kártya névjegyeinek importálása</string>
  <string name="importToFDNfromContacts">Importálás a Névjegyzékből</string>
  <string name="hac_mode_title">Hallókészülékek</string>
  <string name="hac_mode_summary">Hallókészülék-kompatibilitás bekapcsolása</string>
  <string name="eri_text_label">ERI szöveg</string>
  <string name="dtmf_tones_title">DTMF hangjelzések</string>
  <string name="dtmf_tones_summary">DTMF hangjelzések hosszának beállítása</string>
  <string name="network_message">Hálózati üzenet</string>
  <string name="ota_title_activate">Aktiválja telefonját</string>
  <string name="ota_touch_activate">A telefonszolgáltatás aktiválásához egy speciális hívást kell indítania.\n\nAz Aktiválás megnyomása után kövesse az utasításokat.</string>
  <string name="ota_touch_activate_new">Touch “Activate” to place a special call that activates your phone on your carrier\'s mobile network, so you can place calls and connect to mobile data networks.</string>
  <string name="ota_skip_activation_dialog_title">Kihagyja az aktiválást?</string>
  <string name="ota_skip_activation_dialog_message">Ha kihagyja az aktiválást, nem indíthat hívásokat és nem kapcsolódhat mobil adathálózatokhoz (de csatlakozhat Wi-Fi hálózatokhoz). Amíg nem aktiválja telefonját, az minden egyes bekapcsoláskor felkéri Önt erre.</string>
  <string name="ota_skip_activation_dialog_skip_label">Átugrás</string>
  <string name="ota_skip_activation_dialog_continue_label">Aktiválás</string>
  <string name="ota_activate">Aktiválás</string>
  <string name="ota_title_activate_success">A telefon aktiválva!</string>
  <string name="ota_title_problem_with_activation">Gond volt az aktiválással</string>
  <string name="ota_listen">Kövesse a hallott utasításokat, amíg azt nem hallja, hogy az aktiválás befejeződött.</string>
  <string name="ota_dialpad">Tárcsázó</string>
  <string name="ota_speaker">Kihangosító</string>
  <string name="ota_progress">Kérjük, várjon a telefonja beprogramozásáig.</string>
  <string name="ota_failure">A programozás sikertelen volt</string>
  <string name="ota_successful">Telefonja most már aktiválva van. Akár 15 percet is igénybe vehet a szolgáltatás elindítása.</string>
  <string name="ota_unsuccessful">Nem aktiválta a telefont.\nLehet, hogy keresnie kell egy jobb lefedettségű területet (egy ablak közelében vagy a szabadban).\n\nPróbálkozzon újra vagy hívja az ügyfélszolgálatot a további lehetőségekért.</string>
  <string name="ota_spc_failure">TÚL SOK HELYESÍRÁSI HIBA</string>
  <string name="ota_call_end">Vissza</string>
  <string name="ota_try_again">Újrapróbálkozás</string>
  <string name="ota_next">Következő</string>
  <string name="ota_back">Vissza</string>
  <string name="ecm_exit_dialog">EcmExitDialog</string>
  <string name="phone_entered_ecm_text">Segélykérő visszahívása mód bekapcsolva</string>
  <string name="phone_in_ecm_notification_title">Segélykérő visszahívása mód</string>
  <string name="phone_in_ecm_call_notification_text">Adatkapcsolat letiltva</string>
  <string name="alert_dialog_in_ecm_call">A választott művelet nem érhető el segélyhívás során</string>
  <string name="progress_dialog_exiting_ecm">Segélykérő visszahívása mód kikapcsolása</string>
  <string name="alert_dialog_yes">Igen</string>
  <string name="alert_dialog_no">Nem</string>
  <string name="alert_dialog_dismiss">Dismiss</string>
  <string name="absent_num">HIÁNYZÓ SZÁM</string>
  <string name="voicemail_settings">Hangposta beállításai</string>
  <string name="voicemail_number_not_set">&lt;nincs beállítva&gt;</string>
  <string name="voicemail_provider">Hangposta-szolgáltatás</string>
  <string name="voicemail_settings_for">%s - Beállítások</string>
  <string name="other_settings">Egyéb hívásbeállítások</string>
  <string name="dial_button_label">Tárcsázás</string>
  <string name="calling_via_template">Hívás a következőn keresztül: ^1\n</string>
  <string name="slide_to_answer">A hívás fogadásához húzza jobbra</string>
  <string name="slide_to_silence">Némításhoz húzza balra</string>
  <string name="slide_to_decline">Elutasításhoz húzza balra</string>
  <string name="slide_to_answer_and_hold">Húzza jobbra a hívás fogadásához\naz aktív hívást tartja</string>
  <string name="slide_to_answer_and_end_active">Húzza jobbra a hívás fogadásához\naz aktív hívást befejezi</string>
  <string name="slide_to_answer_and_end_onhold">Húzza jobbra a hívás fogadásához\na háttérben levő hívást befejezi</string>
  <string name="slide_to_answer_hint">Hívás fogadása</string>
  <string name="slide_to_decline_hint">Elutasít</string>
  <string name="notification_ongoing_calling_format">Hívás (%s)</string>
  <string name="advanced_setting">Haladó beállítások</string>
  <string name="call_reject_hint">Hívás visszautasítás súgó</string>
  <string name="hangup_sms">Elutasít üzenettel</string>
  <string name="hangup_sms_body">Jelenleg nem tudom fogadni hívást. Kérem hívjon vissza később</string>
  <string name="onscreenNoteText">Jegyzet</string>
  <string name="query_telocation_title">Szám helyének megkeresése</string>
  <string name="query_telocation_sum">Mobil vagy vezetékes szám, ellenőrizze a földtulajdon információkat</string>
  <string name="button_query_hint">Kérjük, adja meg a mobil vagy vezetékes számot</string>
  <string name="button_query">Vizsgálat</string>
  <string name="button_clear">Törlés</string>
  <string name="text_location">Elhelyezkedés:</string>
  <string name="text_areacode">Körzetszám:</string>
  <string name="unknown_location">Ismeretlen elhelyezkedés</string>
  <string name="autoip">Automatikus IP tárcsázás</string>
  <string name="autoip_sum">IP előtag hozzáadása a külföldi számok elé. írja be a jelenlegi körzetszámot.</string>
  <string name="ip_prefix">IP előtag</string>
  <string name="ip_prefix_sum">A szolgáltató IP előtagja: %s.</string>
  <string name="current_areacode">Jelenlegi körzetszám</string>
  <string name="current_areacode_sum">A jelenlegi hely körzetszáma, vagy a barangoló kód. Például: 010.</string>
  <string name="always_enable_mms">MMS fogadása</string>
  <string name="always_enable_mms_summary">Akkor is fogadja-e az MMS-eket, ha az adatkapcsolatok le vannak tiltva.</string>
  <string name="dialer_click_pref_title">Érintés a névjegyen</string>
  <string name="dialer_click_pref_summary">Határozza meg a kattintási műveletet a kapcsolatok listáján</string>
  <string name="auto_dialpad_pref_title">Tárcsázó megjelenítése</string>
  <string name="auto_dialpad_pref_summary">Alkalmazás megnyitásakor engedélyezi a dialpad automatikus megjelenését</string>
  <string name="anti_disturb_settings">"Ne zavarj!" szolgáltatás beállításai</string>
  <string name="incoming_call_limit_title">Bejövő hívások korlátozása</string>
  <string name="incoming_call_limit_summary">Csak olyan bejövő hívásokat engedélyez, amelyek megfelelnek a feltételeknek. Egyéb hívásokat automatikusan elutasít.</string>
</resources>
