<?xml version="1.0" encoding="utf-8"?>
<!--Generated by crowdin.net-->
<resources>
  <string name="app_name">Rendszer frissítés</string>
  <string name="apply_now_button_text">Frissítés</string>
  <string name="apply_later_button_text">Frissítés később</string>
  <string name="apply_update_button_text">Alkalmazás frissítések</string>
  <string name="apply_title_textview_text">{0} már elérhető</string>
  <string name="apply_subtitle_textview_text">Kiadási megjegyzések:</string>
  <string name="apply_unable_to_reboot_toast">Nem lehet újraindítani a recovery módban</string>
  <string name="apply_trying_to_get_root_access">Root jogok érvényesítése a recovery újraindításhoz</string>
  <string name="available_updates_text">Kérjük válassza ki a ROM letöltésének módját:</string>
  <string name="choose_available_update_text">Frissítés</string>
  <string name="no_updates_found_instructions">A legújabb verzió már elérhető, ellenőrizze újra a frissítéseket</string>
  <string name="check_error_instructions">Frissítés sikertelen</string>
  <string name="downloaded_update_found_text">SD kártya frissítési fájl megtalálva:</string>
  <string name="checking_for_updates">Frissítések</string>
  <string name="downloading_update">Frissítés letöltése</string>
  <string name="sdcard_is_not_present_dialog_body">Szükséges az SD kártya írása</string>
  <string name="sdcard_is_not_present_dialog_title">SD kártya nem található</string>
  <string name="sdcard_is_not_present_dialog_ok_button">Ok</string>
  <string name="current_version_text">Jelenleg verzió: {0}</string>
  <string name="delete_updates_text">Frissítés törlése</string>
  <string name="delete_updates_success_message">Ezt a frissítést törölték</string>
  <string name="delete_updates_failure_message">Frissítés eltávolítási hiba</string>
  <string name="delete_updates_noFolder_message">Helyi frissítés nem található</string>
  <string name="apply_update_dialog_title">Kérjük, erősítse meg</string>
  <string name="apply_update_dialog_text">Szeretné ezt a frissítést azonnal telepíteni?: {0} Ha most a Frissítés gombra kattint, a telefon újraindul recovery módban és telepíti a frissítést.</string>
  <string name="apply_update_dialog_update_button">Frissítés</string>
  <string name="apply_update_dialog_backup_and_update_button">Biztonsági mentés és alkalmazások frissítése</string>
  <string name="apply_update_dialog_cancel_button">Mégsem</string>
  <string name="check_now">Frissítések</string>
  <string name="menu_config">Beállítások</string>
  <string name="menu_about">Rólunk</string>
  <string name="menu_changelog">Frissítési Napló</string>
  <string name="cancel_download_buton_text">Letöltés visszavonása</string>
  <string name="confirm_download_cancelation_dialog_message">Tényleg meg szeretné szakítani a letöltést?</string>
  <string name="confirm_download_cancelation_dialog_yes">Igen</string>
  <string name="confirm_download_cancelation_dialog_no">Nem</string>
  <string name="download_canceled_toast_message">Letöltés törlése</string>
  <string name="verify_and_apply_dialog_title">Fájl integritásának megerősítése</string>
  <string name="verify_and_apply_dialog_message">MD5 ellenőrző fájlok</string>
  <string name="apply_existing_update_md5error_message">Hiba. MD5 fájl nem egyezik.</string>
  <string name="file_not_found_error_message">A fájl nem létezik, vagy nem hozzáférhető</string>
  <string name="apply_upload_info_message">Kattintson a "Frissítés" gombra, majd a telefon automatikusan újraindul és alkalmazza a frissítést.</string>
  <string name="notes_about_recovery">(Kérjük, vegye figyelembe, hogy annak érdekében, hogy a jövőben a ROM támogassa az frissítéseket, használjon eredeti ROM-ot.)</string>
  <string name="last_update_check_text">Legutóbbi frissítések</string>
  <string name="overwrite_update_title">Meglévő frissítés felülírása</string>
  <string name="overwrite_update_summary">A kiválasztott frissítés már létezik! Újra letölti?</string>
  <string name="overwrite_update_positive">Újra letöltés</string>
  <string name="overwrite_update_negative">Jelenlegi használata</string>
  <string name="no_md5_found_summary">A frissítés MD5 ellenőrzése nem sikerült. Folytatja a frissítést ellenőrzés nélkül?</string>
  <string name="no_md5_found_positive">Frissítés</string>
  <string name="no_md5_found_negative">Mégsem</string>
  <string name="notification_tickertext">Frissítés letöltése</string>
  <string name="notification_finished">Letöltés kész</string>
  <string name="stable_description">Stabil verzió</string>
  <string name="experimental_description">Teszt verzió</string>
  <string name="changelog_button_text">Napló</string>
  <string name="changelog_title_rom">ROM frissítési napló</string>
  <string name="md5_check_cancelled">MD5 ellenőrző összeg számolása megszakítva</string>
  <string name="title_running">Jelenlegi verzió</string>
  <string name="no_updatecheck_executed">Nem lehet végrehajtani a frissítési ellenőrzést</string>
  <string name="about_dialog_title">Névjegy</string>
  <string name="no_updates_found">Nem található frissítés</string>
  <string name="not_new_updates_found_title">Új frissítés elérhető!</string>
  <string name="exception_while_downloading">Hiba letöltés közben</string>
  <string name="not_update_check_error_title">Nem lehet frissítéseket keresni</string>
  <string name="not_update_download_error_title">Hiba letöltés közben</string>
  <string name="not_update_downloaded_title">Frissítés letöltve</string>
  <string name="not_update_downloaded_body">{0} Telepítésre kész</string>
  <string name="download_info_filename">Fájlnév:</string>
  <string name="download_info_mirror">Tükör szerver:</string>
  <string name="download_info_downloading">Letöltés...</string>
  <string name="download_info_speed">Sebesség:</string>
  <string name="download_info_remaining_time">Hátralevő idő:</string>
  <string name="md5_verification_failed">MD5 ellenőrzés nem sikerült</string>
  <string name="not_new_updates_found_body">Új verzió elérhető</string>
  <string name="not_network_error">Csatlakozás sikertelen. Ellenőrizze a hálózati beállításokat</string>
  <string name="version_description">Impresszum</string>
  <string name="acknowledge">Köszönöm</string>
  <string name="pleasea_check_update">Kérlek ellenőrizd a frissítést</string>
  <string name="already_applied">Telepítve</string>
  <string name="stable_version">Stabil verzió</string>
  <string name="test_version">Teszt verzió</string>
  <string name="wifi_not_available_title">WIFI nem elérhető</string>
  <string name="wifi_not_available_body">Nagy méretű ROM file. WIFI használata ajánlott</string>
  <string name="widget_title">My MIUI</string>
  <string name="widget_feedback">widget visszajelzés</string>
  <string name="unable_to_flash_recovery">Recovery írása sikertelen</string>
  <string name="flash_recovery_successfully">Recovery írása sikeres</string>
  <string name="reflash_recovery">Recovery törlése</string>
  <string name="boot_recovery">Újraindítás recovery menübe</string>
  <string name="flash_recovery_dialog_message">Recovery frissítése</string>
  <string name="applying_rom_message">Új ROM telepítése</string>
  <string name="loading">töltés</string>
  <string name="page_error_title">Hozzáférési hiba</string>
  <string name="page_error">oldal hiba</string>
  <string name="page_reload">Újrapróbálkozás</string>
  <string name="install_rom_from_sd">ROM installálás a kártyáról</string>
</resources>
