<?xml version="1.0" encoding="utf-8"?>
<!--Generated by crowdin.net-->
<resources>
  <string name="app_label">Pamięć Kontaktów</string>
  <string name="provider_label">Kontakty</string>
  <string name="upgrade_out_of_memory_notification_ticker">Aktualizacja kontaktu wymaga więcej pamięci</string>
  <string name="upgrade_out_of_memory_notification_title">Aktualizowanie pamięci kontaktów</string>
  <string name="upgrade_out_of_memory_notification_text">Wybierz aby zakończyć proces aktualizacji.</string>
  <string name="edit_contact">Dodaj do istniejącego kontaktu</string>
  <string name="create_contact">Utwórz nowy kontakt</string>
</resources>
