<?xml version="1.0" encoding="utf-8"?>
<!--Generated by crowdin.net-->
<resources>
  <string name="cancel">Anuluj</string>
  <string name="copy">Kopiuj</string>
  <string name="copyUrl">Kopiuj adres URL</string>
  <string name="cut">Wytnij</string>
  <string name="defaultVoiceMailAlphaTag">Poczta głosowa</string>
  <string name="defaultMsisdnAlphaTag">MSISDN1</string>
  <string name="emptyPhoneNumber">(Brak numeru telefonu)</string>
  <string name="httpErrorBadUrl">Strona nie może zostać otwarta, ponieważ adres URL jest nieprawidłowy.</string>
  <string name="httpErrorUnsupportedScheme">Protokół nie jest obsługiwany.</string>
  <string name="no">Anuluj</string>
  <string name="ok">OK</string>
  <string name="paste">Wklej</string>
  <string name="search_go">Szukaj</string>
  <string name="selectAll">Zaznacz wszystko</string>
  <string name="unknownName">(Nieznany)</string>
  <string name="untitled"><bez nazwy></string>
  <string name="VideoView_error_button">OK</string>
  <string name="VideoView_error_text_unknown">Niestety, nie można odtworzyć tego filmu wideo.</string>
  <string name="VideoView_error_title">Nie można odtworzyć wideo</string>
  <string name="yes">OK</string>
  <string name="dialog_alert_title">Uwaga</string>
  <string name="VideoView_error_text_invalid_progressive_playback">Przepraszamy, materiał wideo nie może być przesłany do tego urządzenia.</string>
  <string name="config_tether_apndata"> </string>
  <string name="config_networkLocationProvider">com.google.android.location.NetworkLocationProvider</string>
  <string name="config_geocodeProvider">com.google.android.location.GeocodeProvider</string>
  <string name="config_datause_iface">rmnet0</string>
  <string name="month_long_standalone_january">Styczeń</string>
  <string name="month_long_standalone_february">Luty</string>
  <string name="month_long_standalone_march">Marzec</string>
  <string name="month_long_standalone_april">Kwiecień</string>
  <string name="month_long_standalone_may">Maj</string>
  <string name="month_long_standalone_june">Czerwiec</string>
  <string name="month_long_standalone_july">Lipiec</string>
  <string name="month_long_standalone_august">Sierpień</string>
  <string name="month_long_standalone_september">Wrzesień</string>
  <string name="month_long_standalone_october">Październik</string>
  <string name="month_long_standalone_november">Listopad</string>
  <string name="month_long_standalone_december">Grudzień</string>
  <string name="month_long_january">Styczeń</string>
  <string name="month_long_february">Luty</string>
  <string name="month_long_march">Marzec</string>
  <string name="month_long_april">Kwiecień</string>
  <string name="month_long_may">Maj</string>
  <string name="month_long_june">Czerwiec</string>
  <string name="month_long_july">Lipiec</string>
  <string name="month_long_august">Sierpień</string>
  <string name="month_long_september">Wrzesień</string>
  <string name="month_long_october">Październik</string>
  <string name="month_long_november">Listopad</string>
  <string name="month_long_december">Grudzień</string>
  <string name="month_medium_january">Sty</string>
  <string name="month_medium_february">Lut</string>
  <string name="month_medium_march">Mar</string>
  <string name="month_medium_april">Kwi</string>
  <string name="month_medium_may">Maj</string>
  <string name="month_medium_june">Cze</string>
  <string name="month_medium_july">Lip</string>
  <string name="month_medium_august">Sie</string>
  <string name="month_medium_september">Wrz</string>
  <string name="month_medium_october">Paz</string>
  <string name="month_medium_november">List</string>
  <string name="month_medium_december">Gru</string>
  <string name="month_shortest_january">S</string>
  <string name="month_shortest_february">L</string>
  <string name="month_shortest_march">M</string>
  <string name="month_shortest_april">K</string>
  <string name="month_shortest_may">M</string>
  <string name="month_shortest_june">C</string>
  <string name="month_shortest_july">L</string>
  <string name="month_shortest_august">S</string>
  <string name="month_shortest_september">W</string>
  <string name="month_shortest_october">P</string>
  <string name="month_shortest_november">L</string>
  <string name="month_shortest_december">G</string>
  <string name="day_of_week_long_sunday">Niedziela</string>
  <string name="day_of_week_long_monday">Poniedziałek</string>
  <string name="day_of_week_long_tuesday">Wtorek</string>
  <string name="day_of_week_long_wednesday">Środa</string>
  <string name="day_of_week_long_thursday">Czwartek</string>
  <string name="day_of_week_long_friday">Piątek</string>
  <string name="day_of_week_long_saturday">Sobota</string>
  <string name="day_of_week_medium_sunday">Nie</string>
  <string name="day_of_week_medium_monday">Pon</string>
  <string name="day_of_week_medium_tuesday">Wt</string>
  <string name="day_of_week_medium_wednesday">Śr</string>
  <string name="day_of_week_medium_thursday">Czw</string>
  <string name="day_of_week_medium_friday">Pt</string>
  <string name="day_of_week_medium_saturday">Sob</string>
  <string name="day_of_week_short_sunday">Niedz</string>
  <string name="day_of_week_short_monday">Pon</string>
  <string name="day_of_week_short_tuesday">Wt</string>
  <string name="day_of_week_short_wednesday">Śr</string>
  <string name="day_of_week_short_thursday">Cz</string>
  <string name="day_of_week_short_friday">Pt</string>
  <string name="day_of_week_short_saturday">So</string>
  <string name="day_of_week_shortest_sunday">N</string>
  <string name="day_of_week_shortest_monday">P</string>
  <string name="day_of_week_shortest_tuesday">W</string>
  <string name="day_of_week_shortest_wednesday">Ś</string>
  <string name="day_of_week_shortest_thursday">C</string>
  <string name="day_of_week_shortest_friday">P</string>
  <string name="day_of_week_shortest_saturday">S</string>
  <string name="am">rano</string>
  <string name="pm">po południu</string>
  <string name="yesterday">Wczoraj</string>
  <string name="today">Dzisiaj</string>
  <string name="tomorrow">Jutro</string>
  <string name="hour_minute_24">%G:%M</string>
  <string name="hour_minute_ampm">%-l:%M%p</string>
  <string name="hour_minute_cap_ampm">%-l:%M%^p</string>
  <string name="twelve_hour_time_format">g:mm a</string>
  <string name="twenty_four_hour_time_format">GG:mm</string>
  <string name="numeric_date">%-m/%-e/%R</string>
  <string name="numeric_date_format">M/d/rrrr</string>
  <string name="numeric_date_template">%s/%s/%s</string>
  <string name="month_day_year">%B %-e, %R</string>
  <string name="time_of_day">%-l:%M:%S %p</string>
  <string name="date_and_time">%b %-e, %R, %-l:%M:%S %p</string>
  <string name="date_time">%1$s, %2$s</string>
  <string name="time_date">%1$s, %3$s</string>
  <string name="abbrev_month_day_year">%b %-e, %R</string>
  <string name="month_day">%B %-e</string>
  <string name="month">%-B</string>
  <string name="month_year">%B %R</string>
  <string name="abbrev_month_day">%b %-e</string>
  <string name="abbrev_month">%-b</string>
  <string name="abbrev_month_year">%b %R</string>
  <string name="time1_time2">%1$s – %2$s</string>
  <string name="date1_date2">%2$s – %5$s</string>
  <string name="numeric_md1_md2">%2$s/%3$s – %7$s/%8$s</string>
  <string name="numeric_wday1_md1_wday2_md2">%1$s, %2$s/%3$s – %6$s, %7$s/%8$s</string>
  <string name="numeric_mdy1_mdy2">%2$s/%3$s/%4$s – %7$s/%8$s/%9$s</string>
  <string name="numeric_wday1_mdy1_wday2_mdy2">%1$s, %2$s/%3$s/%4$s – %6$s, %7$s/%8$s/%9$s</string>
  <string name="numeric_wday1_mdy1_time1_wday2_mdy2_time2">%1$s, %2$s/%3$s/%4$s, %5$s – %6$s, %7$s/%8$s/%9$s, %10$s</string>
  <string name="numeric_md1_time1_md2_time2">%2$s/%3$s, %5$s – %7$s/%8$s, %10$s</string>
  <string name="numeric_wday1_md1_time1_wday2_md2_time2">%1$s, %2$s/%3$s, %5$s – %6$s, %7$s/%8$s, %10$s</string>
  <string name="numeric_mdy1_time1_mdy2_time2">%2$s/%3$s/%4$s, %5$s – %7$s/%8$s/%9$s, %10$s</string>
  <string name="wday1_date1_time1_wday2_date2_time2">%1$s, %2$s, %3$s – %4$s, %5$s, %6$s</string>
  <string name="wday1_date1_wday2_date2">%1$s, %2$s – %4$s, %5$s</string>
  <string name="date1_time1_date2_time2">%2$s, %3$s – %5$s, %6$s</string>
  <string name="time_wday_date">%1$s, %2$s, %3$s</string>
  <string name="wday_date">%2$s, %3$s</string>
  <string name="time_wday">%1$s, %2$s</string>
  <string name="same_year_md1_md2">%2$s %3$s – %7$s %8$s</string>
  <string name="same_year_wday1_md1_wday2_md2">%1$s, %2$s %3$s – %6$s, %7$s %8$s</string>
  <string name="same_year_md1_time1_md2_time2">%2$s %3$s, %5$s – %7$s %8$s, %10$s</string>
  <string name="same_month_md1_time1_md2_time2">%2$s %3$s, %5$s – %7$s %8$s, %10$s</string>
  <string name="same_year_wday1_md1_time1_wday2_md2_time2">%1$s, %2$s %3$s, %5$s – %6$s, %7$s %8$s, %10$s</string>
  <string name="same_month_wday1_md1_time1_wday2_md2_time2">%1$s, %2$s %3$s, %5$s – %6$s, %7$s %8$s, %10$s</string>
  <string name="same_year_mdy1_time1_mdy2_time2">%2$s %3$s, %4$s, %5$s – %7$s %8$s, %9$s, %10$s</string>
  <string name="same_month_mdy1_time1_mdy2_time2">%2$s %3$s, %4$s, %5$s – %7$s %8$s, %9$s, %10$s</string>
  <string name="same_year_wday1_mdy1_time1_wday2_mdy2_time2">%1$s, %2$s %3$s, %4$s, %5$s – %6$s, %7$s %8$s, %9$s, %10$s</string>
  <string name="same_month_wday1_mdy1_time1_wday2_mdy2_time2">%1$s, %2$s %3$s, %4$s, %5$s – %6$s, %7$s %8$s, %9$s, %10$s</string>
  <string name="same_month_wday1_mdy1_wday2_mdy2">%1$s, %2$s %3$s, %4$s – %6$s, %7$s %8$s, %9$s</string>
  <string name="same_month_md1_md2">%2$s %3$s – %8$s</string>
  <string name="same_month_wday1_md1_wday2_md2">%1$s, %2$s %3$s – %6$s, %7$s %8$s</string>
  <string name="same_year_mdy1_mdy2">%2$s %3$s – %7$s %8$s, %9$s</string>
  <string name="same_month_mdy1_mdy2">%2$s %3$s – %8$s, %9$s</string>
  <string name="same_year_wday1_mdy1_wday2_mdy2">%1$s, %2$s %3$s – %6$s, %7$s %8$s, %9$s</string>
  <string name="short_format_month">%b</string>
  <string name="full_wday_month_day_no_year">DDDD, MMMM r</string>
  <string name="abbrev_wday_month_day_year">EEE, MMM d, rrrr</string>
  <string name="common_name_prefixes"> </string>
  <string name="common_name_suffixes"> </string>
  <string name="common_last_name_prefixes"> </string>
  <string name="common_name_conjunctions"> </string>
  <string name="default_text_encoding">Latin-1</string>
  <string name="lock_pattern_view_aspect">kwadrat</string>
  <string name="byteShort">B</string>
  <string name="kilobyteShort">KB</string>
  <string name="megabyteShort">MB</string>
  <string name="gigabyteShort">GB</string>
  <string name="terabyteShort">TB</string>
  <string name="petabyteShort">PB</string>
  <string name="fileSizeSuffix">%1$s%2$s</string>
  <string name="ellipsis">…</string>
  <string name="mmiError">Problem z połączeniem lub błędny kod MMI.</string>
  <string name="serviceEnabled">Usługa była włączona.</string>
  <string name="serviceEnabledFor">Usługa została włączona dla:</string>
  <string name="serviceDisabled">Usługa została wyłączona.</string>
  <string name="serviceRegistered">Rejestracja powiodła się.</string>
  <string name="serviceErased">Wymazywanie zakończone pomyślnie.</string>
  <string name="passwordIncorrect">Błędne hasło.</string>
  <string name="mmiComplete">MMI zakończone.</string>
  <string name="badPin">Wprowadzony stary kod PIN jest nieprawidłowy.</string>
  <string name="badPuk">Wprowadzony kod PUK jest nieprawidłowy.</string>
  <string name="mismatchPin">Wprowadzone kody PIN nie są identyczne.</string>
  <string name="invalidPin">Wpisz kod PIN o długości od 4 do 8 cyfr.</string>
  <string name="needPuk">Karta SIM jest zablokowana kodem PUK. Wprowadź kod PUK, aby odblokować kartę.</string>
  <string name="needPuk2">Wprowadź kod PUK2, aby odblokować kartę SIM.</string>
  <string name="ClipMmi">Identyfikator rozmówcy przy połączeniach przychodzących</string>
  <string name="ClirMmi">Identyfikator rozmówcy przy połączeniach wychodzących</string>
  <string name="CfMmi">Przekierowanianie</string>
  <string name="CwMmi">Połączenia oczekujące</string>
  <string name="BaMmi">Blokada dzwonienia</string>
  <string name="PwdMmi">Zmiana hasła</string>
  <string name="PinMmi">Zmiana kodu PIN</string>
  <string name="CnipMmi">Numer telefonu, z którego wykonywane jest połączenie, widoczny</string>
  <string name="CnirMmi">Numer telefonujący zastrzeżony</string>
  <string name="ThreeWCMmi">Połączenie dla trzech abonentów</string>
  <string name="RuacMmi">Odrzucanie niepożądanych, irytujących połączeń</string>
  <string name="CndMmi">Dostarczanie numeru telefonującego</string>
  <string name="DndMmi">Nie przeszkadzać</string>
  <string name="CLIRDefaultOnNextCallOn">Identyfikator rozmówcy ustawiony jest domyślnie na „zastrzeżony”. Następne połączenie: zastrzeżony</string>
  <string name="CLIRDefaultOnNextCallOff">Identyfikator rozmówcy ustawiony jest domyślnie na „nie zastrzeżony”. Następne połączenie: nie zastrzeżony</string>
  <string name="CLIRDefaultOffNextCallOn">Identyfikator rozmówcy ustawiony jest domyślnie na „zastrzeżony”. Następne połączenie: zastrzeżony</string>
  <string name="CLIRDefaultOffNextCallOff">Identyfikator rozmówcy ustawiony jest domyślnie na „nie zastrzeżony”. Następne połączenie: nie zastrzeżony</string>
  <string name="serviceNotProvisioned">Usługa nie jest świadczona.</string>
  <string name="CLIRPermanent">Nie można zmienić ustawienia identyfikatora rozmówcy.</string>
  <string name="RestrictedChangedTitle">Zmieniono ograniczenie dostępu</string>
  <string name="RestrictedOnData">Usługa transmisji danych jest zablokowana.</string>
  <string name="RestrictedOnEmergency">Usługa połączeń alarmowych jest zablokowana.</string>
  <string name="RestrictedOnNormal">Usługa głosowa jest zablokowana.</string>
  <string name="RestrictedOnAllVoice">Wszystkie usługi głosowe są zablokowane.</string>
  <string name="RestrictedOnSms">Usługa SMS jest zablokowana.</string>
  <string name="RestrictedOnVoiceData">Usługi głosowe/danych są zablokowane.</string>
  <string name="RestrictedOnVoiceSms">Usługi głosowe/SMS są zablokowane.</string>
  <string name="RestrictedOnAll">Wszystkie usługi głosowe/danych/SMS są zablokowane.</string>
  <string name="serviceClassVoice">Głos</string>
  <string name="serviceClassData">Dane asynchroniczne</string>
  <string name="serviceClassFAX">FAX</string>
  <string name="serviceClassSMS">SMS</string>
  <string name="serviceClassDataAsync">Dane asynchroniczne</string>
  <string name="serviceClassDataSync">Synchronizacja</string>
  <string name="serviceClassPacket">Pakiet</string>
  <string name="serviceClassPAD">PAD</string>
  <string name="roamingText0">Wskaźnik roamingu włączony</string>
  <string name="roamingText1">Wskaźnik roamingu włączony</string>
  <string name="roamingText2">Migający wskaźnik roamingu</string>
  <string name="roamingText3">W innej okolicy</string>
  <string name="roamingText4">Poza biurem</string>
  <string name="roamingText5">Roaming – preferowany system</string>
  <string name="roamingText6">Roaming – dostępny system</string>
  <string name="roamingText7">Roaming – partner stowarzyszony</string>
  <string name="roamingText8">Roaming – partner Premium</string>
  <string name="roamingText9">Roaming – pełna funkcjonalność usługi</string>
  <string name="roamingText10">Roaming – częściowa funkcjonalność usługi</string>
  <string name="roamingText11">Baner roamingu włączony</string>
  <string name="roamingText12">Baner roamingu wyłączony</string>
  <string name="roamingTextSearching">Baner roamingu wyłączony</string>
  <string name="cfTemplateNotForwarded">{0}: Nieprzekierowane</string>
  <string name="cfTemplateForwarded">{0}: {1}</string>
  <string name="cfTemplateForwardedTime">{0}: {1} po {2} sekundach</string>
  <string name="cfTemplateRegistered">{0}: nieprzekierowane</string>
  <string name="cfTemplateRegisteredTime">{0}: nieprzekierowane</string>
  <string name="fcComplete">Wykonano kod funkcji.</string>
  <string name="fcError">Problem z połączeniem lub nieprawidłowy kod funkcji.</string>
  <string name="httpErrorOk">OK</string>
  <string name="httpError">Strona sieci Web zawiera błąd.</string>
  <string name="httpErrorLookup">Nie można odszukać adresu URL.</string>
  <string name="httpErrorUnsupportedAuthScheme">Schemat uwierzytelniania strony nie jest obsługiwany.</string>
  <string name="httpErrorAuth">Nieudane uwierzytelnianie.</string>
  <string name="httpErrorProxyAuth">Autoryzacja przez serwer proxy zakończyła się niepowodzeniem.</string>
  <string name="httpErrorConnect">Nieudane połączenie z serwerem.</string>
  <string name="httpErrorIO">Nie udało się połączyć z serwerem. Spróbuj ponownie później.</string>
  <string name="httpErrorTimeout">Zbyt długi czas oczekiwania na połączenie z serwerem.</string>
  <string name="httpErrorRedirectLoop">Strona zawiera zbyt wiele przekierowań do serwerów.</string>
  <string name="httpErrorFailedSslHandshake">Nie można ustanowić bezpiecznego połączenia.</string>
  <string name="httpErrorFile">Nie można uzyskać dostępu do pliku.</string>
  <string name="httpErrorFileNotFound">Nie znaleziono żądanego pliku.</string>
  <string name="httpErrorTooManyRequests">Zbyt wiele żądań jest przetwarzanych. Spróbuj ponownie później.</string>
  <string name="notification_title">Błąd logowania na konto %1$s</string>
  <string name="contentServiceSync">Synchronizacja</string>
  <string name="contentServiceSyncNotificationTitle">Synchronizuj</string>
  <string name="contentServiceTooManyDeletesNotificationDesc">Zbyt wiele usuwanych %s.</string>
  <string name="low_memory">Pamięć telefonu jest pełna! Usuń niektóre pliki, aby zwolnić miejsce.</string>
  <string name="me">Ja</string>
  <string name="power_dialog">Opcje telefonu</string>
  <string name="silent_mode">Tryb cichy</string>
  <string name="turn_on_radio">Włącz połączenia bezprzewodowe</string>
  <string name="turn_off_radio">Wyłącz połączenia bezprzewodowe</string>
  <string name="screen_lock">Ekran zablokowany</string>
  <string name="power_off">Wyłącz</string>
  <string name="shutdown_progress">Wyłączanie...</string>
  <string name="shutdown_confirm">Telefon zostanie wyłączony.</string>
  <string name="recent_tasks_title">Najnowsze</string>
  <string name="no_recent_tasks">Brak ostatnio używanych aplikacji.</string>
  <string name="global_actions">Opcje telefonu</string>
  <string name="global_action_lock">Blokada ekranu</string>
  <string name="global_action_power_off">Wyłącz</string>
  <string name="global_action_toggle_silent_mode">Tryb cichy</string>
  <string name="global_action_silent_mode_on_status">Dźwięk jest wyłączony</string>
  <string name="global_action_silent_mode_off_status">Dźwięk jest włączony</string>
  <string name="global_actions_toggle_airplane_mode">Tryb samolotowy</string>
  <string name="global_actions_airplane_mode_on_status">Tryb samolotowy jest włączony</string>
  <string name="global_actions_airplane_mode_off_status">Tryb samolotowy jest wyłączony</string>
  <string name="safeMode">Tryb awaryjny</string>
  <string name="android_system_label">System Android</string>
  <string name="permgrouplab_costMoney">Usługi płatne</string>
  <string name="permgroupdesc_costMoney">Pozwól aplikacjom na wykonywanie płatnych operacji.</string>
  <string name="permgrouplab_messages">Twoje wiadomości</string>
  <string name="permgroupdesc_messages">Czytanie i zapisywanie wiadomości SMS, e-mail i innych.</string>
  <string name="permgrouplab_personalInfo">Informacje osobiste</string>
  <string name="permgroupdesc_personalInfo">Bezpośredni dostęp do kontaktów i kalendarza zapisanych w telefonie.</string>
  <string name="permgrouplab_location">Twoja lokalizacja</string>
  <string name="permgroupdesc_location">Monitorowanie fizycznej lokalizacji</string>
  <string name="permgrouplab_network">Połączenie sieciowe</string>
  <string name="permgroupdesc_network">Zezwól aplikacji na dostęp do możliwości sieciowych.</string>
  <string name="permgrouplab_accounts">Twoje konta</string>
  <string name="permgroupdesc_accounts">Dostęp do dostępnych kont.</string>
  <string name="permgrouplab_hardwareControls">Kontrola sprzętu</string>
  <string name="permgroupdesc_hardwareControls">Bezpośredni dostęp do sprzętu w słuchawce.</string>
  <string name="permgrouplab_phoneCalls">Połączenia</string>
  <string name="permgroupdesc_phoneCalls">Monitoruj, nagrywaj i prztwarzaj połąćzenia.</string>
  <string name="permgrouplab_systemTools">Narzędzia systemowe</string>
  <string name="permgroupdesc_systemTools">Dostęp i kontrola systemu niższego poziomu.</string>
  <string name="permgrouplab_developmentTools">Narzędzia rozwoju</string>
  <string name="permgroupdesc_developmentTools">Możliwości wymagane tylko przez twórców aplikacji.</string>
  <string name="permgrouplab_storage">Pamięć</string>
  <string name="permgroupdesc_storage">Dostęp do karty SD.</string>
  <string name="permlab_statusBar">wyłącz lub zmień pasek statusu</string>
  <string name="permdesc_statusBar">Zezwól aplikacji na wyłączenie paska statusu oraz dodawanie i usuwanie ikon systemowych.</string>
  <string name="permlab_expandStatusBar">rozwiń/zwiń pasek statusu</string>
  <string name="permdesc_expandStatusBar">Zezwól aplikacji na rozwinięcie lub zwinięcie paska statusu.</string>
  <string name="permlab_processOutgoingCalls">przechwyć połączenia wychodzące</string>
  <string name="permdesc_processOutgoingCalls">Zezwól aplikacji na przetwarzanie połączeń wychodzących i zmianę wybieranego przez ciebie numeru. Złośliwe oprogramowanie może monitorować, przekierowywać lub zapobiegać połączeniom wychodzącym.</string>
  <string name="permlab_receiveSms">odbierz SMS</string>
  <string name="permdesc_receiveSms">Zezwól aplikacji na odbiór i przetwarzanie wiadomości WAP Złośliwe oprogramowanie może przeglądać twoje wiadomości lub usuwać je bez pokazania ich tobie.</string>
  <string name="permlab_receiveMms">odbierz SMS</string>
  <string name="permdesc_receiveMms">Zezwól aplikacji na odbiór i przetwarzanie wiadomości WAP. Złośliwe oprogramowanie może przeglądać twoje wiadomości lub usuwać je bez pokazania ich tobie.</string>
  <string name="permlab_sendSms">wyślij wiadomości SMS</string>
  <string name="permdesc_sendSms">Zezwól aplikacji na wysyłanie wiadomości SMS. Złośliwe oprogramowanie może wysyłać wiadomości na twój koszt bez powiadamiania cię o tym.</string>
  <string name="permlab_readSms">odczytaj SMS lub MMS</string>
  <string name="permdesc_readSms">Zezwól aplikacji na odczyt wiadomości SMS zapisanych na twoim telefonie lub karcie SIM. Złośliwe oprogramowanie może odczytać twoje poufne wiadomości.</string>
  <string name="permlab_writeSms">edytuj SMS lub MMS</string>
  <string name="permdesc_writeSms">Zezwól aplikacji na edycję wiadomości SMS zapisanych na twoim telefonie lub karcie SIM. Złośliwe oprogramowanie może usunąć twoje wiadomości.</string>
  <string name="permlab_receiveWapPush">odbierz WAP</string>
  <string name="permdesc_receiveWapPush">Zezwól aplikacji na odbiór i przetwarzanie wiadomości WAP. Złośliwe oprogramowanie może przeglądać twoje wiadomości lub usuwać je bez pokazania ich tobie.</string>
  <string name="permlab_getTasks">odczytaj uruchomione aplikacje</string>
  <string name="permdesc_getTasks">Zezwól aplikacji na odbieranie danych o zadaniach działających aktualnie lub niedawno. Może zezwolić złośliwemu oprogramowaniu na odkrycie prywatnych informacji o innych aplikacjach.</string>
  <string name="permlab_reorderTasks">zarządzaj uruchomionymi aplikacjami</string>
  <string name="permdesc_reorderTasks">Zezwól aplikacji na przenoszenie działań w tło i z powrotem. Złośliwe oprogramowanie może przywrócić się samo na wierzch bez twojej kontroli.</string>
  <string name="permlab_setDebugApp">uruchom debugowanie aplikacji</string>
  <string name="permdesc_setDebugApp">Zezwól aplikacji na uruchomienie debugowania innej aplikacji. Złośliwe oprogramowanie może to wykorzystać do wyłączania innych aplikacji.</string>
  <string name="permlab_changeConfiguration">zmień ustawienia interfejsu użytkownika</string>
  <string name="permdesc_changeConfiguration">Zezwól aplikacji na zmianę aktualnej konfiguracji, takiej jak lokalizacja, lub ogólny rozmiar czcionek.</string>
  <string name="permlab_enableCarMode">uruchom tryb samochodowy</string>
  <string name="permdesc_enableCarMode">Zezwól aplikacji na uruchomienie trybu samochodowego.</string>
  <string name="permlab_killBackgroundProcesses">zakończ procesy działające w tle</string>
  <string name="permdesc_killBackgroundProcesses">Zezwól aplikacji na zatrzymywanie procesów innych aplikacji działających w tle, nawet jeśli pozostało dużo pamięci.</string>
  <string name="permlab_forceStopPackages">wymuś zatrzymanie innych aplikacji</string>
  <string name="permdesc_forceStopPackages">Zezwól aplikacji na wymuszenie zatrzymania innych aplikacji.</string>
  <string name="permlab_forceBack">wymuś zatrzymanie aplikacji</string>
  <string name="permdesc_forceBack">Zezwól aplikacji na zamknięcie dowolnego procesu uruchomionego w tle. Nigdy nie powinno być wymagane przez normalne aplikacje.</string>
  <string name="permlab_dump">pobieranie informacji o wewnętrznym stanie systemu</string>
  <string name="permdesc_dump">Pozwala aplikacjom na pobieranie informacji o wewnętrznym stanie systemu. Szkodliwe aplikacje mogą pobrać szeroką gamę osobistych i zabezpieczonych informacji, które normalnie nie powinny im być nigdy potrzebne.</string>
  <string name="permlab_shutdown">częściowe wyłączenie</string>
  <string name="permdesc_shutdown">Przełącza menedżera aktywności w stan wyłączenia. Nie wykonuje pełnego wyłączenia.</string>
  <string name="permlab_stopAppSwitches">zapobieganie przełączaniu aplikacji</string>
  <string name="permdesc_stopAppSwitches">Zapobiega przełączaniu aplikacji na inną przez użytkownika.</string>
  <string name="permlab_runSetActivityWatcher">monitorowanie i kontrolowanie wszystkich uruchamianych aplikacji</string>
  <string name="permdesc_runSetActivityWatcher">Pozwala aplikacji na monitorowanie i kontrolowanie sposobu, w jaki w systemie uruchamiane są różne działania. Szkodliwe aplikacje mogą całkowicie przejąć system. Te uprawnienia potrzebne są tylko programistom, nigdy w przypadku normalnego wykorzystywania telefonu.</string>
  <string name="permlab_broadcastPackageRemoved">wysyłanie transmisji informującej o usuniętym pakiecie</string>
  <string name="permdesc_broadcastPackageRemoved">wysyłanie transmisji informującej o otrzymaniu wiadomości WAP-PUSH</string>
  <string name="permlab_broadcastSmsReceived">wyślij powiadomienie o otrzymanym SMS</string>
  <string name="permdesc_broadcastSmsReceived">Zezwól aplikacji na wyświetlenie powiadomienia o otrzymanej wiadomości SMS. Złośliwe oprogramowanie może tego użyć do fałszowania przychodzących wiadomości SMS.</string>
  <string name="permlab_broadcastWapPush">wysyłanie transmisji informującej o otrzymaniu wiadomości WAP-PUSH</string>
  <string name="permdesc_broadcastWapPush">Pozwala aplikacji na nadanie powiadomienia o otrzymaniu wiadomości WAP PUSH. Szkodliwe aplikacje mogą to wykorzystać do fałszowania potwierdzenia odbioru wiadomości MMS lub do niezauważalnego podmieniania zawartości dowolnej strony internetowej jej szkodliwymi wariantami.</string>
  <string name="permlab_setProcessLimit">ogranicz liczbę uruchomionych procesów</string>
  <string name="permdesc_setProcessLimit">Zezwól aplikacji na kontrolę maksymalnej liczby uruchomionych procesów. Nigdy nie będzie wymagane przez normalną aplikację.</string>
  <string name="permlab_setAlwaysFinish">zakończ wszystkie aplikacje działające w tle</string>
  <string name="permdesc_setAlwaysFinish">Zezwól aplikacji na kontrolowanie zakończenia procesów w momencie przechodzenia do działania w tle. Nigdy nie będzie użyte przez normalną aplikację.</string>
  <string name="permlab_batteryStats">zmień statystyki baterii</string>
  <string name="permdesc_batteryStats">Zezwól na modyfikację zebranych statystyk baterii. Nie powinno być używane przez normalne aplikacje.</string>
  <string name="permlab_backup">kontroluj kopie zapasowe systemu</string>
  <string name="permdesc_backup">Zezwól aplikacji na kontrolę mechanizmu kopii zapasowych systemu. Nie powinno być używane przez normalne aplikacje.</string>
  <string name="permlab_internalSystemWindow">wyświetl nieautoryzowane okna</string>
  <string name="permdesc_internalSystemWindow">Zezwól aplikacji na tworzenie okien, które są używane przez wewnętrzny interfejs użytkownika. Nie do użycia przez normalne aplikacje.</string>
  <string name="permlab_systemAlertWindow">wyświetlaj ostrzeżenia systemowe</string>
  <string name="permdesc_systemAlertWindow">Zezwól aplikacji na wyświetlanie okien ostrzeżeń systemowych. Złośliwe oprogramowanie może przejąć w ten sposób cały ekran telefonu.</string>
  <string name="permlab_setAnimationScale">zmień globalną prędkość animacji</string>
  <string name="permdesc_setAnimationScale">Zezwól aplikacji na zmianę globalnej prędkości animacji (szybsze lub wolniejsze animacje) w każdej chwili.</string>
  <string name="permlab_manageAppTokens">zarządzanie tokenami aplikacji</string>
  <string name="permdesc_manageAppTokens">Pozwala aplikacjom na tworzenie własnych tokenów i zarządzanie nimi z pominięciem zwykłego porządku warstw. Nigdy nie powinno być potrzebne normalnym aplikacjom.</string>
  <string name="permlab_injectEvents">wciskaj klawisze i kontroluj przyciski</string>
  <string name="permdesc_injectEvents">Zezwól aplikacji na dostarczanie własnych działań (na przykład wciskanie klawiszy itp.) do innych aplikacji. Złośliwe oprogramowanie może tego użyć do przejęcia kontroli nad telefonem.</string>
  <string name="permlab_readInputState">zapisuje co wpisujesz i jakie podejmujesz działania</string>
  <string name="permdesc_readInputState">Zezwól aplikacji na obserwację klawiszy, które wciskasz, nawet jeśli interakcja zachodzi z innym programem (na przykład wpisanie hasła). Nigdy nie powinno być użyte przez normalne aplikacje.</string>
  <string name="permlab_bindInputMethod">tworzenie powiązania z metodą wejściową"</string>
  <string name="permdesc_bindInputMethod">Pozwala na tworzenie powiązania z interfejsem najwyższego poziomu metody wejściowej. To uprawnienie nie powinno być nigdy wymagane przez zwykłe aplikacje.</string>
  <string name="permlab_bindWallpaper">przypisz do tapety</string>
  <string name="permdesc_bindWallpaper">Umożliwia posiadaczowi powiązać interfejs najwyższego poziomu dla tapety. Nie powinno być nigdy potrzebne w przypadku zwykłych aplikacji.</string>
  <string name="permlab_bindDeviceAdmin">współdziałaj z administratorem urządzenia</string>
  <string name="permdesc_bindDeviceAdmin">Zezwala posiadaczowi na wysyłanie informacji o zamiarach do administratora urządzenia. Opcja nie powinna być nigdy potrzebna w przypadku zwykłych aplikacji.</string>
  <string name="permlab_setOrientation">zmień orientację ekranu</string>
  <string name="permdesc_setOrientation">Zezwól aplikacji na zmianę orientacji ekranu w dowolnym momencie. To nigdy nie powinno być wymagane przez normalne aplikacje.</string>
  <string name="permlab_signalPersistentProcesses">wyślij sygnał Linuksa do aplikacji</string>
  <string name="permdesc_signalPersistentProcesses">Pozwala aplikacjom żądać, aby dostarczany sygnał był wysyłany do wszystkich trwających procesów.</string>
  <string name="permlab_persistentActivity">zmuś aplikację do ciągłego działania</string>
  <string name="permdesc_persistentActivity">Zezwól aplikacji na utrwalenie jej plików, aby system nie mógł używać ich do innych aplikacji.</string>
  <string name="permlab_deletePackages">usuń aplikacje</string>
  <string name="permdesc_deletePackages">Zezwól aplikacji na usuwanie paczek Androida. Złośliwe oprogramowanie może to wykorzystać, aby usuwać ważne aplikacje.</string>
  <string name="permlab_clearAppUserData">usuń dane innej aplikacji</string>
  <string name="permdesc_clearAppUserData">Zezwól aplikacji na usuwanie danych użytkownika.</string>
  <string name="permlab_deleteCacheFiles">usuń cache innych aplikacji</string>
  <string name="permdesc_deleteCacheFiles">Zezwól aplikacji na usuwanie plików cache.</string>
  <string name="permlab_getPackageSize">oblicz miejsce zajęte przez aplikację</string>
  <string name="permdesc_getPackageSize">Zezwól aplikacji na odczyt wielkości jej kodu, danych oraz cache</string>
  <string name="permlab_installPackages">zainstaluj aplikacje bezpośrednio</string>
  <string name="permdesc_installPackages">Zezwól aplikacji na instalowanie nowych lub zmodernizowanych paczek Androida. Złośliwe oprogramowanie może tego użyć, aby dodać nowe aplikacje z dowolnie potężnymi zezwoleniami.</string>
  <string name="permlab_clearAppCache">usuń wszystkie dane cache aplikacji</string>
  <string name="permdesc_clearAppCache">Zezwól aplikacji na uwolnienie pamięci telefonu przez usuwanie plików z folderu cache aplikacji. Dostęp jest zwykle ograniczony do procesów systemowych.</string>
  <string name="permlab_movePackage">Przenieś dane aplikacji</string>
  <string name="permdesc_movePackage">Zezwól aplikacji na przenoszenie danych aplikacji z pamięci wewnętrznej do zewnętrznej i na odwrót.</string>
  <string name="permlab_readLogs">odczyt logów systemowych</string>
  <string name="permdesc_readLogs">Zezwól aplikacji na odczyt z różnych logów systemowych. To pozwala aplikacji na zebranie informacji o tym, co robisz z telefonem, ale nie powinno zawierać żadnych danych prywatnych lub personalnych.</string>
  <string name="permlab_diagnostic">czytanie/zapisywanie w zasobach należących do diagnostyki</string>
  <string name="permdesc_diagnostic">Pozwala aplikacji na czytanie i zapisywanie we wszystkich zasobach posiadanych przez diagnozowaną grupę, jak na przykład pliki w katalogu /dev. Może to potencjalnie wpłynąć na stabilność i bezpieczeństwo systemu. Powinno być wykorzystywane TYLKO w celach diagnozowania sprzętu przez producenta lub operatora.</string>
  <string name="permlab_changeComponentState">włącz lub wyłącz komponenty aplikacji</string>
  <string name="permdesc_changeComponentState">Zezwól aplikacji na uruchamianie lub wyłączanie komponentów innych aplikacji. Złośliwe oprogramowanie może tego użyć, aby wyłączyć ważne funkcje telefonu. Należy używać z nadzwyczajną ostrożnością, gdyż można wprowadzić komponenty aplikacji w stan nieużywalny, niezgodny lub niestabilny.</string>
  <string name="permlab_setPreferredApplications">ustaw preferowane aplikacje</string>
  <string name="permdesc_setPreferredApplications">Zezwól aplikacji na zmianę twoich aplikacji preferowanych. To może pozwolić złośliwemu oprogramowaniu dyskretnie zmienić standardowe aplikacje, udając istniejące aplikacje, aby zdobyć twoje dane.</string>
  <string name="permlab_writeSettings">zmień globalne ustawienia systemu</string>
  <string name="permdesc_writeSettings">Zezwól aplikacji na modyfikację danych ustawień systemowych. Złośliwe aplikacje mogą uszkodzić konfigurację twojego systemu.</string>
  <string name="permlab_writeSecureSettings">zmień ustawienia bezpieczeństwa systemu</string>
  <string name="permdesc_writeSecureSettings">Zezwól aplikacji na modyfikację danych ustawień bezpieczeństwa systemu. Nie do użycia przez normalne aplikacje.</string>
  <string name="permlab_writeGservices">zmień mapę usług Google</string>
  <string name="permdesc_writeGservices">Zezwól aplikacji na modyfikację mapy usług Google. Nie do użycia przez normalne aplikacje.</string>
  <string name="permlab_receiveBootCompleted">automatycznie uruchom przy starcie systemu</string>
  <string name="permdesc_receiveBootCompleted">Zezwól aplikacji na uruchomienie zaraz po starcie systemu. To może spowodować dłuższe włączanie się telefonu i sprawić, że telefon będzie działał wolniej.</string>
  <string name="permlab_broadcastSticky">wysyłanie transmisji trwałej</string>
  <string name="permdesc_broadcastSticky">Pozwala aplikacji na wysyłanie transmisji trwałych, które pozostają aktywne po zakończeniu połączenia. Szkodliwe aplikacje mogą spowolnić lub zdestabilizować telefon, przez wymuszenie zbyt dużego zużycia pamięci.</string>
  <string name="permlab_readContacts">odczytaj dane kontaktu</string>
  <string name="permdesc_readContacts">Zezwól aplikacji na odczyt wszystkich kontaktów (adresów) zapisanych na telefonie. Złośliwe oprogramowanie może tego użyć do wysyłania twoich danych do innych ludzi.</string>
  <string name="permlab_writeContacts">zapisz dane kontaktu</string>
  <string name="permdesc_writeContacts">Zezwól aplikacji na zmianę kontaktów (adresów) zapisanych na twoim telefonie. Złośliwe oprogramowanie może tego użyć do usunięcia lub zmiany twoich kontaktów.</string>
  <string name="permlab_writeOwnerData">zapisz dane właściciela</string>
  <string name="permdesc_writeOwnerData">Zezwól aplikacji na modyfikację danych właściciela telefonu zapisanych na urządzeniu. Złośliwe oprogramowanie może użyć tego do zmiany danych właściciela.</string>
  <string name="permlab_readOwnerData">odczytaj dane właściciela</string>
  <string name="permdesc_readOwnerData">Zezwól aplikacji na odczyt danych właściciela telefonu zapisanych w urządzeniu. Złośliwe oprogramowanie może tego użyć do zdobycia danych o właścicielu telefonu.</string>
  <string name="permlab_readCalendar">odczytaj wydarzenia z kalendarza</string>
  <string name="permdesc_readCalendar">Zezwól aplikacji na odczyt wszystkich wydarzeń w kalendarzu zapisanych na twoim telefonie. Złośliwe oprogramowanie może użyć tego, aby rozsyłać twoje wydarzenia do innych ludzi.</string>
  <string name="permlab_writeCalendar">dodaj lub zmień wydarzenia w kalendarzu i wysyłaj e-maile do gości</string>
  <string name="permdesc_writeCalendar">Zezwól aplikacji na dodawanie i zmianę wydarzeń w twoim kalendarzu, które mogą wysyłać e-maile do gości. Złośliwe oprogramowanie może tego użyć do usunięcia lub modyfikacji wydarzeń w kalendarzu, lub wysyłania e-maili do gości.</string>
  <string name="permlab_accessMockLocation">udawanie źródeł położenia dla testów</string>
  <string name="permdesc_accessMockLocation">Tworzenie pozorowanych źródeł ustalania położenia dla testów. Szkodliwe aplikacje mogą to wykorzystać, aby zastąpić prawdziwe położenie i/lub stan zwracany przez prawdziwe źródła, takie jak GPS lub dostawcy usługi sieciowej.</string>
  <string name="permlab_accessLocationExtraCommands">dostęp do dodatkowych poleceń dostawcy informacji o lokalizacji</string>
  <string name="permdesc_accessLocationExtraCommands">Dostęp do dodatkowych poleceń dostawcy informacji o lokalizacji. Szkodliwe aplikacje mogą go wykorzystać, aby wpływać na działanie urządzenia GPS lub innych źródeł ustalania lokalizacji.</string>
  <string name="permlab_installLocationProvider">zezwolenie na instalację dostawcy lokalizacji</string>
  <string name="permdesc_installLocationProvider">Utwórz sztuczne źródła danych o lokalizacji na potrzeby testowania. Złośliwe aplikacje mogą korzystać z tej opcji w celu zastępowania danych o lokalizacji i/lub stanie zwracanych przez prawdziwe źródła danych o lokalizacji, takie jak odbiornik GPS lub dostawcy sieciowi, bądź monitorowania i zgłaszania lokalizacji do źródeł zewnętrznych.</string>
  <string name="permlab_accessFineLocation">dokładna lokalizacja (GPS)</string>
  <string name="permdesc_accessFineLocation">Uzyskiwanie dostępu do dokładnych źródeł ustalania położenia w telefonie, takich jak system GPS, tam, gdzie są one dostępne. Szkodliwe aplikacje mogą to wykorzystać do określenia położenia użytkownika oraz mogą zużywać więcej energii baterii.</string>
  <string name="permlab_accessCoarseLocation">przybliżone ustalanie lokalizacji (oparte o sieć)</string>
  <string name="permdesc_accessCoarseLocation">Dostęp do źródeł, takich jak bazy danych sieci komórkowych, jeśli są dostępne, które pozwalają określić przybliżoną lokalizację telefonu. Szkodliwe aplikacje mogą go wykorzystać do określenia, gdzie w przybliżeniu znajduje się użytkownik.</string>
  <string name="permlab_accessSurfaceFlinger">dostęp do usługi SurfaceFlinger</string>
  <string name="permdesc_accessSurfaceFlinger">Pozwala aplikacji na wykorzystanie funkcji niskiego poziomu usługi SurfaceFlinger.</string>
  <string name="permlab_readFrameBuffer">odczytaj bufor ramki</string>
  <string name="permdesc_readFrameBuffer">Zezwól aplikacji na odczyt zawartości bufora ramki.</string>
  <string name="permlab_modifyAudioSettings">zmień ustawienia dźwięku</string>
  <string name="permdesc_modifyAudioSettings">Zezwól aplikacji na modyfikację globalnych ustawień dźwięku, takich jak głośność i routing.</string>
  <string name="permlab_recordAudio">nagraj dźwięk</string>
  <string name="permdesc_recordAudio">Zezwól aplikacji na dostęp do ścieżki zapisu dźwięku.</string>
  <string name="permlab_camera">zrób zdjęcia</string>
  <string name="permdesc_camera">Zezwól aplikacji na robienie zdjęć przy pomocy aparatu. To pozwoli aplikacji w każdej chwili zrobić zdjęcie tego, co widać w obiektywie.</string>
  <string name="permlab_brick">zablokuj telefon na stałe</string>
  <string name="permdesc_brick">Zezwól aplikacji na całkowite zablokowanie telefonu. Jest to bardzo niebezpieczne.</string>
  <string name="permlab_reboot">wymuś ponowne uruchomienie</string>
  <string name="permdesc_reboot">Zezwól aplikacji na zmuszenie telefonu do ponownego uruchomienia.</string>
  <string name="permlab_mount_unmount_filesystems">zamontuj i odmontuj systemy plików</string>
  <string name="permdesc_mount_unmount_filesystems">Zezwól aplikacji na montowanie i odmontowanie systemów plików dla pamięci zewnętrznej.</string>
  <string name="permlab_mount_format_filesystems">sformatuj pamięć zewnętrzną</string>
  <string name="permdesc_mount_format_filesystems">Zezwól aplikacji na formatowanie pamięci zewnętrznej.</string>
  <string name="permlab_asec_access">zdobądź informacje o pamięci zabezpieczonej</string>
  <string name="permdesc_asec_access">Zezwól aplikacji na uzyskanie informacji o pamięci zabezpieczonej.</string>
  <string name="permlab_asec_create">stwórz pamięć zabezpieczoną</string>
  <string name="permdesc_asec_create">Zezwól aplikacji na tworzenie pamięci zabezpieczonej.</string>
  <string name="permlab_asec_destroy">zniszcz pamięć zabezpieczoną</string>
  <string name="permdesc_asec_destroy">Zezwól aplikacji na zniszczenie pamięci zabezpieczonej.</string>
  <string name="permlab_asec_mount_unmount">zamontuj/odmontuj pamięć zabezpieczoną</string>
  <string name="permdesc_asec_mount_unmount">Zezwól aplikacji na montowanie/odmontowywanie pamięci zabezpieczonej.</string>
  <string name="permlab_asec_rename">zmień nazwę zabezpieczonej pamięci</string>
  <string name="permdesc_asec_rename">Zezwól aplikacji na zmianę nazwy zabezpieczonej pamięci.</string>
  <string name="permlab_vibrate">kontrola wibracji</string>
  <string name="permdesc_vibrate">Zezwól aplikacji na kontrolę wibracji.</string>
  <string name="permlab_flashlight">kontrola latarki</string>
  <string name="permdesc_flashlight">Pozwala aplikacji kontrolować latarkę.</string>
  <string name="permlab_hardware_test">testowanie sprzętu</string>
  <string name="permdesc_hardware_test">Pozwala aplikacji na kontrolowanie różnych urządzeń peryferyjnych w celu testowania sprzętu.</string>
  <string name="permlab_callPhone">bezpośrednie wybieranie numerów telefonów</string>
  <string name="permdesc_callPhone">Pozwala aplikacjom na dzwonienie pod numery telefonów bez interwencji użytkownika. Szkodliwe aplikacje mogą powodować występowanie niespodziewanych połączeń na rachunku telefonicznym. Należy zauważyć, że aplikacje nie mogą dzwonić na numery alarmowe.</string>
  <string name="permlab_callPrivileged">bezpośrednie wybieranie dowolnych numerów telefonu</string>
  <string name="permdesc_callPrivileged">Pozwala aplikacji dzwonić na dowolny numer telefonu, włącznie z numerami alarmowymi, bez interwencji użytkownika. Szkodliwe aplikacje mogą wykonywać niepotrzebne i nielegalne połączenia z usługami alarmowymi.</string>
  <string name="permlab_performCdmaProvisioning">Bezpośrednio rozpocznij konfigurację telefonu CDMA</string>
  <string name="permdesc_performCdmaProvisioning">Zezwala aplikacji na rozpoczęcie obsługi CDMA. Złośliwe aplikacje mogą bez potrzeby rozpoczynać obsługę CDMA</string>
  <string name="permlab_locationUpdates">kontrolowanie powiadomień o aktualizacjach lokalizacji</string>
  <string name="permdesc_locationUpdates">Pozwala włączyć/wyłączyć powiadomienia o aktualizacjach lokalizacji przez sieć bezprzewodową. Nie wykorzystywane przez normalne aplikacje.</string>
  <string name="permlab_checkinProperties">dostęp do właściwości usługi rezerwacji</string>
  <string name="permdesc_checkinProperties">Pozwala na dostęp z uprawnieniami do odczytu/zapisu do właściwości przesłanych przez usługę rezerwacji. Nie wykorzystywane przez normalne aplikacje.</string>
  <string name="permlab_bindGadget">wybieranie widżetów</string>
  <string name="permdesc_bindGadget">Zezwala aplikacjom na wskazywanie systemowi, które widżety mogą być używane przez inne aplikacje. Z użyciem tego pozwolenia aplikacje mogą udzielać dostępu do danych osobistych innym aplikacjom. Nie jest ono przeznaczone dla zwykłych aplikacji.</string>
  <string name="permlab_modifyPhoneState">zmiana stanu telefonu</string>
  <string name="permdesc_modifyPhoneState">Pozwala aplikacji na kontrolowanie funkcji telefonu w urządzeniu. Aplikacja z tymi uprawnieniami może zmieniać, włączać i wyłączać sieci bezprzewodowe itp. bez informowania użytkownika.</string>
  <string name="permlab_readPhoneState">wczytaj stan i identyfikację telefonu</string>
  <string name="permdesc_readPhoneState">Zezwól aplikacji na dostęp do funkcji telefonu na tym urządzeniu. Aplikacja z takim dostępem może ustalić numer telefonu, numer seryjny, czy rozmowy są aktywne, numer powiązany z połączeniem itp.</string>
  <string name="permlab_wakeLock">powstrzymaj telefon przed wejściem w tryb uśpienia</string>
  <string name="permdesc_wakeLock">Zezwól aplikacji na powstrzymywanie telefonu przed wejściem w tryb uśpienia.</string>
  <string name="permlab_devicePower">włącz lub wyłącz telefon</string>
  <string name="permdesc_devicePower">Zezwól aplikacji na włączanie i wyłączanie telefonu.</string>
  <string name="permlab_factoryTest">uruchom w trybie testowania fabrycznego</string>
  <string name="permdesc_factoryTest">Uruchom jako test fabryczny niskiego poziomu, pozwalając na dostęp do sprzętu telefonu. Dostępne jedynie kiedy telefon jest uruchomiony w trybie testowania fabrycznego.</string>
  <string name="permlab_setWallpaper">ustaw tapetę</string>
  <string name="permdesc_setWallpaper">Zezwól aplikacji na zmianę tapety systemowej.</string>
  <string name="permlab_setWallpaperHints">ustaw rozmiar tapety - porady</string>
  <string name="permdesc_setWallpaperHints">Zezwól aplikacji na ustawienie wskazówek rozmiaru tapety systemowej.</string>
  <string name="permlab_masterClear">przywróć ustawienia fabryczne</string>
  <string name="permdesc_masterClear">Zezwól aplikacji na przywrócenie telefonu do ustawień fabrycznych, usunięcie danych, konfiguracji oraz zainstalowanych aplikacji.</string>
  <string name="permlab_setTime">ustaw czas</string>
  <string name="permdesc_setTime">Zezwól aplikacji na zmianę ustawień zegara w telefonie.</string>
  <string name="permlab_setTimeZone">ustaw strefę czasową</string>
  <string name="permdesc_setTimeZone">Zezwól aplikacji na zmianę strefy czasowej telefonu.</string>
  <string name="permlab_accountManagerService">Działaj jako usługa zarządzania kontami</string>
  <string name="permdesc_accountManagerService">Zezwól aplikacji na wykonywanie połączeń do autoryzacji kont</string>
  <string name="permlab_getAccounts">odkryj znane konta</string>
  <string name="permdesc_getAccounts">Zezwól aplikacji na uzyskanie listy kont zapisanych na telefonie.</string>
  <string name="permlab_authenticateAccounts">działanie jako moduł uwierzytelniania konta</string>
  <string name="permdesc_authenticateAccounts">Zezwól aplikacji na użycie możliwości autoryzacyjnych menedżera kont, włącznie z tworzeniem nowych kont, oraz uzyskiwanie i zmiana ich haseł.</string>
  <string name="permlab_manageAccounts">zarządzanie listą kont</string>
  <string name="permdesc_manageAccounts">Zezwól aplikacji na działania typu dodawanie lub usuwanie kont oraz usuwanie ich haseł.</string>
  <string name="permlab_useCredentials">korzystanie z danych uwierzytelniania konta</string>
  <string name="permdesc_useCredentials">Zezwól aplikacji na żądanie tokenów  autoryzacji.</string>
  <string name="permlab_accessNetworkState">zobacz status sieci</string>
  <string name="permdesc_accessNetworkState">Zezwól aplikacji na widzenie statusu wszystkich sieci.</string>
  <string name="permlab_createNetworkSockets">pełny dostęp do internetu</string>
  <string name="permdesc_createNetworkSockets">Zezwól aplikacji na tworzenie gniazd sieciowych.</string>
  <string name="permlab_writeApnSettings">zapisz ustawienia punktu dostępowego</string>
  <string name="permdesc_writeApnSettings">Zezwól aplikacji na zmianę ustawień APN, takich jak Proxy i Port wszystkich APN.</string>
  <string name="permlab_changeNetworkState">zmień połączenie sieciowe</string>
  <string name="permdesc_changeNetworkState">Zezwól aplikacji na zmianę statusu połączenia sieciowego.</string>
  <string name="permlab_changeTetherState">Zmiana łączności powiązanej</string>
  <string name="permdesc_changeTetherState">Zezwala aplikacji na zmianę stanu powiązanej łączności sieciowej.</string>
  <string name="permlab_changeBackgroundDataSetting">zmień ustawienia pobierania danych w tle</string>
  <string name="permdesc_changeBackgroundDataSetting">Zezwól aplikacji na zmianę ustawień pobierania danych w tle.</string>
  <string name="permlab_accessWifiState">zobacz status Wi-Fi</string>
  <string name="permdesc_accessWifiState">Zezwól aplikacji na wgląd w informacje o statusie sieci Wi-Fi.</string>
  <string name="permlab_changeWifiState">zmiana stanu Wi-Fi</string>
  <string name="permdesc_changeWifiState">Zezwól aplikacji łączyć się i rozłączać z punktami dostępowymi Wi-Fi i zmieniać konfigurację znanych sieci.</string>
  <string name="permlab_changeWifiMulticastState">zezwolenie na odbiór grupowych połączeń Wi-Fi</string>
  <string name="permdesc_changeWifiMulticastState">Umożliwia aplikacji odbieranie pakietów nieskierowanych bezpośrednio do Twojego urządzenia. Może to być przydatne przy wykrywaniu usług oferowanych w okolicy. Powoduje większe zapotrzebowanie na energię niż w trybie innym niż grupowy.</string>
  <string name="permlab_bluetoothAdmin">Zarządzanie Bluetooth</string>
  <string name="permdesc_bluetoothAdmin">Pozwala aplikacji skonfigurować Bluetooth, oraz wykrywać i łączyć się z urządzeniami zewnętrznymi.</string>
  <string name="permlab_bluetooth">Utwórz połączenia Bluetooth</string>
  <string name="permdesc_bluetooth">Zezwól aplikacji na wgląd w ustawienia Bluetooth telefonu, oraz tworzenie i akceptację połączeń z zapamiętanymi urządzeniami.</string>
  <string name="permlab_disableKeyguard">Wyłącz blokadę klawiatruy</string>
  <string name="permdesc_disableKeyguard">Zezwól aplikacji na wyłączenie blokady klawiatury i wszystkich połączonych z tym haseł bezpieczeństwa. Na przykład telefon wyłączy blokadę klawiatury kiedy odbierzesz połączenie, po czym uruchomi ją z powrotem, kiedy połączenie zostanie zakończone.</string>
  <string name="permlab_readSyncSettings">Wczytaj ustawienia synchronizacji</string>
  <string name="permdesc_readSyncSettings">Zezwól aplikacji na modyfikację ustawień synchronizacji, na przykład czy kontakty mają być synchronizowane.</string>
  <string name="permlab_writeSyncSettings">Zapisz ustawienia synchronizacji</string>
  <string name="permdesc_writeSyncSettings">Zezwól aplikacji na modyfikację ustawień synchronizacji, na przykład czy kontakty mają być synchronizowane.</string>
  <string name="permlab_readSyncStats">Wczytaj statystyki synchronizacji</string>
  <string name="permdesc_readSyncStats">Zezwól aplikacji na odczyt statystyk synchronizacji; np. historii synchronizacji, które zostały wykonane.</string>
  <string name="permlab_subscribedFeedsRead">Wczytaj subskrybowane kanały</string>
  <string name="permdesc_subscribedFeedsRead">Zezwól aplikacji na uzyskanie szczegółów na temat aktualnie zsynchronizowanych kanałów.</string>
  <string name="permlab_subscribedFeedsWrite">Zapisz subskrybowane kanały</string>
  <string name="permdesc_subscribedFeedsWrite">Zezwól aplikacji na modyfikację aktualnie zsynchronizowanych kanałów. To może zezwolić złośliwym aplikacjom na zmianę zsynchronizowanych kanałów.</string>
  <string name="permlab_readDictionary">Odczytaj słownik użytkownika</string>
  <string name="permdesc_readDictionary">Zezwól aplikacji na odczyt wszystkich prywatnych słów i wyrażeń, które użytkownik mógł zapisać w słowniku.</string>
  <string name="permlab_writeDictionary">Zapisz do słownika użytkownika</string>
  <string name="permdesc_writeDictionary">Zezwól aplikacji na dodawanie nowych wyrazów do słownika użytkownika.</string>
  <string name="permlab_sdcardWrite">Zmień/Usuń zawartość karty SD</string>
  <string name="permdesc_sdcardWrite">Zezwól aplikacji na zapis na karcie SD.</string>
  <string name="permlab_cache_filesystem">Uzyskaj dostęp do system plików cache</string>
  <string name="permdesc_cache_filesystem">Zezwól aplikacji na odczyt i zapis systemu plików cache.</string>
  <string name="policylab_limitPassword">Ogranicz hasło</string>
  <string name="policydesc_limitPassword">Ograniczenia typów haseł z których możesz korzystać.</string>
  <string name="policylab_watchLogin">"Monitoruj próby logowania</string>
  <string name="policydesc_watchLogin">Monitoruje nieudane próby zalogowania do urządzenia w celu wykonania określonego działania.</string>
  <string name="policylab_resetPassword">Zresetuj hasło</string>
  <string name="policydesc_resetPassword">Wymusza podanie nowej wartości hasła, wymagając przekazania go użytkownikowi przez administratora przed zalogowaniem.</string>
  <string name="policylab_forceLock">Wymuś blokadę</string>
  <string name="policydesc_forceLock">Kontroluje, kiedy urządzenie jest blokowane, wymagając ponownego wprowadzenia hasła.</string>
  <string name="policylab_wipeData">Wyczyść wszystkie dane</string>
  <string name="policydesc_wipeData">Przywróć ustawienia fabryczne, usuwając wszystkie swoje dane bez żadnego potwierdzenia.</string>
  <string name="phoneTypeCustom">Własne</string>
  <string name="phoneTypeHome">Dom</string>
  <string name="phoneTypeMobile">Telefon</string>
  <string name="phoneTypeWork">Praca</string>
  <string name="phoneTypeFaxWork">Faks roboczy</string>
  <string name="phoneTypeFaxHome">Faks domowy</string>
  <string name="phoneTypePager">Pager</string>
  <string name="phoneTypeOther">Inne</string>
  <string name="phoneTypeCallback">Oddzwoń</string>
  <string name="phoneTypeCar">Samochód</string>
  <string name="phoneTypeCompanyMain">Główny firmowy</string>
  <string name="phoneTypeIsdn">ISDN</string>
  <string name="phoneTypeMain">Główny</string>
  <string name="phoneTypeOtherFax">Inny fax</string>
  <string name="phoneTypeRadio">Radio</string>
  <string name="phoneTypeTelex">Telex</string>
  <string name="phoneTypeTtyTdd">TTY TDD</string>
  <string name="phoneTypeWorkMobile">Telefon roboczy</string>
  <string name="phoneTypeWorkPager">Pager roboczy</string>
  <string name="phoneTypeAssistant">Asystent</string>
  <string name="phoneTypeMms">MMS</string>
  <string name="eventTypeBirthday">Urodziny</string>
  <string name="eventTypeAnniversary">Rocznica</string>
  <string name="eventTypeOther">Wydarzenie</string>
  <string name="emailTypeCustom">Własne</string>
  <string name="emailTypeHome">Dom</string>
  <string name="emailTypeWork">Praca</string>
  <string name="emailTypeOther">Inne</string>
  <string name="emailTypeMobile">Telefon</string>
  <string name="postalTypeCustom">Własne</string>
  <string name="postalTypeHome">Dom</string>
  <string name="postalTypeWork">Praca</string>
  <string name="postalTypeOther">Inne</string>
  <string name="imTypeCustom">Własne</string>
  <string name="imTypeHome">Dom</string>
  <string name="imTypeWork">Praca</string>
  <string name="imTypeOther">Inne</string>
  <string name="imProtocolCustom">Własne</string>
  <string name="imProtocolAim">AIM</string>
  <string name="imProtocolMsn">Windows Live</string>
  <string name="imProtocolYahoo">Yahoo</string>
  <string name="imProtocolSkype">Skype</string>
  <string name="imProtocolQq">QQ</string>
  <string name="imProtocolGoogleTalk">Google Talk</string>
  <string name="imProtocolIcq">ICQ</string>
  <string name="imProtocolJabber">Jabber</string>
  <string name="imProtocolNetMeeting">Netmeeting</string>
  <string name="orgTypeWork">Praca</string>
  <string name="orgTypeOther">Inne</string>
  <string name="orgTypeCustom">Własne</string>
  <string name="contact_status_update_attribution">przez %1$s</string>
  <string name="contact_status_update_attribution_with_date">%1$s przez %2$s</string>
  <string name="keyguard_password_enter_pin_code">Podaj kod PIN</string>
  <string name="keyguard_password_enter_password_code">Aby odblokować wpisz hasło.</string>
  <string name="keyguard_password_wrong_pin_code">Nieprawidłowy kod PIN!</string>
  <string name="keyguard_label_text">Aby odblokować naciśnij przycisk Menu a potem 0.</string>
  <string name="emergency_call_dialog_number_for_display">Numer alarmowy</string>
  <string name="lockscreen_carrier_default">(Brak sieci)</string>
  <string name="lockscreen_screen_locked">Ekran zablokowany.</string>
  <string name="lockscreen_instructions_when_pattern_enabled">Naciśnij Menu aby odblokować lub wykonać połączenie alarmowe.</string>
  <string name="lockscreen_instructions_when_pattern_disabled">Naciśnij Menu aby odblokować.</string>
  <string name="lockscreen_pattern_instructions">Narysuj wzór aby odblokować</string>
  <string name="lockscreen_emergency_call">Połączenie alarmowe</string>
  <string name="lockscreen_return_to_call">Powrót do połączenia</string>
  <string name="lockscreen_pattern_correct">Poprawnie !</string>
  <string name="lockscreen_pattern_wrong">Przepraszam, spróbuj ponownie</string>
  <string name="lockscreen_plugged_in">Ładowanie (%d%%)</string>
  <string name="lockscreen_charged">Naładowano.</string>
  <string name="lockscreen_battery_short">%d%%</string>
  <string name="lockscreen_low_battery">Podłącz ładowarkę.</string>
  <string name="lockscreen_missing_sim_message_short">Brak karty SIM.</string>
  <string name="lockscreen_missing_sim_message">Brak karty SIM.</string>
  <string name="lockscreen_missing_sim_instructions">Włóż kartę SIM.</string>
  <string name="emergency_calls_only">Tylko połączenia alarmowe</string>
  <string name="lockscreen_network_locked_message">Sieć zablokowana</string>
  <string name="lockscreen_sim_puk_locked_message">Karta SIM została zablokowana przy pomocy kodu PUK.</string>
  <string name="lockscreen_sim_puk_locked_instructions">Sprawdź w instrukcji lub skontaktuj się z obsługą klienta.</string>
  <string name="lockscreen_sim_locked_message">Karta SIM jest zablokowana.</string>
  <string name="lockscreen_sim_unlock_progress_dialog_message">Odblokowywanie karty SIM...</string>
  <string name="lockscreen_too_many_failed_attempts_dialog_message">Niepoprawnie narysowałeś wzór %d razy. \n\nProszę spróbować ponownie za %d sekund.</string>
  <string name="lockscreen_failed_attempts_almost_glogin">Niepoprawnie narysowałeś wzór %d razy. Po kolejnych %d nieprawidłowych próbach zostaniesz poproszony o odblokowanie telefonu przy użyciu logowania na konto Google.\n\n Proszę spróbować ponownie za %d sekund.</string>
  <string name="lockscreen_too_many_failed_attempts_countdown">Spróbuj ponownie za %d sekund.</string>
  <string name="lockscreen_forgot_pattern_button_text">Zapomniałeś wzoru ?</string>
  <string name="lockscreen_glogin_forgot_pattern">Odblokowanie konta</string>
  <string name="lockscreen_glogin_too_many_attempts">Za dużo prób wzorów !</string>
  <string name="lockscreen_glogin_instructions">Aby odblokować zaloguj się na swoim koncie Google</string>
  <string name="lockscreen_glogin_username_hint">Nazwa użytkownika (email)</string>
  <string name="lockscreen_glogin_password_hint">Hasło</string>
  <string name="lockscreen_glogin_submit_button">Zaloguj się</string>
  <string name="lockscreen_glogin_invalid_input">Nieprawidłowe hasło lub login.</string>
  <string name="lockscreen_glogin_checking_password">Sprawdzam...</string>
  <string name="lockscreen_unlock_label">Odblokuj</string>
  <string name="lockscreen_sound_on_label">Włącz dźwięk</string>
  <string name="lockscreen_sound_off_label">Wyłącz dźwięk</string>
  <string name="password_keyboard_label_symbol_key">\?123</string>
  <string name="password_keyboard_label_alpha_key">ABC</string>
  <string name="password_keyboard_label_alt_key">Alt</string>
  <string name="hour_ampm">%-l%P</string>
  <string name="hour_cap_ampm">%-l%p</string>
  <string name="status_bar_clear_all_button">Wyczyść</string>
  <string name="status_bar_no_notifications_title">Brak powiadomień</string>
  <string name="status_bar_ongoing_events_title">Wychodzące</string>
  <string name="status_bar_latest_events_title">Powiadomienia</string>
  <string name="battery_status_text_percent_format">%d%%</string>
  <string name="battery_status_charging">Ładowanie...</string>
  <string name="battery_low_title">Proszę podłączyć ładowarkę</string>
  <string name="battery_low_subtitle">Niski stan baterii:</string>
  <string name="battery_low_percent_format">Pozostało: %d%% lub mniej.</string>
  <string name="battery_low_why">Użycie baterii</string>
  <string name="factorytest_failed">Test fabryczny zakończony niepowodzeniem</string>
  <string name="factorytest_not_system">Czynność FACTORY_TEST jest obsługiwana tylko dla pakietów zainstalowanych w katalogu /system/app.</string>
  <string name="factorytest_no_action">Nie znaleziono paczki umożliwiającej akcję FACTORY_TEST.</string>
  <string name="factorytest_reboot">Uruchom ponownie</string>
  <string name="web_user_agent">Mozilla/5.0 (Linux; U; Android %s) AppleWebKit/533.1 (KHTML, like Gecko) Version/4.0 Mobile Safari/533.1</string>
  <string name="js_dialog_title">Komunikat ze strony pod adresem \'%s\</string>
  <string name="js_dialog_title_default">JavaScript</string>
  <string name="js_dialog_before_unload">Chcesz opuścić tą stronę ?\n\n%s\n\nNaciśnij OK, aby kontynuować, lub Anuluj, aby pozostać na obecnej stronie.</string>
  <string name="save_password_label">Potwierdź</string>
  <string name="double_tap_toast">Porada: dotknij dwukrotnie, aby przybliżyć lub oddalić.</string>
  <string name="permlab_readHistoryBookmarks">Odczytaj historię i zakładki przeglądarki</string>
  <string name="permdesc_readHistoryBookmarks">Pozwala aplikacji widzieć wszystkie adresy, które odwiedziłeś w przeglądarce, oraz wszystkie zakładki przeglądarki.</string>
  <string name="permlab_writeHistoryBookmarks">Zapisz historię i zakładki przeglądarki</string>
  <string name="permdesc_writeHistoryBookmarks">Pozwala aplikacji zmieniać historię lub zakładki przeglądarki, zapisane na twoim telefonie. Złośliwe oprogramowanie może użyć tego, aby usuwać lub zmieniać dane przeglądarki.</string>
  <string name="permlab_writeGeolocationPermissions">Zmień pozwolenia geolokalizacyjne przeglądarki</string>
  <string name="permdesc_writeGeolocationPermissions">Pozwala aplikacji modyfikować pozwolenia geolokalizacji przeglądarki. Złośliwe aplikacje mogą tego używać do wysyłania danych lokalizacyjnych do dowolnych stron internetowych.</string>
  <string name="save_password_message">Czy chcesz, żeby przeglądarka zapamiętała hasło?</string>
  <string name="save_password_notnow">Nie teraz</string>
  <string name="save_password_remember">Zapamiętaj</string>
  <string name="save_password_never">Nigdy</string>
  <string name="open_permission_deny">Nie masz uprawnień, aby otworzyć tą stronę.</string>
  <string name="text_copied">Tekst skopiowany do schowka.</string>
  <string name="more_item_label">Więcej</string>
  <string name="prepend_shortcut_label">Menu+</string>
  <string name="menu_space_shortcut_label">Miejsce</string>
  <string name="menu_enter_shortcut_label">wprowadź</string>
  <string name="menu_delete_shortcut_label">Usuń</string>
  <string name="oneMonthDurationPast">1 miesiąc temu</string>
  <string name="beforeOneMonthDurationPast">Przed miesiącem</string>
  <string name="last_month">Zeszły miesiąc</string>
  <string name="older">Starsze</string>
  <string name="preposition_for_date">na %s</string>
  <string name="preposition_for_time">o %s</string>
  <string name="preposition_for_year">w %s</string>
  <string name="day">dzień</string>
  <string name="days">dni</string>
  <string name="hour">godzina</string>
  <string name="hours">godziny</string>
  <string name="minute">min</string>
  <string name="minutes">minuty</string>
  <string name="second">sek</string>
  <string name="seconds">sek</string>
  <string name="week">tydzień</string>
  <string name="weeks">tygodnie</string>
  <string name="year">rok</string>
  <string name="years">lata</string>
  <string name="relative_time">%1$s, %2$s</string>
  <string name="noon">Południe</string>
  <string name="Noon">Południe</string>
  <string name="midnight">Północ</string>
  <string name="Midnight">Północ</string>
  <string name="elapsed_time_short_format_mm_ss">Północ</string>
  <string name="elapsed_time_short_format_h_mm_ss">%1$d:%2$02d:%3$02d</string>
  <string name="selectText">Zaznacz tekst</string>
  <string name="stopSelectingText">Zakończ zaznaczanie tekstu</string>
  <string name="cutAll">Wytnij wszystko</string>
  <string name="copyAll">Kopiuj wszystko</string>
  <string name="inputMethod">Metoda wprowadzania</string>
  <string name="addToDictionary">Dodaj \"%s\" do słownika</string>
  <string name="editTextMenuTitle">Edytuj tekst</string>
  <string name="low_internal_storage_view_title">Mało miejsca</string>
  <string name="low_internal_storage_view_text">Zostało niewiele miejsca w pamięci wewnętrznej telefonu.</string>
  <string name="capital_on">Włącz</string>
  <string name="capital_off">Wyłącz</string>
  <string name="whichApplication">Zakończ działanie przy pomocy</string>
  <string name="alwaysUse">Użyj jako domyślne dla tego działania.</string>
  <string name="clearDefaultHintMsg">Wyczyść domyślne w Ustawienia > Aplikacje > Zarządzaj aplikacjami.</string>
  <string name="chooseActivity">Wybierz działanie</string>
  <string name="noApplications">Żadna z aplikacji nie potrafi wykonać wymaganej akcji.</string>
  <string name="aerr_title">Przepraszam !</string>
  <string name="aerr_application">Aplikacja %1$s (proces %2$s) została niespodziewanie zamknięta. Proszę spróbować ponownie.</string>
  <string name="aerr_process">Proces %1$s zakończył się niespodziewanie. Proszę spróbować ponownie.</string>
  <string name="anr_title">Przepraszam !</string>
  <string name="anr_activity_application">Działanie %1$s (w aplikacji %2$s) nie odpowiada.  </string>
  <string name="anr_activity_process">Aplikacja %1$s (w procesie %2$s) nie odpowiada. </string>
  <string name="anr_application_process">Aplikacja %1$s (w procesie %2$s) nie odpowiada. </string>
  <string name="anr_process">Proces %1$s nie odpowiada.</string>
  <string name="force_close">Wymuś zamknięcie</string>
  <string name="report">Raport</string>
  <string name="wait">Czekaj</string>
  <string name="sendText">Wybierz akcję dla tekstu</string>
  <string name="volume_ringtone">Głośność dzwonka</string>
  <string name="volume_music">Głośność mediów</string>
  <string name="volume_music_hint_playing_through_bluetooth">Odtwarzanie przez Bluetooth</string>
  <string name="volume_music_hint_silent_ringtone_selected">Wybrano cichy dzwonek</string>
  <string name="volume_call">Głośność połączeń</string>
  <string name="volume_bluetooth_call">Głośność połączeń bluetooth</string>
  <string name="volume_alarm">Głośność alarmu</string>
  <string name="volume_notification">Głośność powiadomień</string>
  <string name="volume_unknown">Głośność</string>
  <string name="ringtone_default">Domyślny dzwonek</string>
  <string name="ringtone_default_with_actual">Domyślny dzwonek (%1$s)</string>
  <string name="ringtone_silent">Cisza</string>
  <string name="ringtone_picker_title">Dzwonki</string>
  <string name="ringtone_unknown">Nieznany dzwonek</string>
  <string name="wifi_tether_configure_ssid_default">Punkt dostępowy</string>
  <string name="select_character">Wstaw znak</string>
  <string name="sms_control_default_app_name">Nieznana aplikacja</string>
  <string name="sms_control_title">Wysyłanie wiadomości SMS</string>
  <string name="sms_control_message">Wysyłana jest duża liczba wiadomości SMS. Wybierz „OK”, aby kontynuować, lub „Anuluj”, aby zatrzymać wysyłanie.</string>
  <string name="sms_control_yes">OK</string>
  <string name="sms_control_no">Anuluj</string>
  <string name="date_time_set">Ustaw</string>
  <string name="default_permission_group">Domyślne</string>
  <string name="permissions_format">%1$s, %2$s</string>
  <string name="no_permissions">Uprawnienia nie wymagane</string>
  <string name="perms_hide"> </string>
  <string name="perms_show_all"> </string>
  <string name="usb_storage_activity_title">Napęd USB</string>
  <string name="usb_storage_title">USB podłączone</string>
  <string name="usb_storage_message">Podłączyłeś twój telefon do komputera za pośrednictwem USB. Kliknij przycisk poniżej jeśli chcesz kopiować pliki pomiędzy komputerem a kartą pamięci SD Androida.</string>
  <string name="usb_storage_button_mount">Włącz napęd USB</string>
  <string name="usb_storage_error_message">Wystąpił problem przy próbie użycia twojej karty SD jako pamięci USB.</string>
  <string name="usb_storage_notification_title">USB podłączone</string>
  <string name="usb_storage_notification_message">Zaznacz aby skopiować pliki do/z komputera.</string>
  <string name="usb_storage_stop_notification_title">Wyłącz napęd USB</string>
  <string name="usb_storage_stop_notification_message">Zaznacz aby wyłączyć tryb pamięci USB.</string>
  <string name="usb_storage_stop_title">Napęd USB w użyciu</string>
  <string name="usb_storage_stop_message">Przed wyłączeniem pamięci USB, upewnij się, że odmontowałeś ("usunąłeś") kartę SD na komputerze.</string>
  <string name="usb_storage_stop_button_mount">Wyłącz napęd USB
</string>
  <string name="usb_storage_stop_error_message">Wystąpił problem przy wyłączaniu napędu USB. Upewnij się czy zatrzymany został host USB.</string>
  <string name="dlg_confirm_kill_storage_users_title">Włącz napęd USB</string>
  <string name="dlg_confirm_kill_storage_users_text">Włączenie napędu USB uniemożliwi działanie programów korzystających z karty SD.</string>
  <string name="dlg_error_title">Operacja USB nie powiodła się</string>
  <string name="dlg_ok">OK</string>
  <string name="extmedia_format_title">Formatuj kartę SD</string>
  <string name="extmedia_format_message">Potwierdź chęć formatowania karty SD. Wszystkie dane zostaną utracone.</string>
  <string name="extmedia_format_button_format">Formatuj</string>
  <string name="adb_active_notification_title">Podłączono debugowanie USB</string>
  <string name="adb_active_notification_message">Wybierz aby wyłączyć debugowanie USB.</string>
  <string name="locale_replacement"> </string>
  <string name="select_input_method">Wybierz metodę wprowadzania</string>
  <string name="fast_scroll_alphabet">\u0020ABCDEFGHIJKLMNOPQRSTUVWXYZ</string>
  <string name="fast_scroll_numeric_alphabet">\u00200123456789ABCDEFGHIJKLMNOPQRSTUVWXYZ</string>
  <string name="candidates_style"> </string>
  <string name="ext_media_checking_notification_title">Przygotowywanie karty SD</string>
  <string name="ext_media_checking_notification_message">Sprawdzanie błędów.</string>
  <string name="ext_media_nofs_notification_title">Czysta karta SD</string>
  <string name="ext_media_nofs_notification_message">Karta SD jest czysta lub nieprawidłowo sformatowana.</string>
  <string name="ext_media_unmountable_notification_title">Uszkodzona karta SD</string>
  <string name="ext_media_unmountable_notification_message">Karta SD uszkodzona. Spróbuj ją sformatować.</string>
  <string name="ext_media_badremoval_notification_title">Karta SD nieprawidłowo wyjęta</string>
  <string name="ext_media_badremoval_notification_message">Odmontuj kartę SD przed wyjęciem, aby zapobiec utracie danych.</string>
  <string name="ext_media_safe_unmount_notification_title">Można bezpiecznie wyjąć kartę SD</string>
  <string name="ext_media_safe_unmount_notification_message">Możesz bezpiecznie wyjąć kartę pamięci.</string>
  <string name="ext_media_nomedia_notification_title">Karta SD została wyjęta</string>
  <string name="ext_media_nomedia_notification_message">Karta SD została wyjęta. Wsadź nową.</string>
  <string name="activity_list_empty">Brak powiązanych akcji</string>
  <string name="permlab_pkgUsageStats">aktualizowanie statystyk użycia komponentu</string>
  <string name="permdesc_pkgUsageStats">Zezwala na modyfikacje zebranych statystyk użycia komponentu. Nieprzeznaczone dla zwykłych aplikacji.</string>
  <string name="permlab_copyProtectedData">Zezwala na wywoływanie domyślnej usługi kontenera w celu skopiowania zawartości. Opcja nie jest przeznaczona dla zwykłych aplikacji.</string>
  <string name="permdesc_copyProtectedData">Zezwala na wywoływanie domyślnej usługi kontenera w celu skopiowania zawartości. Opcja nie jest przeznaczona dla zwykłych aplikacji.</string>
  <string name="tutorial_double_tap_to_zoom_message_short">Dotknij dwa razy, aby kontrolować przybliżenie</string>
  <string name="gadget_host_error_inflating">Błąd wczytywania widgetu</string>
  <string name="ime_action_go">Idź</string>
  <string name="ime_action_search">Szukaj</string>
  <string name="ime_action_send">Wyślij</string>
  <string name="ime_action_next">Dalej</string>
  <string name="ime_action_done">Gotowe</string>
  <string name="ime_action_default">Wykonaj</string>
  <string name="dial_number_using">Wybierz numer\nużywając %s</string>
  <string name="create_contact_using">Utwórz kontakt\nużywając %s</string>
  <string name="accessibility_compound_button_selected">zaznaczone</string>
  <string name="accessibility_compound_button_unselected">nie zaznaczone</string>
  <string name="grant_credentials_permission_message_header">Poniższy program wymaga stałego zezwolenia na dostęp do Twojego konta.</string>
  <string name="grant_credentials_permission_message_footer">Czy chcesz zezwolić na to żądanie?</string>
  <string name="grant_permissions_header_text">Żądanie dostępu</string>
  <string name="allow">Zezwól</string>
  <string name="deny">Odmowa</string>
  <string name="permission_request_notification_title">Wymagane uprawnienie</string>
  <string name="permission_request_notification_with_subtitle">Prośba o pozwolenie\ndla konta %s</string>
  <string name="input_method_binding_label">Metoda wprowadzania</string>
  <string name="sync_binding_label">Synchronizacja</string>
  <string name="accessibility_binding_label">Dostępność</string>
  <string name="wallpaper_binding_label">Tapeta</string>
  <string name="chooser_wallpaper">Zmień tapetę</string>
  <string name="alternate_eri_file">/data/eri.xml</string>
  <string name="pptp_vpn_description">Protokół PPTP</string>
  <string name="l2tp_vpn_description">Protokół L2TP</string>
  <string name="l2tp_ipsec_psk_vpn_description">Sieć VPN L2TP/IPSec z kluczem PSK</string>
  <string name="l2tp_ipsec_crt_vpn_description">Certyfikat L2TP/IPSec</string>
  <string name="upload_file">Wybierz plik</string>
  <string name="reset">Resetuj</string>
  <string name="submit">Zatwierdź</string>
  <string name="description_star">ulubione</string>
  <string name="car_mode_disable_notification_title">Tryb samochodowy włączony</string>
  <string name="car_mode_disable_notification_message">Wyjdź z trybu samochodowego.</string>
  <string name="tethered_notification_title">Udostępnianie Internetu aktywne</string>
  <string name="tethered_notification_message">Dotknij ekranu aby skonfigurować</string>
  <string name="throttle_warning_notification_title">Wysokie użycie transferu danych</string>
  <string name="throttle_warning_notification_message">Dotknij aby dowiedzieć się więcej o używaniu transferu danych w sieci komórkowej</string>
  <string name="throttled_notification_title">Przekroczono limit danych</string>
  <string name="throttled_notification_message">Dotknij aby dowiedzieć się więcej o używaniu transferu danych w sieci komórkowej</string>
  <string name="openvpn_vpn_description">OpenVPN SSL VPN</string>
  <string name="lockscreen_dial_label">Wpisz numer</string>
  <string name="lockscreen_mms_label">Wpisz tekst</string>
  <string name="status_bar_back_to_call">Dotknij tutaj aby wrócić do połączenia</string>
  <string name="lockscreen_bottom_hint">Przesunięcie w górę i w dół</string>
  <string name="lockscreen_unlock_hint">Publikacja może być odblokowana</string>
  <string name="unknown">Nieznany</string>
  <string name="private_num">Numer prywatny</string>
  <string name="payphone">Telefon publiczny</string>
  <string name="callNoAnswerTimeFormat">Połączeń %s</string>
  <string name="callDetailsDurationFormat">%1$s Min %2$s Sek</string>
  <string name="date_day">Dzień</string>
  <string name="status_bar_battery_low_notification">Niski poziom baterii</string>
  <string name="status_bar_battery_low_notification_button">Bateria</string>
  <string name="status_bar_button_wifi">Wi-Fi</string>
  <string name="status_bar_button_apn">APN</string>
  <string name="status_bar_button_bluetooth">Bluetooth</string>
  <string name="status_bar_button_rotate">Rotacja</string>
  <string name="status_bar_button_brightness">Jasność</string>
  <string name="status_bar_button_ringer_normal">Dzwonek</string>
  <string name="status_bar_button_ringer_vibrate">Wibracja</string>
  <string name="status_bar_button_ringer_mute">Wycisz</string>
  <string name="status_bar_button_gps">GPS</string>
  <string name="status_bar_button_sync">Synchronizacja</string>
  <string name="status_bar_button_cpu">Obniżenie częstotliwości CPU</string>
  <string name="status_bar_button_vibrate">Wibracja</string>
  <string name="status_bar_button_flight_mode">Tryb samolotowy</string>
  <string name="status_bar_button_reboot">Uruchom ponownie</string>
  <string name="status_bar_button_shutdown">Wyłącz</string>
  <string name="recent_dialog_buttonAppKiller_summary">MIUI zwolnij %1$ pamięci. Aktualnie dostępnych pamięci：%2$</string>
  <string name="recent_dialog_buttonAppKiller">Wyłącz aplikacje</string>
  <string name="recent_dialog_buttonTaskManager">Menedżer zadań</string>
  <string name="theme_changing_dialog_title">Przygotowywanie nowego stylu dla ikon</string>
  <string name="theme_changed_dialog_title">Styl ikon zmieniony pomyślnie</string>
  <string name="theme_changed_dialog_message">Podgląd aktualnie dostępne na pulpicie, zalecane jest ponowne uruchomienie telefonu w celu zapewnienia aktualizacji globalnej.</string>
</resources>
