<?xml version="1.0" encoding="utf-8"?>
<!--Generated by crowdin.net-->
<resources>
  <string name="app_name">Galeria</string>
  <string name="gadget_title">Ramka na zdjęcia</string>
  <string name="details_ms">%1$02d:%2$02d</string>
  <string name="details_hms">%1$d:%2$02d:%3$02d</string>
  <string name="movie_view_label">Filmy</string>
  <string name="loading_video">Wczytywanie materiału wideo...</string>
  <string name="resume_playing_title">Wznów odtwarzanie</string>
  <string name="resume_playing_message">Wznowić odtwarzanie od %s?</string>
  <string name="resume_playing_resume">Wznów odtwarzanie</string>
  <string name="resume_playing_restart">Od nowa</string>
  <string name="camera">Aparat</string>
  <string name="crop_save_text">Zapisz</string>
  <string name="crop_discard_text">Odrzuć zmiany</string>
  <string name="multiface_crop_help">Wybierz twarz, aby rozpocząć.</string>
  <string name="saving_image">Zapisywanie zdjęcia...</string>
  <string name="crop_label">Przytnij zdjęcie</string>
  <string name="running_face_detection">Proszę czekać...</string>
  <string name="set_image">Ustaw obraz jako</string>
  <string name="wallpaper">Ustawianie tapety, proszę czekać...</string>
  <string name="camera_setas_wallpaper">Tapeta</string>
  <string name="details_ok">OK</string>
  <string name="loading_new">Ładowanie nowych albumów i zdjęć</string>
  <string name="initializing">Ładowanie</string>
  <string name="pick_prompt">Wybierz element z kolekcji</string>
  <string name="no_items">Brak elementów w kolekcji</string>
  <string name="pick">Wybierz</string>
  <string name="delete">Usuń</string>
  <string name="confirm_delete">Potwierdź usunięcie</string>
  <string name="cancel">Anuluj</string>
  <string name="share">Udostępnij</string>
  <string name="no_sd_card">Karta SD niezamontowana lub wyjęta</string>
  <string name="more">Więcej</string>
  <string name="select_all">Zaznacz wszystko</string>
  <string name="deselect_all">Odznacz wszystko</string>
  <string name="slideshow">Pokaz slajdów</string>
  <string name="menu">Menu</string>
  <string name="details">Szczegóły</string>
  <string name="album_selected">zaznaczony album</string>
  <string name="item_selected">zaznaczony element</string>
  <string name="albums_selected">zaznaczonych albumów</string>
  <string name="items_selected">zaznaczonych elementów</string>
  <string name="album">Album</string>
  <string name="start">Początek</string>
  <string name="end">Koniec</string>
  <string name="location">Lokalizacja</string>
  <string name="location_unknown">Nieznana lokalizacja</string>
  <string name="title">Tytuł</string>
  <string name="type">Typ</string>
  <string name="taken_on">Wykonano dnia</string>
  <string name="added_on">Dodane dnia</string>
  <string name="show_on_map">Pokaż na mapie</string>
  <string name="rotate_left">Obróć w lewo</string>
  <string name="rotate_right">Obróć w prawo</string>
  <string name="crop">Przytnij</string>
  <string name="set_as">Ustaw jako</string>
  <string name="set_as_wallpaper">Ustaw jako tapetę</string>
  <string name="item">element</string>
  <string name="items">elementów</string>
  <string name="around">Około</string>
  <string name="date_unknown">Data nieznana</string>
  <string name="video_err">Nie można odtworzyć materiału wideo</string>
  <string name="lockscreen_wallpaper">Ustawienie tapety blokady ekranu, proszę czekać...</string>
  <string name="wallpaper_set">Wybierz tapetę z galerii</string>
  <string name="lockscreen_set">Wybierz ekran blokady z galerii</string>
  <string name="miui_screenshot">Zrzuty ekranu MIUI</string>
</resources>
