<?xml version="1.0" encoding="utf-8"?>
<!--Generated by crowdin.net-->
<resources>
  <string name="sharedUserId">sharedUserId</string>
  <string name="process">process</string>
  <string name="application_name">Launcher</string>
  <string name="uid_name">Programy Rdzenia</string>
  <string name="folder_name">Katalog</string>
  <string name="chooser_wallpaper">Wybierz tapetę z</string>
  <string name="wallpaper_instructions">Ustaw jako tapetę</string>
  <string name="pick_wallpaper">Tapety</string>
  <string name="activity_not_found">Aplikacja nie jest zainstalowana w telefonie.</string>
  <string name="configure_wallpaper">Konfiguracja...</string>
  <string name="rename_folder_label">Nazwa katalogu</string>
  <string name="rename_folder_title">Zmień nazwę katalogu</string>
  <string name="rename_action">OK</string>
  <string name="cancel_action">Anuluj</string>
  <string name="menu_item_add_item">Dodaj do ekranu głównego</string>
  <string name="group_applications">Aplikacje</string>
  <string name="group_shortcuts">Skróty</string>
  <string name="group_folder">Nowy katalog</string>
  <string name="group_live_folders">Katalogi</string>
  <string name="group_widgets">Widżety</string>
  <string name="group_wallpapers">Tapety</string>
  <string name="add_folder">Katalog</string>
  <string name="add_clock">Zegar</string>
  <string name="add_photo_frame">Ramka na zdjęcia</string>
  <string name="out_of_space">Nie ma więcej miejsca na ekranie głównym.</string>
  <string name="shortcut_installed">Skrót \"%s\" utworzony.</string>
  <string name="shortcut_uninstalled">Skrót \"%s\" został usunięty.</string>
  <string name="shortcut_duplicate">Skrót \"%s\" już istnieje.</string>
  <string name="title_select_shortcut">Wybierz skrót</string>
  <string name="title_select_live_folder">Wybierz katalog</string>
  <string name="all_apps_button_label">Wszystkie programy</string>
  <string name="all_apps_home_button_label">Dom</string>
  <string name="menu_add">Dodaj</string>
  <string name="menu_wallpaper">Tapeta</string>
  <string name="menu_search">Szukaj</string>
  <string name="menu_notifications">Powiadomienia</string>
  <string name="menu_gestures">Gesty</string>
  <string name="menu_settings">Ustawienia</string>
  <string name="permlab_install_shortcut">zainstaluj skróty</string>
  <string name="permdesc_install_shortcut">Pozwala aplikacjom dodawać skróty bez interwencji użytkownika.</string>
  <string name="permlab_uninstall_shortcut">odinstaluj skróty</string>
  <string name="permdesc_uninstall_shortcut">Pozwala aplikacjom dodawać skróty bez interwencji użytkownika.</string>
  <string name="permlab_read_settings">wyświetl ustawienia i skróty</string>
  <string name="permdesc_read_settings">Pozwala aplikacji czytać ustawienia i skróty w Domu.</string>
  <string name="permlab_write_settings">Zapisz ustawienia i skróty</string>
  <string name="permdesc_write_settings">Pozwala aplikacji czytać ustawienia i skróty w Domu.</string>
  <string name="gadget_error_text">Problem podczas uruchamiania widżetu</string>
  <string name="menu_edit">Tryb edycji</string>
  <string name="cant_remove_system_app">Nie można usunąć aplikacji systemowej</string>
  <string name="uninstall_body_format">Odinstaluj aplikację\"%s\"?</string>
  <string name="uninstall">Odinstaluj</string>
  <string name="cant_remove_folder">Nie można usunąć folderu</string>
  <string name="pick_lockscreenwallpaper">Tapeta ekranu blokowania</string>
  <string name="lockscreenwallpaper_instructions">Ustawienia tapety ekranu blokowania</string>
  <string name="failed_to_drop">Przeniesienie nie powiodło się. Ikona wróciła do pierwotnej pozycji.</string>
  <string name="failed_to_drop_widget">Za mało wolnego miejsca na ekranie głównym.</string>
  <string name="widget_box_usage_hint">Naciśnij i przytrzymaj widżet, przeciągnij go do żądanej lokalizacji.</string>
  <string name="widget_favorite_contacts_lable">Ulubione Kontakty</string>
  <string name="widget_favorite_contacts_edit">Zarządzaj grupami</string>
  <string name="widget_favorite_contacts_style">Przełącz</string>
</resources>
