<?xml version="1.0" encoding="utf-8"?>
<!--Generated by crowdin.net-->
<resources>
  <string name="app_label">Wiadomości</string>
  <string name="new_message">Nowa wiadomość</string>
  <string name="create_new_message">Skomponuj wiadomość</string>
  <string name="menu_call_back">Zadzwoń do %s</string>
  <string name="menu_send_email">Wyślij e-mail do %s</string>
  <string name="menu_compose_new">Komponuj</string>
  <string name="menu_preferences">Ustawienia</string>
  <string name="menu_add_address_to_contacts">Dodaj %s do Kontaktów</string>
  <string name="menu_call">Zadzwoń</string>
  <string name="menu_delete_all">Usuń rozmowy</string>
  <string name="menu_delete">Usuń rozmowę</string>
  <string name="menu_undelivered_messages">Niedostarczone wiadomości</string>
  <string name="menu_view">Pokaż rozmowę</string>
  <string name="refreshing">Odświeżanie</string>
  <string name="has_draft">Kopia robocza</string>
  <string name="broadcast_from_to">%1$s do %2$s</string>
  <string name="anonymous_recipient">Anonimowy</string>
  <string name="no_subject_view">(Brak tematu)</string>
  <string name="messagelist_sender_self">Ja</string>
  <string name="view_picture">Pokaż obrazek</string>
  <string name="view_slideshow">Pokaż pokaz slajdów</string>
  <string name="view_message_details">Pokaż szczegóły wiadomości</string>
  <string name="view_delivery_report">Pokaż raport</string>
  <string name="delete_message">Usuń wiadomość</string>
  <string name="sent_on">Wysłano: %s</string>
  <string name="expire_on">Wygasa: %s</string>
  <string name="kilobyte">KB</string>
  <string name="undelivered_msg_dialog_title">Niedostarczona wiadomość</string>
  <string name="undelivered_msg_dialog_body">Nie można wysłać wiadomości.\nPróba wysyłania: %s.</string>
  <string name="undelivered_sms_dialog_body">Nie można wysłać wiadomości.</string>
  <string name="delete_thread">Usuń rozmowę</string>
  <string name="menu_forward">Dalej</string>
  <string name="download">Pobierz</string>
  <string name="downloading">Pobieranie</string>
  <string name="name_colon">:\u0020</string>
  <string name="inline_subject"><Temat: %s></string>
  <string name="drm_protected_text">* Tekst chroniony DRM *</string>
  <string name="insufficient_drm_rights">Wykryto niewystarczające prawa DRM.</string>
  <string name="copy_message_text">Kopiuj treść wiadomości</string>
  <string name="message_options">Opcje wiadomości</string>
  <string name="done">Gotowe</string>
  <string name="move_up">Przesuń wyżej</string>
  <string name="move_down">Przesuń niżej</string>
  <string name="remove_slide">Usuń slajd</string>
  <string name="add_slide">Dodaj slajd</string>
  <string name="add_slide_hint">Wybierz, aby dodać nowy slajd.</string>
  <string name="discard_slideshow">Zakończ pokaz slajdów</string>
  <string name="slide_show_part">Część %1$s/%2$s</string>
  <string name="remove_text">Usuń tekst</string>
  <string name="add_picture">Dodaj obraz</string>
  <string name="remove_picture">Usuń obraz</string>
  <string name="add_music">Dodaj muzykę</string>
  <string name="remove_music">Usuń muzykę</string>
  <string name="add_video">Dodaj wideo</string>
  <string name="remove_video">Usuń wideo</string>
  <string name="compose_title">Utwórz</string>
  <string name="to_hint">Do</string>
  <string name="subject_hint">Temat</string>
  <string name="add_attachment">Załącz</string>
  <string name="add_subject">Dodaj temat</string>
  <string name="discard">Odrzuć</string>
  <string name="view">Podgląd</string>
  <string name="replace">Zastąp</string>
  <string name="remove">Usuń</string>
  <string name="send">Wyślij</string>
  <string name="mms">MMS</string>
  <string name="all_threads">Wszystkie wątki</string>
  <string name="type_to_compose_text_enter_to_send">Dotknij aby utworzyć</string>
  <string name="open_keyboard_to_compose_message">Wysuń klawiaturę aby utworzyć wiadomość</string>
  <string name="image_too_large">Zdjęcie jest za duże</string>
  <string name="ask_for_automatically_resize">Automatycznie zmienić rozmiar zdjęcia przed wysłaniem?</string>
  <string name="compressing">Zdjęcie za duże. Kompresowanie...</string>
  <string name="unsupported_media_format">Nieobsługiwany %1$s format</string>
  <string name="select_different_media">Proszę wybrać inny %1$s.</string>
  <string name="exceed_message_size_limitation">Osiągnięto limit wielkości wiadomości</string>
  <string name="message_too_big_for_video">Wiadomość jest zbyt duża, aby dołączyć wideo</string>
  <string name="failed_to_add_media">Nie możesz dodać tego %1$s do wiadomości.</string>
  <string name="failed_to_resize_image">Zdjęcie nie zmienione</string>
  <string name="resize_image_error_information">Nawet po zmniejszeniu obrazek jest zbyt duży do wysłania.</string>
  <string name="forward_prefix">Fwd:\u0020</string>
  <string name="discard_message">Odrzuć zmiany</string>
  <string name="discard_message_reason">Wiadomość zostanie odrzucona bo nie ma odbiorcy.</string>
  <string name="has_invalid_recipient">Błędny odbiorca: <%1$s></string>
  <string name="invalid_destination">Podałeś nieprawidłowy adres.</string>
  <string name="invalid_recipient_message">Popraw dane odbiorców albo nie dostaną tej wiadomości.</string>
  <string name="cannot_send_message">Nie można wysłać tej wiadomości</string>
  <string name="cannot_send_message_reason">Twoja wiadomość nie ma odbiorcy.</string>
  <string name="cannot_forward_drm_obj">Obiekt zabezpieczony prawami DRM nie może być przesłany dalej.</string>
  <string name="converting_to_picture_message">Konwertuję wiadomość do MMS</string>
  <string name="converting_to_text_message">Konwertuję wiadomość do SMS</string>
  <string name="cannot_add_slide_anymore">Nie można dodać kolejnego slajdu.</string>
  <string name="cannot_add_picture_and_video">Nie można dodać obrazu i filmu do tego samego slajdu.</string>
  <string name="cannot_save_message">Nie można zapisać wiadomości.</string>
  <string name="cannot_load_message">Nie można załadować wiadomości.</string>
  <string name="message_saved_as_draft">Wiadomość zapisana jako kopia robocza.</string>
  <string name="locked_message_cannot_be_deleted">Zablokowana wiadomość nie może zostać usunięta.</string>
  <string name="too_many_recipients">Wiadomość posiada zbyt wielu odbiorców (%1$s). Jest limit %2$s odbiorców.</string>
  <string name="too_many_attachments">Obowiązuje limit %1$s załączników. Tylko pierwsze %2$s będą dodane.</string>
  <string name="adding_attachments_title">Dodawanie załączników</string>
  <string name="adding_attachments">Proszę czekać trwa dodawanie załączników.</string>
  <string name="multiple_recipients">%1$s odbiorców</string>
  <string name="cannot_play_audio">Nie można odtworzyć dźwięku.</string>
  <string name="preview">Podgląd</string>
  <string name="preview_slideshow">Podgląd</string>
  <string name="replace_image">Zamień obrazek</string>
  <string name="duration_sec">Czas trwania (%s sek.)</string>
  <string name="duration_selector_title">Czas trwania slajdu\u0020</string>
  <string name="layout_selector_title">Wygląd slajdu\u0020</string>
  <string name="layout_top">Układ (góra)</string>
  <string name="layout_bottom">Układ (dół)</string>
  <string name="type_to_compose_text_or_leave_blank">Pisz by wstawić tekst lub zostaw puste</string>
  <string name="duration_not_a_number">Czas trwania musi być liczbą</string>
  <string name="duration_zero">Czas trwania musi być dłuższy niż zero sekund</string>
  <string name="secs">sek.</string>
  <string name="menu_view_contact">Pokaż kontakt</string>
  <string name="menu_add_to_contacts">Dodaj do Kontaktów</string>
  <string name="hidden_sender_address">Ukryty adres wysyłającego</string>
  <string name="yes">OK</string>
  <string name="no">Anuluj</string>
  <string name="set">Ustaw</string>
  <string name="play">Odtwórz</string>
  <string name="edit">Edytuj</string>
  <string name="resize">Zmień rozmiar</string>
  <string name="try_to_send">Spróbuj wysłać</string>
  <string name="preferences_title">Ustawienia</string>
  <string name="restore_default">Przywróć domyślne ustawienia</string>
  <string name="pref_notification_settings_title">Ustawienia powiadomień</string>
  <string name="pref_mms_settings_title">Ustawienia wiadomości multimedialnych (MMS)</string>
  <string name="pref_sms_settings_title">Ustawienia wiadomości SMS</string>
  <string name="pref_sms_storage_title">Ustawienia archiwum widomości</string>
  <string name="pref_summary_manage_sim_messages">Zarządzanie wiadomościami na karcie SIM</string>
  <string name="pref_summary_mms_delivery_reports">Raport dostarczenia dla wszystkich wiadomości</string>
  <string name="pref_summary_mms_read_reports">Raport odczytu dla wszystkich wiadomości</string>
  <string name="pref_summary_sms_delivery_reports">Raport dostarczenia dla wszystkich wiadomości</string>
  <string name="pref_summary_auto_delete">Kasuj stare wiadomości po przekroczeniu limitu</string>
  <string name="pref_summary_delete_limit">%1$s wiadomości dla konwersacji</string>
  <string name="pref_title_manage_sim_messages">Zarządzanie wiadomościami na karcie SIM</string>
  <string name="pref_title_mms_delivery_reports">Raporty dostarczenia</string>
  <string name="pref_title_mms_read_reports">Raporty odczytu</string>
  <string name="pref_title_sms_delivery_reports">Raporty dostarczenia</string>
  <string name="pref_title_auto_delete">Skasuj stare wiadomości</string>
  <string name="pref_title_sms_delete">Limit wiadomości SMS</string>
  <string name="pref_title_mms_delete">Limit wiadomości MMS</string>
  <string name="pref_title_popup_enabled">Sms w okienku pop-up</string>
  <string name="pref_summary_popup_enabled">Okienko pop-up na głównym ekranie będzie pokazywało treść SMS</string>
  <string name="pref_title_notification_enabled">Powiadomienia</string>
  <string name="pref_summary_notification_enabled">Powiadomienia na pasku statusu</string>
  <string name="pref_title_notification_vibrateWhen">Wibracje</string>
  <string name="pref_summary_notification_vibrateWhen">Wibruj z powiadomieniami</string>
  <string name="pref_title_notification_ringtone">Sygnał powiadomienia</string>
  <string name="pref_messages_to_save">Limit archiwum wiadomości</string>
  <string name="prefDefault_vibrateWhen">Nigdy</string>
  <string name="prefDefault_vibrate_true">Zawsze</string>
  <string name="prefDefault_vibrate_false">nigdy</string>
  <string name="prefDialogTitle_vibrateWhen">Wibracja</string>
  <string name="pref_title_mms_auto_retrieval">Autoodbieranie</string>
  <string name="pref_summary_mms_auto_retrieval">Automatycznie pobieraj wiadomości</string>
  <string name="pref_title_mms_retrieval_during_roaming">Autoodbieranie w roamingu</string>
  <string name="pref_summary_mms_retrieval_during_roaming">Automatycznie pobieraj wiadomości w roamingu</string>
  <string name="to_label">Do\u0020</string>
  <string name="confirm_dialog_title">Usuń</string>
  <string name="confirm_dialog_locked_title">Usunąć zablokowaną wiadomość?</string>
  <string name="confirm_delete_conversation">Cała rozmowa zostanie usunięta.</string>
  <string name="confirm_delete_all_conversations">Wszystkie rozmowy zostaną usunięte.</string>
  <string name="confirm_delete_message">Wiadomość zostanie usunięta.</string>
  <string name="confirm_delete_locked_message">Czy na pewno chcesz usunąć zablokowaną wiadomość?</string>
  <string name="confirm_delete_all_messages">Cała rozmowa zostanie usunięta.</string>
  <string name="confirm_delete_all_SIM_messages">Wszystkie wiadomości z karty SIM zostaną usunięte.</string>
  <string name="confirm_delete_SIM_message">Wiadomość na karcie SIM zostanie usunięta.</string>
  <string name="delete_unlocked">Usuń zablokowane wiadomości</string>
  <string name="delete">Usuń</string>
  <string name="cannot_get_details">Nie można pobrać szczegółów</string>
  <string name="message_details_title">Szczegóły wiadomości</string>
  <string name="message_type_label">Typ:\u0020</string>
  <string name="text_message">Wiadomość tekstowa</string>
  <string name="multimedia_message">Wiadomość multimedialna</string>
  <string name="multimedia_notification">Powiadomienie o wiadomości multimedialnej</string>
  <string name="from_label">Od:\u0020</string>
  <string name="to_address_label">Do:\u0020</string>
  <string name="bcc_label">Udw:\u0020</string>
  <string name="sent_label">Wysłano:\u0020</string>
  <string name="received_label">Odebrano:\u0020</string>
  <string name="saved_label">Zapisano:\u0020</string>
  <string name="subject_label">Temat:\u0020</string>
  <string name="message_size_label">Rozmiar wiadomości:\u0020</string>
  <string name="priority_label">Priorytet:\u0020</string>
  <string name="priority_high">Wysoki</string>
  <string name="priority_normal">Normalny</string>
  <string name="priority_low">Niski</string>
  <string name="message_class_label">Klasa wiadomości:\u0020</string>
  <string name="error_code_label">KOd błędu:\u0020</string>
  <string name="menu_edit">Edytuj</string>
  <string name="menu_retry_sending">Ponów wysyłanie</string>
  <string name="menu_retry_sending_all">Ponów wysyłanie wszystkich wiad.</string>
  <string name="menu_delete_messages">Usuń wiadomości</string>
  <string name="retrying_dialog_body">Wiadomość %s nie mogła zostać wysłana z powodu problemu z połączeniem.\nPonawianie...</string>
  <string name="menu_lock">Zablokuj wiadomość</string>
  <string name="menu_unlock">Odblokuj wiadomość</string>
  <string name="sim_copy_to_phone_memory">Kopiuj do pamięci telefonu</string>
  <string name="sim_delete">Usuń</string>
  <string name="sim_manage_messages_title">Wiadomości na karcie SIM</string>
  <string name="sim_view">Pokaż</string>
  <string name="sim_empty">Brak wiadomośći na karcie SIM.</string>
  <string name="delivery_header_title">Raport</string>
  <string name="status_none">(Nic)</string>
  <string name="status_pending">Oczekujące</string>
  <string name="status_read">Przeczytane</string>
  <string name="status_received">Odebrane</string>
  <string name="status_failed">Nieudane</string>
  <string name="status_unread">Nieprzeczytane</string>
  <string name="status_rejected">Odrzucone</string>
  <string name="recipient_label">Odbiorca:\u0020</string>
  <string name="status_label">Status:\u0020</string>
  <string name="attach_image">Obrazki</string>
  <string name="attach_take_photo">Zrób zdjęcie</string>
  <string name="attach_video">Wideo</string>
  <string name="attach_record_video">Zrób film</string>
  <string name="attach_sound">Audio</string>
  <string name="attach_record_sound">Nagraj dźwięk</string>
  <string name="attach_slideshow">Pokaz slajdów</string>
  <string name="select_bottom_text">Tekst u góry</string>
  <string name="select_top_text">Tekst na dole</string>
  <string name="delivery_toast_body">Wiadomość odebrana przez %s</string>
  <string name="notification_multiple">%s nieodebranych wiadomości.</string>
  <string name="notification_multiple_title">Nowe wiadomości</string>
  <string name="notification_failed_multiple">Nie można wysłać %s wiadomości.</string>
  <string name="notification_failed_multiple_title">Niewysłane wiadomości</string>
  <string name="sim_full_title">Pełna karta SIM</string>
  <string name="sim_full_body">Usuń kilka wiadomości, aby zrobić miejsce dla kolejnych.</string>
  <string name="sms_full_title">Pamięć wiadomości zapełniona</string>
  <string name="sms_full_body">Pamięć zapełniona. Usuń stare wiadomości.</string>
  <string name="sms_rejected_title">Wiadomość odrzucona</string>
  <string name="sms_rejected_body">Wiadomość odrzucona z niewiadomego powodu.</string>
  <string name="type_audio">dźwięk</string>
  <string name="type_picture">obrazek</string>
  <string name="type_video">klip wideo</string>
  <string name="confirm">Potwierdź</string>
  <string name="message_send_read_report">Zostanie wysłany raport odczytania wiadomości.</string>
  <string name="message_queued">Tymczasowo nie można wysłać wiadomości. Wiadomość zostanie wysłana, gdy połączysz się z siecią.</string>
  <string name="no_subject">(Brak tematu)</string>
  <string name="unknown_sender">Nieznany nadawca</string>
  <string name="dl_failure_notification">Pobieranie wiadomości %1$s z %2$s nie powiodło się.</string>
  <string name="dl_expired_notification">Ta wiadomość straciła ważność i została usunięta.</string>
  <string name="rate_limit_surpassed">Potwierdź</string>
  <string name="confirm_rate_limit">Zostanie wysłana duża ilość multimediów. Kontynuować?</string>
  <string name="message_download_failed_title">Nie można pobrać wiadomości</string>
  <string name="message_send_failed_title">Wiadomość nie została wysłana</string>
  <string name="message_failed_body">Przejżyj wiadomość i spróbuj ponownie.</string>
  <string name="download_later">Niemożna teraz pobrać wiadomości. Spróbuj później.</string>
  <string name="select_audio">Wybierz dźwięk</string>
  <string name="copy_to_sdcard">Skopiuj załączniki na kartę SD</string>
  <string name="copy_to_sdcard_success">Załączniki skopiowane na kartę SD</string>
  <string name="copy_to_sdcard_fail">Nie udało się skopiować załączników na kartę SD</string>
  <string name="save_ringtone">Przypisz jako dzwonek</string>
  <string name="saved_ringtone">Dzwonek zapisany</string>
  <string name="saved_ringtone_fail">Niemożna zapisać dzwonka</string>
  <string name="menu_insert_smiley">Wstaw uśmiech</string>
  <string name="select_link_title">Wybierz akcję</string>
  <string name="slide_number">Klatka %s</string>
  <string name="delivery_report_activity">Raport doręczenia</string>
  <string name="storage_limits_activity">limit pamięci</string>
  <string name="add_attachment_activity">Wstaw załącznik:</string>
  <string name="select_layout_activity">Wybierz ułożenie</string>
  <string name="change_duration_activity">Zmień opóźnienie</string>
  <string name="edit_text_activity">Edytuj tekst</string>
  <string name="edit_slideshow_activity">Edytuj pokaz slajdów</string>
  <string name="edit_slide_activity">Edytuj slajd</string>
  <string name="pick_numbers_activity">Wybierz numery</string>
  <string name="slideshow_activity">Pokaz slajdów</string>
  <string name="popup_activity">Szybka odpowiedź</string>
  <string name="popup_btn_send">Odpowiedz</string>
  <string name="class_0_message_activity">Wiadomość klasy 0</string>
  <string name="send_using_mms_activity">Wyślij jako MMS</string>
  <string name="select_contact_method_activity">Wybierz sposób kontaktu</string>
  <string name="search_label">Wiadomości</string>
  <string name="search_hint">Przeszukaj Wiadomości</string>
  <string name="search">Wiadomości</string>
  <string name="search_setting_description">Zawartość wiadomości</string>
  <string name="search_empty">Brak wyników</string>
  <string name="search_history">%1$s pasujących dla \"%2$s\"</string>
  <string name="confirm_clear_search_title">Czyść</string>
  <string name="confirm_clear_search_text">Historia wyszukiwania będzie skasowana.</string>
  <string name="pref_mms_clear_search_history_title">Czyść historię szukania</string>
  <string name="pref_mms_clear_search_history_summary">Kasowanie poprzednich wyników wyszukiwań</string>
  <string name="save">Zapisz</string>
  <string name="storage_limits_title">Limit wiadomości</string>
  <string name="storage_limits_message">Czy chcesz ograniczyć ilość wiadomości dla konwersacji?</string>
  <string name="storage_limits_setting">Ustawienia limitów</string>
  <string name="storage_limits_setting_dismiss">Bez limitów</string>
  <string name="too_many_unsent_mms">Nie można wysłać wiadomości. Oczekuje zbyt wiele wiadomości w kolejce.</string>
  <string name="me">Ja</string>
  <string name="sending_message">Wysyłanie</string>
  <string name="bookmark_sms">Oznacz wiadomość</string>
  <string name="bookmark_sms_message">Wiadomość oznaczona...</string>
  <string name="recent_conversation">Sesja</string>
  <string name="contacts">Kontakty</string>
  <string name="sms_bookmark">Zakładki</string>
  <string name="sms_push">Prześlij dalej</string>
  <string name="forward_from_format">%s Dalej z %s</string>
  <string name="msg_forward_from_format">-Przesłano od:%s</string>
  <string name="forward_count_format">Przesłano %d razy</string>
  <string name="recipient_count_format">Razem %d odbiorców</string>
  <string name="notification_color_title">Wybierz kolor</string>
  <string name="notification_color_summary">Kolor diody przypomnienia po odebraniu wiadomości</string>
  <string name="group_msg_contact_title">%s wyślij do %s</string>
  <string name="sms_bookmark_welcome">Nie oznaczyłeś żadnych wiadomości. Przytrzymaj palec na wiadomości i wybierz "Oznacz wiadomość" z menu.</string>
  <string name="mms_increase_font_size">Zwiększ rozmiar czcionki</string>
  <string name="mms_decrease_font_size">Zmniejsz rozmiar czcionki</string>
  <string name="mms_reading_mode_day">Tryb dzienny</string>
  <string name="mms_reading_mode_night">Tryb nocny</string>
  <string name="menu_patch_delete">Usuń rozmowę</string>
  <string name="btn_done">Usuń</string>
  <string name="btn_cancel">Anuluj</string>
  <string name="pref_title_forward_contact">Przesłąno od</string>
  <string name="pref_summary_forward_contact">Załącz oryginalną wiadomość podczas przesyłania dalej</string>
  <string name="save_image">Zapisz obrazek</string>
  <string name="mms_image_folder_name">Obraz MMS</string>
  <string name="mms_image_saved_successfully">Obrazek został zapisany</string>
  <string name="mms_image_saving_failed">Nie można zapisać obrazka, sprawdź kartę SD</string>
  <string name="festival_sms_category_count_format">(%s)</string>
  <string name="festival_msg_loading">Ładowanie ...</string>
  <string name="festival_sms_push">Polecane</string>
  <string name="menu_group_sending">Wiadomość</string>
  <string name="miui_push">MIUI</string>
  <string name="pushed_sms_category">SMS</string>
  <string name="converstaion_list_tile">SMS</string>
  <string name="conversations_count_format">(%d)</string>
  <string name="quick_sms_to">Wyślij do %s</string>
  <string name="popup_sms_deleted">Wiadomość została usunięta</string>
  <string name="pref_set_font_size">Ustaw rozmiar czcionki</string>
  <string name="pref_summery_set_font_size">Ustaw rozmiar czcionki wiadomości</string>
  <string name="menu_batch_delete">Kasowanie zaznaczonych wiadomości</string>
  <string name="batch_delete_confirm_dialog_title">Kasowanie zaznaczonych wiadomości</string>
  <string name="batch_delete_confrom_dialog_message">Usuń wybrane wiadomości</string>
  <string name="btn_delete_with_number">Usuń (%d)</string>
</resources>
