<?xml version="1.0" encoding="utf-8"?>
<!--Generated by crowdin.net-->
<resources>
  <string name="contactsIconLabel">Kontakty</string>
  <string name="contactsFavoritesLabel">Ulubione</string>
  <string name="dialerIconLabel">Dialer</string>
  <string name="emergencyDialerIconLabel">Nagły wypadek</string>
  <string name="phoneIconLabel">Telefon</string>
  <string name="recentCallsIconLabel">Rejestr połączeń</string>
  <string name="fdnListLabel">Lista numerów ustalonych</string>
  <string name="unknown">Nieznany</string>
  <string name="private_num">Numer prywatny</string>
  <string name="payphone">Płatny telefon</string>
  <string name="onHold">Zawieś</string>
  <string name="ongoing">Bieżąca rozmowa</string>
  <string name="callFailed_userBusy">Zajęty</string>
  <string name="callFailed_congestion">Sieć zajęta</string>
  <string name="callFailed_noSignal">Brak sygnału</string>
  <string name="callFailed_limitExceeded">Przekroczono limit ACM</string>
  <string name="callFailed_powerOff">Brak sygnału</string>
  <string name="callFailed_simError">Brak SIM lub błąd SIM</string>
  <string name="callFailed_outOfService">Poza zasięgiem</string>
  <string name="callFailed_fdn_only">Połączenia wychodzące są ograniczone przez FDN.</string>
  <string name="callFailed_cb_enabled">Zakaz polaczen wlaczony.</string>
  <string name="callFailed_dsac_restricted">Wszystkie połączenia są ograniczone przez kontrolę dostępu.</string>
  <string name="callFailed_dsac_restricted_emergency">Połączenia alarmowe są ograniczone przez kontrolę dostępu.</string>
  <string name="callFailed_dsac_restricted_normal">Normalne połączenia są ograniczone przez kontrolę dostępu.</string>
  <string name="callFailed_cdma_lockedUntilPowerCycle">CDMA: Telefon zablokowany do czasu uruchomienia cyklu zasilania.</string>
  <string name="callFailed_cdma_drop">Rozmowa odrzucona.</string>
  <string name="callFailed_cdma_intercept">CDMA: Połączenie przechwycone.</string>
  <string name="callFailed_cdma_reorder">CDMA: zmiana kolejności.</string>
  <string name="callFailed_cdma_SO_reject">CDMA: odrzucenie opcji usługi.</string>
  <string name="callFailed_cdma_retryOrder">Ponow</string>
  <string name="callFailed_cdma_accessFailure">Odmowa dostepu.</string>
  <string name="callFailed_cdma_preempted">CDMA: zajęte.</string>
  <string name="callFailed_cdma_notEmergency">Polaczenia alarmowe.</string>
  <string name="confCall">Połączenie konferencyjne</string>
  <string name="call_lost">Połączenie zostało przerwane.</string>
  <string name="retry">Ponów</string>
  <string name="call_lost_title">Utracono połączenie</string>
  <string name="mmiStarted">Kod MMI rozpoczęty</string>
  <string name="ussdRunning">Kod USSD działa...</string>
  <string name="mmiCancelled">Kod MMI anulowany</string>
  <string name="cancel">Anuluj</string>
  <string name="menu_rejectCallAndSms">Odrzuć i odpowiedz SMS-em</string>
  <string name="menu_speaker">Głośnik</string>
  <string name="menu_bluetooth">Bluetooth</string>
  <string name="menu_mute">Wycisz</string>
  <string name="menu_hold">Wstrzymaj</string>
  <string name="menu_endCall">Zakończ</string>
  <string name="menu_swapCalls">Zamień połączenia</string>
  <string name="menu_mergeCalls">Scalanie połączeń</string>
  <string name="menu_addCall">Dodaj połączenie</string>
  <string name="menu_manageConference">Zarządzanie rozmową konferencyjną</string>
  <string name="menu_showDialpad">Pokaz klawiature</string>
  <string name="menu_hideDialpad">Ukryj klawiature</string>
  <string name="menu_answerAndHold">Wstrzymaj biezace polaczenie i odbierz</string>
  <string name="menu_answerAndEnd">Zakoncz biezace polaczenie i odbierz</string>
  <string name="ok">OK</string>
  <string name="menuButtonKeyboardDialHint">Nacisnij Menu dla opcji/Uzyj klawiatury </string>
  <string name="menu_answer">Odbierz</string>
  <string name="menu_ignore">Ignoruj</string>
  <string name="wait_prompt_str">Wysłać następujące dzwonki?\n</string>
  <string name="pause_prompt_str">Wysyłanie sygnałów\n</string>
  <string name="send_button">Wyślij</string>
  <string name="pause_prompt_yes">Tak</string>
  <string name="pause_prompt_no">Nie</string>
  <string name="wild_prompt_str">Zastąp symbol wieloznaczny</string>
  <string name="no_vm_number">Brak numeru poczty głosowej</string>
  <string name="no_vm_number_msg">Karta SIM nie przechowuje żadnego numeru poczty głosowej.</string>
  <string name="add_vm_number_str">Dodaj numer</string>
  <string name="dialer_emptyListWorking">Ładowanie...</string>
  <string name="enterPin">Wpisz kod PIN aby odblokować kartę SIM.</string>
  <string name="pinUnlocked">Karta SIM odblokowana</string>
  <string name="enterNewPin">Nowy kod PIN dla karty SIM</string>
  <string name="verifyNewPin">Aby zatwierdzić wpisz ponownie nowy kod PIN dla karty SIM</string>
  <string name="verifyFailed">Wpisany kod PIN dla karty SIM nie pasuje. Spróbuj ponownie.</string>
  <string name="enterPuk">Wpisz kod PUK aby odblokować kartę SIM</string>
  <string name="badPuk">Niewłaściwy kod PUK!</string>
  <string name="buttonTxtContinue">Kontynuuj</string>
  <string name="puk_unlocked">Twoja karta SIM została odblokowana. Telefon jest odblokowany...</string>
  <string name="label_ndp">Odblokuj PIN</string>
  <string name="sim_ndp_unlock_text">Odblokuj</string>
  <string name="sim_ndp_dismiss_text">Oddal</string>
  <string name="requesting_unlock">Odblokuj PIN</string>
  <string name="unlock_failed">Żądanie odblokowania sieci zakończyło się niepowodzeniem.</string>
  <string name="unlock_success">Sieć została pomyślnie odblokowana.</string>
  <string name="imei">IMEI</string>
  <string name="meid">MEID</string>
  <string name="labelGSMMore">Ustawienia połączenia GSM</string>
  <string name="labelCDMAMore">Ustawienia połączenia CDMA</string>
  <string name="apn_settings">Nazwy Punktów Dostępu</string>
  <string name="settings_label">Ustawienia sieci</string>
  <string name="voicemail">Poczta głosowa</string>
  <string name="voicemail_abbreviated">PG:</string>
  <string name="networks">Operatorzy sieci</string>
  <string name="call_settings">Ustawienia połączeń</string>
  <string name="additional_gsm_call_settings">Ustawienia dodatkowe</string>
  <string name="sum_gsm_call_settings">Ustawienia dodatkowe tylko połączenia GSM</string>
  <string name="additional_cdma_call_settings">Ustawienia dodatkowe połączenia CDMA</string>
  <string name="sum_cdma_call_settings">Ustawienia dodatkowe tylko połączenia CDMA</string>
  <string name="labelNwService">Ustawienia usługi sieci</string>
  <string name="labelCallerId">ID rozmówcy</string>
  <string name="sum_hide_caller_id">Ukrycie numeru podczas rozmów wychodzących</string>
  <string name="sum_show_caller_id">Numer wyświetlany w połączeniach wychodzących</string>
  <string name="sum_default_caller_id">Użyj domyślnych ustawień operatora, aby wyświetlać mój numer w połączeniach wychodzących</string>
  <string name="labelCW">Połączenia oczekujące</string>
  <string name="sum_cw_enabled">Podczas połączenia powiadamiaj mnie o połączeniach przychodzących</string>
  <string name="sum_cw_disabled">Podczas połączenia powiadamiaj mnie o połączeniach przychodzących</string>
  <string name="call_forwarding_settings">Ustawienia przekierowania połączeń</string>
  <string name="labelCF">Przekierowania połączeń</string>
  <string name="labelCFU">Przekierowania połączeń</string>
  <string name="messageCFU">Zawsze używaj tego numeru</string>
  <string name="sum_cfu_enabled_indicator">Przekierowanie wszystkich rozmów</string>
  <string name="sum_cfu_enabled">Przekierowanie wszystkich rozmów do {0}</string>
  <string name="sum_cfu_enabled_no_number">Numer jest niedostępny</string>
  <string name="sum_cfu_disabled">Wyłączone</string>
  <string name="labelCFB">Przekieruj, gdy zajęty</string>
  <string name="messageCFB">Numer, gdy zajęty</string>
  <string name="sum_cfb_enabled">Przekierowanie do {0}</string>
  <string name="sum_cfb_disabled">Wyłączone</string>
  <string name="disable_cfb_forbidden">Twój operator nie umożliwia wyłączenia przekazywania połączeń, gdy numer jest zajęty.</string>
  <string name="labelCFNRy">Przekieruj, gdy nieodebrane</string>
  <string name="messageCFNRy">Numer, gdy nieodebrane</string>
  <string name="sum_cfnry_enabled">Przekierowanie do {0}</string>
  <string name="sum_cfnry_disabled">Wyłączone</string>
  <string name="disable_cfnry_forbidden">Twój operator nie umożliwia wyłączenia przekazywania połączeń, gdy numer nie odpowiada.</string>
  <string name="labelCFNRc">Przekieruj, gdy nieosiągalny</string>
  <string name="messageCFNRc">Przekieruj, gdy nieosiągalny</string>
  <string name="sum_cfnrc_enabled">Przekierowanie do {0}</string>
  <string name="sum_cfnrc_disabled">Wyłączone</string>
  <string name="disable_cfnrc_forbidden">Twój operator nie umożliwia wyłączenia przekazywania połączeń, gdy numer jest nieosiągalny.</string>
  <string name="updating_title">Ustawienia połączenia</string>
  <string name="error_updating_title">Błąd w ustawieniach połączenia</string>
  <string name="reading_settings">Czytanie ustawień...</string>
  <string name="updating_settings">Aktualizowanie ustawień...</string>
  <string name="reverting_settings">Cofanie ustawień…</string>
  <string name="response_error">Nieoczekiwana odpowiedź z sieci.</string>
  <string name="exception_error">Błąd sieci lub karty SIM.</string>
  <string name="radio_off_error">Przed wyświetleniem tych ustawień należy włączyć sieci bezprzewodowe.</string>
  <string name="close_dialog">OK</string>
  <string name="enable">Włącz</string>
  <string name="disable">Wyłącz</string>
  <string name="change_num">Aktualizuj</string>
  <string name="vm_save_number">Zapisz numer poczty głosowej</string>
  <string name="vm_changed">Numer poczty głosowej zmieniony.</string>
  <string name="vm_change_failed">Zmiana numeru poczty głosowej nie powiodła się."\n"Jeśli problem będzie występował nadal, skontaktuj się z operatorem.</string>
  <string name="fw_change_failed">Zmiana numeru poczty głosowej nie powiodła się"\n"Jeśli problem będzie występował nadal, skontaktuj się z operatorem.</string>
  <string name="fw_get_in_vm_failed">Nie udało się pobrać i zapisać bieżących ustawień numeru przekazywania.\nCzy mimo to chcesz przełączyć na nowego dostawcę?</string>
  <string name="no_change">Nie wprowadzono żadnych zmian.</string>
  <string name="sum_voicemail_choose_provider">Wybierz serwis poczty głosowej</string>
  <string name="voicemail_default">Mój operator</string>
  <string name="mobile_networks">Ustawienia sieci komórkowej</string>
  <string name="label_available">Dostępne sieci</string>
  <string name="load_networks_progress">Wyszukiwanie...</string>
  <string name="empty_networks_list">Nie znaleziono sieci.</string>
  <string name="search_networks">Wyszukaj sieci</string>
  <string name="network_query_error">Podczas wyszukiwania sieci wystąpił błąd.</string>
  <string name="register_on_network">Rejestrowanie w %s...</string>
  <string name="not_allowed">Karta SIM nie pozwala na połączenia z tą siecią.</string>
  <string name="connect_later">Nie można nawiązać połączenia z tą siecią. Spróbuj ponownie później.</string>
  <string name="registration_done">Zarejestrowano w sieci.</string>
  <string name="sum_carrier_select">Wybierz operatora sieci</string>
  <string name="sum_search_networks">Wyszukaj wszystkie dostępne sieci</string>
  <string name="select_automatically">Wybierz automatycznie</string>
  <string name="sum_select_automatically">Wybierz automatycznie preferowaną sieć</string>
  <string name="register_automatically">Automatyczna rejestracja...</string>
  <string name="preferred_network_mode_title">Tryb sieci</string>
  <string name="preferred_network_mode_summary">Zmień tryb działania sieci</string>
  <string name="preferred_network_mode_dialogtitle">Preferowany tryb sieci</string>
  <string name="data_enabled">Włącz przesył danych</string>
  <string name="data_enable_summary">Włącz przesył danych przez sieć komórkową</string>
  <string name="roaming">Dane w roamingu</string>
  <string name="roaming_enable">Połącz z usługami przesyłu danych podczas roamingu</string>
  <string name="roaming_disable">Połącz z usługami przesyłu danych podczas roamingu</string>
  <string name="roaming_reenable_message">Utracono łączność danych, ponieważ pozostawiono wyłączony roaming danych w sieci macierzystej.</string>
  <string name="roaming_warning">Czy pozwolić na przesył danych w roamingu? Operator może naliczać wysokie opłaty roamingowe!</string>
  <string name="gsm_umts_options">Opcje GSM/UMTS</string>
  <string name="cdma_options">Opcje CDMA</string>
  <string name="throttle_data_usage">Użycie danych</string>
  <string name="throttle_settings_title">Zasady operatora dot. danych</string>
  <string name="throttle_current_usage">Ilość użytych danych w bieżącym okresie</string>
  <string name="throttle_time_frame">Okres użycia danych</string>
  <string name="throttle_rate">Zasada prędkości przesyłu danych</string>
  <string name="throttle_help">Więcej informacji</string>
  <string name="throttle_status_subtext">%1$s (%2$d٪) of %3$s wartość maksymalna w okresie\nNastępny okres za %4$d dni (%5$s)</string>
  <string name="throttle_data_usage_subtext">%1$s (%2$d٪) z %3$s Maksymalny czas oczekiwania</string>
  <string name="throttle_data_rate_reduced_subtext">%1$s przekroczono maksymalna ilość danych\n prędkość zostałą zredukowana do %2$d Kb/s</string>
  <string name="throttle_time_frame_subtext">%1$d٪ cyklu minęło \n Następny okres rozpoczyna się za %2$d dni (%3$s)</string>
  <string name="throttle_rate_subtext">Prędkość danych zmniejszona do %1$d Kb/s jeśli zostanie przekroczony limit danych</string>
  <string name="throttle_help_subtext">Więcej informacji na temat zasad dotyczących użycia danych w sieci komórkowej tego operatora</string>
  <string name="cdma_cell_broadcast_sms">Wiadomość SMS transmisji komórkowej</string>
  <string name="cell_broadcast_sms">Wiadomość SMS transmisji komórkowej</string>
  <string name="enable_disable_cell_bc_sms">Wiadomość SMS transmisji komórkowej</string>
  <string name="cell_bc_sms_enable">Wiadomość SMS transmisji komórkowej włączona</string>
  <string name="cell_bc_sms_disable">Wiadomość SMS transmisji komórkowej wyłączona</string>
  <string name="cb_sms_settings">Ustawienia wiadomości SMS transmisji komórkowej</string>
  <string name="enable_disable_emergency_broadcast">Transmisja alarmowa</string>
  <string name="emergency_broadcast_enable">Transmisja alarmowa włączona</string>
  <string name="emergency_broadcast_disable">Transmisja alarmowa wyłączona</string>
  <string name="enable_disable_administrative">Administracja</string>
  <string name="administrative_enable">Administracja włączona</string>
  <string name="administrative_disable">Administracja wyłączona</string>
  <string name="enable_disable_maintenance">Konserwacja</string>
  <string name="maintenance_enable">Konserwacja włączona</string>
  <string name="maintenance_disable">Konserwacja wyłączona</string>
  <string name="general_news_settings">Wiadomości ogólne</string>
  <string name="bf_news_settings">Wiadomości biznesowe i finansowe</string>
  <string name="sports_news_settings">Wiadomości sportowe</string>
  <string name="entertainment_news_settings">Wiadomości rozrywkowe</string>
  <string name="enable_disable_local">Lokalne</string>
  <string name="local_enable">Wiadomości lokalne włączone</string>
  <string name="local_disable">Wiadomości lokalne wyłączone</string>
  <string name="enable_disable_regional">Regionalne</string>
  <string name="regional_enable">Wiadomości regionalne włączone</string>
  <string name="regional_disable">Wiadomości regionalne wyłączone</string>
  <string name="enable_disable_national">Krajowe</string>
  <string name="national_enable">Wiadomości krajowe włączone</string>
  <string name="national_disable">Wiadomości krajowe wyłączone</string>
  <string name="enable_disable_international">Międzynarodowe</string>
  <string name="international_enable">Wiadomości międzynarodowe włączone</string>
  <string name="international_disable">Wiadomości międzynarodowe wyłączone</string>
  <string name="list_language_title">Język</string>
  <string name="list_language_summary">Wybierz język wiadomości</string>
  <string name="list_language_dtitle">Języki</string>
  <string name="enable_disable_local_weather">Lokalna prognoza pogody</string>
  <string name="local_weather_enable">Lokalna prognoza pogody włączona</string>
  <string name="local_weather_disable">Lokalna prognoza pogody wyłączona</string>
  <string name="enable_disable_atr">Raporty o natężeniu ruchu</string>
  <string name="atr_enable">Raporty o natężeniu ruchu włączone</string>
  <string name="atr_disable">Raporty o natężeniu ruchu wyłączone</string>
  <string name="enable_disable_lafs">Rozkład lotów z lokalnego lotniska</string>
  <string name="lafs_enable">Rozkład lotów z lokalnego lotniska włączony</string>
  <string name="lafs_disable">Rozkład lotów z lokalnego lotniska wyłączony</string>
  <string name="enable_disable_restaurants">Restauracje</string>
  <string name="restaurants_enable">Restauracje włączone</string>
  <string name="restaurants_disable">Restauracje wyłączone</string>
  <string name="enable_disable_lodgings">Kwatery</string>
  <string name="lodgings_enable">Kwatery włączone</string>
  <string name="lodgings_disable">Kwatery wyłączone</string>
  <string name="enable_disable_retail_directory">Katalog sprzedaży detalicznej</string>
  <string name="retail_directory_enable">Katalog sprzedaży detalicznej włączony</string>
  <string name="retail_directory_disable">Katalog sprzedaży detalicznej wyłączony</string>
  <string name="enable_disable_advertisements">Reklamy</string>
  <string name="advertisements_enable">Reklamy włączone</string>
  <string name="advertisements_disable">Reklamy wyłączone</string>
  <string name="enable_disable_stock_quotes">Notowania giełdowe</string>
  <string name="stock_quotes_enable">Notowania giełdowe włączone</string>
  <string name="stock_quotes_disable">Notowania giełdowe wyłączone</string>
  <string name="enable_disable_eo">Oferty pracy</string>
  <string name="eo_enable">Oferty pracy włączone</string>
  <string name="eo_disable">Oferty pracy wyłączone</string>
  <string name="enable_disable_mhh">Placówki medyczne, zakłady opieki zdrowotnej i szpitale</string>
  <string name="mhh_enable">Placówki medyczne, zakłady opieki zdrowotnej i szpitale włączone</string>
  <string name="mhh_disable">Placówki medyczne, zakłady opieki zdrowotnej i szpitale wyłączone</string>
  <string name="enable_disable_technology_news">Wiadomości technologiczne</string>
  <string name="technology_news_enable">Wiadomości technologiczne włączone</string>
  <string name="technology_news_disable">Wiadomości technologiczne wyłączone</string>
  <string name="enable_disable_multi_category">Obsługa wielu kategorii</string>
  <string name="multi_category_enable">Obsługa wielu kategorii włączona</string>
  <string name="multi_category_disable">Obsługa wielu kategorii wyłączona</string>
  <string name="gsm_umts_network_preferences_title">Ustawienia sieci GSM/UMTS</string>
  <string name="gsm_umts_network_preferneces_summary">Funkcja jeszcze niezaimplementowana!</string>
  <string name="gsm_umts_network_preferences_dialogtitle">Ustawienia sieci GSM/UMTS</string>
  <string name="prefer_2g">Używaj tylko sieci 2G</string>
  <string name="prefer_2g_summary">Oszczędza baterię</string>
  <string name="cdma_system_select_title">Wybór systemu</string>
  <string name="cdma_system_select_summary">Zmień tryb roamingu CDMA</string>
  <string name="cdma_system_select_dialogtitle">Wybór systemu</string>
  <string name="cdma_roaming_mode_title">Tryb roamingu CDMA</string>
  <string name="cdma_roaming_mode_summary">Zmień tryb roamingu CDMA</string>
  <string name="cdma_roaming_mode_dialogtitle">Tryb roamingu CDMA</string>
  <string name="cdma_network_preferences_title">Ustawienia sieci CDMA</string>
  <string name="cdma_network_preferneces_summary">Funkcja jeszcze nie została zaimplementowana!</string>
  <string name="cdma_network_preferences_dialogtitle">Ustawienia sieci CDMA</string>
  <string name="subscription_title">TEST subskrypcji CDMA</string>
  <string name="subscription_summary">Zmiana między RUIM/SIM i NV</string>
  <string name="subscription_dialogtitle">subskrypcja</string>
  <string name="fdn">Ustalone numery</string>
  <string name="manage_fdn_list">Lista numerów ustalonych</string>
  <string name="fdn_activation">Aktywacja usługi ustalonych numerów</string>
  <string name="fdn_enabled">Kwatery włączone</string>
  <string name="fdn_disabled">Kwatery wyłączone</string>
  <string name="enable_fdn">Włącz ustalone numery</string>
  <string name="disable_fdn">Wyłącz usługę ustalonych numerów</string>
  <string name="change_pin2">Zmień PIN2</string>
  <string name="enable_fdn_ok">Wyłącz usługę ustalonych numerów</string>
  <string name="disable_fdn_ok">Włącz usługę ustalonych numerów</string>
  <string name="sum_fdn">Zarządzanie ustalonymi numerami</string>
  <string name="sum_fdn_change_pin">Zmień kod PIN pozwalający na zarządzanie ustalonymi numerami</string>
  <string name="sum_fdn_manage_list">Zarządzanie listą numerów telefonów</string>
  <string name="voice_privacy">Prywatność połączeń głosowych</string>
  <string name="voice_privacy_summary">Włącz rozszerzony tryb prywatności</string>
  <string name="tty_mode_title">Tryb TTY</string>
  <string name="tty_mode_summary">Włącz rozszerzony tryb prywatności</string>
  <string name="tty_mode_option_title">Tryb TTY</string>
  <string name="tty_mode_option_summary">Ustaw tryb TTY</string>
  <string name="auto_retry_mode_title">Automatyczne ponawianie próby</string>
  <string name="auto_retry_mode_summary">Włącz tryb automatycznego ponawiania próby</string>
  <string name="menu_add">Dodaj kontakt</string>
  <string name="menu_edit">Edit</string>
  <string name="menu_delete">Delete thread</string>
  <string name="get_pin2">Wprowadź PIN2</string>
  <string name="name">Nazwa</string>
  <string name="number">NUMER</string>
  <string name="save">Zapisz</string>
  <string name="add_fdn_contact">Dodaj ustalony numer</string>
  <string name="adding_fdn_contact">Trwa dodawanie ustalonego numeru...</string>
  <string name="fdn_contact_added">Dodano ustalony numer.</string>
  <string name="edit_fdn_contact">Edytuj ustalony numer</string>
  <string name="updating_fdn_contact">Edytuj ustalony numer</string>
  <string name="fdn_contact_updated">Zaktualizowano ustalony numer.</string>
  <string name="delete_fdn_contact">Usuń ustalony numer</string>
  <string name="deleting_fdn_contact">Trwa usuwanie ustalonego numeru...</string>
  <string name="fdn_contact_deleted">Usunięto ustalony numer.</string>
  <string name="pin2_invalid">Nie zaktualizowano usługi FDN: wprowadzono nieprawidłowy kod PIN.</string>
  <string name="fdn_invalid_number">Nie zaktualizowano usługi FDN: numer nie może przekraczać 20 cyfr.</string>
  <string name="simContacts_emptyLoading">Wczytywanie z karty SIM</string>
  <string name="simContacts_empty">Brak kontaktów na karcie SIM.</string>
  <string name="simContacts_title">Wybierz kontakty do importowania</string>
  <string name="enable_pin">Włącz/wyłącz kod PIN do karty SIM</string>
  <string name="change_pin">Zmień PIN do karty SIM</string>
  <string name="enter_pin_text">Kod PIN do karty SIM:</string>
  <string name="oldPinLabel">Stary kod PIN</string>
  <string name="newPinLabel">Nowy kod PIN</string>
  <string name="confirmPinLabel">Potwierdź nowy kod PIN</string>
  <string name="badPin">Wprowadzony stary kod PIN jest nieprawidłowy. Spróbuj ponownie.</string>
  <string name="mismatchPin">Wprowadzone kody PIN nie są identyczne. Spróbuj ponownie.</string>
  <string name="invalidPin">Wpisz kod PIN o długości od 4 do 8 cyfr.</string>
  <string name="disable_sim_pin">Wyłącz PIN do karty SIM</string>
  <string name="enable_sim_pin">Włącz kod PIN do karty SIM</string>
  <string name="enable_in_progress">Proszę czekać</string>
  <string name="enable_pin_ok">Kod PIN do karty SIM jest włączony</string>
  <string name="disable_pin_ok">PIN karty SIM wyłączony</string>
  <string name="pin_failed">Podano nieprawidłowy PIN</string>
  <string name="pin_changed">PIN karty SIM zmieniony</string>
  <string name="puk_requested">Hasło niepoprawne, karta SIM zablokowana! Podaj kod PUK2.</string>
  <string name="enter_pin2_text">PIN2</string>
  <string name="oldPin2Label">Stary PIN2</string>
  <string name="newPin2Label">Nowy PIN2</string>
  <string name="confirmPin2Label">Potwierdź PIN2</string>
  <string name="badPuk2">Podano niepoprawny kod PUK2. Spróbuj ponownie.</string>
  <string name="badPin2">Podano nieprawidłowy stary kod PIN. Spróbuj ponownie.</string>
  <string name="mismatchPin2">Podane kody PIN nie są takie same. Spróbuj ponownie.</string>
  <string name="invalidPin2">Wpisz kod PIN od 4 do 8 cyfr.</string>
  <string name="invalidPuk2">Wpisz kod PUK2 ma 8 cyfr.</string>
  <string name="pin2_changed">PIN2 zmieniony</string>
  <string name="label_puk2_code">Kod PIN2 został pomyślnie zmieniony</string>
  <string name="fdn_enable_puk2_requested">Błędne hasło, zmień kod PIN2 i spróbuj ponownie!</string>
  <string name="puk2_requested">Hasło niepoprawne, karta SIM zablokowana! Podaj kod PUK2.</string>
  <string name="doneButton">Gotowe</string>
  <string name="caller_manage_header">Połączenie konferencyjne %s</string>
  <string name="caller_manage_manage_done_text">Powrót do połączenia</string>
  <string name="fake_phone_activity_phoneNumber_text">(650) 555-1234</string>
  <string name="fake_phone_activity_infoText_text">Numer połączenia przychodzącego</string>
  <string name="fake_phone_activity_placeCall_text">Fałszywe nadchodzące połączenie</string>
  <string name="sim_missing_continueView_text">Kontynuuj bez karty SIM</string>
  <string name="sim_missing_msg_text">Nie znaleziono karty SIM. Należy włożyć kartę SIM do telefonu.</string>
  <string name="sim_unlock_dismiss_text">Odrzuć</string>
  <string name="sim_unlock_unlock_text">Odblokuj</string>
  <string name="sim_unlock_status_text">Uwierzytelnianie kodu PIN..</string>
  <string name="voicemail_settings_number_label">Numer poczty głosowej</string>
  <string name="card_title_dialing">Wybieranie</string>
  <string name="card_title_redialing">Ponawianie próby</string>
  <string name="card_title_in_progress">Bieżące połączenie</string>
  <string name="card_title_conf_call">Połączenie konferencyjne</string>
  <string name="card_title_incoming_call">Połączenie przychodzące</string>
  <string name="card_title_cdma_call_waiting">Oczekujące połączenie CDMA</string>
  <string name="card_title_call_ended">Połączenie zakończone</string>
  <string name="card_title_on_hold">Zawieszony</string>
  <string name="card_title_hanging_up">Trwa rozłączanie</string>
  <string name="card_title_in_call">Trwa połączenie</string>
  <string name="notification_missedCallTitle">Nieodebrane połączenie</string>
  <string name="notification_missedCallsTitle">Nieodebrane połączenia</string>
  <string name="notification_missedCallsMsg">%s nieodebranych połączeń</string>
  <string name="notification_missedCallTicker">Nieodebrane połączenie z %s</string>
  <string name="notification_ongoing_call_format">Bieżące połączenie (%s)</string>
  <string name="notification_on_hold">Zawieszony</string>
  <string name="notification_voicemail_title">Nowa poczta głosowa</string>
  <string name="notification_voicemail_title_count">Nowa poczta głosowa (%d)</string>
  <string name="notification_voicemail_text_format">Zadzwoń do %s</string>
  <string name="notification_voicemail_no_vm_number">Nieznany numer poczty głosowej</string>
  <string name="notification_network_selection_title">Brak usługi</string>
  <string name="notification_network_selection_text">Wybrana sieć (%s) jest niedostępna</string>
  <string name="incall_error_power_off">Aby rozpocząć połączenie, wyłącz najpierw tryb samolotowy.</string>
  <string name="incall_error_emergency_only">Nie zarejestrowano w sieci.</string>
  <string name="incall_error_out_of_service">Sieć komórkowa jest niedostępna.</string>
  <string name="incall_error_no_phone_number_supplied">Połączenie niezrealizowane, nie wprowadzono poprawnego numeru.</string>
  <string name="incall_error_call_failed">Połączenie nie zostało zrealizowane.</string>
  <string name="incall_status_dialed_mmi">Rozpoczynanie sekwencji MMI...</string>
  <string name="incall_status_dialed_fc">Trwa rozpoczynanie sekwencji kodu funkcji…</string>
  <string name="incall_error_supp_service_unknown">Nieobsługiwana usługa.</string>
  <string name="incall_error_supp_service_switch">Nie można przełączyć rozmów.</string>
  <string name="incall_error_supp_service_separate">Nie można rozdzielić połączenia.</string>
  <string name="incall_error_supp_service_transfer">Nie można przekazać połączenia.</string>
  <string name="incall_error_supp_service_conference">Nie można prowadzić rozmów konferencyjnych.</string>
  <string name="incall_error_supp_service_reject">Nie można odrzucić połączenia.</string>
  <string name="incall_error_supp_service_hangup">Nie można zakończyć połączenia (połączeń).</string>
  <string name="emergency_enable_radio_dialog_title">Połączenie alarmowe</string>
  <string name="emergency_enable_radio_dialog_message">Trwa włączanie sieci bezprzewodowych...</string>
  <string name="emergency_enable_radio_dialog_retry">Obszar nieobsługiwany, ponowna próba...</string>
  <string name="dial_emergency_error">Połączenie niezrealizowane, %s nie jest numerem alarmowym!</string>
  <string name="dial_emergency_empty_error">Połączenie niezrealizowane, należy wybrać numer alarmowy!</string>
  <string name="dialerKeyboardHintText">Aby zadzwonić, użyj klawiatury.</string>
  <string name="dtmfDialpadHintText">Dotknij klawiatury</string>
  <string name="dtmfDialpadHandleLabel">Panel numeryczny</string>
  <string name="touchLockText">Dotknij dwukrotnie,\naby odblokować</string>
  <string name="onscreenAnswerText">Dotknij dwukrotnie,\naby odebrać</string>
  <string name="onscreenRejectText">Dotknij dwukrotnie,\naby odrzucić</string>
  <string name="onscreenHoldText">Wstrzymaj</string>
  <string name="onscreenUnholdText">Wznów</string>
  <string name="onscreenEndCallText">Zakończ</string>
  <string name="onscreenShowDialpadText">Panel numeryczny</string>
  <string name="onscreenHideDialpadText">Ukryj</string>
  <string name="onscreenSpeakerText">Głośnik</string>
  <string name="onscreenMuteText">Wycisz</string>
  <string name="onscreenBluetoothText">Bluetooth</string>
  <string name="onscreenAddCallText">Dodaj połączenie</string>
  <string name="onscreenMergeCallsText">Scal połączenia</string>
  <string name="onscreenSwapCallsText">Przełącz</string>
  <string name="onscreenManageCallsText">Zarządzaj połączeniami</string>
  <string name="onscreenManageConferenceText">Zarządzaj</string>
  <string name="importSimEntry">Importuj</string>
  <string name="importAllSimEntries">Importuj wszystko</string>
  <string name="importingSimContacts">Importowanie kontaktów z karty SIM</string>
  <string name="importToFDNfromContacts">Importuj z Kontaktów</string>
  <string name="hac_mode_title">Aparaty słuchowe</string>
  <string name="hac_mode_summary">Włącz funkcje zgodności z aparatem słuchowym</string>
  <string name="eri_text_label">Tekst ERI</string>
  <string name="dtmf_tones_title">Sygnały DTMF</string>
  <string name="dtmf_tones_summary">Ustaw długość sygnałów DTMF</string>
  <string name="network_message">Komunikat sieciowy</string>
  <string name="ota_title_activate">Aktywuj telefon</string>
  <string name="ota_touch_activate">Aby aktywować usługę telekomunikacyjną, należy wykonać połączenie specjalne. \n\nPo naciśnięciu przycisku „Aktywuj” posłuchaj dostępnych instrukcji, aby aktywować telefon.</string>
  <string name="ota_touch_activate_new">Dotknij opcji „Aktywuj”, aby wykonać specjalne połączenie aktywujące telefon w sieci komórkowej operatora. To umożliwi wykonywanie połączeń i łączenie się z komórkowymi sieciami transmisji danych.</string>
  <string name="ota_skip_activation_dialog_title">Pominąć aktywację?</string>
  <string name="ota_skip_activation_dialog_message">Jeśli pominiesz aktywację, nie będzie można wykonywać połączeń ani łączyć się z komórkowymi sieciami transmisji danych (łączenie się z sieciami Wi-Fi będzie jednak możliwe). Do momentu dokonania aktywacji odpowiedni monit będzie wyświetlany po każdym włączeniu telefonu</string>
  <string name="ota_skip_activation_dialog_skip_label">Pomiń</string>
  <string name="ota_skip_activation_dialog_continue_label">Aktywuj</string>
  <string name="ota_activate">Aktywuj</string>
  <string name="ota_title_activate_success">Telefon został aktywowany.</string>
  <string name="ota_title_problem_with_activation">Problem z aktywacją</string>
  <string name="ota_listen">Postępuj zgodnie z instrukcjami głosowymi, aż usłyszysz informację, że aktywacja została ukończona.</string>
  <string name="ota_dialpad">Klawiatura</string>
  <string name="ota_speaker">Głośnik</string>
  <string name="ota_progress">Czekaj, aż programowanie telefonu zostanie zakończone.</string>
  <string name="ota_failure">Programowanie nie powiodło się</string>
  <string name="ota_successful">Telefon został aktywowany. Uruchomienie usługi może potrwać do 15 minut.</string>
  <string name="ota_unsuccessful">Telefon nie został aktywowany. \nByć może należy przejść do miejsca, w którym sygnał sieci jest silniejszy (w pobliżu okna lub na zewnątrz budynku). \n\nSpróbuj ponownie lub zadzwoń do działu obsługi klienta, aby uzyskać więcej informacji.</string>
  <string name="ota_spc_failure">NADMIERNA LICZBA NIEPOWODZEŃ SPC</string>
  <string name="ota_call_end">Wstecz</string>
  <string name="ota_try_again">Spróbuj ponownie</string>
  <string name="ota_next">Następny</string>
  <string name="ota_back">Wstecz</string>
  <string name="ecm_exit_dialog">EcmExitDialog</string>
  <string name="phone_entered_ecm_text">Włączono tryb alarmowego połączenia zwrotnego</string>
  <string name="phone_in_ecm_notification_title">Tryb alarmowego połączenia zwrotnego</string>
  <string name="phone_in_ecm_call_notification_text">Połączenie transmisji danych jest wyłączone</string>
  <string name="alert_dialog_in_ecm_call">Wybrana akcja jest niedostępna przy nawiązanym połączeniu alarmowym</string>
  <string name="progress_dialog_exiting_ecm">Kończenie trybu alarmowego połączenia zwrotnego</string>
  <string name="alert_dialog_yes">Tak</string>
  <string name="alert_dialog_no">nie</string>
  <string name="alert_dialog_dismiss">Zamknij</string>
  <string name="absent_num">Brak numeru</string>
  <string name="voicemail_settings">Ustawienia poczty głosowej</string>
  <string name="voicemail_number_not_set"><nie ustawiono></string>
  <string name="voicemail_provider">Usługa poczty głosowej</string>
  <string name="voicemail_settings_for">Ustawienia dla %s</string>
  <string name="other_settings">Inne ustawienia połączenia</string>
  <string name="dial_button_label">Wybierz numer</string>
  <string name="calling_via_template">Połączenie za pośrednictwem operatora</string>
  <string name="slide_to_answer">Przeciągnij w prawo, aby odebrać</string>
  <string name="slide_to_silence">Przeciągnij w lewo, aby wyciszyć dzwonek</string>
  <string name="slide_to_decline">Przeciągnij w lewo, aby odrzucić</string>
  <string name="slide_to_answer_and_hold">Przeciągnij w prawo, aby odebrać\ni zawiesić aktywne połączenie</string>
  <string name="slide_to_answer_and_end_active">Przeciągnij w prawo, aby odebrać\n i zakończyć aktywne połączenie</string>
  <string name="slide_to_answer_and_end_onhold">Przeciągnij w prawo, aby odebrać\ni zakończyć zawieszone połączenie</string>
  <string name="slide_to_answer_hint">Odbierz</string>
  <string name="slide_to_decline_hint">Odrzuć</string>
  <string name="notification_ongoing_calling_format">Łączenie (%s)</string>
  <string name="advanced_setting">zaawansowane ustawienie</string>
  <string name="call_reject_hint">Odrzuć połącznie</string>
  <string name="hangup_sms">Wcisnij "Menu" by odrzucić i odpowiedzieć wiadomością SMS</string>
  <string name="hangup_sms_body">Nie mogę teraz rozmawiać, oddzwonię później</string>
  <string name="onscreenNoteText">Historia</string>
  <string name="query_telocation_title">Sprawdź położenie numeru</string>
  <string name="query_telocation_sum">Sprawdź położenie numeru kom. lub stacjonarnego</string>
  <string name="button_query_hint">Wpisz numer telefonu</string>
  <string name="button_query">Sprawdź</string>
  <string name="button_clear">Opróżnianie</string>
  <string name="text_location">Lokalizacja:</string>
  <string name="text_areacode">Numer kierunkowy:</string>
  <string name="unknown_location">nieznana lokalizacja</string>
  <string name="autoip">Automatyczne łączenie z IP</string>
  <string name="autoip_sum">IP</string>
  <string name="ip_prefix">Prefix IP</string>
  <string name="ip_prefix_sum">IP prefiksu wybierania operatorów:%s</string>
  <string name="current_areacode">Aktualny kod sieci</string>
  <string name="current_areacode_sum">strefa</string>
  <string name="always_enable_mms">Zawsze odbieraj MMS</string>
  <string name="always_enable_mms_summary">Zawsze odbieraj MMS-y, gdy dane są wyłączone</string>
  <string name="dialer_click_pref_title">Pojedyncze kliknięcie na liście kontaktów</string>
  <string name="dialer_click_pref_summary">Określ działanie dla pojedynczego kliknięcia na liście kontaktów</string>
  <string name="auto_dialpad_pref_title">Pokaż klawiaturę automatycznie</string>
  <string name="auto_dialpad_pref_summary">Wyświetl klawiaturę telefonu podczas połączenia</string>
  <string name="anti_disturb_settings">Nie przeszkadzac</string>
  <string name="incoming_call_limit_title">Przychodzace</string>
  <string name="incoming_call_limit_summary">Przychodzace</string>
</resources>
