<?xml version="1.0" encoding="utf-8"?>
<!--Generated by crowdin.net-->
<resources>
  <string name="app_name">Aktualizacja systemu</string>
  <string name="apply_now_button_text">Zaktualizuj teraz</string>
  <string name="apply_later_button_text">Zaktualizuj później</string>
  <string name="apply_update_button_text">Zastosuj aktualizację</string>
  <string name="apply_title_textview_text">Gotowy do użycia</string>
  <string name="apply_subtitle_textview_text">Informacje o wydaniu:</string>
  <string name="apply_unable_to_reboot_toast">Nie można uruchomić ponownie w trybie Recovery</string>
  <string name="apply_trying_to_get_root_access">Próba uzyskania dostępu do konta roota, aby ponownie uruchomić w trybie Recovery</string>
  <string name="available_updates_text">Wybierz ROM do pobrania:</string>
  <string name="choose_available_update_text">Aktualizuj</string>
  <string name="no_updates_found_instructions">Masz już najnowszą wersję oprogramowania\ dotknij \'Sprawdź teraz\'\ Ponowne sprawdzanie aktualizacji.</string>
  <string name="check_error_instructions">Sprawdzanie aktualizacji nie powiodło się \n Naciśnij \'Sprawdź teraz\' Ponowne sprawdzanie aktualizacji</string>
  <string name="downloaded_update_found_text">Znaleziono plik aktualizacji na karcie SD:</string>
  <string name="checking_for_updates">Sprawdzanie aktualizacji</string>
  <string name="downloading_update">Pobieranie aktualizacji</string>
  <string name="sdcard_is_not_present_dialog_body">Do pobrania pliku wymagana jest karta SD</string>
  <string name="sdcard_is_not_present_dialog_title">Nie można odnaleźć karty SD</string>
  <string name="sdcard_is_not_present_dialog_ok_button">OK</string>
  <string name="current_version_text">Obecnie używana wersja:</string>
  <string name="delete_updates_text">Usuń aktualizacje</string>
  <string name="delete_updates_success_message">Aktualizacja została usunięta</string>
  <string name="delete_updates_failure_message">Wystąpił błąd podczas usuwania</string>
  <string name="delete_updates_noFolder_message">Nie znaleziono lokalnych aktualizacji</string>
  <string name="apply_update_dialog_title">Potwierdź operację aktualizacji</string>
  <string name="apply_update_dialog_text">Aby zastosować niezwłoczną aktualizację plików: (0). \ N Po dotknięciu "Aktualizuj", telefon automatycznie uruchomi się w trybie Recovery w celu zainstalowania aktualizacji.</string>
  <string name="apply_update_dialog_update_button">Aktualizuj</string>
  <string name="apply_update_dialog_backup_and_update_button">Kopie zapasowe i Aktualizacje aplikacji</string>
  <string name="apply_update_dialog_cancel_button">Anuluj</string>
  <string name="check_now">Sprawdź aktualizacje</string>
  <string name="menu_config">Ustawienia</string>
  <string name="menu_about">Informacje</string>
  <string name="menu_changelog">Dziennik zmian</string>
  <string name="cancel_download_buton_text">Anuluj</string>
  <string name="confirm_download_cancelation_dialog_message">Czy na pewno chcesz anulować pobieranie?</string>
  <string name="confirm_download_cancelation_dialog_yes">Tak</string>
  <string name="confirm_download_cancelation_dialog_no">Nie</string>
  <string name="download_canceled_toast_message">Anulowano pobieranie</string>
  <string name="verify_and_apply_dialog_title">Plik został pomyślnie zweryfikowany.</string>
  <string name="verify_and_apply_dialog_message">Sprawdzanie sygnatur MD5</string>
  <string name="apply_existing_update_md5error_message">Błąd: Niezgodna sygnatura MD5.</string>
  <string name="file_not_found_error_message">Plik nie istnieje lub nie ma do niego dostępu</string>
  <string name="apply_upload_info_message">Dotknij "Aktualizuj teraz", telefon zostanie automatycznie ponownie uruchomiony w celu zastosowania aktualizacji. Jeśli chcesz zrobić kopię zapasową, należy powrócić do kopii zapasowej systemu po aktualizacji.</string>
  <string name="notes_about_recovery">(Należy pamiętać, że w celu wsparcia przyszłych uaktualnień OTA, ROM musi być zgodny z Recovery. Aby zapewnić kompatybilność zalecamy korzystanie z Recovery znajdującego się pod opcją "Ciężkie Malowanie Recovery".) </string>
  <string name="last_update_check_text">Ostatnie sprawdzenie dostępności aktualizacji</string>
  <string name="overwrite_update_title">Istniejąca aktualizacja</string>
  <string name="overwrite_update_summary">ROM już istnieje. Czy chcesz pobrać ponownie?</string>
  <string name="overwrite_update_positive">Pobierz ponownie</string>
  <string name="overwrite_update_negative">Użyj obecnego ROMu</string>
  <string name="no_md5_found_summary">Aktualizacja nie ma sumy MD5. Czy na pewno chcesz zastosować tę aktualizację bez sprawdzenia jej?</string>
  <string name="no_md5_found_positive">Zastosuj aktualizację</string>
  <string name="no_md5_found_negative">Anuluj</string>
  <string name="notification_tickertext">Pobieranie aktualizacji</string>
  <string name="notification_finished">Pobieranie ukończone</string>
  <string name="stable_description">Stabilne</string>
  <string name="experimental_description">Stabilny</string>
  <string name="changelog_button_text">Dziennik zmian</string>
  <string name="changelog_title_rom">Dziennik zmian ROMu</string>
  <string name="md5_check_cancelled">Sprawdzanie sumy MD5 anulowane</string>
  <string name="title_running">Bieżąca wersja</string>
  <string name="no_updatecheck_executed">Nie wykonano sprawdzania aktualizacji</string>
  <string name="about_dialog_title">Informacje</string>
  <string name="no_updates_found">Nie znaleziono aktualizacji</string>
  <string name="not_new_updates_found_title">Znaleziono nowe aktualizacje!</string>
  <string name="exception_while_downloading">Wystąpił błąd podczas pobierania</string>
  <string name="not_update_check_error_title">Nie można sprawdzić aktualizacji</string>
  <string name="not_update_download_error_title">Błąd podczas pobierania aktualizacji</string>
  <string name="not_update_downloaded_title">Zakończono pobieranie aktualizacji</string>
  <string name="not_update_downloaded_body">{0} Gotowy do instalacji</string>
  <string name="download_info_filename">Nazwa pliku:</string>
  <string name="download_info_mirror">Mirror:</string>
  <string name="download_info_downloading">Pobieranie...</string>
  <string name="download_info_speed">Prędkość pobierania:</string>
  <string name="download_info_remaining_time">Pozostały czas:</string>
  <string name="md5_verification_failed">Weryfikacja MD5 nie powiodła się </string>
  <string name="not_new_updates_found_body">Znaleziono nową wersję</string>
  <string name="not_network_error">Błąd w sieci, sprawdź połączenie internetowe </string>
  <string name="version_description">Opis wersji</string>
  <string name="acknowledge">Potwierdzenie </string>
  <string name="pleasea_check_update">Proszę sprawdzić aktualizację</string>
  <string name="already_applied">Zastosowano</string>
  <string name="stable_version">Wersja stabilna</string>
  <string name="test_version">Wersja eksperymentalna</string>
  <string name="wifi_not_available_title">Sieć Wi-Fi nie jest podłączona</string>
  <string name="wifi_not_available_body">Z powodu dużego rozmiaru pliku, zalecane jest pobieranie przez Wi-Fi. Sieć Wi-Fi jest wyłączona lub nie jest podłączona, kontynuować mimo to? </string>
  <string name="widget_title">Moje MIUI</string>
  <string name="widget_feedback">Jakiekolwiek opinie?</string>
  <string name="unable_to_flash_recovery">Nie można wgrać Recovery</string>
  <string name="flash_recovery_successfully">Wgrywanie Recovery zakończone powodzeniem</string>
  <string name="reflash_recovery">Ciężkie Malowanie Recovery</string>
  <string name="boot_recovery">Uruchom ponownie w trybie Recovery</string>
  <string name="flash_recovery_dialog_message">Flashowanie Recovery</string>
  <string name="applying_rom_message">Wgrywanie nowego ROMu</string>
  <string name="loading">Łączenie z MIUI</string>
  <string name="page_error_title">Nie można uzyskać dostępu</string>
  <string name="page_error">Brak dostępu do MIUI, prawdopodobnie wystąpił problem z połączeniem internetowym lub serwerem MIUI</string>
  <string name="page_reload">Spróbuj ponownie</string>
  <string name="install_rom_from_sd">Zainstaluj ROM z karty SD</string>
</resources>
