<?xml version="1.0" encoding="utf-8"?>
<!--Generated by crowdin.net-->
<resources>
  <string name="app_label">Úložisko kontaktov</string>
  <string name="provider_label">Kontakty</string>
  <string name="upgrade_out_of_memory_notification_ticker">Upgrade kontaktu vyžaduje viac pamäti </string>
  <string name="upgrade_out_of_memory_notification_title">Upgrade úložiska kontaktov</string>
  <string name="upgrade_out_of_memory_notification_text">Výberom tejto možnosti dokončite upgrade.</string>
  <string name="edit_contact">Pridať k existujúcim kontaktom</string>
  <string name="create_contact">Nový kontakt</string>
</resources>
