<?xml version="1.0" encoding="utf-8"?>
<!--Generated by crowdin.net-->
<resources>
  <string name="config_import_vcard_type">východzie</string>
  <string name="config_export_vcard_type">predvolené</string>
  <string name="config_export_dir">/sdcard</string>
  <string name="config_export_file_prefix"> </string>
  <string name="config_export_file_suffix"> </string>
  <string name="config_export_file_extension">vcf</string>
  <string name="config_export_extensions_to_consider">Backup</string>
  <string name="contactsList">Kontakty</string>
  <string name="launcherDialer">Telefón</string>
  <string name="shortcutContact">Kontakt</string>
  <string name="shortcutDialContact">Priame vytáčanie</string>
  <string name="shortcutMessageContact">Priama správa</string>
  <string name="shortcutActivityTitle">Výber zkratky kontaktu</string>
  <string name="callShortcutActivityTitle">Výber čísla pre hovor</string>
  <string name="messageShortcutActivityTitle">Výber čísla pre správu</string>
  <string name="starredList">Označené hviezdičkou</string>
  <string name="frequentList">Časté</string>
  <string name="strequentList">Obľúbené</string>
  <string name="viewContactTitle">Kontaktné informácie</string>
  <string name="viewContactDesription">Zobraziť kontakt</string>
  <string name="editContactDescription">Upraviť kontakt</string>
  <string name="insertContactDescription">Vytvoriť kontakt</string>
  <string name="searchHint">Vyhľadať kontakty</string>
  <string name="menu_search">Hľadať</string>
  <string name="menu_newContact">Nový kontakt</string>
  <string name="menu_viewContact">Zobraziť kontakt</string>
  <string name="menu_callNumber">Volať kontakt %s</string>
  <string name="menu_addStar">Pridať k obľúbeným položkám</string>
  <string name="menu_removeStar">Odobrať z obľúbených položiek</string>
  <string name="menu_editContact">Upraviť kontakt</string>
  <string name="menu_deleteContact">Zmazať kontakt</string>
  <string name="menu_call">Volať kontakt</string>
  <string name="menu_sendSMS">Odoslať správu kontaktu</string>
  <string name="menu_sendEmail">Odoslať e-mail</string>
  <string name="menu_viewAddress">Adresa na mape</string>
  <string name="menu_makeDefaultNumber">Nastaviť ako východzie číslo</string>
  <string name="menu_makeDefaultEmail">Nastaviť ako východzí e-mail</string>
  <string name="menu_splitAggregate">Oddeliť</string>
  <string name="contactsSplitMessage">Kontakty boli oddelené</string>
  <string name="splitConfirmation_title">Oddeliť kontakt</string>
  <string name="splitConfirmation">Naozaj chcete tento kontakt rozdeliť do viacerých kontaktov (pre každú pripojenú kontaktnú informáciu bude vytvorený samostatný kontakt)?</string>
  <string name="menu_joinAggregate">Spojiť</string>
  <string name="titleJoinContactDataWith">Spojiť kontakty</string>
  <string name="blurbJoinContactDataWith">Vyberte kontakt, ktorý chcete spojiť s kontaktom %s.</string>
  <string name="showAllContactsJoinItem">Zobraziť všetky kontakty</string>
  <string name="separatorJoinAggregateSuggestions">Navrhované kontakty</string>
  <string name="separatorJoinAggregateAll">Všetky kontakty</string>
  <string name="contactsJoinedMessage">Kontakty boli spojené</string>
  <string name="menu_contactOptions">Možnosti</string>
  <string name="contactOptionsTitle">Možnosti</string>
  <string name="deleteConfirmation_title">Zmazať</string>
  <string name="readOnlyContactWarning">Z účtov iba pre čítanie nieje možné kontakty mazať, môžete ich však v zoznamoch kontaktov skryť.</string>
  <string name="readOnlyContactDeleteConfirmation">Tento kontakt obsahuje informácie z niekoľkých účtov. Informácie z účtov iba pre čítanie budú v zoznamoch kontaktov skryté, ale nebudú zmazané.</string>
  <string name="multipleContactDeleteConfirmation">Zmazaním tohoto kontaktu zmažete informácie z viacej účtov.</string>
  <string name="deleteConfirmation">Tento kontakt bude zmazaný.</string>
  <string name="menu_done">Hotovo</string>
  <string name="menu_doNotSave">Vrátiť zmeny</string>
  <string name="editContact_title_edit">Upraviť kontakt</string>
  <string name="editContact_title_insert">Nový kontakt</string>
  <string name="label_phonetic_name">Foneticky</string>
  <string name="label_notes">Poznámky</string>
  <string name="label_ringtone">Vyzváňací tón</string>
  <string name="ghostData_name">Meno a priezvisko</string>
  <string name="ghostData_phonetic_name">Meno (foneticky)</string>
  <string name="ghostData_company">Spoločnosť</string>
  <string name="ghostData_title">Titulok</string>
  <string name="invalidContactMessage">Kontakt neexistuje.</string>
  <string name="pickerNewContactHeader">Vytvoriť nový kontakt</string>
  <string name="selectLabel">Vybrať štítok</string>
  <string name="phoneLabelsGroup">Telefón</string>
  <string name="emailLabelsGroup">E-mail</string>
  <string name="imLabelsGroup">IM</string>
  <string name="postalLabelsGroup">Poštová adresa</string>
  <string name="photoPickerNotFoundText">V telefóne nie sú k dispozícii žiadne obrázky.</string>
  <string name="attachToContact">Ikona kontaktu</string>
  <string name="customLabelPickerTitle">Vlastné Meno štítku</string>
  <string name="send_to_voicemail_checkbox">Presmerovávať hovory do hlasovej schránky automaticky</string>
  <string name="default_ringtone">Východzie nastavenie</string>
  <string name="changePicture">Zmeniť ikonu</string>
  <string name="removePicture">Odstrániť ikonu</string>
  <string name="noContacts">Žiadne kontakty.</string>
  <string name="noMatchingContacts">Nenájdené žiadne odpovedajúce kontatky.</string>
  <string name="noContactsWithPhoneNumbers">Žiadne kontakty s telefónnymi číslami.</string>
  <string name="savingContact">Ukladám kontakt…</string>
  <string name="contactSavedToast">Kontakt uložený.</string>
  <string name="contactSavedErrorToast">Chyba, zmeny nejdú uložiť.</string>
  <string name="listTotalPhoneContactsZero">Žiadné kontakty s telefónnymi číslami nie sú viditeľné</string>
  <string name="listTotalAllContactsZero">Žiadne kontakty nie sú viditeľné</string>
  <string name="listFoundAllContactsZero">Kontakt nebol nájdený</string>
  <string name="contactsIconLabel">Kontakty</string>
  <string name="contactsFavoritesLabel">Obľúbené</string>
  <string name="dialerIconLabel">Telefón</string>
  <string name="recentCallsIconLabel">Hovory</string>
  <string name="liveFolderAll">Všetky kontakty</string>
  <string name="liveFolderFavorites">Kontakty označené hviezdičkou</string>
  <string name="liveFolderPhone">Kontakty s telefónnym číslom</string>
  <string name="menu_sendTextMessage">Odoslať textovú správu</string>
  <string name="recentCalls_callNumber">Volať kontakt %s</string>
  <string name="recentCalls_editNumberBeforeCall">Pred volaním upraviť číslo</string>
  <string name="recentCalls_addToContact">Pridať do kontaktov</string>
  <string name="recentCalls_removeFromRecentList">Odstrániť z hovorov</string>
  <string name="recentCalls_deleteAll">Vymazať hovory</string>
  <string name="recentCalls_empty">Záznam hovorov je prázdny.</string>
  <string name="clearCallLogConfirmation_title">Vymazať hovory</string>
  <string name="clearCallLogConfirmation">Naozaj chcete vymazať hovory?</string>
  <string name="imei">IMEI</string>
  <string name="meid">MEID</string>
  <string name="voicemail">Hlasová schránka</string>
  <string name="unknown">Neznáme</string>
  <string name="private_num">Súkromné číslo</string>
  <string name="payphone">Verejný telefón</string>
  <string name="dialerKeyboardHintText">Číslo vytočíte pomocou klávesnice</string>
  <string name="dialerDialpadHintText">Pridávate hovor</string>
  <string name="simContacts_emptyLoading">Načítanie z karty SIM...</string>
  <string name="simContacts_title">Kontakty na karte SIM</string>
  <string name="liveFolder_all_label">Všetky kontakty</string>
  <string name="liveFolder_favorites_label">Označené hviezdičkou</string>
  <string name="liveFolder_phones_label">Telefóny</string>
  <string name="callDetailTitle">Podrobnosti hovoru</string>
  <string name="toast_call_detail_error">Detaily požadovaného hovoru nejdú načítať.</string>
  <string name="type_incoming">Príchádzajúci hovor</string>
  <string name="type_outgoing">Odchádzajúce volanie</string>
  <string name="type_missed">Zmeškaný hovor</string>
  <string name="actionIncomingCall">Prichádzajúce volanie</string>
  <string name="callBack">Zavolať späť</string>
  <string name="callAgain">Zavolať znovu</string>
  <string name="returnCall">Spätné volanie</string>
  <string name="callDetailsDurationFormat">%1$s min %2$s s</string>
  <string name="favoritesFrquentSeparator">Nejčastejšie používané kontakty</string>
  <string name="add_contact_dlg_title">Pridať kontakt</string>
  <string name="add_contact_dlg_message_fmt">Chcete pridať „%s“ do kontaktov?</string>
  <string name="all_tab_label">Všetky</string>
  <string name="description_image_button_one">jedna</string>
  <string name="description_image_button_two">dve</string>
  <string name="description_image_button_three">tri</string>
  <string name="description_image_button_four">štyri</string>
  <string name="description_image_button_five">päť</string>
  <string name="description_image_button_six">šesť</string>
  <string name="description_image_button_seven">sedem</string>
  <string name="description_image_button_eight">osem</string>
  <string name="description_image_button_nine">deväť</string>
  <string name="description_image_button_star">hviezdička</string>
  <string name="description_image_button_delete">Odstrániť</string>
  <string name="description_image_button_zero">nula</string>
  <string name="description_image_button_pound">libra</string>
  <string name="description_voicemail_button">hlasová schránka</string>
  <string name="description_dial_button">vytáčanie</string>
  <string name="description_delete_button">backspace</string>
  <string name="description_digits_edittext">vytočiť číslo</string>
  <string name="description_contact_photo">fotografia kontaktu</string>
  <string name="description_minus_button">mínus</string>
  <string name="description_plus_button">plus</string>
  <string name="no_sdcard_title">Žiadna karta SD</string>
  <string name="no_sdcard_message">Nebola zistená žiadna karta SD</string>
  <string name="searching_vcard_title">Vyhľadávanie karty vCard</string>
  <string name="import_from_sim">Importovať z karty SIM</string>
  <string name="import_from_sdcard">Importovať z karty SD</string>
  <string name="export_to_sdcard">Exportovať na kartu SD</string>
  <string name="share_visible_contacts">Sdieľať viditeľné kontakty</string>
  <string name="import_one_vcard_string">Importovať jeden súbor vCard</string>
  <string name="import_multiple_vcard_string">Importovať niekoľko súborov vCard</string>
  <string name="import_all_vcard_string">Importovať všetky súbory vCard</string>
  <string name="searching_vcard_message">Vyhľadávanie dát karty vCard na karte SD</string>
  <string name="scanning_sdcard_failed_title">Vyhľadávanie na karte SD sa nepodarilo</string>
  <string name="scanning_sdcard_failed_message">Vyhľadávanie na karte SD sa nepodarilo. (Dôvod: %s)</string>
  <string name="fail_reason_io_error">Chyba V/V</string>
  <string name="fail_reason_vcard_parse_error">Analýza karty vCard sa z neznámeho dôvodu nepodarila</string>
  <string name="fail_reason_vcard_not_supported_error">Analýza karty vCard sa nepodarila. I keď sa zrejme jedná o správny formát, aktuálna implementácia ju nepodporuje</string>
  <string name="fail_reason_no_vcard_file">Na karte SD nebol nájdený žiadny súbor vCard</string>
  <string name="fail_reason_failed_to_read_files">Import jedného alebo viacej súborov sa nepodaril (%s).</string>
  <string name="fail_reason_unknown">Neznáma chyba</string>
  <string name="select_vcard_title">Výber súboru vCard</string>
  <string name="progress_shower_message">%1$s\n%2$s</string>
  <string name="reading_vcard_title">Čítanie karty vCard</string>
  <string name="reading_vcard_message">Čítanie súborov vCard</string>
  <string name="reading_vcard_failed_title">Čítanie dát karty vCard sa nepodarilo</string>
  <string name="reading_vcard_contacts">%1$s z %2$s kontaktov</string>
  <string name="reading_vcard_files">%1$s z %2$s súborov</string>
  <string name="confirm_export_title">Potvrdiť export</string>
  <string name="confirm_export_message">Naozaj chcete exportovať zoznam kontaktov do súboru %s?</string>
  <string name="exporting_contact_failed_title">Export dát kontaktov sa nepodaril</string>
  <string name="exporting_contact_failed_message">Export dát kontaktov sa nepodaril.\nPríčina chyby: %s</string>
  <string name="fail_reason_no_exportable_contact">Žiadny kontakt nejde exportovať</string>
  <string name="fail_reason_too_many_vcard">Na karte SD je príliš mnoho súborov vCard</string>
  <string name="fail_reason_too_long_filename">Požadovaný názov súboru (%s) je príliš dlhý</string>
  <string name="exporting_contact_list_title">Export dát kontaktov</string>
  <string name="exporting_contact_list_message">Prebieha export dát kontaktov do súboru %s</string>
  <string name="fail_reason_could_not_initialize_exporter">Nejde spustiť exportný program: %s</string>
  <string name="fail_reason_error_occurred_during_export">Pri exporte došlo k chybe: %s</string>
  <string name="composer_failed_to_get_database_infomation">Načítanie informácií z databáze sa nepodarilo</string>
  <string name="composer_has_no_exportable_contact">Nejde exportovať žiadne kontakty. Pokiaľ máte v telefóne skutočne uložené kontakty, je možné, že niektoré poskytovateľ dátových služieb zakázal ich export mimo telefón.</string>
  <string name="composer_not_initialized">Editor karty vCard nie je správne inicializovaný</string>
  <string name="fail_reason_could_not_open_file">Súbor %1$s nejde otvoriť: %2$s</string>
  <string name="exporting_contact_list_progress">%1$s z %2$s kontaktov</string>
  <string name="search_settings_description">Mená vašich kontaktov</string>
  <string name="add_2sec_pause">Pridať 2s pauzu</string>
  <string name="add_wait">Pridať čekanie</string>
  <string name="call_disambig_title">Volať pomocou</string>
  <string name="sms_disambig_title">Odoslať správu pomocou</string>
  <string name="make_primary">Zapamätať túto voľbu</string>
  <string name="quickcontact_missing_app">Aplikácia potrebná k prevedeniu tejto akcie nebola nájdená</string>
  <string name="quickcontact_remember_choice">Zapamätať túto voľbu</string>
  <string name="quickcontact_missing_name">Neznáme</string>
  <string name="menu_accounts">Účty</string>
  <string name="menu_import_export">Importovať/Exportovať</string>
  <string name="dialog_import_export">Importovať alebo exportovať kontakty</string>
  <string name="menu_share">Zdielať</string>
  <string name="share_via">Zdielať kontakt pomocou</string>
  <string name="share_error">Tento kontakt nejde zdielať.</string>
  <string name="nameLabelsGroup">Meno</string>
  <string name="nicknameLabelsGroup">Priezvisko</string>
  <string name="organizationLabelsGroup">Organizácia</string>
  <string name="websiteLabelsGroup">Webové stránky</string>
  <string name="eventLabelsGroup">Udalosť</string>
  <string name="type_short_home">D</string>
  <string name="type_short_mobile">M</string>
  <string name="type_short_work">P</string>
  <string name="type_short_pager">P</string>
  <string name="type_short_other">O</string>
  <string name="edit_read_only">Tento kontakt je iba pre čítanie</string>
  <string name="edit_secondary_collapse">Viacej</string>
  <string name="dialog_primary_name">Primárne meno</string>
  <string name="dialog_new_contact_account">Vytvoriť kontakt na základe účtu</string>
  <string name="account_phone">Iba v telefóne (nesynchronizované)</string>
  <string name="call_custom">Volať kontakt %s</string>
  <string name="call_home">Volať domov</string>
  <string name="call_mobile">Volať mobil</string>
  <string name="call_work">Volať do práce</string>
  <string name="call_fax_work">Volať pracovný fax</string>
  <string name="call_fax_home">Volať domáci fax</string>
  <string name="call_pager">Volať pager</string>
  <string name="call_other">Volať</string>
  <string name="call_callback">Volať na číslo spätného volania</string>
  <string name="call_car">Volať do auta</string>
  <string name="call_company_main">Volať firmu (hlavné)</string>
  <string name="call_isdn">Volať na číslo ISDN</string>
  <string name="call_main">Volať na hlavné číslo</string>
  <string name="call_other_fax">Volať fax</string>
  <string name="call_radio">Volať rádiostanicu</string>
  <string name="call_telex">Volať na číslo Telex</string>
  <string name="call_tty_tdd">Volať na číslo TTY/TDD</string>
  <string name="call_work_mobile">Volať na pracovný mobil</string>
  <string name="call_work_pager">Volať na pracovný pager</string>
  <string name="call_assistant">Volať na číslo %s</string>
  <string name="call_mms">Volať MMS</string>
  <string name="sms_custom">Poslať SMS na %s</string>
  <string name="sms_home">SMS domov</string>
  <string name="sms_mobile">SMS na mobil</string>
  <string name="sms_work">SMS do práce</string>
  <string name="sms_fax_work">SMS na pracovný fax</string>
  <string name="sms_fax_home">SMS na domáci fax</string>
  <string name="sms_pager">SMS na pager</string>
  <string name="sms_other">SMS</string>
  <string name="sms_callback">Odoslať správu na číslo spätného volania</string>
  <string name="sms_car">SMS do auta</string>
  <string name="sms_company_main">SMS do firmy (hlavné)</string>
  <string name="sms_isdn">Odoslať správu na číslo ISDN</string>
  <string name="sms_main">Odoslať správu na hlavné číslo</string>
  <string name="sms_other_fax">SMS na fax</string>
  <string name="sms_radio">SMS na rádiotelefón</string>
  <string name="sms_telex">Odoslať správu na číslo Telex</string>
  <string name="sms_tty_tdd">Odoslať správu na číslo TTY/TDD</string>
  <string name="sms_work_mobile">Odoslať správu na pracovný mobil</string>
  <string name="sms_work_pager">Odoslať správu na pracovný pager</string>
  <string name="sms_assistant">Odoslať správu asistentovi %s</string>
  <string name="sms_mms">SMS na číslo MMS</string>
  <string name="email_home">E-mail domov</string>
  <string name="email_mobile">E-mail na mobil</string>
  <string name="email_work">E-mail do práce</string>
  <string name="email_other">E-mail</string>
  <string name="email_custom">E-mail %s</string>
  <string name="email">E-mail</string>
  <string name="map_home">Zobraziť adresu domov</string>
  <string name="map_work">Zobraziť pracovnú adresu</string>
  <string name="map_other">Zobraziť adresu</string>
  <string name="map_custom">Zobraziť adresu %s</string>
  <string name="chat_aim">Chatovať pomocou AIM</string>
  <string name="chat_msn">Chatovať pomocou Windows Live</string>
  <string name="chat_yahoo">Chatovať pomocou Yahoo</string>
  <string name="chat_skype">Chatovať pomocou Skype</string>
  <string name="chat_qq">Chatovať pomocou QQ</string>
  <string name="chat_gtalk">Chatovať pomocou Google Talk</string>
  <string name="chat_icq">Chatovať pomocou ICQ</string>
  <string name="chat_jabber">Chatovať pomocou Jabberu</string>
  <string name="chat">Chat</string>
  <string name="postal_street">Ulica</string>
  <string name="postal_pobox">Číslo poštovej schránky</string>
  <string name="postal_neighborhood">Štvrť</string>
  <string name="postal_city">Mesto</string>
  <string name="postal_region">Štát</string>
  <string name="postal_postcode">PSČ</string>
  <string name="postal_country">Zem</string>
  <string name="name_given">Krstné meno</string>
  <string name="name_family">Priezvisko</string>
  <string name="name_prefix">Titul pred menom</string>
  <string name="name_middle">Ďalšie meno</string>
  <string name="name_suffix">Titul za menom</string>
  <string name="name_phonetic_given">Krstné meno (foneticky)</string>
  <string name="name_phonetic_middle">Druhé meno (foneticky)</string>
  <string name="name_phonetic_family">Priezvisko (foneticky)</string>
  <string name="account_type_format">Kontakt zo zdroja %1$s</string>
  <string name="from_account_format">z účtu %1$s</string>
  <string name="use_photo_as_primary">Použiť túto fotografiu</string>
  <string name="contact_read_only">Kontaktná informáciu zo zdroja %1$s nie je možné na tomto zariadení upraviť.</string>
  <string name="no_contact_details">U tohto kontaktu nie sú uvedené dodatočné informácie</string>
  <string name="search_bar_hint">Vyhľadať kontakty</string>
  <string name="search_for_all_contacts">Vyhľadať všetky kontakty</string>
  <string name="take_photo">Vyfotiť</string>
  <string name="pick_photo">Vybrať fotografiu z galérie</string>
  <string name="locale_change_in_progress">V súvislosti so zmenou jazyka prebieha aktualizácia zoznamu kontaktov.\n\nČakajte prosím...</string>
  <string name="upgrade_in_progress">Aktualizácia zoznamu kontaktov.\n\nČakajte prosím...</string>
  <string name="upgrade_out_of_memory">Prebieha upgrade kontaktov. \n\nUpgrade vyžaduje približne %d MB vnútornej pamäti telefónu. \n\nZvoľte jednu z následujúcích možností:</string>
  <string name="upgrade_out_of_memory_uninstall">Odinštalovať niektoré aplikácie</string>
  <string name="upgrade_out_of_memory_retry">Zkusiť upgradovat znovu</string>
  <string name="search_results_for">Výsledky vyhľadávania pre dotaz: %s</string>
  <string name="search_results_searching">Vyhľadávanie...</string>
  <string name="callNoAnswerTimeFormat">Zvoniť %s Krát</string>
  <string name="numberCountFormat">%s počty</string>
  <string name="menu_display_all">Zobraziť všetky kontakty</string>
  <string name="menu_display_only_phones">Zobraziť iba kontakty s telefónnymi číslami</string>
  <string name="contactsGroupsLabel">Skupiny</string>
  <string name="group_summary_format">%s členi</string>
  <string name="no_member">Skupina je prázdna</string>
  <string name="applyGroupsSelection">Aktualizácia nastavenia skupín ...</string>
  <string name="no_availablePhone">Tento člen nemá telefónne číslo</string>
  <string name="add_group_member">Nový člen</string>
  <string name="group_name_contacts">Kontakty</string>
  <string name="group_name_friends">Priatelia</string>
  <string name="group_name_family">Rodina</string>
  <string name="group_name_coworkers">Spolupracovníci</string>
  <string name="group_name_important">Dôležité</string>
  <string name="group_name_life_info">Životný štýl</string>
  <string name="group_name_white_list">Biela listina</string>
  <string name="group_name_black_list">Čierna listina</string>
  <string name="button_manage_groups">Správa skupín</string>
  <string name="button_back">Speť</string>
  <string name="button_remove_contacts">Zmazať kontakty</string>
  <string name="duplicatedGroupNameHelpText">Nový názov skupiny, nemôže byť rovnaký ako existujúci názov skupiny</string>
  <string name="system_groups_unchangable">Táto skupina je východzia a nejde premenovať alebo odstrániť.</string>
  <string name="menu_add">Pridať</string>
  <string name="menu_remove">Odobrať</string>
  <string name="create_new_group">Nová skupina</string>
  <string name="manage_groups">Správa skupín</string>
  <string name="menu_viewGroup">Zobraziť skupiny</string>
  <string name="menu_deleteGroup">Zmazať skupinu</string>
  <string name="menu_editGroupName">Upraviť názvy skupín</string>
  <string name="input_group_name_hint">Zadajte názov skupiny</string>
  <string name="notification_invalid_group_name">Názov skupiny nemôže byť prázdny</string>
  <string name="add_to_group_format">pridať do skupiny</string>
  <string name="name_full">Meno</string>
  <string name="add_more_items">Pridať ďalší</string>
  <string name="saveConfirmationTitle">názov uložený</string>
  <string name="saveConfirmationBody">uložiť súbor ?</string>
  <string name="saveConfirmationYes">uložiť</string>
  <string name="saveConfirmationNo">potvrdiť uloženie čísla</string>
  <string name="import_from_account">Import z iného účtu</string>
  <string name="select_account_import_from">Vyberte účet pre import</string>
  <string name="importing_from_account">Import</string>
  <string name="fail_message_account_needed">Prosím, nastavte svoj MIUI účet ako prvý</string>
  <string name="success_message_import_from_account">Import bol úspešný</string>
  <string name="date_day">Den</string>
  <string name="fast_scroll_alphabet">\#ABCDEFGHIJKLMNOPQRSTUVWXYZ</string>
  <string name="belong_no_group">Nie je v skupine</string>
  <string name="menu_remove_member">Zmazať kontakt</string>
  <string name="removeConfirmation_title">Odobrať</string>
  <string name="menu_add_favorite_contact">Pridať kontakt do obľúbených</string>
  <string name="menu_group_sms">Poslať skupinovú správu</string>
  <string name="menu_group_ringtone">Skupinové vyzváňanie</string>
  <string name="menu_add_member">Pridať člena</string>
  <string name="menu_callIpNumber">Volať IP telefón (Číselník %s)</string>
  <string name="menu_clearDefaultNumber">Zrušiť východzie nastavené číslo</string>
  <string name="menu_clearDefaultEmail">Zrušiť východzie nastavenie pošty</string>
  <string name="favoriteContactDescription">popis obľúbeného kontaktu</string>
  <string name="unfavoriteContactDescription">odhlásiť</string>
  <string name="shareContactDescription">zdielané kontakty</string>
  <string name="titlePickOrCreateNewContact">vytvoriť nový kontakt</string>
  <string name="titlePickContactNumber">vybrať telefónne číslo</string>
  <string name="fixedPhoneLabel">Pozemné</string>
  <string name="fixedFaxLabel">fax</string>
  <string name="goto_album">Ísť do Galérie</string>
  <string name="recommneded_photos">Doporučené obrázky kontaktov</string>
  <string name="downloading_photos">stiahnuť obrázky</string>
  <string name="callButtonText">Volať</string>
  <string name="callrecordview_menu_phone_all">Zobraziť všetky hovory</string>
  <string name="callrecordview_menu_phone_missed">Zobraziť iba zmeškané hovory</string>
  <string name="callrecordview_menu_delete_one">Odstrániť záznam hovoru</string>
  <string name="callrecordview_menu_delete_stranger">Vymazať históriu volania s neznámymi číslami</string>
  <string name="callrecordview_menu_delete_all">Vymazať celú históriu volania</string>
  <string name="callrecordview_menu_set">Nastavenie</string>
  <string name="callrecordview_more">Viacej</string>
  <string name="callrecordview_more_title">%s celkom volaní</string>
  <string name="callrecordview_item_calls">%d volaní</string>
  <string name="callrecordview_item_op_time_missed">Zmeškaný hovor</string>
  <string name="callrecordview_item_op_time_short_incoming">%d sekúnd do hovoru</string>
  <string name="callrecordview_item_op_time_short_outgoing">Hovor %d sekund</string>
  <string name="callDetailsDurationFormat_incoming">Minúta volania %1$s %2$s sekúnd</string>
  <string name="callDetailsDurationFormat_outgoing">Minúta volania %1$s %2$s sekúnd</string>
  <string name="group_delete_confirmation">Potvrdiť zmazanie skupiny</string>
  <string name="no_sms_availabe_contact_in_group">Táto skupina nemá kontakty schopné dostávať správy</string>
  <string name="showDialpadTip">Klepnutím zobrazíte číselník</string>
  <string name="set_ringtone_for_group_members_success">Nastavené skupinové vyzváňanie</string>
  <string name="noContactHelpText">Nie je tam žiadna zbierka, môžte:

</string>
  <string name="noFavoriteHelpText">Nie je tam žiadna zbierka, môžte:</string>
  <string name="noGroupMemberHelpText">Táto skupina je v súčasnej dobe prázdna.\n\nAk-chcete pridať kontakt, prosím, stisknite tlačítko a potom vyberte požadované kontakty.\n</string>
  <string name="noContactHelpTextAccounts">Konfigurácia účtu pre synchronizáciu</string>
  <string name="noContactHelpTextImportSim">Import kontaktov zo SIM karty</string>
  <string name="noContactHelpTextImportSD">Import kontaktov z SD karty</string>
  <string name="noContactHelpTextAddContact">Vytvorenie nového kontaktu</string>
  <string name="noContactHelpTextAddStarred">Obľúbené</string>
  <string name="noContactHelpTextAddMember">Pridať člena skupiny</string>
</resources>
