<?xml version="1.0" encoding="utf-8"?>
<!--Generated by crowdin.net-->
<resources>
  <string name="app_name">FM Rádio</string>
  <string name="tx_app_name">FM vysielač</string>
  <string name="preset_delete">Zmazať</string>
  <string name="stat_notif_frequency">FM ladenie %1$s MHz</string>
  <string name="sel_band_menu">Vyberte Regionálne Pásmo</string>
  <string name="settings_menu">Nastavenie</string>
  <string name="regional_band">Regionálne Pásmo</string>
  <string name="aud_output_mode">Režim zvukového výstupu</string>
  <string name="sel_audio_output">Vybrať audio výstup</string>
  <string name="record_dur">Dĺžka záznamu</string>
  <string name="sel_rec_dur">Vyberte dĺžku záznamu</string>
  <string name="auto_select_af">Striedavé frekvencie</string>
  <string name="auto_select_af_enabled">Zapnúť automatický výber</string>
  <string name="auto_select_af_disabled">Vypnúť automatický výber</string>
  <string name="fac_defaults">Obnoviť východzie nastavenie</string>
  <string name="revert_to_fac">Obnoviť východzie nastavenie</string>
  <string name="settings_back">Späť</string>
  <string name="settings_revert_confirm_title">Potvrdiť Reset nastavenia</string>
  <string name="settings_revert_confirm_msg">Tým dôjde k vymazaniu všetkých nastavení, včetne predvolieb</string>
  <string name="settings_back_summary">Návrat na predošlé zobrazenie</string>
  <string name="settings_revert_defaults_title">Vrátiť sa k továrenskému nastaveniu</string>
  <string name="settings_revert_defaults_summary">Vymazanie všetkých nastavení</string>
  <string name="alert_dialog_ok">OK</string>
  <string name="alert_dialog_cancel">Zrušiť</string>
  <string name="preset_search">Hľadať%1$s</string>
  <string name="fm_command_failed_title">FM operácia sa nepodarila</string>
  <string name="fm_cmd_failed_msg">Operácia sa nepodarilala. Možné príčiny sú: pripojiť headset ako anténu, zapnúť Bluetooth, telefón je v priebehu hovoru, alebo FM bol uzatvorený. Zkontrolujte prosím a zkuste to znovu.</string>
  <string name="durationformat">%2$d:%5$02d</string>
  <string name="frequency_string"> </string>
  <string name="stat_no_fm">FM rádio nie je zapnuté</string>
  <string name="need_headset_for_antenna">Chyba! Pripojte headset ako FM anténu.</string>
  <string name="init_FM">Prosím počkajte, zapínam Bluetooth pre aktiváciu FM rádia...</string>
  <string name="need_bluetooth">Chyba! Prosím povoľte Bluetooth.</string>
</resources>
