<?xml version="1.0" encoding="utf-8"?>
<!--Generated by crowdin.net-->
<resources>
  <string name="app_name">Galéria</string>
  <string name="gadget_title">Rámček obrázku</string>
  <string name="details_ms">%1$02d:%2$02d</string>
  <string name="details_hms">%1$d:%2$02d:%3$02d</string>
  <string name="movie_view_label">Filmy</string>
  <string name="loading_video">Nahrávanie videa…</string>
  <string name="resume_playing_title">Obnoviť video</string>
  <string name="resume_playing_message">Obnoviť prehrávané od %s ?</string>
  <string name="resume_playing_resume">Obnoviť prehrávané</string>
  <string name="resume_playing_restart">Začať znova</string>
  <string name="camera">Fotoaparát</string>
  <string name="crop_save_text">Uložiť</string>
  <string name="crop_discard_text">Zahodiť</string>
  <string name="multiface_crop_help">Klepnite na tvár začať.</string>
  <string name="saving_image">Ukladanie obrázku…</string>
  <string name="crop_label">Orezať obrázok</string>
  <string name="running_face_detection">Prosím čakajte…</string>
  <string name="set_image">Nastaviť obrázok ako</string>
  <string name="wallpaper">Nastavovanie tapety, prosím čakajte…</string>
  <string name="camera_setas_wallpaper">Tapeta</string>
  <string name="details_ok">OK</string>
  <string name="loading_new">Nahrávanie nových albumov a fotografií</string>
  <string name="initializing">Nahrávanie</string>
  <string name="pick_prompt">Vyberte položku zo svojej kolekcie</string>
  <string name="no_items">Vo Vašej kolekcii nie sú žiadne položky</string>
  <string name="pick">Výber</string>
  <string name="delete">Zmazať</string>
  <string name="confirm_delete">Potvrdiť odstránenie</string>
  <string name="cancel">Zrušiť</string>
  <string name="share">Zdielať</string>
  <string name="no_sd_card">SD karta odpojená alebo nie je prítomná</string>
  <string name="more">Více</string>
  <string name="select_all">Vybrať všetko</string>
  <string name="deselect_all">Odznačiť všetko</string>
  <string name="slideshow">Prezentácia</string>
  <string name="menu">Menu</string>
  <string name="details">Podrobnosti</string>
  <string name="album_selected">vybraný album</string>
  <string name="item_selected">vybraná položka</string>
  <string name="albums_selected">vybrané albumy</string>
  <string name="items_selected">vybrané položky</string>
  <string name="album">Album</string>
  <string name="start">Štart</string>
  <string name="end">koniec</string>
  <string name="location">Miesto</string>
  <string name="location_unknown">Neznáme miesto</string>
  <string name="title">Názov</string>
  <string name="type">Typ</string>
  <string name="taken_on">Prijatá na</string>
  <string name="added_on">Pridané</string>
  <string name="show_on_map">Ukázať na mape</string>
  <string name="rotate_left">Otočiť Vľavo</string>
  <string name="rotate_right">Otočiť Vpravo</string>
  <string name="crop">Orezať</string>
  <string name="set_as">Nastaviť ako</string>
  <string name="set_as_wallpaper">Nastaviť ako tapetu</string>
  <string name="item">položka</string>
  <string name="items">položky</string>
  <string name="around">Okolo</string>
  <string name="date_unknown">Dátum neznámy</string>
  <string name="video_err">Nie je možné prehrať video</string>
  <string name="lockscreen_wallpaper">Nastavujem tapetu zámku obrazovky , čakajte prosím ...</string>
  <string name="wallpaper_set">Zvoliť tapetu z galérie</string>
  <string name="lockscreen_set">Vyberte si obrázok zamykacej obrazovky z Galérie</string>
  <string name="miui_screenshot">MIUI snímok obrazovky</string>
</resources>
