<?xml version="1.0" encoding="utf-8"?>
<!--Generated by crowdin.net-->
<resources>
  <string name="sharedUserId"> </string>
  <string name="process"> </string>
  <string name="application_name">Launcher</string>
  <string name="uid_name">Android Core Apps</string>
  <string name="folder_name">Zložka</string>
  <string name="chooser_wallpaper">Vybrať tapetu zo zložky</string>
  <string name="wallpaper_instructions">Nastaviť tapetu</string>
  <string name="pick_wallpaper">Tapety</string>
  <string name="activity_not_found">Aplikácia nie je v telefóne nainštalovaná.</string>
  <string name="configure_wallpaper">Konfigurácia...</string>
  <string name="rename_folder_label">Názov zložky</string>
  <string name="rename_folder_title">Premenovať zložku</string>
  <string name="rename_action">OK</string>
  <string name="cancel_action">Zrušiť</string>
  <string name="menu_item_add_item">Pridať na plochu</string>
  <string name="group_applications">Aplikácia</string>
  <string name="group_shortcuts">Zástupca</string>
  <string name="group_folder">Nová zložka</string>
  <string name="group_live_folders">Zložky</string>
  <string name="group_widgets">Widgety</string>
  <string name="group_wallpapers">Tapety</string>
  <string name="add_folder">Zložka</string>
  <string name="add_clock">Hodiny</string>
  <string name="add_photo_frame">Rámček fotografie</string>
  <string name="out_of_space">Na tejto ploche už nie je miesto.</string>
  <string name="shortcut_installed">Zástupca %s bol vytvorený.</string>
  <string name="shortcut_uninstalled">Zástupca %s bol odobraný.</string>
  <string name="shortcut_duplicate">Zástupca %s už existuje.</string>
  <string name="title_select_shortcut">Vyberte zástupcu</string>
  <string name="title_select_live_folder">Vybrať zložku</string>
  <string name="all_apps_button_label">Všetky aplikácie</string>
  <string name="all_apps_home_button_label">Plocha</string>
  <string name="menu_add">Pridať</string>
  <string name="menu_wallpaper">Tapeta</string>
  <string name="menu_search">Hladať</string>
  <string name="menu_notifications">Oznámenie</string>
  <string name="menu_gestures">Gesta</string>
  <string name="menu_settings">Nastavenie</string>
  <string name="permlab_install_shortcut">inštalovať zástupcu</string>
  <string name="permdesc_install_shortcut">Povoľuje aplikácii pridať zástupcu bez zásahu užívateľa.</string>
  <string name="permlab_uninstall_shortcut">odinštalovať zástupcu</string>
  <string name="permdesc_uninstall_shortcut">Povoľuje aplikácii odstrániť zástupcu bez zásahu užívateľa.</string>
  <string name="permlab_read_settings">čítanie nastavenia a odkazov plochy</string>
  <string name="permdesc_read_settings">Povoľuje aplikácii čítať nastavenie a odkazy plochy.</string>
  <string name="permlab_write_settings">zápis nastavenia a odkazov plochy</string>
  <string name="permdesc_write_settings">Povoľuje aplikácii zmeniť nastavenie a odkazy plochy.</string>
  <string name="gadget_error_text">Problém s načítaním widgetu</string>
  <string name="menu_edit">Edit Mod</string>
  <string name="cant_remove_system_app">Nejde odstrániť systémové aplikácie</string>
  <string name="uninstall_body_format">Odinštalovať aplikáciu \"%s\"?</string>
  <string name="uninstall">Odinštalovať</string>
  <string name="cant_remove_folder">Nemôžete mazať zložky nie sú prázdne</string>
  <string name="pick_lockscreenwallpaper">Zámok obrazovky tapeta</string>
  <string name="lockscreenwallpaper_instructions">Nastaviť tapetu zamykacej obrazovky</string>
  <string name="failed_to_drop">Pohyb se nepodaril. Ikona sa presťahovala späť do pôvodnej polohy</string>
  <string name="failed_to_drop_widget">Na tejto obrazovke nie je dostatok miesta</string>
  <string name="widget_box_usage_hint">Stisknite a podržte widget, pretáhnite ho na požadované miesto</string>
  <string name="widget_favorite_contacts_lable">Obľúbené Kontakty</string>
  <string name="widget_favorite_contacts_edit">Upraviť</string>
  <string name="widget_favorite_contacts_style">Prepínač</string>
</resources>
