<?xml version="1.0" encoding="utf-8"?>
<!--Generated by crowdin.net-->
<resources>
  <string name="contactsIconLabel">Kontakty</string>
  <string name="contactsFavoritesLabel">Obľúbené</string>
  <string name="dialerIconLabel">Vytáčanie</string>
  <string name="emergencyDialerIconLabel">Núdzové volanie</string>
  <string name="phoneIconLabel">Telefón</string>
  <string name="recentCallsIconLabel">História volaní</string>
  <string name="fdnListLabel">FDN list</string>
  <string name="unknown">Neznáme</string>
  <string name="private_num">Súkromné číslo</string>
  <string name="payphone">Pay phone</string>
  <string name="onHold">On hold</string>
  <string name="ongoing">Current call</string>
  <string name="callFailed_userBusy">Obsadené</string>
  <string name="callFailed_congestion">Sieť preťažená</string>
  <string name="callFailed_noSignal">Žiadny signál</string>
  <string name="callFailed_limitExceeded">ACM limit prekročený</string>
  <string name="callFailed_powerOff">Radio off</string>
  <string name="callFailed_simError">Žiadna SIM, chyba SIM</string>
  <string name="callFailed_outOfService">Ste mimo pokrytia</string>
  <string name="callFailed_fdn_only">Odchádzajúce volania sú obmedzené FDN.</string>
  <string name="callFailed_cb_enabled">Nemôžete nadviazať nový hovor kým voláte</string>
  <string name="callFailed_dsac_restricted">Všetky volania sú obmedzené kontrolou volaní.</string>
  <string name="callFailed_dsac_restricted_emergency">Núdzové volania sú obmedzené.</string>
  <string name="callFailed_dsac_restricted_normal">Odchádzajúce hovory sú obmedzené.</string>
  <string name="callFailed_cdma_lockedUntilPowerCycle">CDMA: Telefón je zamknutý počas nabíjania.</string>
  <string name="callFailed_cdma_drop">CDMA: Hovor bol zrušený.</string>
  <string name="callFailed_cdma_intercept">CDMA: Hovor bol prerušený.</string>
  <string name="callFailed_cdma_reorder">CDMA: preskupiť.</string>
  <string name="callFailed_cdma_SO_reject">CDMA: Servisné Nastavenia Zamietnuté.</string>
  <string name="callFailed_cdma_retryOrder">CDMA: znovu volať.</string>
  <string name="callFailed_cdma_accessFailure">CDMA: Chybný prístup.</string>
  <string name="callFailed_cdma_preempted">CDMA: Preempted.</string>
  <string name="callFailed_cdma_notEmergency">Možné sú len núdzové volania.</string>
  <string name="confCall">Conference call</string>
  <string name="call_lost">Hovor bol stratený.</string>
  <string name="retry">Retry</string>
  <string name="call_lost_title">Hovor Stratený</string>
  <string name="mmiStarted">MIMI kód spustený.</string>
  <string name="ussdRunning">USSD kód beží...</string>
  <string name="mmiCancelled">MIMI kód zrušený</string>
  <string name="cancel">Cancel</string>
  <string name="menu_rejectCallAndSms">拒接并回复短信</string>
  <string name="menu_speaker">Speaker</string>
  <string name="menu_bluetooth">Bluetooth</string>
  <string name="menu_mute">Stíšiť</string>
  <string name="menu_hold">Podržať</string>
  <string name="menu_endCall">Ukončiť hovor</string>
  <string name="menu_swapCalls">Vymeniť hovory</string>
  <string name="menu_mergeCalls">Merge calls</string>
  <string name="menu_addCall">Add call</string>
  <string name="menu_manageConference">Organizovať konferenčný hovor</string>
  <string name="menu_showDialpad">Zobraziť klávesnicu</string>
  <string name="menu_hideDialpad">Skryť klávesnicu</string>
  <string name="menu_answerAndHold">Podržať hovor\n& odpovedať</string>
  <string name="menu_answerAndEnd">Ukončiť hovor\n& odpovedať</string>
  <string name="ok">OK</string>
  <string name="menuButtonKeyboardDialHint">Stlačte Menu pre možnosti hovoru \u0020*\u0020Použite klávesnicu na volanie</string>
  <string name="menu_answer">Answer</string>
  <string name="menu_ignore">Ignorovať</string>
  <string name="wait_prompt_str">Poslať nasledujúce tóny?\n</string>
  <string name="pause_prompt_str">Posielajú sa Tóny\n</string>
  <string name="send_button">Send</string>
  <string name="pause_prompt_yes">Yes</string>
  <string name="pause_prompt_no">No</string>
  <string name="wild_prompt_str">Zameniť divoký znak s</string>
  <string name="no_vm_number">Chýba číslo hlasovej schránky</string>
  <string name="no_vm_number_msg">Na karte SIM nieje uložené číslo do hlasovej schránky.</string>
  <string name="add_vm_number_str">Pridať číslo</string>
  <string name="dialer_emptyListWorking">Nahrávam...</string>
  <string name="enterPin">Zadajte PIN kód na odblokovanie SIM karty.</string>
  <string name="pinUnlocked">SIM karta odblokovaná</string>
  <string name="enterNewPin">Nový SIM PIN kód</string>
  <string name="verifyNewPin">Zadajte nový SIM PIN znova pre potvrdenie</string>
  <string name="verifyFailed">Zadaný SIM PIN nieje zhodný. Skúste ešte raz.</string>
  <string name="enterPuk">Zadajte PUK kód na odblokovanie SIM karty</string>
  <string name="badPuk">Nesprávny PUK kód!</string>
  <string name="buttonTxtContinue">Pokračovať</string>
  <string name="puk_unlocked">Vaša SIM karta bola odblokovaná. Váš telefón sa odblokováva...</string>
  <string name="label_ndp">SIM kód na odblokovanie siete</string>
  <string name="sim_ndp_unlock_text">Unlock</string>
  <string name="sim_ndp_dismiss_text">Dismiss</string>
  <string name="requesting_unlock">Žiadam o sieťové odblokovanie...</string>
  <string name="unlock_failed">Žiadosť o sieťové odblokovanie neúspešné.</string>
  <string name="unlock_success">Sieťové odblokovanie úspešné.</string>
  <string name="imei">IMEI</string>
  <string name="meid">MEID</string>
  <string name="labelGSMMore">Nastavenia hovoru GSM</string>
  <string name="labelCDMAMore">Nastavenia hovoru CDMA</string>
  <string name="apn_settings">Názvy APN</string>
  <string name="settings_label">Nastavenia siete</string>
  <string name="voicemail">Voicemail</string>
  <string name="voicemail_abbreviated">VM:</string>
  <string name="networks">Prevádzkovatelia siete</string>
  <string name="call_settings">Call settings</string>
  <string name="additional_gsm_call_settings">Ďalšie nastavenia</string>
  <string name="sum_gsm_call_settings">Ďalšie nastavenia hovorov Len GSM</string>
  <string name="additional_cdma_call_settings">Ďalšie nastavenia hovorov CDMA</string>
  <string name="sum_cdma_call_settings">Ďalšie nastavenia hovorov Len CDMA</string>
  <string name="labelNwService">Nastavenia služieb siete</string>
  <string name="labelCallerId">CLIP</string>
  <string name="sum_hide_caller_id">Číslo bude v odchádzajúcich hovoroch skryté</string>
  <string name="sum_show_caller_id">Číslo bude v odchádzajúcich hovoroch zobrazené</string>
  <string name="sum_default_caller_id">Použiť predvolené nastavenie operátora na zobrazenie čísla odchádzajúcich hovorov</string>
  <string name="labelCW">Čakajúci hovor</string>
  <string name="sum_cw_enabled">During a call, notify me of incoming calls</string>
  <string name="sum_cw_disabled">During a call, notify me of incoming calls</string>
  <string name="call_forwarding_settings">Nastavenia čakajúceho hovoru</string>
  <string name="labelCF">Presmerovanie hovorov</string>
  <string name="labelCFU">Vždy presmerovať</string>
  <string name="messageCFU">Vždy použiť toto číslo</string>
  <string name="sum_cfu_enabled_indicator">Presmerovať všetky hovory</string>
  <string name="sum_cfu_enabled">Presmerovanie všetkých hovorov na {0}</string>
  <string name="sum_cfu_enabled_no_number">Číslo je nedostupné</string>
  <string name="sum_cfu_disabled">Disabled</string>
  <string name="labelCFB">Presmerovať keď je obsadené</string>
  <string name="messageCFB">Číslo keď je obsadené</string>
  <string name="sum_cfb_enabled">Forwarding to {0}</string>
  <string name="sum_cfb_disabled">Disabled</string>
  <string name="disable_cfb_forbidden">Váš operátor nepodporuje zrušenie presmerovania, ak je váš telefón obsadený.</string>
  <string name="labelCFNRy">Presmerovať pri neodpovedaní</string>
  <string name="messageCFNRy">Číslo pri neprijatí hovoru</string>
  <string name="sum_cfnry_enabled">Forwarding to {0}</string>
  <string name="sum_cfnry_disabled">Disabled</string>
  <string name="disable_cfnry_forbidden">Váš operátor nepodporuje zrušenie presmerovania pri neodpovedaní.</string>
  <string name="labelCFNRc">Presmerovať keď je nedostupný</string>
  <string name="messageCFNRc">Číslo pri nedostupnosti</string>
  <string name="sum_cfnrc_enabled">Forwarding to {0}</string>
  <string name="sum_cfnrc_disabled">Disabled</string>
  <string name="disable_cfnrc_forbidden">Váš operátor nepodporuje zrušenie presmerovania keď je váš telefón nezastihnuteľný.</string>
  <string name="updating_title">Call settings</string>
  <string name="error_updating_title">Call settings error</string>
  <string name="reading_settings">Čítam nastavenie</string>
  <string name="updating_settings">Aktualizácia nastavení</string>
  <string name="reverting_settings">Obnova nastavení</string>
  <string name="response_error">Neočakávaná odpoveď zo siete.</string>
  <string name="exception_error">Chyba siete alebo karty SIM.</string>
  <string name="radio_off_error">Pred zobrazením týchto nastavení, prosím vypnite mod lietadlo.</string>
  <string name="close_dialog">OK</string>
  <string name="enable">Enable</string>
  <string name="disable">Disable</string>
  <string name="change_num">Aktualizovať</string>
  <string name="vm_save_number">Uložiť číslo hlasovej schránky</string>
  <string name="vm_changed">Číslo hlasovej schránky zmenené.</string>
  <string name="vm_change_failed">Zmena čísla hlasovej schránky neúspešná.\nAk tento problém pretrváva, prosím kontaktujte operátora.</string>
  <string name="fw_change_failed">Forwarding number change unsuccessful.\nPlease contact your carrier if this problem persists.</string>
  <string name="fw_get_in_vm_failed">Failed to retrieve and save current forwarding number settings.\nDo you want to switch to the new provider anyway?</string>
  <string name="no_change">Neboli vykonané žiadne zmeny.</string>
  <string name="sum_voicemail_choose_provider">Vyberte hlasové služby</string>
  <string name="voicemail_default">My carrier</string>
  <string name="mobile_networks">Nastavenia mobilných sietí</string>
  <string name="label_available">Dostupné siete</string>
  <string name="load_networks_progress">Hľadám...</string>
  <string name="empty_networks_list">Nenájdené žiadne siete.</string>
  <string name="search_networks">Hľadať siete</string>
  <string name="network_query_error">Chyba pri hľadaní sietí.</string>
  <string name="register_on_network">Registrujem na %s...</string>
  <string name="not_allowed">Vaša SIM karta nemá oprávnenie na prihlásenie do tejto siete.</string>
  <string name="connect_later">Momentálne nieje možné pripojiť sa k sieti. Skúste neskôr.</string>
  <string name="registration_done">Registrované v sieti.</string>
  <string name="sum_carrier_select">Select a network operator</string>
  <string name="sum_search_networks">Vyhľadať všetky dostupné siete</string>
  <string name="select_automatically">Vybrať automaticky</string>
  <string name="sum_select_automatically">Automaticky vybrať preferovanú sieť</string>
  <string name="register_automatically">Automatická registrácia...</string>
  <string name="preferred_network_mode_title">Sieťový Mód</string>
  <string name="preferred_network_mode_summary">Zmeniť nastavenia sieťového módu</string>
  <string name="preferred_network_mode_dialogtitle">Preferovaný sieťový mód</string>
  <string name="data_enabled">Dáta povolené</string>
  <string name="data_enable_summary">Povoliť dáta cez Mobilnú sieť</string>
  <string name="roaming">Dátový roaming </string>
  <string name="roaming_enable">Connect to data services when roaming</string>
  <string name="roaming_disable">Connect to data services when roaming</string>
  <string name="roaming_reenable_message">You have lost data connectivity because you left your home network with data roaming turned off.</string>
  <string name="roaming_warning">Allow data roaming? You may incur significant roaming charges!</string>
  <string name="gsm_umts_options">GSM/UMTS Nastavenia</string>
  <string name="cdma_options">CDMA Nastavenia</string>
  <string name="throttle_data_usage">štatistika dátových prenosov</string>
  <string name="throttle_settings_title">Sieťové nastavenia dát</string>
  <string name="throttle_current_usage">Použité dáta za aktuálne obdobie</string>
  <string name="throttle_time_frame">Použité dáta za obdobie</string>
  <string name="throttle_rate">Nastavenia toku dát</string>
  <string name="throttle_help">Naučiť viac</string>
  <string name="throttle_status_subtext">%1$s (%2$d٪) of %3$s period maximum\nNext period starts in %4$d days (%5$s)</string>
  <string name="throttle_data_usage_subtext">%1$s (%2$d٪) of %3$s period maximum</string>
  <string name="throttle_data_rate_reduced_subtext">%1$s maximum exceeded\nData rate reduced to %2$d Kb/s</string>
  <string name="throttle_time_frame_subtext">%1$d٪ of cycle elapsed\nNext period starts in %2$d days (%3$s)</string>
  <string name="throttle_rate_subtext">Data rate reduced to %1$d Kb/s if data use limit is exceeded</string>
  <string name="throttle_help_subtext">More information about your carrier\'s mobile network data use policy</string>
  <string name="cdma_cell_broadcast_sms">Cell Broadcast SMS</string>
  <string name="cell_broadcast_sms">Cell Broadcast SMS</string>
  <string name="enable_disable_cell_bc_sms">Cell Broadcast SMS</string>
  <string name="cell_bc_sms_enable">Cell Broadcast SMS enabled</string>
  <string name="cell_bc_sms_disable">Cell Broadcast SMS disabled</string>
  <string name="cb_sms_settings">Cell Broadcast SMS settings</string>
  <string name="enable_disable_emergency_broadcast">Emergency Broadcast</string>
  <string name="emergency_broadcast_enable">Emergency Broadcast enabled</string>
  <string name="emergency_broadcast_disable">Emergency Broadcast disabled</string>
  <string name="enable_disable_administrative">Administrative</string>
  <string name="administrative_enable">Administrative enabled</string>
  <string name="administrative_disable">Administrative disabled</string>
  <string name="enable_disable_maintenance">Maintenance</string>
  <string name="maintenance_enable">Maintenance enabled</string>
  <string name="maintenance_disable">Maintenance disabled</string>
  <string name="general_news_settings">General News</string>
  <string name="bf_news_settings">Business and Financial News</string>
  <string name="sports_news_settings">Sports News</string>
  <string name="entertainment_news_settings">Entertainment News</string>
  <string name="enable_disable_local">Local</string>
  <string name="local_enable">Local news enabled</string>
  <string name="local_disable">Local news disabled</string>
  <string name="enable_disable_regional">Regional</string>
  <string name="regional_enable">Regional news enabled</string>
  <string name="regional_disable">Regional news disabled</string>
  <string name="enable_disable_national">National</string>
  <string name="national_enable">National news enabled</string>
  <string name="national_disable">National news disabled</string>
  <string name="enable_disable_international">International</string>
  <string name="international_enable">International news enabled</string>
  <string name="international_disable">International news disabled</string>
  <string name="list_language_title">Language</string>
  <string name="list_language_summary">Select the news language</string>
  <string name="list_language_dtitle">Languages</string>
  <string name="enable_disable_local_weather">Miestne počasie</string>
  <string name="local_weather_enable">Miestne počasie zapnuté</string>
  <string name="local_weather_disable">Miestne počasie vypnuté</string>
  <string name="enable_disable_atr">Area Traffic Reports</string>
  <string name="atr_enable">Area Traffic Reports enabled</string>
  <string name="atr_disable">Area Traffic Reports disabled</string>
  <string name="enable_disable_lafs">Miestne letové poriadky</string>
  <string name="lafs_enable">Local Airport Flight Schedules enabled</string>
  <string name="lafs_disable">Local Airport Flight Schedules disabled</string>
  <string name="enable_disable_restaurants">Restaurants</string>
  <string name="restaurants_enable">Restaurants enabled</string>
  <string name="restaurants_disable">Reštaurácie vypnuté</string>
  <string name="enable_disable_lodgings">Ubytovanie</string>
  <string name="lodgings_enable">Ubytovanie zapnuté</string>
  <string name="lodgings_disable">Ubytovanie vypnuté</string>
  <string name="enable_disable_retail_directory">Zoznam maloobchodov</string>
  <string name="retail_directory_enable">Zoznam maloobchodov zapnutý</string>
  <string name="retail_directory_disable">Zoznam maloobchodov vypnutý</string>
  <string name="enable_disable_advertisements">Inzeráty</string>
  <string name="advertisements_enable">Inzeráty zapnuté</string>
  <string name="advertisements_disable">Inzeráty vypnuté</string>
  <string name="enable_disable_stock_quotes">Stock Quotes</string>
  <string name="stock_quotes_enable">Stock Quotes enabled</string>
  <string name="stock_quotes_disable">Stock Quotes disabled</string>
  <string name="enable_disable_eo">Employment Opportunities</string>
  <string name="eo_enable">Employment Opportunities enabled</string>
  <string name="eo_disable">Employment Opportunities disabled</string>
  <string name="enable_disable_mhh">Medical, Health and Hospital</string>
  <string name="mhh_enable">Medical, Health and Hospital enabled</string>
  <string name="mhh_disable">Medical, Health and Hospital disabled</string>
  <string name="enable_disable_technology_news">Technology News</string>
  <string name="technology_news_enable">Technology News enabled</string>
  <string name="technology_news_disable">Technology News disabled</string>
  <string name="enable_disable_multi_category">Multi-category</string>
  <string name="multi_category_enable">Multi-category enabled</string>
  <string name="multi_category_disable">Multi-category disabled</string>
  <string name="gsm_umts_network_preferences_title">GSM/UMTS Network Preferences</string>
  <string name="gsm_umts_network_preferneces_summary">Not implemented yet!</string>
  <string name="gsm_umts_network_preferences_dialogtitle">GSM/UMTS network preferences</string>
  <string name="prefer_2g">Použiť len 2G siete</string>
  <string name="prefer_2g_summary">Šetrí batériu</string>
  <string name="cdma_system_select_title">System select</string>
  <string name="cdma_system_select_summary">Change the cdma roaming mode</string>
  <string name="cdma_system_select_dialogtitle">System select</string>
  <string name="cdma_roaming_mode_title">CDMA roaming režim</string>
  <string name="cdma_roaming_mode_summary">Change the cdma roaming mode</string>
  <string name="cdma_roaming_mode_dialogtitle">CDMA roaming režim</string>
  <string name="cdma_network_preferences_title">Nastavenia siete CDMA</string>
  <string name="cdma_network_preferneces_summary">Ešte neimplementované!</string>
  <string name="cdma_network_preferences_dialogtitle">Nastavenia siete CDMA</string>
  <string name="subscription_title">CDMA Subscription TEST</string>
  <string name="subscription_summary">Change between RUIM/SIM and NV</string>
  <string name="subscription_dialogtitle">predplatné</string>
  <string name="fdn">Pevné vytáčanie čísel</string>
  <string name="manage_fdn_list">FDN list</string>
  <string name="fdn_activation">Aktivácia pevného vytáčania čísel</string>
  <string name="fdn_enabled">Pevné vytáčanie čísel povolené</string>
  <string name="fdn_disabled">Pevné vytáčanie čísel zakázané</string>
  <string name="enable_fdn">Enable FDN</string>
  <string name="disable_fdn">Disable FDN</string>
  <string name="change_pin2">Zmena PIN2</string>
  <string name="enable_fdn_ok">Disable FDN</string>
  <string name="disable_fdn_ok">Enable FDN</string>
  <string name="sum_fdn">Správa pevného vytáčania čísel</string>
  <string name="sum_fdn_change_pin">Zmena PIN k pevnému vytáčaniu čísel</string>
  <string name="sum_fdn_manage_list">Spravovať telefónny zoznam</string>
  <string name="voice_privacy">Voice Privacy</string>
  <string name="voice_privacy_summary">Zapnúť režim silnejšieho súkromia</string>
  <string name="tty_mode_title">TTY mode</string>
  <string name="tty_mode_summary">Zapnúť režim TTY</string>
  <string name="tty_mode_option_title">TTY mode</string>
  <string name="tty_mode_option_summary">Nastaviť TTY režim</string>
  <string name="auto_retry_mode_title">Auto Retry</string>
  <string name="auto_retry_mode_summary">Enable Auto Retry mode</string>
  <string name="menu_add">Add contact</string>
  <string name="menu_edit">Edit contact</string>
  <string name="menu_delete">Delete contact</string>
  <string name="get_pin2">Enter PIN2</string>
  <string name="name">Name</string>
  <string name="number">Number</string>
  <string name="save">Save</string>
  <string name="add_fdn_contact">Add fixed dialing number</string>
  <string name="adding_fdn_contact">Adding fixed dialing number…</string>
  <string name="fdn_contact_added">Fixed dialing number added.</string>
  <string name="edit_fdn_contact">Edit fixed dialing number</string>
  <string name="updating_fdn_contact">Updating fixed dialing number…</string>
  <string name="fdn_contact_updated">Fixed dialing number updated.</string>
  <string name="delete_fdn_contact">Delete fixed dialing number</string>
  <string name="deleting_fdn_contact">Deleting fixed dialing number…</string>
  <string name="fdn_contact_deleted">Fixed dialing number deleted.</string>
  <string name="pin2_invalid">FDN not updated: you entered an incorrect PIN.</string>
  <string name="fdn_invalid_number">FDN not updated: number cannot exceed 20 digits.</string>
  <string name="simContacts_emptyLoading">Reading from SIM card…</string>
  <string name="simContacts_empty">No contacts on your SIM card.</string>
  <string name="simContacts_title">Select contacts to import</string>
  <string name="enable_pin">Enable/disable SIM PIN</string>
  <string name="change_pin">Change SIM PIN</string>
  <string name="enter_pin_text">SIM PIN:</string>
  <string name="oldPinLabel">Old PIN</string>
  <string name="newPinLabel">New PIN</string>
  <string name="confirmPinLabel">Confirm new PIN</string>
  <string name="badPin">The old PIN you typed is not correct. Please try again.</string>
  <string name="mismatchPin">The PINs you entered do not match. Please try again.</string>
  <string name="invalidPin">Type a PIN that is 4 to 8 numbers.</string>
  <string name="disable_sim_pin">Disable SIM PIN</string>
  <string name="enable_sim_pin">Enable SIM PIN</string>
  <string name="enable_in_progress">Please wait…</string>
  <string name="enable_pin_ok">SIM PIN zapnutý</string>
  <string name="disable_pin_ok">SIM PIN vypnutý</string>
  <string name="pin_failed">PIN ste zadali nesprávne</string>
  <string name="pin_changed">SIM PIN changed successfully</string>
  <string name="puk_requested">Password incorrect, SIM is locked! PUK2 requested.</string>
  <string name="enter_pin2_text">PIN2</string>
  <string name="oldPin2Label">Starý PIN2</string>
  <string name="newPin2Label">Nový PIN2</string>
  <string name="confirmPin2Label">Potvrdiť nový PIN2</string>
  <string name="badPuk2">PUK2 zadaný nesprávne. Skúste znova.</string>
  <string name="badPin2">Starý PIN2 zadaný nesprávne. Skúste znova.</string>
  <string name="mismatchPin2">PIN2 sa nezhodujú. Skúste znova.</string>
  <string name="invalidPin2">Zadajte kód PIN v dĺžke 4-8 číslic.</string>
  <string name="invalidPuk2">Zadajte PUK2, ktorý má 8 čísel.</string>
  <string name="pin2_changed">PIN2 úspešne zmenený</string>
  <string name="label_puk2_code">Zadajte PUK2 kód</string>
  <string name="fdn_enable_puk2_requested">Heslo nesprávne, zmeňte PIN2 a vyskúšajte znova!</string>
  <string name="puk2_requested">Password incorrect, SIM is locked! PUK2 requested.</string>
  <string name="doneButton">Done</string>
  <string name="caller_manage_header">Konferenčný hovor %s</string>
  <string name="caller_manage_manage_done_text">Späť na hovor</string>
  <string name="fake_phone_activity_phoneNumber_text">(650) 555-1234</string>
  <string name="fake_phone_activity_infoText_text">Prichádzajúce telefónne číslo</string>
  <string name="fake_phone_activity_placeCall_text">Falošný prichádzajúci hovor</string>
  <string name="sim_missing_continueView_text">Pokračovať bez karty SIM</string>
  <string name="sim_missing_msg_text">Žiadna SIM karta sa nenašla. Vložte SIM kartu do telefónu.</string>
  <string name="sim_unlock_dismiss_text">Dismiss</string>
  <string name="sim_unlock_unlock_text">Unlock</string>
  <string name="sim_unlock_status_text">Overuje sa PIN…</string>
  <string name="voicemail_settings_number_label">Číslo hlasovej odkazovej služby</string>
  <string name="card_title_dialing">Vytáčanie</string>
  <string name="card_title_redialing">Opakuje sa pokus</string>
  <string name="card_title_in_progress">Current call</string>
  <string name="card_title_conf_call">Conference call</string>
  <string name="card_title_incoming_call">Incoming call</string>
  <string name="card_title_cdma_call_waiting">Cdma callwaiting</string>
  <string name="card_title_call_ended">Volanie ukončené</string>
  <string name="card_title_on_hold">On hold</string>
  <string name="card_title_hanging_up">Zavesenie</string>
  <string name="card_title_in_call">Rozhovor na linke</string>
  <string name="notification_missedCallTitle">Missed call</string>
  <string name="notification_missedCallsTitle">Zmeškané hovory</string>
  <string name="notification_missedCallsMsg">%s neprijatých hovorov</string>
  <string name="notification_missedCallTicker">Zmeškaný hovor od: %s</string>
  <string name="notification_ongoing_call_format">Aktuálny hovor (%s)</string>
  <string name="notification_on_hold">On hold</string>
  <string name="notification_voicemail_title">Nový odkaz</string>
  <string name="notification_voicemail_title_count">Nový odkaz (%d)</string>
  <string name="notification_voicemail_text_format">Vytočiť %s</string>
  <string name="notification_voicemail_no_vm_number">Neznáme číslo hlasovej odkazovej služby</string>
  <string name="notification_network_selection_title">Žiadna služba</string>
  <string name="notification_network_selection_text">Vybraná sieť (%s) nie je k dispozícii</string>
  <string name="incall_error_power_off">Ak chcete uskutočniť hovor, najprv vypnite režim lietadlo.</string>
  <string name="incall_error_emergency_only">Nie je registrovaný v sieti.</string>
  <string name="incall_error_out_of_service">Mobilné siete nie je k dispozícii.</string>
  <string name="incall_error_no_phone_number_supplied">Call not sent, no valid number entered.</string>
  <string name="incall_error_call_failed">Call not sent.</string>
  <string name="incall_status_dialed_mmi">Starting MMI sequence…</string>
  <string name="incall_status_dialed_fc">Starting feature code sequence…</string>
  <string name="incall_error_supp_service_unknown">Nepodporovaná služba.</string>
  <string name="incall_error_supp_service_switch">Nedá sa prepnúť medzi hovormi.</string>
  <string name="incall_error_supp_service_separate">Nie je možné oddeliť hovor.</string>
  <string name="incall_error_supp_service_transfer">Unable to transfer call.</string>
  <string name="incall_error_supp_service_conference">Unable to conference calls.</string>
  <string name="incall_error_supp_service_reject">Unable to reject call.</string>
  <string name="incall_error_supp_service_hangup">Unable to release call(s).</string>
  <string name="emergency_enable_radio_dialog_title">Emergency call</string>
  <string name="emergency_enable_radio_dialog_message">Turning on radio…</string>
  <string name="emergency_enable_radio_dialog_retry">Out of service area, retrying…</string>
  <string name="dial_emergency_error">Call not sent, %s is not an emergency number!</string>
  <string name="dial_emergency_empty_error">Call not sent, please dial an emergency number!</string>
  <string name="dialerKeyboardHintText">Use keyboard to dial</string>
  <string name="dtmfDialpadHintText">Touch tone keypad</string>
  <string name="dtmfDialpadHandleLabel">Dialpad</string>
  <string name="touchLockText">Double-tap\nto unlock</string>
  <string name="onscreenAnswerText">Double-tap\nto answer</string>
  <string name="onscreenRejectText">Double-tap\nto decline</string>
  <string name="onscreenHoldText">Hold</string>
  <string name="onscreenUnholdText">Unhold</string>
  <string name="onscreenEndCallText">End</string>
  <string name="onscreenShowDialpadText">Dialpad</string>
  <string name="onscreenHideDialpadText">Hide</string>
  <string name="onscreenSpeakerText">Speaker</string>
  <string name="onscreenMuteText">Mute</string>
  <string name="onscreenBluetoothText">Bluetooth</string>
  <string name="onscreenAddCallText">Add call</string>
  <string name="onscreenMergeCallsText">Merge calls</string>
  <string name="onscreenSwapCallsText">Swap</string>
  <string name="onscreenManageCallsText">Manage calls</string>
  <string name="onscreenManageConferenceText">Manage</string>
  <string name="importSimEntry">Import</string>
  <string name="importAllSimEntries">Import all</string>
  <string name="importingSimContacts">Importing SIM contacts</string>
  <string name="importToFDNfromContacts">Import from contacts</string>
  <string name="hac_mode_title">Hearing aids</string>
  <string name="hac_mode_summary">Turn on hearing aid compatibility</string>
  <string name="eri_text_label">ERI text</string>
  <string name="dtmf_tones_title">DTMF Tones</string>
  <string name="dtmf_tones_summary">Set the length of DTMF tones</string>
  <string name="network_message">Network Message</string>
  <string name="ota_title_activate">Activate your phone</string>
  <string name="ota_touch_activate">A special call needs to be made to activate your phone service. \n\nAfter pressing “Activate”, listen to the instructions provided to activate your phone.</string>
  <string name="ota_touch_activate_new">Touch “Activate” to place a special call that activates your phone on your carrier\'s mobile network, so you can place calls and connect to mobile data networks.</string>
  <string name="ota_skip_activation_dialog_title">Skip activation?</string>
  <string name="ota_skip_activation_dialog_message">If you skip activation, you can\'t place calls or connect to mobile data networks (though you can connect to Wi-Fi networks). Until you activate your phone, you are asked to activate it each time you turn it on.</string>
  <string name="ota_skip_activation_dialog_skip_label">Skip</string>
  <string name="ota_skip_activation_dialog_continue_label">Activate</string>
  <string name="ota_activate">Activate</string>
  <string name="ota_title_activate_success">Phone is activated!</string>
  <string name="ota_title_problem_with_activation">Problem with activation</string>
  <string name="ota_listen">Follow the spoken instructions until you hear that activation is complete.</string>
  <string name="ota_dialpad">Keypad</string>
  <string name="ota_speaker">Speaker</string>
  <string name="ota_progress">Please wait while your phone is being programmed.</string>
  <string name="ota_failure">Programming Unsuccessful</string>
  <string name="ota_successful">Your phone is now activated. It may take up to 15 minutes for service to start.</string>
  <string name="ota_unsuccessful">Your phone did not activate. \nYou may need to find an area with better coverage (near a window, or outside). \n\nTry again or call customer service for more options.</string>
  <string name="ota_spc_failure">EXCESS SPC FAILURES</string>
  <string name="ota_call_end">Back</string>
  <string name="ota_try_again">Try again</string>
  <string name="ota_next">Next</string>
  <string name="ota_back">Back</string>
  <string name="ecm_exit_dialog">EcmExitDialog</string>
  <string name="phone_entered_ecm_text">Entered Emergency Callback Mode</string>
  <string name="phone_in_ecm_notification_title">Emergency Callback Mode</string>
  <string name="phone_in_ecm_call_notification_text">Dátové spojenie zakázané</string>
  <string name="alert_dialog_in_ecm_call">The selected action is not available while in an emergency call</string>
  <string name="progress_dialog_exiting_ecm">Exiting Emergency Callback Mode</string>
  <string name="alert_dialog_yes">Yes</string>
  <string name="alert_dialog_no">No</string>
  <string name="alert_dialog_dismiss">Dismiss</string>
  <string name="absent_num">ABSENT NUMBER</string>
  <string name="voicemail_settings">Voicemail settings</string>
  <string name="voicemail_number_not_set"><not set></string>
  <string name="voicemail_provider">Voicemail service</string>
  <string name="voicemail_settings_for">Nastavenia pre %s</string>
  <string name="other_settings">Ostatné nastavenia hovoru</string>
  <string name="dial_button_label">Vytáčanie</string>
  <string name="calling_via_template">Vytočiť cez ^1\n</string>
  <string name="slide_to_answer">Ťahajte vpravo ak chcete odpovedať</string>
  <string name="slide_to_silence">Ťahajte vľavo ak chcete stíšiť hovor</string>
  <string name="slide_to_decline">Ťahajte vľavo ak chcete zrušiť</string>
  <string name="slide_to_answer_and_hold">Ťahajte vpravo ak chcete odpovedať\npodržať aktívny hovor</string>
  <string name="slide_to_answer_and_end_active">Ťahajte vpravo ak chcete odpovedať\nzrušiť aktívny hovor</string>
  <string name="slide_to_answer_and_end_onhold">Ťahajte vpravo ak chcete odpovedať\nukončiť podržaný hovor</string>
  <string name="slide_to_answer_hint">Answer</string>
  <string name="slide_to_decline_hint">Decline</string>
  <string name="notification_ongoing_calling_format">正在呼叫 (%s)</string>
  <string name="advanced_setting">Rozšírené nastavenia</string>
  <string name="call_reject_hint">向上滑动挂断</string>
  <string name="hangup_sms">按“菜单”键拒接并回复短信</string>
  <string name="hangup_sms_body">现在不方便接听，稍后回电</string>
  <string name="onscreenNoteText">记录</string>
  <string name="query_telocation_title">查询号码归属地</string>
  <string name="query_telocation_sum">可查询手机或固话号码的归属地信息</string>
  <string name="button_query_hint">请输入手机或者固话号码</string>
  <string name="button_query">查询</string>
  <string name="button_clear">Prázdny</string>
  <string name="text_location">归属地:</string>
  <string name="text_areacode">Kód oblasti:</string>
  <string name="unknown_location">没有查询到相关信息</string>
  <string name="autoip">智能IP拨号</string>
  <string name="autoip_sum">为异地呼叫号码自动添加IP号码前缀，需要在下面输入当前固话区号</string>
  <string name="ip_prefix">IP号码前缀</string>
  <string name="ip_prefix_sum">运营商的IP拨号前缀:%s</string>
  <string name="current_areacode">当前固话区号</string>
  <string name="current_areacode_sum">当前所在地区号，若漫游则应为漫游地区号。例如:010</string>
  <string name="always_enable_mms">Vždy dostávať MMS</string>
  <string name="always_enable_mms_summary">在禁用数据时依然接收彩信, 在国内不会发生任何费用</string>
  <string name="dialer_click_pref_title">单击联系人列表</string>
  <string name="dialer_click_pref_summary">自定义联系人列表单击动作</string>
  <string name="auto_dialpad_pref_title">自动弹出拨号键盘</string>
  <string name="auto_dialpad_pref_summary">每次启动拨号时，自动弹出拨号键盘</string>
  <string name="anti_disturb_settings">免打扰设置</string>
  <string name="incoming_call_limit_title">呼入限制</string>
  <string name="incoming_call_limit_summary">仅允许接入符合条件的电话，自动拒接不符电话。</string>
</resources>
