<?xml version="1.0" encoding="utf-8"?>
<!--Generated by crowdin.net-->
<resources>
  <string name="app_label">Contactos</string>
  <string name="provider_label">Contactos</string>
  <string name="upgrade_out_of_memory_notification_ticker">Se necesita más memoria para actualizar el contacto</string>
  <string name="upgrade_out_of_memory_notification_title">Actualizando contactos</string>
  <string name="upgrade_out_of_memory_notification_text">Seleccione para completar la actualización.</string>
  <string name="edit_contact">Agregar a contacto existente</string>
  <string name="create_contact">Crear contacto</string>
</resources>
