<?xml version="1.0" encoding="utf-8"?>
<!--Generated by crowdin.net-->
<resources>
  <string name="cancel">Cancelar</string>
  <string name="copy">Copiar</string>
  <string name="copyUrl">Copiar URL</string>
  <string name="cut">Cortar</string>
  <string name="defaultVoiceMailAlphaTag">Buzón de voz</string>
  <string name="defaultMsisdnAlphaTag">MSISDN1</string>
  <string name="emptyPhoneNumber">(Sin número de teléfono)</string>
  <string name="httpErrorBadUrl">La página no se ha podido abrir porque la URL no es válida.</string>
  <string name="httpErrorUnsupportedScheme">Protocolo no admitido</string>
  <string name="no">Cancelar</string>
  <string name="ok">Aceptar</string>
  <string name="paste">Pegar</string>
  <string name="search_go">Buscar</string>
  <string name="selectAll">Seleccionar todo</string>
  <string name="unknownName">Desconocido</string>
  <string name="untitled"><sin título></string>
  <string name="VideoView_error_button">Aceptar</string>
  <string name="VideoView_error_text_unknown">Este vídeo no se puede reproducir.</string>
  <string name="VideoView_error_title">No se puede reproducir el vídeo.</string>
  <string name="yes">Aceptar</string>
  <string name="dialog_alert_title">Atención</string>
  <string name="VideoView_error_text_invalid_progressive_playback">Este vídeo no se puede transmitir al dispositivo.</string>
  <string name="config_tether_apndata">config_tether_apndata: No hay texto a traducir</string>
  <string name="config_networkLocationProvider">com.google.android.location.NetworkLocationProvider</string>
  <string name="config_geocodeProvider">com.google.android.location.GeocodeProvider</string>
  <string name="config_datause_iface">rmnet0</string>
  <string name="month_long_standalone_january">enero</string>
  <string name="month_long_standalone_february">febrero</string>
  <string name="month_long_standalone_march">marzo</string>
  <string name="month_long_standalone_april">abril</string>
  <string name="month_long_standalone_may">mayo</string>
  <string name="month_long_standalone_june">junio</string>
  <string name="month_long_standalone_july">julio</string>
  <string name="month_long_standalone_august">agosto</string>
  <string name="month_long_standalone_september">septiembre</string>
  <string name="month_long_standalone_october">octubre</string>
  <string name="month_long_standalone_november">noviembre</string>
  <string name="month_long_standalone_december">diciembre</string>
  <string name="month_long_january">enero</string>
  <string name="month_long_february">febrero</string>
  <string name="month_long_march">marzo</string>
  <string name="month_long_april">abril</string>
  <string name="month_long_may">mayo</string>
  <string name="month_long_june">junio</string>
  <string name="month_long_july">julio</string>
  <string name="month_long_august">agosto</string>
  <string name="month_long_september">septiembre</string>
  <string name="month_long_october">octubre</string>
  <string name="month_long_november">noviembre</string>
  <string name="month_long_december">diciembre</string>
  <string name="month_medium_january">ene.</string>
  <string name="month_medium_february">feb.</string>
  <string name="month_medium_march">mar.</string>
  <string name="month_medium_april">abr.</string>
  <string name="month_medium_may">may.</string>
  <string name="month_medium_june">jun.</string>
  <string name="month_medium_july">jul.</string>
  <string name="month_medium_august">ago.</string>
  <string name="month_medium_september">sep.</string>
  <string name="month_medium_october">oct.</string>
  <string name="month_medium_november">nov.</string>
  <string name="month_medium_december">dic.</string>
  <string name="month_shortest_january">E</string>
  <string name="month_shortest_february">F</string>
  <string name="month_shortest_march">M</string>
  <string name="month_shortest_april">A</string>
  <string name="month_shortest_may">M</string>
  <string name="month_shortest_june">J</string>
  <string name="month_shortest_july">S</string>
  <string name="month_shortest_august">A</string>
  <string name="month_shortest_september">S</string>
  <string name="month_shortest_october">O</string>
  <string name="month_shortest_november">N</string>
  <string name="month_shortest_december">D</string>
  <string name="day_of_week_long_sunday">domingo</string>
  <string name="day_of_week_long_monday">lunes</string>
  <string name="day_of_week_long_tuesday">martes</string>
  <string name="day_of_week_long_wednesday">miércoles</string>
  <string name="day_of_week_long_thursday">jueves</string>
  <string name="day_of_week_long_friday">viernes</string>
  <string name="day_of_week_long_saturday">sábado</string>
  <string name="day_of_week_medium_sunday">dom.</string>
  <string name="day_of_week_medium_monday">lun.</string>
  <string name="day_of_week_medium_tuesday">mar.</string>
  <string name="day_of_week_medium_wednesday">mié.</string>
  <string name="day_of_week_medium_thursday">jue.</string>
  <string name="day_of_week_medium_friday">vie.</string>
  <string name="day_of_week_medium_saturday">sáb.</string>
  <string name="day_of_week_short_sunday">dom.</string>
  <string name="day_of_week_short_monday">lun.</string>
  <string name="day_of_week_short_tuesday">mar.</string>
  <string name="day_of_week_short_wednesday">mié.</string>
  <string name="day_of_week_short_thursday">jue.</string>
  <string name="day_of_week_short_friday">vie.</string>
  <string name="day_of_week_short_saturday">sáb.</string>
  <string name="day_of_week_shortest_sunday">D</string>
  <string name="day_of_week_shortest_monday">L</string>
  <string name="day_of_week_shortest_tuesday">M</string>
  <string name="day_of_week_shortest_wednesday">M</string>
  <string name="day_of_week_shortest_thursday">J</string>
  <string name="day_of_week_shortest_friday">V</string>
  <string name="day_of_week_shortest_saturday">S</string>
  <string name="am">a.m.</string>
  <string name="pm">p.m.</string>
  <string name="yesterday">ayer</string>
  <string name="today">hoy</string>
  <string name="tomorrow">mañana</string>
  <string name="hour_minute_24">%-k:%M</string>
  <string name="hour_minute_ampm">%-l:%M %p</string>
  <string name="hour_minute_cap_ampm">%-l:%M %^p</string>
  <string name="twelve_hour_time_format">h:mm a</string>
  <string name="twenty_four_hour_time_format">H:mm</string>
  <string name="numeric_date">%d/%m/%Y</string>
  <string name="numeric_date_format">dd/MM/yyyy</string>
  <string name="numeric_date_template">%s/%s/%s</string>
  <string name="month_day_year">%-e de %B de %Y</string>
  <string name="time_of_day">%H:%M:%S</string>
  <string name="date_and_time">%d/%m/%Y, %H:%M:%S</string>
  <string name="date_time">%1$s, %2$s</string>
  <string name="time_date">%3$s, %1$s</string>
  <string name="abbrev_month_day_year">%d/%m/%Y</string>
  <string name="month_day">%-e de %B</string>
  <string name="month">%-B</string>
  <string name="month_year">%B de %Y</string>
  <string name="abbrev_month_day">%-e de %b</string>
  <string name="abbrev_month">%-b</string>
  <string name="abbrev_month_year">%b de %Y</string>
  <string name="time1_time2">%1$s – %2$s</string>
  <string name="date1_date2">%2$s – %5$s</string>
  <string name="numeric_md1_md2">%3$s/%2$s – %8$s/%7$s</string>
  <string name="numeric_wday1_md1_wday2_md2">%1$s %3$s/%2$s – %6$s %8$s/%7$s</string>
  <string name="numeric_mdy1_mdy2">%3$s/%2$s/%4$s – %8$s/%7$s/%9$s</string>
  <string name="numeric_wday1_mdy1_wday2_mdy2">%1$s %3$s/%2$s/%4$s – %6$s %8$s/%7$s/%9$s</string>
  <string name="numeric_wday1_mdy1_time1_wday2_mdy2_time2">%1$s %3$s/%2$s/%4$s, %5$s – %6$s %8$s/%7$s/%9$s, %10$s</string>
  <string name="numeric_md1_time1_md2_time2">%3$s/%2$s, %5$s – %8$s/%7$s, %10$s</string>
  <string name="numeric_wday1_md1_time1_wday2_md2_time2">%1$s %3$s-%2$s, %5$s – %6$s %8$s-%7$s, %10$s</string>
  <string name="numeric_mdy1_time1_mdy2_time2">%3$s/%2$s/%4$s, %5$s – %8$s/%7$s/%9$s, %10$s</string>
  <string name="wday1_date1_time1_wday2_date2_time2">%1$s %2$s, %3$s – %4$s %5$s, %6$s</string>
  <string name="wday1_date1_wday2_date2">%1$s %2$s – %4$s %5$s</string>
  <string name="date1_time1_date2_time2">%2$s, %3$s – %5$s, %6$s</string>
  <string name="time_wday_date">%2$s %3$s, %1$s</string>
  <string name="wday_date">%2$s %3$s</string>
  <string name="time_wday">%2$s, %1$s</string>
  <string name="same_year_md1_md2">%3$s de %2$s – %8$s de %7$s</string>
  <string name="same_year_wday1_md1_wday2_md2">%1$s %3$s de %2$s – %6$s %8$s de %7$s</string>
  <string name="same_year_md1_time1_md2_time2">%3$s de %2$s, %5$s – %8$s de %7$s, %10$s</string>
  <string name="same_month_md1_time1_md2_time2">%3$s de %2$s, %5$s – %8$s de %7$s, %10$s</string>
  <string name="same_year_wday1_md1_time1_wday2_md2_time2">%1$s %3$s de %2$s, %5$s – %6$s %8$s de %7$s, %10$s</string>
  <string name="same_month_wday1_md1_time1_wday2_md2_time2">%1$s %3$s de %2$s, %5$s – %6$s %8$s de %7$s, %10$s</string>
  <string name="same_year_mdy1_time1_mdy2_time2">%3$s de %2$s de %4$s, %5$s – %8$s de %7$s de %9$s, %10$s</string>
  <string name="same_month_mdy1_time1_mdy2_time2">%3$s de %2$s de %4$s, %5$s – %8$s de %7$s de %9$s, %10$s</string>
  <string name="same_year_wday1_mdy1_time1_wday2_mdy2_time2">%1$s %3$s de %2$s de %4$s, %5$s – %6$s %8$s de %7$s de %9$s, %10$s</string>
  <string name="same_month_wday1_mdy1_time1_wday2_mdy2_time2">%1$s %3$s de %2$s de %4$s, %5$s – %6$s %8$s de %7$s de %9$s, %10$s</string>
  <string name="same_month_wday1_mdy1_wday2_mdy2">%1$s %3$s de %2$s de %4$s – %6$s %8$s de %7$s de %9$s</string>
  <string name="same_month_md1_md2">%3$s–%8$s de %2$s</string>
  <string name="same_month_wday1_md1_wday2_md2">%1$s %3$s de %2$s – %6$s %8$s de %7$s</string>
  <string name="same_year_mdy1_mdy2">%3$s de %2$s – %8$s de %7$s de %9$s</string>
  <string name="same_month_mdy1_mdy2">%3$s–%8$s de %2$s de %9$s</string>
  <string name="same_year_wday1_mdy1_wday2_mdy2">%1$s %3$s de %2$s – %6$s %8$s de %7$s de %9$s</string>
  <string name="short_format_month">%b</string>
  <string name="full_wday_month_day_no_year">EEEE d \'de\' MMMM</string>
  <string name="abbrev_wday_month_day_year">EEE d \'de\' MMM \'de\' yyyy</string>
  <string name="common_name_prefixes">common_name_prefixes: No hay texto a traducir</string>
  <string name="common_name_suffixes">common_name_suffixes: No hay texto a traducir</string>
  <string name="common_last_name_prefixes">common_last_name_prefixes: No hay texto a traducir</string>
  <string name="common_name_conjunctions">common_name_conjunctions: No hay texto a traducir</string>
  <string name="default_text_encoding">Latin-1</string>
  <string name="lock_pattern_view_aspect">cuadrados</string>
  <string name="byteShort">B</string>
  <string name="kilobyteShort">KB</string>
  <string name="megabyteShort">MB</string>
  <string name="gigabyteShort">GB</string>
  <string name="terabyteShort">TB</string>
  <string name="petabyteShort">PB</string>
  <string name="fileSizeSuffix">%1$s %2$s</string>
  <string name="ellipsis">…</string>
  <string name="mmiError">Se ha producido un problema de conexión o el código MMI no es válido.</string>
  <string name="serviceEnabled">El servicio se ha habilitado.</string>
  <string name="serviceEnabledFor">Se ha habilitado el servicio para:</string>
  <string name="serviceDisabled">El servicio se ha inhabilitado.</string>
  <string name="serviceRegistered">El registro se ha realizado correctamente.</string>
  <string name="serviceErased">El elemento se ha borrado correctamente.</string>
  <string name="passwordIncorrect">Contraseña incorrecta</string>
  <string name="mmiComplete">MMI completo</string>
  <string name="badPin">El PIN antiguo que has introducido no es correcto.</string>
  <string name="badPuk">El código PUK que has introducido no es correcto.</string>
  <string name="mismatchPin">Los códigos PIN introducidos no coinciden.</string>
  <string name="invalidPin">Introduce un código PIN con una longitud comprendida entre cuatro y ocho dígitos.</string>
  <string name="needPuk">La tarjeta SIM está bloqueada con el código PUK. Introduce el código PUK para desbloquearla.</string>
  <string name="needPuk2">Introduce el código PUK2 para desbloquear la tarjeta SIM.</string>
  <string name="ClipMmi">ID de emisor de llamada entrante</string>
  <string name="ClirMmi">ID de emisor de llamada saliente</string>
  <string name="CfMmi">Desvío de llamada</string>
  <string name="CwMmi">Llamada en espera</string>
  <string name="BaMmi">Bloqueo de llamada</string>
  <string name="PwdMmi">Cambio de contraseña</string>
  <string name="PinMmi">Cambio de PIN</string>
  <string name="CnipMmi">Número de llamada entrante presente</string>
  <string name="CnirMmi">Número de llamada entrante restringido</string>
  <string name="ThreeWCMmi">Llamada a tres</string>
  <string name="RuacMmi">Rechazo de llamadas molestas no deseadas</string>
  <string name="CndMmi">Entrega de número de llamada entrante</string>
  <string name="DndMmi">No molestar</string>
  <string name="CLIRDefaultOnNextCallOn">El ID de emisor presenta el valor predeterminado de restringido. Siguiente llamada: Restringido</string>
  <string name="CLIRDefaultOnNextCallOff">El ID de emisor presenta el valor predeterminado de restringido. Siguiente llamada: No restringido</string>
  <string name="CLIRDefaultOffNextCallOn">El ID de emisor presenta el valor predeterminado de no restringido. Siguiente llamada: Restringido</string>
  <string name="CLIRDefaultOffNextCallOff">El ID de emisor presenta el valor predeterminado de no restringido. Siguiente llamada: No restringido</string>
  <string name="serviceNotProvisioned">El servicio no se suministra.</string>
  <string name="CLIRPermanent">El ID de emisor no se puede modificar.</string>
  <string name="RestrictedChangedTitle">El acceso restringido se ha modificado.</string>
  <string name="RestrictedOnData">El servicio de datos está bloqueado.</string>
  <string name="RestrictedOnEmergency">El servicio de emergencia está bloqueado.</string>
  <string name="RestrictedOnNormal">El servicio de voz está bloqueado.</string>
  <string name="RestrictedOnAllVoice">Todos los servicios de voz están bloqueados.</string>
  <string name="RestrictedOnSms">El servicio de SMS está bloqueado.</string>
  <string name="RestrictedOnVoiceData">Los servicios de voz y de datos están bloqueados.</string>
  <string name="RestrictedOnVoiceSms">Todos los servicios de voz y de SMS están bloqueados.</string>
  <string name="RestrictedOnAll">Todos los servicios de voz, de datos y de SMS están bloqueados.</string>
  <string name="serviceClassVoice">Voz</string>
  <string name="serviceClassData">Datos</string>
  <string name="serviceClassFAX">FAX</string>
  <string name="serviceClassSMS">SMS</string>
  <string name="serviceClassDataAsync">Asíncronos</string>
  <string name="serviceClassDataSync">Sincronización</string>
  <string name="serviceClassPacket">Paquete</string>
  <string name="serviceClassPAD">PAD</string>
  <string name="roamingText0">Indicador de itinerancia activado</string>
  <string name="roamingText1">Indicador de itinerancia desactivado</string>
  <string name="roamingText2">Indicador de itinerancia parpadeante</string>
  <string name="roamingText3">Fuera del vecindario</string>
  <string name="roamingText4">Fuera del edificio</string>
  <string name="roamingText5">Itinerancia: sistema preferido</string>
  <string name="roamingText6">Itinerancia: sistema disponible</string>
  <string name="roamingText7">Itinerancia: partner de alianza</string>
  <string name="roamingText8">Itinerancia: partner de gran calidad</string>
  <string name="roamingText9">Itinerancia: funcionalidad de servicio completa</string>
  <string name="roamingText10">Itinerancia: funcionalidad de servicio parcial</string>
  <string name="roamingText11">Banner de itinerancia activado</string>
  <string name="roamingText12">Banner de itinerancia desactivado</string>
  <string name="roamingTextSearching">Buscando servicio</string>
  <string name="cfTemplateNotForwarded">{0}: No desviada</string>
  <string name="cfTemplateForwarded">{0}: {1}</string>
  <string name="cfTemplateForwardedTime">{0}: {1} transcurridos {2} segundos</string>
  <string name="cfTemplateRegistered">{0}: No desviada</string>
  <string name="cfTemplateRegisteredTime">{0}: No desviada</string>
  <string name="fcComplete">Código de función completo</string>
  <string name="fcError">Se ha producido un problema de conexión o el código de la función no es válido.</string>
  <string name="httpErrorOk">Aceptar</string>
  <string name="httpError">La página web contiene un error.</string>
  <string name="httpErrorLookup">No se ha podido encontrar la URL.</string>
  <string name="httpErrorUnsupportedAuthScheme">No se admite el esquema de autenticación del sitio.</string>
  <string name="httpErrorAuth">La autenticación no se ha realizado correctamente.</string>
  <string name="httpErrorProxyAuth">La autenticación mediante el servidor proxy no se ha realizado correctamente.</string>
  <string name="httpErrorConnect">La conexión con el servidor no se ha realizado correctamente.</string>
  <string name="httpErrorIO">El servidor no ha podido establecer la comunicación. Vuelve a intentarlo más tarde.</string>
  <string name="httpErrorTimeout">Se ha agotado el tiempo de espera de conexión al servidor.</string>
  <string name="httpErrorRedirectLoop">La página contiene demasiados redireccionamientos de servidor.</string>
  <string name="httpErrorFailedSslHandshake">No se ha podido establecer una conexión segura.</string>
  <string name="httpErrorFile">No se ha podido acceder al archivo.</string>
  <string name="httpErrorFileNotFound">No se ha encontrado el archivo solicitado.</string>
  <string name="httpErrorTooManyRequests">Se están procesando demasiadas solicitudes. Vuelve a intentarlo más tarde.</string>
  <string name="notification_title">Error de acceso a la cuenta %1$s</string>
  <string name="contentServiceSync">Sincronización</string>
  <string name="contentServiceSyncNotificationTitle">Sincronización</string>
  <string name="contentServiceTooManyDeletesNotificationDesc">Demasiadas eliminaciones de %s</string>
  <string name="low_memory">Se ha agotado el espacio de almacenamiento del teléfono. Elimina algunos archivos para liberar espacio.</string>
  <string name="me">Yo</string>
  <string name="power_dialog">Opciones del teléfono</string>
  <string name="silent_mode">Modo silencio</string>
  <string name="turn_on_radio">Activar conexión inalámbrica</string>
  <string name="turn_off_radio">Desactivar función inalámbrica</string>
  <string name="screen_lock">Bloqueo de pantalla</string>
  <string name="power_off">Apagar</string>
  <string name="shutdown_progress">Apagando...</string>
  <string name="shutdown_confirm">El teléfono se apagará.</string>
  <string name="recent_tasks_title">Reciente</string>
  <string name="no_recent_tasks">No hay aplicaciones recientes</string>
  <string name="global_actions">Opciones del teléfono</string>
  <string name="global_action_lock">Bloqueo de pantalla</string>
  <string name="global_action_power_off">Apagar</string>
  <string name="global_action_toggle_silent_mode">Modo silencio</string>
  <string name="global_action_silent_mode_on_status">El sonido está desactivado. Activar.</string>
  <string name="global_action_silent_mode_off_status">El sonido está activado. Desactivar.</string>
  <string name="global_actions_toggle_airplane_mode">Modo avión</string>
  <string name="global_actions_airplane_mode_on_status">Modo avión activado. Desactivar.</string>
  <string name="global_actions_airplane_mode_off_status">Modo avión desactivado. Activar.</string>
  <string name="safeMode">Modo seguro</string>
  <string name="android_system_label">Sistema Android</string>
  <string name="permgrouplab_costMoney">Servicios por los que tienes que pagar</string>
  <string name="permgroupdesc_costMoney">Permite que las aplicaciones realicen acciones por las que puede que tengas que pagar.</string>
  <string name="permgrouplab_messages">Tus mensajes</string>
  <string name="permgroupdesc_messages">Leer y escribir SMS, mensajes de correo electrónico y otros mensajes</string>
  <string name="permgrouplab_personalInfo">Tu información personal</string>
  <string name="permgroupdesc_personalInfo">Acceso directo al calendario y a los contactos almacenados en el teléfono</string>
  <string name="permgrouplab_location">Tu ubicación</string>
  <string name="permgroupdesc_location">Controlar su ubicación física</string>
  <string name="permgrouplab_network">Comunicación de red</string>
  <string name="permgroupdesc_network">Permite que las aplicaciones accedan a distintas funciones de red.</string>
  <string name="permgrouplab_accounts">Tus cuentas</string>
  <string name="permgroupdesc_accounts">Acceder a las cuentas disponibles</string>
  <string name="permgrouplab_hardwareControls">Controles de hardware</string>
  <string name="permgroupdesc_hardwareControls">Acceso directo al hardware del móvil</string>
  <string name="permgrouplab_phoneCalls">Llamadas de teléfono</string>
  <string name="permgroupdesc_phoneCalls">Controlar, registrar y procesar llamadas telefónicas</string>
  <string name="permgrouplab_systemTools">Herramientas del sistema</string>
  <string name="permgroupdesc_systemTools">Acceso de nivel inferior y control del sistema</string>
  <string name="permgrouplab_developmentTools">Herramientas de desarrollo</string>
  <string name="permgroupdesc_developmentTools">Funciones necesarias solo para desarrolladores de aplicaciones</string>
  <string name="permgrouplab_storage">Almacenamiento</string>
  <string name="permgroupdesc_storage">Acceder a la tarjeta SD</string>
  <string name="permlab_statusBar">inhabilitar o modificar la barra de estado</string>
  <string name="permdesc_statusBar">Permite que las aplicaciones inhabiliten la barra de estado, o añadan y eliminen iconos del sistema.</string>
  <string name="permlab_expandStatusBar">expandir/contraer la barra de estado</string>
  <string name="permdesc_expandStatusBar">Permite que la aplicación expanda y contraiga la barra de estado.</string>
  <string name="permlab_processOutgoingCalls">interceptar llamadas salientes</string>
  <string name="permdesc_processOutgoingCalls">Permite que la aplicación procese llamadas salientes y cambie el número que se va a marcar. Las aplicaciones malintencionadas pueden controlar, redirigir o impedir las llamadas salientes.</string>
  <string name="permlab_receiveSms">recibir SMS</string>
  <string name="permdesc_receiveSms">Permite que la aplicación reciba y procese mensajes SMS. Las aplicaciones malintencionadas pueden controlar los mensajes o eliminarlos sin mostrarlos al usuario.</string>
  <string name="permlab_receiveMms">recibir MMS</string>
  <string name="permdesc_receiveMms">Permite que la aplicación reciba y procese mensajes MMS. Las aplicaciones malintencionadas pueden controlar los mensajes o eliminarlos sin mostrarlos al usuario.</string>
  <string name="permlab_sendSms">enviar mensajes SMS</string>
  <string name="permdesc_sendSms">Permite que la aplicación envíe mensajes SMS. Es posible que tengas que pagar si las aplicaciones malintencionadas envían mensajes sin tu confirmación.</string>
  <string name="permlab_readSms">leer SMS o MMS</string>
  <string name="permdesc_readSms">Permite que la aplicación lea mensajes SMS almacenados en el teléfono o en la tarjeta SIM. Las aplicaciones malintencionadas pueden leer los mensajes confidenciales.</string>
  <string name="permlab_writeSms">editar SMS o MMS</string>
  <string name="permdesc_writeSms">Permite que la aplicación escriba en mensajes SMS almacenados en el teléfono o en la tarjeta SIM. Las aplicaciones malintencionadas pueden borrar los mensajes.</string>
  <string name="permlab_receiveWapPush">recibir WAP</string>
  <string name="permdesc_receiveWapPush">Permite que la aplicación reciba y procese mensajes WAP. Las aplicaciones malintencionadas pueden controlar los mensajes o eliminarlos sin mostrarlos al usuario.</string>
  <string name="permlab_getTasks">recuperar aplicaciones en ejecución</string>
  <string name="permdesc_getTasks">Permite que la aplicación recupere información sobre tareas que se están ejecutando en este momento o que se han ejecutado recientemente. Puede permitir que las aplicaciones malintencionadas vean información privada sobre otras aplicaciones.</string>
  <string name="permlab_reorderTasks">reorganizar aplicaciones en ejecución</string>
  <string name="permdesc_reorderTasks">Permite que una aplicación mueva tareas a segundo plano y a primer plano. Las aplicaciones malintencionadas pueden aparecer en primer plano sin tu control.</string>
  <string name="permlab_setDebugApp">habilitar depuración de aplicación</string>
  <string name="permdesc_setDebugApp">Permite que una aplicación active la depuración de otra aplicación. Las aplicaciones malintencionadas pueden utilizar este permiso para desactivar otras aplicaciones.</string>
  <string name="permlab_changeConfiguration">cambiar la configuración de la interfaz de usuario</string>
  <string name="permdesc_changeConfiguration">Permite que una aplicación cambie la configuración actual como, por ejemplo, la configuración local o el tamaño de fuente general.</string>
  <string name="permlab_enableCarMode">habilitar modo coche</string>
  <string name="permdesc_enableCarMode">Permite que una aplicación habilite el modo coche.</string>
  <string name="permlab_killBackgroundProcesses">interrumpir procesos en segundo plano</string>
  <string name="permdesc_killBackgroundProcesses">Permite interrumpir los procesos en segundo plano de otras aplicaciones, aunque no exista poco espacio en la memoria.</string>
  <string name="permlab_forceStopPackages">forzar la detención de otras aplicaciones</string>
  <string name="permdesc_forceStopPackages">Permite que una aplicación detenga de forma forzosa otras aplicaciones.</string>
  <string name="permlab_forceBack">forzar el cierre de la aplicación</string>
  <string name="permdesc_forceBack">Permite que una aplicación fuerce a cualquier actividad en segundo plano a cerrarse y volver a la pantalla anterior. No debería ser necesario nunca para las aplicaciones normales.</string>
  <string name="permlab_dump">recuperar estado interno del sistema</string>
  <string name="permdesc_dump">Permite que la aplicación recupere el estado interno del sistema. Las aplicaciones malintencionadas pueden recuperar una amplia variedad de información protegida y privada que normalmente no deberían necesitar.</string>
  <string name="permlab_shutdown">cierre parcial</string>
  <string name="permdesc_shutdown">Pone el administrador de actividades en estado de cierre. No realiza un cierre completo.</string>
  <string name="permlab_stopAppSwitches">evitar cambios de aplicación</string>
  <string name="permdesc_stopAppSwitches">Evita que el usuario cambie a otra aplicación.</string>
  <string name="permlab_runSetActivityWatcher">supervisar y controlar la ejecución de todas las aplicaciones</string>
  <string name="permdesc_runSetActivityWatcher">Permite que una aplicación supervise y controle la ejecución de las actividades por parte del sistema. Las aplicaciones malintencionadas pueden vulnerar la seguridad del sistema. Este permiso solo es necesario para tareas de desarrollo, nunca para el uso habitual del teléfono.</string>
  <string name="permlab_broadcastPackageRemoved">enviar emisión eliminada de paquete</string>
  <string name="permdesc_broadcastPackageRemoved">Permite que una aplicación emita una notificación de que se ha eliminado un paquete de aplicación. Las aplicaciones malintencionadas pueden utilizar este permiso para interrumpir la ejecución de cualquier otra aplicación.</string>
  <string name="permlab_broadcastSmsReceived">enviar una emisión recibida mediante SMS</string>
  <string name="permdesc_broadcastSmsReceived">Permite que una aplicación emita una notificación de que se ha recibido un mensaje SMS. Las aplicaciones malintencionadas \u0020pueden utilizar este permiso para falsificar mensajes SMS entrantes.</string>
  <string name="permlab_broadcastWapPush">enviar emisión recibida mediante mensaje WAP PUSH</string>
  <string name="permdesc_broadcastWapPush">Permite que una aplicación emita una notificación de que se ha recibido un mensaje WAP PUSH. Las aplicaciones malintencionadas pueden utilizar este permiso para falsificar la recepción de un mensaje MMS o para reemplazar de forma silenciosa el contenido de cualquier página web con variantes malintencionadas.</string>
  <string name="permlab_setProcessLimit">limitar el número de procesos en ejecución</string>
  <string name="permdesc_setProcessLimit">Permite que una aplicación controle el número máximo de procesos que se ejecutarán. No es necesario nunca para las aplicaciones normales.</string>
  <string name="permlab_setAlwaysFinish">hacer que se cierren todas las aplicaciones en segundo plano</string>
  <string name="permdesc_setAlwaysFinish">Permite que una aplicación controle si las actividades finalizan siempre en cuanto pasan a segundo plano. No es necesario nunca para las aplicaciones normales.</string>
  <string name="permlab_batteryStats">modificar estadísticas de la batería</string>
  <string name="permdesc_batteryStats">Permite la modificación de estadísticas recopiladas sobre la batería. No está destinado al uso por parte de aplicaciones normales.</string>
  <string name="permlab_backup">controlar las copias de seguridad y las restauraciones del sistema</string>
  <string name="permdesc_backup">Permite que la aplicación controle el mecanismo de copia de seguridad y restauración del sistema. Este permiso no está destinado a aplicaciones normales.</string>
  <string name="permlab_internalSystemWindow">mostrar ventanas no autorizadas</string>
  <string name="permdesc_internalSystemWindow">Permite la creación de ventanas destinadas al uso por parte de la interfaz de usuario interna del sistema. No está destinado al uso por parte de aplicaciones normales.</string>
  <string name="permlab_systemAlertWindow">mostrar alertas de nivel del sistema</string>
  <string name="permdesc_systemAlertWindow">Permite que una aplicación muestre ventanas de alerta del sistema. Las aplicaciones malintencionadas pueden controlar toda la pantalla del teléfono.</string>
  <string name="permlab_setAnimationScale">modificar velocidad de animación global</string>
  <string name="permdesc_setAnimationScale">Permite que una aplicación cambie la velocidad de animación global (animaciones más rápidas o más lentas) en cualquier momento.</string>
  <string name="permlab_manageAppTokens">administrar tokens de aplicación</string>
  <string name="permdesc_manageAppTokens">Permite que las aplicaciones creen y administren sus propios tokens, ignorando su orden z normal. Nunca debería ser necesario para las aplicaciones normales.</string>
  <string name="permlab_injectEvents">pulsar teclas y botones de control</string>
  <string name="permdesc_injectEvents">Permite que la aplicación proporcione sus propios eventos de entrada (pulsación de teclas, etc.) a otras aplicaciones. Las aplicaciones malintencionadas pueden utilizar este permiso para controlar el teléfono.</string>
  <string name="permlab_readInputState">registrar lo que se escribe y las acciones que se realizan</string>
  <string name="permdesc_readInputState">Permite que las aplicaciones observen las teclas que pulsas incluso cuando interactúas con otra aplicación (como, por ejemplo, al introducir una contraseña). No debería ser necesario nunca para las aplicaciones normales.</string>
  <string name="permlab_bindInputMethod">enlazar con un método de introducción de texto</string>
  <string name="permdesc_bindInputMethod">Permite enlazar con la interfaz de nivel superior de un método de introducción de texto. No debe ser necesario para las aplicaciones normales.</string>
  <string name="permlab_bindWallpaper">enlazar con un fondo de pantalla</string>
  <string name="permdesc_bindWallpaper">Permite enlazar con la interfaz de nivel superior de un fondo de pantalla. No debe ser necesario para las aplicaciones normales.</string>
  <string name="permlab_bindDeviceAdmin">interactuar con el administrador de un dispositivo</string>
  <string name="permdesc_bindDeviceAdmin">Permite enviar intentos a un administrador de dispositivos. Este permiso nunca debería ser necesario para las aplicaciones normales.</string>
  <string name="permlab_setOrientation">cambiar orientación de la pantalla</string>
  <string name="permdesc_setOrientation">Permite que una aplicación cambie la rotación de la pantalla en cualquier momento. No debería ser necesario nunca para las aplicaciones normales.</string>
  <string name="permlab_signalPersistentProcesses">enviar señales Linux a aplicaciones</string>
  <string name="permdesc_signalPersistentProcesses">Permite que la aplicación solicite que la señal suministrada se envíe a todos los procesos persistentes.</string>
  <string name="permlab_persistentActivity">hacer que la aplicación se ejecute siempre</string>
  <string name="permdesc_persistentActivity">Permite que una aplicación vuelva persistentes algunas de sus partes, de forma que el sistema no la pueda utilizar para otras aplicaciones.</string>
  <string name="permlab_deletePackages">eliminar aplicaciones</string>
  <string name="permdesc_deletePackages">Permite que una aplicación elimine paquetes Android. Las aplicaciones malintencionadas pueden utilizar este permiso para eliminar aplicaciones importantes.</string>
  <string name="permlab_clearAppUserData">eliminar los datos de otras aplicaciones</string>
  <string name="permdesc_clearAppUserData">Permite que una aplicación borre los datos de usuario.</string>
  <string name="permlab_deleteCacheFiles">eliminar las cachés de otras aplicaciones</string>
  <string name="permdesc_deleteCacheFiles">Permite que una aplicación elimine archivos de caché.</string>
  <string name="permlab_getPackageSize">medir el espacio de almacenamiento de la aplicación</string>
  <string name="permdesc_getPackageSize">Permite que la aplicación recupere su código, sus datos y los tamaños de caché.</string>
  <string name="permlab_installPackages">instalar aplicaciones directamente</string>
  <string name="permdesc_installPackages">Permite que una aplicación instale paquetes Android nuevos o actualizados. Las aplicaciones malintencionadas pueden utilizar este permiso para añadir aplicaciones nuevas con permisos arbitrariamente potentes.</string>
  <string name="permlab_clearAppCache">eliminar todos los datos de caché de la aplicación</string>
  <string name="permdesc_clearAppCache">Permite que una aplicación libere espacio de almacenamiento en el teléfono mediante la eliminación de archivos en el directorio de caché de la aplicación. El acceso al proceso del sistema suele estar muy restringido.</string>
  <string name="permlab_movePackage">Mover recursos de aplicaciones</string>
  <string name="permdesc_movePackage">Permite que una aplicación mueva los recursos de aplicaciones de un medio interno a otro externo y viceversa.</string>
  <string name="permlab_readLogs">leer archivos de registro del sistema</string>
  <string name="permdesc_readLogs">Permite que una aplicación lea los distintos archivos de registro del sistema. Con este permiso, la aplicación puede ver información general sobre las acciones que realiza el usuario con el teléfono, pero los registros no deberían contener información personal o privada.</string>
  <string name="permlab_diagnostic">leer/escribir en los recursos propiedad del grupo de diagnóstico</string>
  <string name="permdesc_diagnostic">Permite que una aplicación lea y escriba en cualquier recurso propiedad del grupo de diagnóstico como, por ejemplo, archivos in/dev. Este permiso podría afectar a la seguridad y estabilidad del sistema. SÓLO se debe utilizar para diagnósticos específicos de hardware realizados por el fabricante o el operador.</string>
  <string name="permlab_changeComponentState">habilitar o inhabilitar componentes de la aplicación</string>
  <string name="permdesc_changeComponentState">Permite que una aplicación cambie si un componente de otra aplicación está habilitado o inhabilitado. Las aplicaciones malintencionadas pueden utilizar este permiso para inhabilitar funciones importantes del teléfono. El permiso se debe utilizar con precaución, ya que es posible que los componentes se vuelvan inutilizables, inconsistentes o inestables.</string>
  <string name="permlab_setPreferredApplications">establecer aplicaciones preferidas</string>
  <string name="permdesc_setPreferredApplications">Permite que una aplicación modifique las aplicaciones preferidas del usuario. De esta forma, las aplicaciones malintencionadas pueden cambiar de forma silenciosa las aplicaciones que se están ejecutando, falsificando las aplicaciones existentes para recopilar datos privados del usuario.</string>
  <string name="permlab_writeSettings">modificar la configuración global del sistema</string>
  <string name="permdesc_writeSettings">Permite que una aplicación modifique los datos de configuración del sistema. Las aplicaciones malintencionadas pueden dañar la configuración del sistema.</string>
  <string name="permlab_writeSecureSettings">modificar la configuración segura del sistema</string>
  <string name="permdesc_writeSecureSettings">Permite que una aplicación modifique los datos de configuración segura del sistema. No está destinado al uso por parte de aplicaciones normales.</string>
  <string name="permlab_writeGservices">modificar la asignación de servicios de Google</string>
  <string name="permdesc_writeGservices">Permite que una aplicación modifique la asignación de servicios de Google. No está destinado al uso por parte de aplicaciones normales.</string>
  <string name="permlab_receiveBootCompleted">ejecutar automáticamente al iniciar</string>
  <string name="permdesc_receiveBootCompleted">Permite que una aplicación se ejecute automáticamente en cuanto se haya terminado de iniciar el sistema. Esto puede provocar que el teléfono tarde más en iniciarse y permite que la aplicación ralentice el funcionamiento global del teléfono al ejecutarse continuamente.</string>
  <string name="permlab_broadcastSticky">enviar emisión persistente</string>
  <string name="permdesc_broadcastSticky">Permite que una aplicación envíe emisiones persistentes, que permanecen en el teléfono una vez que la emisión finaliza. Las aplicaciones malintencionadas pueden ralentizar el teléfono o volverlo inestable al hacer que emplee demasiada memoria.</string>
  <string name="permlab_readContacts">leer los datos de contacto</string>
  <string name="permdesc_readContacts">Permite que una aplicación lea todos los datos de contacto (direcciones) almacenados en el teléfono. Las aplicaciones malintencionadas pueden utilizar este permiso para enviar tus datos a otras personas.</string>
  <string name="permlab_writeContacts">escribir datos de contacto</string>
  <string name="permdesc_writeContacts">Permite que una aplicación modifique los datos de contacto (direcciones) almacenados en el teléfono. Las aplicaciones malintencionadas pueden utilizar este permiso para borrar o modificar tus datos de contacto.</string>
  <string name="permlab_writeOwnerData">escribir datos de propietario</string>
  <string name="permdesc_writeOwnerData">Permite que una aplicación modifique los datos del propietario del teléfono almacenados en el teléfono. Las aplicaciones malintencionadas pueden utilizar este permiso para borrar o modificar los datos del propietario.</string>
  <string name="permlab_readOwnerData">leer datos del propietario</string>
  <string name="permdesc_readOwnerData">Permite que una aplicación lea los datos del propietario del teléfono almacenados en el teléfono. Las aplicaciones malintencionadas pueden utilizar este permiso para leer los datos del propietario del teléfono.</string>
  <string name="permlab_readCalendar">leer eventos de calendario</string>
  <string name="permdesc_readCalendar">Permite que una aplicación lea todos los eventos de calendario almacenados en el teléfono. Las aplicaciones malintencionadas pueden utilizar este permiso para enviar tus eventos de calendario a otras personas.</string>
  <string name="permlab_writeCalendar">añadir o modificar eventos de calendario y enviar mensajes de correo electrónico a los invitados</string>
  <string name="permdesc_writeCalendar">Permite que una aplicación añada o modifique los eventos de tu calendario, que puede enviar mensajes de correo electrónico a los invitados. Las aplicaciones malintencionadas pueden utilizar este permiso para borrar o modificar tus eventos de calendario o para enviar mensajes a los invitados.</string>
  <string name="permlab_accessMockLocation">simular fuentes de ubicación para prueba</string>
  <string name="permdesc_accessMockLocation">Crear fuentes de origen simuladas para realizar pruebas. Las aplicaciones malintencionadas pueden utilizar este permiso para sobrescribir la ubicación o el estado devueltos por orígenes de ubicación reales, tales como los proveedores de red o GPS.</string>
  <string name="permlab_accessLocationExtraCommands">acceder a comandos de proveedor de ubicación adicional</string>
  <string name="permdesc_accessLocationExtraCommands">Acceder a comandos de proveedor de ubicación adicional. Las aplicaciones malintencionadas podrían utilizar este permiso para interferir en el funcionamiento del sistema GPS o de otras fuentes de ubicación.</string>
  <string name="permlab_installLocationProvider">permiso para instalar un proveedor de ubicación</string>
  <string name="permdesc_installLocationProvider">Crear fuentes de origen simuladas para realizar pruebas. Las aplicaciones malintencionadas pueden utilizar este permiso para sobrescribir la ubicación o el estado devueltos por orígenes de ubicación reales, tales como los proveedores de red o GPS, o para controlar y notificar tu ubicación a una fuente externa.</string>
  <string name="permlab_accessFineLocation">precisar la ubicación (GPS)</string>
  <string name="permdesc_accessFineLocation">Permite precisar las fuentes de ubicación como, por ejemplo, el sistema de posicionamiento global, en el teléfono, en los casos en que estén disponibles. Las aplicaciones malintencionadas pueden utilizar este permiso para determinar dónde se encuentra el usuario y pueden consumir batería adicional.</string>
  <string name="permlab_accessCoarseLocation">ubicación común (basada en red)</string>
  <string name="permdesc_accessCoarseLocation">Acceder a fuentes de ubicación comunes como, por ejemplo, la base de datos de red de un teléfono móvil, para determinar una ubicación telefónica aproximada, en los casos en que esté disponible. Las aplicaciones malintencionadas pueden utilizar este permiso para determinar dónde te encuentras aproximadamente.</string>
  <string name="permlab_accessSurfaceFlinger">acceder a SurfaceFlinger</string>
  <string name="permdesc_accessSurfaceFlinger">Permite que la aplicación utilice funciones de SurfaceFlinger de nivel inferior.</string>
  <string name="permlab_readFrameBuffer">leer memoria de almacenamiento intermedio</string>
  <string name="permdesc_readFrameBuffer">Permite que la aplicación lea el contenido de la memoria de almacenamiento intermedio.</string>
  <string name="permlab_modifyAudioSettings">cambiar la configuración de audio</string>
  <string name="permdesc_modifyAudioSettings">Permite que la aplicación modifique la configuración de audio global como, por ejemplo, el volumen y la salida.</string>
  <string name="permlab_recordAudio">grabar sonido</string>
  <string name="permdesc_recordAudio">Permite que la aplicación acceda a la ruta de grabación de audio.</string>
  <string name="permlab_camera">realizar fotografías</string>
  <string name="permdesc_camera">Permite que la aplicación realice fotografías con la cámara. De esta forma, la aplicación puede recopilar en cualquier momento las imágenes que ve la cámara.</string>
  <string name="permlab_brick">inhabilitar el teléfono de forma permanente</string>
  <string name="permdesc_brick">Permite que la aplicación inhabilite todas las funciones del teléfono de forma permanente. Este permiso es muy peligroso.</string>
  <string name="permlab_reboot">forzar reinicio del teléfono</string>
  <string name="permdesc_reboot">Permite que la aplicación fuerce al teléfono a reiniciarse.</string>
  <string name="permlab_mount_unmount_filesystems">activar y desactivar sistemas de archivos</string>
  <string name="permdesc_mount_unmount_filesystems">Permite que las aplicaciones activen y desactiven sistemas de archivos para un almacenamiento extraíble.</string>
  <string name="permlab_mount_format_filesystems">formatear almacenamiento externo</string>
  <string name="permdesc_mount_format_filesystems">Permite a la aplicación formatear un almacenamiento extraíble.</string>
  <string name="permlab_asec_access">obtener información sobre el almacenamiento seguro</string>
  <string name="permdesc_asec_access">Permite que la aplicación obtenga información sobre el almacenamiento seguro.</string>
  <string name="permlab_asec_create">crear almacenamiento seguro</string>
  <string name="permdesc_asec_create">Permite que la aplicación cree un almacenamiento seguro.</string>
  <string name="permlab_asec_destroy">destruir almacenamiento seguro</string>
  <string name="permdesc_asec_destroy">Permite que la aplicación destruya el almacenamiento seguro.</string>
  <string name="permlab_asec_mount_unmount">activar/desactivar almacenamiento seguro</string>
  <string name="permdesc_asec_mount_unmount">Permite que la aplicación active o desactive el almacenamiento seguro.</string>
  <string name="permlab_asec_rename">cambiar nombre de almacenamiento seguro</string>
  <string name="permdesc_asec_rename">Permite que la aplicación cambie el nombre del almacenamiento seguro.</string>
  <string name="permlab_vibrate">controlar vibración</string>
  <string name="permdesc_vibrate">Permite que la aplicación controle la función de vibración.</string>
  <string name="permlab_flashlight">controlar linterna</string>
  <string name="permdesc_flashlight">Permite que la aplicación controle la función de linterna.</string>
  <string name="permlab_hardware_test">probar hardware</string>
  <string name="permdesc_hardware_test">Permite que la aplicación controle distintos periféricos con fines de prueba del hardware.</string>
  <string name="permlab_callPhone">llamar directamente a números de teléfono</string>
  <string name="permdesc_callPhone">Permite que la aplicación llame a números de teléfono sin la intervención del usuario. Las aplicaciones malintencionadas pueden originar llamadas inesperadas en la factura telefónica. Ten en cuenta que con este permiso la aplicación no puede realizar llamadas a números de emergencia.</string>
  <string name="permlab_callPrivileged">llamar directamente a cualquier número de teléfono</string>
  <string name="permdesc_callPrivileged">Permite que la aplicación llame a cualquier número de teléfono, incluidos los números de emergencia, sin que el usuario intervenga. Las aplicaciones malintencionadas pueden realizar llamadas innecesarias e ilícitas a los servicios de emergencias.</string>
  <string name="permlab_performCdmaProvisioning">iniciar directamente el método de acceso CDMA del teléfono</string>
  <string name="permdesc_performCdmaProvisioning">Permite que la aplicación inicie el método de acceso CDMA. Las aplicaciones malintencionadas pueden iniciar el método CDMA de forma innecesaria.</string>
  <string name="permlab_locationUpdates">controlar las notificaciones de actualización de la ubicación</string>
  <string name="permdesc_locationUpdates">Permite habilitar/inhabilitar las notificaciones de actualización de la señal móvil. No está destinado al uso por parte de aplicaciones normales.</string>
  <string name="permlab_checkinProperties">acceder a propiedades de registro</string>
  <string name="permdesc_checkinProperties">Permite el acceso de lectura/escritura a las propiedades cargadas por el servicio de registro. No está destinado al uso por parte de aplicaciones normales.</string>
  <string name="permlab_bindGadget">seleccionar widgets</string>
  <string name="permdesc_bindGadget">Permite que una aplicación indique al sistema los widgets que puede utilizar cada aplicación. Se trata de un permiso que no pueden utilizar las aplicaciones normales y que permite que una aplicación conceda acceso a datos personales a otras aplicaciones.</string>
  <string name="permlab_modifyPhoneState">modificar estado del teléfono</string>
  <string name="permdesc_modifyPhoneState">Permite que la aplicación controle las funciones de teléfono del dispositivo. Una aplicación con este permiso puede cambiar redes, activar y desactivar la señal móvil, etc., sin necesidad de notificar al usuario.</string>
  <string name="permlab_readPhoneState">leer la identidad y el estado del teléfono</string>
  <string name="permdesc_readPhoneState">Permite que la aplicación acceda a las funciones de teléfono del dispositivo. Una aplicación con este permiso puede determinar el número de teléfono y el número de serie de este teléfono, si una llamada está activa, el número al que está vinculada esa llamada, etc.</string>
  <string name="permlab_wakeLock">impedir que el teléfono entre en modo de suspensión</string>
  <string name="permdesc_wakeLock">Permite que una aplicación impida que el teléfono entre en modo de suspensión.</string>
  <string name="permlab_devicePower">encender o apagar el teléfono</string>
  <string name="permdesc_devicePower">Permite que la aplicación active o desactive el teléfono.</string>
  <string name="permlab_factoryTest">ejecutar en modo de prueba de fábrica</string>
  <string name="permdesc_factoryTest">Ejecutar como prueba de fabricante de nivel inferior, permitiendo un acceso íntegro al hardware del teléfono. Sólo está disponible cuando un teléfono se está ejecutando en modo de prueba.</string>
  <string name="permlab_setWallpaper">establecer fondo de pantalla</string>
  <string name="permdesc_setWallpaper">Permite que la aplicación establezca el fondo de pantalla del sistema.</string>
  <string name="permlab_setWallpaperHints">establecer el tamaño del fondo de pantalla</string>
  <string name="permdesc_setWallpaperHints">Permite que la aplicación establezca el tamaño del fondo de pantalla del sistema.</string>
  <string name="permlab_masterClear">restablecer el sistema a los valores predeterminados de fábrica</string>
  <string name="permdesc_masterClear">Permite que una aplicación restablezca por completo el sistema a su configuración de fábrica, borrando todos los datos, la configuración y las aplicaciones instaladas.</string>
  <string name="permlab_setTime">establecer hora</string>
  <string name="permdesc_setTime">Permite que una aplicación cambie la hora del reloj del teléfono.</string>
  <string name="permlab_setTimeZone">establecer zona horaria</string>
  <string name="permdesc_setTimeZone">Permite que una aplicación cambie la zona horaria del teléfono.</string>
  <string name="permlab_accountManagerService">actuar como servicio de administrador de cuentas</string>
  <string name="permdesc_accountManagerService">Permite que una aplicación realice llamadas a los autenticadores de cuentas.</string>
  <string name="permlab_getAccounts">ver cuentas reconocidas</string>
  <string name="permdesc_getAccounts">Permite que una aplicación obtenga una lista de cuentas reconocidas por el teléfono.</string>
  <string name="permlab_authenticateAccounts">actuar como autenticador de cuentas</string>
  <string name="permdesc_authenticateAccounts">Permite que una aplicación utilice las funciones de autenticador de cuentas del administrador de cuentas, incluida la creación de cuentas y la obtención y el establecimiento de sus contraseñas.</string>
  <string name="permlab_manageAccounts">administrar la lista de cuentas</string>
  <string name="permdesc_manageAccounts">Permite que una aplicación realice operaciones tales como la adición y eliminación de cuentas y la eliminación de su contraseña.</string>
  <string name="permlab_useCredentials">utilizar las credenciales de autenticación de una cuenta</string>
  <string name="permdesc_useCredentials">Permite que una aplicación solicite tokens de autenticación.</string>
  <string name="permlab_accessNetworkState">ver estado de la red</string>
  <string name="permdesc_accessNetworkState">Permite que una aplicación vea el estado de todas las redes.</string>
  <string name="permlab_createNetworkSockets">acceso íntegro a Internet</string>
  <string name="permdesc_createNetworkSockets">Permite que una aplicación cree sockets de red.</string>
  <string name="permlab_writeApnSettings">escribir la configuración de nombre de punto de acceso</string>
  <string name="permdesc_writeApnSettings">Permite que una aplicación modifique los valores de configuración de un APN como, por ejemplo, el proxy y el puerto de cualquier APN.</string>
  <string name="permlab_changeNetworkState">cambiar la conectividad de red</string>
  <string name="permdesc_changeNetworkState">Permite que una aplicación cambie el estado de la conectividad de red.</string>
  <string name="permlab_changeTetherState">cambiar conectividad de anclaje a red</string>
  <string name="permdesc_changeTetherState">Permite que una aplicación cambie el estado de la conectividad de red de anclaje.</string>
  <string name="permlab_changeBackgroundDataSetting">cambiar configuración de uso de datos de referencia</string>
  <string name="permdesc_changeBackgroundDataSetting">Permite a una aplicación cambiar la configuración de uso de los datos de referencia.</string>
  <string name="permlab_accessWifiState">ver estado de la conectividad Wi-Fi</string>
  <string name="permdesc_accessWifiState">Permite que una aplicación vea la información sobre el estado de la conectividad Wi-Fi.</string>
  <string name="permlab_changeWifiState">cambiar estado de Wi-Fi</string>
  <string name="permdesc_changeWifiState">Permite que una aplicación se conecte a puntos de acceso Wi-Fi y se desconecte de ellos, y realice modificaciones en las redes Wi-Fi configuradas.</string>
  <string name="permlab_changeWifiMulticastState">permitir recepción multidifusión Wi-Fi</string>
  <string name="permdesc_changeWifiMulticastState">Permite que una aplicación reciba paquetes no dirigidos directamente a tu dispositivo. Esta función puede resultar útil para descubrir servicios cercanos. Utiliza más energía que el modo de no multidifusión.</string>
  <string name="permlab_bluetoothAdmin">administración de Bluetooth</string>
  <string name="permdesc_bluetoothAdmin">Permite que una aplicación configure el teléfono Bluetooth local, y vea dispositivos remotos y sincronice el teléfono con ellos.</string>
  <string name="permlab_bluetooth">crear conexiones de Bluetooth</string>
  <string name="permdesc_bluetooth">Permite que una aplicación vea la configuración del teléfono Bluetooth local, y cree y acepte conexiones con los dispositivos sincronizados.</string>
  <string name="permlab_disableKeyguard">inhabilitar bloqueo del teclado</string>
  <string name="permdesc_disableKeyguard">Permite que una aplicación inhabilite el bloqueo del teclado y cualquier protección con contraseña asociada. Un ejemplo legítimo de este permiso es la inhabilitación por parte del teléfono del bloqueo del teclado cuando recibe una llamada telefónica entrante y su posterior habilitación cuando finaliza la llamada.</string>
  <string name="permlab_readSyncSettings">leer la configuración de sincronización</string>
  <string name="permdesc_readSyncSettings">Permite que una aplicación lea la configuración de sincronización como, por ejemplo, si la sincronización está habilitada para el menú \"Contactos\".</string>
  <string name="permlab_writeSyncSettings">escribir configuración de sincronización</string>
  <string name="permdesc_writeSyncSettings">Permite que una aplicación modifique la configuración de sincronización como, por ejemplo, si la sincronización está habilitada para el menú \"Contactos\".</string>
  <string name="permlab_readSyncStats">leer estadísticas de sincronización</string>
  <string name="permdesc_readSyncStats">Permite que una aplicación lea las estadísticas de sincronización como, por ejemplo, el historial de sincronizaciones que se han realizado.</string>
  <string name="permlab_subscribedFeedsRead">leer feeds a los que está suscrito el usuario</string>
  <string name="permdesc_subscribedFeedsRead">Permite que una aplicación obtenga detalles sobre los feeds sincronizados en este momento.</string>
  <string name="permlab_subscribedFeedsWrite">escribir feeds a los que está suscrito el usuario</string>
  <string name="permdesc_subscribedFeedsWrite">Permite que una aplicación modifique los feeds sincronizados actualmente. Este permiso podría provocar que una aplicación malintencionada cambie los feeds sincronizados.</string>
  <string name="permlab_readDictionary">leer diccionario definido por el usuario</string>
  <string name="permdesc_readDictionary">Permite a una aplicación leer cualquier frase, palabra o nombre privado que el usuario haya almacenado en su diccionario.</string>
  <string name="permlab_writeDictionary">escribir en el diccionario definido por el usuario</string>
  <string name="permdesc_writeDictionary">Permite a una aplicación escribir palabras nuevas en el diccionario de usuario.</string>
  <string name="permlab_sdcardWrite">modificar/eliminar contenido de la tarjeta SD</string>
  <string name="permdesc_sdcardWrite">Permite que una aplicación escriba en la tarjeta SD.</string>
  <string name="permlab_cache_filesystem">acceder al sistema de archivos almacenado en caché</string>
  <string name="permdesc_cache_filesystem">Permite que una aplicación lea y escriba el sistema de archivos almacenado en caché.</string>
  <string name="policylab_limitPassword">Limitar opciones de contraseña</string>
  <string name="policydesc_limitPassword">Permite restringir los tipos de contraseñas que puede utilizar el usuario.</string>
  <string name="policylab_watchLogin">Controlar intentos de acceso</string>
  <string name="policydesc_watchLogin">Se ha producido un error al intentar controlar el acceso al dispositivo para realizar una acción.</string>
  <string name="policylab_resetPassword">Restablecer contraseña</string>
  <string name="policydesc_resetPassword">Permite forzar la contraseña para establecer un valor nuevo que el administrador deberá proporcionar al usuario para poder acceder.</string>
  <string name="policylab_forceLock">Forzar bloqueo</string>
  <string name="policydesc_forceLock">Permite controlar el momento de bloqueo del dispositivo solicitando al usuario que vuelva a introducir la contraseña.</string>
  <string name="policylab_wipeData">Borrar todos los datos</string>
  <string name="policydesc_wipeData">Permite realizar un restablecimiento de fábrica eliminando todos los datos sin confirmación.</string>
  <string name="phoneTypeCustom">Personalizado</string>
  <string name="phoneTypeHome">Casa</string>
  <string name="phoneTypeMobile">Móvil</string>
  <string name="phoneTypeWork">Trabajo</string>
  <string name="phoneTypeFaxWork">Fax del trabajo</string>
  <string name="phoneTypeFaxHome">Fax de casa</string>
  <string name="phoneTypePager">Buscapersonas</string>
  <string name="phoneTypeOther">Otro</string>
  <string name="phoneTypeCallback">Devolución de llamada</string>
  <string name="phoneTypeCar">Coche</string>
  <string name="phoneTypeCompanyMain">Teléfono principal de la empresa</string>
  <string name="phoneTypeIsdn">RDSI</string>
  <string name="phoneTypeMain">Principal</string>
  <string name="phoneTypeOtherFax">Otro fax</string>
  <string name="phoneTypeRadio">Radio</string>
  <string name="phoneTypeTelex">Télex</string>
  <string name="phoneTypeTtyTdd">TTY TDD</string>
  <string name="phoneTypeWorkMobile">Móvil del trabajo</string>
  <string name="phoneTypeWorkPager">Buscapersonas del trabajo</string>
  <string name="phoneTypeAssistant">Asistente</string>
  <string name="phoneTypeMms">MMS</string>
  <string name="eventTypeBirthday">Cumpleaños</string>
  <string name="eventTypeAnniversary">Aniversario</string>
  <string name="eventTypeOther">Evento</string>
  <string name="emailTypeCustom">Personalizado</string>
  <string name="emailTypeHome">Casa</string>
  <string name="emailTypeWork">Trabajo</string>
  <string name="emailTypeOther">Otro</string>
  <string name="emailTypeMobile">Móvil</string>
  <string name="postalTypeCustom">Personalizada</string>
  <string name="postalTypeHome">Casa</string>
  <string name="postalTypeWork">Trabajo</string>
  <string name="postalTypeOther">Otro</string>
  <string name="imTypeCustom">Personalizada</string>
  <string name="imTypeHome">Casa</string>
  <string name="imTypeWork">Trabajo</string>
  <string name="imTypeOther">Otro</string>
  <string name="imProtocolCustom">Personalizada</string>
  <string name="imProtocolAim">AIM</string>
  <string name="imProtocolMsn">Windows Live</string>
  <string name="imProtocolYahoo">Yahoo!</string>
  <string name="imProtocolSkype">Skype</string>
  <string name="imProtocolQq">QQ</string>
  <string name="imProtocolGoogleTalk">Google Talk</string>
  <string name="imProtocolIcq">ICQ</string>
  <string name="imProtocolJabber">Jabber</string>
  <string name="imProtocolNetMeeting">NetMeeting</string>
  <string name="orgTypeWork">Trabajo</string>
  <string name="orgTypeOther">Otra</string>
  <string name="orgTypeCustom">Personalizada</string>
  <string name="contact_status_update_attribution">a través de %1$s</string>
  <string name="contact_status_update_attribution_with_date">%1$s a través de %2$s</string>
  <string name="keyguard_password_enter_pin_code">Introduce el código PIN</string>
  <string name="keyguard_password_enter_password_code">Introducir contraseña para desbloquear</string>
  <string name="keyguard_password_wrong_pin_code">El código PIN es incorrecto.</string>
  <string name="keyguard_label_text">Para desbloquear el teléfono, pulsa la tecla de menú y, a continuación, pulsa 0.</string>
  <string name="emergency_call_dialog_number_for_display">Número de emergencia</string>
  <string name="lockscreen_carrier_default">(Sin cobertura)</string>
  <string name="lockscreen_screen_locked">Pantalla bloqueada</string>
  <string name="lockscreen_instructions_when_pattern_enabled">Pulsa la tecla de menú para desbloquear el teléfono o realizar una llamada de emergencia.</string>
  <string name="lockscreen_instructions_when_pattern_disabled">Pulsa la tecla de menú para desbloquear la pantalla.</string>
  <string name="lockscreen_pattern_instructions">Dibujar patrón de desbloqueo</string>
  <string name="lockscreen_emergency_call">Llamada de emergencia</string>
  <string name="lockscreen_return_to_call">Volver a llamada</string>
  <string name="lockscreen_pattern_correct">Correcto</string>
  <string name="lockscreen_pattern_wrong">Inténtalo de nuevo</string>
  <string name="lockscreen_plugged_in">Cargando (%d%%)</string>
  <string name="lockscreen_charged">Cargado</string>
  <string name="lockscreen_battery_short">%d %%</string>
  <string name="lockscreen_low_battery">Conecta el cargador</string>
  <string name="lockscreen_missing_sim_message_short">Falta la tarjeta SIM</string>
  <string name="lockscreen_missing_sim_message">No se ha insertado ninguna tarjeta SIM en el teléfono.</string>
  <string name="lockscreen_missing_sim_instructions">Inserta una tarjeta SIM.</string>
  <string name="emergency_calls_only">Solo llamadas de emergencia</string>
  <string name="lockscreen_network_locked_message">Bloqueada para la red</string>
  <string name="lockscreen_sim_puk_locked_message">La tarjeta SIM está bloqueada con el código PUK.</string>
  <string name="lockscreen_sim_puk_locked_instructions">Consulta la guía del usuario o ponte en contacto con el servicio de atención al cliente.</string>
  <string name="lockscreen_sim_locked_message">Introduce el código PIN.</string>
  <string name="lockscreen_sim_unlock_progress_dialog_message">Desbloqueando tarjeta SIM...</string>
  <string name="lockscreen_too_many_failed_attempts_dialog_message">Has realizado %d intentos fallidos de creación de un patrón de desbloqueo. \n\nInténtalo de nuevo dentro de %d segundos.</string>
  <string name="lockscreen_failed_attempts_almost_glogin">Has realizado %d intentos fallidos de creación del patrón de desbloqueo. Si realizas %d intentos fallidos más, se te pedirá que desbloquees el teléfono con tus credenciales de acceso de Google.\n\n Espera %d segundos e inténtalo de nuevo.</string>
  <string name="lockscreen_too_many_failed_attempts_countdown">Espera %d segundos y vuelve a intentarlo.</string>
  <string name="lockscreen_forgot_pattern_button_text">¿Has olvidado el patrón?</string>
  <string name="lockscreen_glogin_forgot_pattern">Desbloqueo de cuenta</string>
  <string name="lockscreen_glogin_too_many_attempts">Se han realizado demasiados intentos incorrectos de creación del patrón.</string>
  <string name="lockscreen_glogin_instructions">Para desbloquear el teléfono, accede a tu cuenta de Google.</string>
  <string name="lockscreen_glogin_username_hint">Nombre de usuario (correo electrónico)</string>
  <string name="lockscreen_glogin_password_hint">Contraseña</string>
  <string name="lockscreen_glogin_submit_button">Acceder</string>
  <string name="lockscreen_glogin_invalid_input">Nombre de usuario o contraseña no válido</string>
  <string name="lockscreen_glogin_checking_password">Comprobando...</string>
  <string name="lockscreen_unlock_label">Desbloquear</string>
  <string name="lockscreen_sound_on_label">Activar sonido</string>
  <string name="lockscreen_sound_off_label">Desactivar sonido</string>
  <string name="password_keyboard_label_symbol_key">\?123</string>
  <string name="password_keyboard_label_alpha_key">ABC</string>
  <string name="password_keyboard_label_alt_key">ALT</string>
  <string name="hour_ampm">%-l %P</string>
  <string name="hour_cap_ampm">%-l %p</string>
  <string name="status_bar_clear_all_button">Borrar</string>
  <string name="status_bar_no_notifications_title">No tienes notificaciones</string>
  <string name="status_bar_ongoing_events_title">Entrante</string>
  <string name="status_bar_latest_events_title">Notificaciones</string>
  <string name="battery_status_text_percent_format">%d%%</string>
  <string name="battery_status_charging">Cargando...</string>
  <string name="battery_low_title">Conecta el cargador</string>
  <string name="battery_low_subtitle">Se está agotando la batería:</string>
  <string name="battery_low_percent_format">%d%% o menos disponible</string>
  <string name="battery_low_why">Uso de la batería</string>
  <string name="factorytest_failed">Fallo en la prueba de fábrica</string>
  <string name="factorytest_not_system">La acción FACTORY_TEST solo es compatible con los paquetes instalados en /system/app.</string>
  <string name="factorytest_no_action">No se ha encontrado ningún paquete que proporcione la acción FACTORY_TEST.</string>
  <string name="factorytest_reboot">Reiniciar</string>
  <string name="web_user_agent">Mozilla/5.0 (Linux; U; Android %s) AppleWebKit/533.1 (KHTML, like Gecko) Version/4.0 Mobile Safari/533.1</string>
  <string name="js_dialog_title">La página \"%s\" dice:</string>
  <string name="js_dialog_title_default">JavaScript</string>
  <string name="js_dialog_before_unload">¿Quieres salir de esta página?\n\n%s\n\nSelecciona \"Aceptar\" para continuar o \"Cancelar\" para permanecer en la página actual.</string>
  <string name="save_password_label">Confirmar</string>
  <string name="double_tap_toast">Sugerencia: toca dos veces para ampliar o reducir.</string>
  <string name="permlab_readHistoryBookmarks">leer información de marcadores y del historial del navegador</string>
  <string name="permdesc_readHistoryBookmarks">Permite que la aplicación lea todas las URL que ha visitado el navegador y todos sus marcadores.</string>
  <string name="permlab_writeHistoryBookmarks">escribir en marcadores y en el historial del navegador</string>
  <string name="permdesc_writeHistoryBookmarks">Permite que una aplicación modifique la información de los marcadores o del historial del navegador almacenada en el teléfono. Las aplicaciones malintencionadas pueden utilizar este permiso para borrar o modificar los datos del navegador.</string>
  <string name="permlab_writeGeolocationPermissions">Modificar los permisos de ubicación geográfica del navegador</string>
  <string name="permdesc_writeGeolocationPermissions">Permite que una aplicación modifique los permisos de ubicación geográfica del navegador. Las aplicaciones malintencionadas pueden utilizar este permiso para permitir el envío de información sobre la ubicación a sitios web arbitrarios.</string>
  <string name="save_password_message">¿Deseas que el navegador recuerde esta contraseña?</string>
  <string name="save_password_notnow">Ahora no</string>
  <string name="save_password_remember">Recordar</string>
  <string name="save_password_never">Nunca</string>
  <string name="open_permission_deny">No dispones de permiso para abrir esta página.</string>
  <string name="text_copied">Texto copiado al portapapeles.</string>
  <string name="more_item_label">Más</string>
  <string name="prepend_shortcut_label">MENU+</string>
  <string name="menu_space_shortcut_label">espacio</string>
  <string name="menu_enter_shortcut_label">intro</string>
  <string name="menu_delete_shortcut_label">suprimir</string>
  <string name="oneMonthDurationPast">Hace un mes</string>
  <string name="beforeOneMonthDurationPast">Hace más de un mes</string>
  <string name="last_month">El mes pasado</string>
  <string name="older">Anterior</string>
  <string name="preposition_for_date">el %s</string>
  <string name="preposition_for_time">a la(s) %s</string>
  <string name="preposition_for_year">en %s</string>
  <string name="day">día</string>
  <string name="days">días</string>
  <string name="hour">hora</string>
  <string name="hours">horas</string>
  <string name="minute">min</string>
  <string name="minutes">minutos</string>
  <string name="second">segundos</string>
  <string name="seconds">segundos</string>
  <string name="week">semana</string>
  <string name="weeks">semanas</string>
  <string name="year">año</string>
  <string name="years">años</string>
  <string name="relative_time">%1$s, %2$s</string>
  <string name="noon">mediodía</string>
  <string name="Noon">Mediodía</string>
  <string name="midnight">medianoche</string>
  <string name="Midnight">Medianoche</string>
  <string name="elapsed_time_short_format_mm_ss">%1$02d:%2$02d</string>
  <string name="elapsed_time_short_format_h_mm_ss">%1$d:%2$02d:%3$02d</string>
  <string name="selectText">Seleccionar texto</string>
  <string name="stopSelectingText">Detener selección de texto</string>
  <string name="cutAll">Cortar todo</string>
  <string name="copyAll">Copiar todo</string>
  <string name="inputMethod">Método de introducción de texto</string>
  <string name="addToDictionary">Añadir \"%s\" al diccionario</string>
  <string name="editTextMenuTitle">Editar texto</string>
  <string name="low_internal_storage_view_title">Poco espacio</string>
  <string name="low_internal_storage_view_text">Se está agotando el espacio de almacenamiento del teléfono.</string>
  <string name="capital_on">Activado</string>
  <string name="capital_off">Desconectado</string>
  <string name="whichApplication">Completar acción utilizando</string>
  <string name="alwaysUse">Utilizar de forma predeterminada para esta acción</string>
  <string name="clearDefaultHintMsg">Borrar valores predeterminados en la página de configuración de la pantalla de inicio del teléfono > Aplicaciones > Administrar aplicaciones\".</string>
  <string name="chooseActivity">Seleccionar una acción</string>
  <string name="noApplications">Ninguna aplicación puede realizar esta acción.</string>
  <string name="aerr_title">Lo sentimos.</string>
  <string name="aerr_application">La aplicación %1$s (proceso %2$s) se ha interrumpido inesperadamente. Inténtalo de nuevo.</string>
  <string name="aerr_process">El proceso %1$s se ha interrumpido inesperadamente. Inténtalo de nuevo.</string>
  <string name="anr_title">Lo sentimos.</string>
  <string name="anr_activity_application">La actividad %1$s (%2$s en aplicación) no está respondiendo.</string>
  <string name="anr_activity_process">La actividad %1$s (%2$s en curso) no está respondiendo.</string>
  <string name="anr_application_process">La aplicación %1$s (%2$s en curso) no está respondiendo.</string>
  <string name="anr_process">El proceso %1$s no está respondiendo.</string>
  <string name="force_close">Forzar cierre</string>
  <string name="report">Informe</string>
  <string name="wait">Esperar</string>
  <string name="sendText">Seleccionar la opción para compartir</string>
  <string name="volume_ringtone">Volumen del timbre</string>
  <string name="volume_music">Volumen multimedia</string>
  <string name="volume_music_hint_playing_through_bluetooth">Reproduciendo a través de Bluetooth</string>
  <string name="volume_music_hint_silent_ringtone_selected">Tono de silencio seleccionado</string>
  <string name="volume_call">Volumen de la llamada</string>
  <string name="volume_bluetooth_call">Volumen de la llamada de Bluetooth</string>
  <string name="volume_alarm">Volumen de alarma</string>
  <string name="volume_notification">Volumen de notificaciones</string>
  <string name="volume_unknown">Volumen</string>
  <string name="ringtone_default">Tono predeterminado</string>
  <string name="ringtone_default_with_actual">Tono predeterminado (%1$s)</string>
  <string name="ringtone_silent">Silencio</string>
  <string name="ringtone_picker_title">Tonos</string>
  <string name="ringtone_unknown">Tono desconocido</string>
  <string name="wifi_tether_configure_ssid_default">AndroidAP</string>
  <string name="select_character">Insertar carácter</string>
  <string name="sms_control_default_app_name">Aplicación desconocida</string>
  <string name="sms_control_title">Enviando mensajes SMS...</string>
  <string name="sms_control_message">Se ha enviado un número elevado de mensajes SMS. Selecciona \"Aceptar\" para continuar o \"Cancelar\" para interrumpir el envío.</string>
  <string name="sms_control_yes">Aceptar</string>
  <string name="sms_control_no">Cancelar</string>
  <string name="date_time_set">Establecer</string>
  <string name="default_permission_group">Predeterminado</string>
  <string name="permissions_format">%1$s, %2$s</string>
  <string name="no_permissions">No es necesario ningún permiso</string>
  <string name="perms_hide">perms_hide: No hay texto a traducir</string>
  <string name="perms_show_all">perms_show_all: No hay texto a traducir</string>
  <string name="usb_storage_activity_title">Almacenamiento USB masivo</string>
  <string name="usb_storage_title">Conectado por USB</string>
  <string name="usb_storage_message">Has conectado el teléfono al equipo mediante USB. Selecciona el botón situado debajo si deseas copiar archivos entre el equipo y la tarjeta SD del teléfono con Android.</string>
  <string name="usb_storage_button_mount">Activar almacenamiento USB</string>
  <string name="usb_storage_error_message">Se ha producido un problema al intentar utilizar la tarjeta SD para el almacenamiento USB.</string>
  <string name="usb_storage_notification_title">Conectado por USB</string>
  <string name="usb_storage_notification_message">Para copiar archivos al/desde el equipo</string>
  <string name="usb_storage_stop_notification_title">Desactivar almacenamiento USB</string>
  <string name="usb_storage_stop_notification_message">Seleccionar para desactivar USB.</string>
  <string name="usb_storage_stop_title">El almacenamiento USB está en uso.</string>
  <string name="usb_storage_stop_message">Antes de desactivar el almacenamiento USB, asegúrate de haber desmontado (\"retirado\") la tarjeta SD del teléfono con Android del equipo.</string>
  <string name="usb_storage_stop_button_mount">Desactivar almacenamiento USB</string>
  <string name="usb_storage_stop_error_message">Se ha producido un problema al desactivar el almacenamiento USB. Asegúrate de haber desactivado el host USB y, a continuación, vuelve a intentarlo.</string>
  <string name="dlg_confirm_kill_storage_users_title">Activar almacenamiento USB</string>
  <string name="dlg_confirm_kill_storage_users_text">Si activas el almacenamiento USB, se detendrán algunas aplicaciones que estás utilizando y estas no estarán disponibles hasta que lo desactives.</string>
  <string name="dlg_error_title">No se ha podido realizar la operación USB</string>
  <string name="dlg_ok">Aceptar</string>
  <string name="extmedia_format_title">Formatear tarjeta SD</string>
  <string name="extmedia_format_message">¿Estás seguro de que quieres formatear la tarjeta SD? Se perderán todos los datos de la tarjeta.</string>
  <string name="extmedia_format_button_format">Formato</string>
  <string name="adb_active_notification_title">Dispositivo de depuración USB conectado</string>
  <string name="adb_active_notification_message">Seleccionar para inhabilitar la depuración USB</string>
  <string name="locale_replacement">locale_replacement: No hay texto a traducir</string>
  <string name="select_input_method">Seleccionar método de introducción de texto</string>
  <string name="fast_scroll_alphabet">\u0020ABCDEFGHIJKLMNOPQRSTUVWXYZ</string>
  <string name="fast_scroll_numeric_alphabet">\u00200123456789ABCDEFGHIJKLMNOPQRSTUVWXYZ</string>
  <string name="candidates_style">candidates_style: No hay texto a traducir</string>
  <string name="ext_media_checking_notification_title">Preparando tarjeta SD</string>
  <string name="ext_media_checking_notification_message">Comprobando errores...</string>
  <string name="ext_media_nofs_notification_title">Tarjeta SD vacía</string>
  <string name="ext_media_nofs_notification_message">La tarjeta SD está vacía o su sistema de archivos es incompatible.</string>
  <string name="ext_media_unmountable_notification_title">Tarjeta SD dañada</string>
  <string name="ext_media_unmountable_notification_message">La tarjeta SD está dañada. Es posible que sea necesario volver a formatearla.</string>
  <string name="ext_media_badremoval_notification_title">La tarjeta SD se ha extraído inesperadamente.</string>
  <string name="ext_media_badremoval_notification_message">Desactiva la tarjeta SD antes de extraerla para evitar la pérdida de datos.</string>
  <string name="ext_media_safe_unmount_notification_title">Es seguro extraer la tarjeta SD.</string>
  <string name="ext_media_safe_unmount_notification_message">Puedes extraer la tarjeta SD de forma segura.</string>
  <string name="ext_media_nomedia_notification_title">Tarjeta SD extraída</string>
  <string name="ext_media_nomedia_notification_message">La tarjeta SD se ha extraído. Inserta una nueva.</string>
  <string name="activity_list_empty">No se ha encontrado ninguna actividad coincidente.</string>
  <string name="permlab_pkgUsageStats">actualizar estadísticas de uso de componentes</string>
  <string name="permdesc_pkgUsageStats">Permite la modificación de estadísticas recopiladas sobre el uso de componentes. No está destinado al uso por parte de aplicaciones normales.</string>
  <string name="permlab_copyProtectedData">Permite invocar el servicio de contenedor predeterminado para copiar contenido. Este permiso no está destinado al uso por parte de aplicaciones normales.</string>
  <string name="permdesc_copyProtectedData">Permite invocar el servicio de contenedor predeterminado para copiar contenido. Este permiso no está destinado al uso por parte de aplicaciones normales.</string>
  <string name="tutorial_double_tap_to_zoom_message_short">Da dos toques para acceder al control de zoom.</string>
  <string name="gadget_host_error_inflating">Error al aumentar el widget</string>
  <string name="ime_action_go">Ir</string>
  <string name="ime_action_search">Buscar</string>
  <string name="ime_action_send">Enviar</string>
  <string name="ime_action_next">Siguiente</string>
  <string name="ime_action_done">Listo</string>
  <string name="ime_action_default">Ejecutar</string>
  <string name="dial_number_using">Marcar número\ncon %s</string>
  <string name="create_contact_using">Crear un contacto\na partir de %s</string>
  <string name="accessibility_compound_button_selected">seleccionado</string>
  <string name="accessibility_compound_button_unselected">no seleccionado</string>
  <string name="grant_credentials_permission_message_header">Las siguientes aplicaciones solicitan permiso para acceder a tu cuenta ahora y en el futuro.</string>
  <string name="grant_credentials_permission_message_footer">¿Quieres permitir esta solicitud?</string>
  <string name="grant_permissions_header_text">Solicitud de acceso</string>
  <string name="allow">Permitir</string>
  <string name="deny">Denegar</string>
  <string name="permission_request_notification_title">Permiso solicitado</string>
  <string name="permission_request_notification_with_subtitle">Permiso solicitado\npara la cuenta %s</string>
  <string name="input_method_binding_label">Método de introducción de texto</string>
  <string name="sync_binding_label">Sincronización</string>
  <string name="accessibility_binding_label">Accesibilidad</string>
  <string name="wallpaper_binding_label">Fondo de pantalla</string>
  <string name="chooser_wallpaper">Cambiar fondo de pantalla</string>
  <string name="alternate_eri_file">/data/eri.xml</string>
  <string name="pptp_vpn_description">Protocolo de túnel punto a punto</string>
  <string name="l2tp_vpn_description">Protocolo de túnel de nivel 2</string>
  <string name="l2tp_ipsec_psk_vpn_description">Red privada virtual L2TP/IPSec basada en clave compartida previamente</string>
  <string name="l2tp_ipsec_crt_vpn_description">Red privada virtual L2TP/IPSec basada en certificado</string>
  <string name="upload_file">Seleccionar archivo</string>
  <string name="reset">Restablecer</string>
  <string name="submit">Enviar</string>
  <string name="description_star">favoritos</string>
  <string name="car_mode_disable_notification_title">Se ha habilitado el modo coche.</string>
  <string name="car_mode_disable_notification_message">Selecciona esta opción para salir del modo coche.</string>
  <string name="tethered_notification_title">Anclaje a red activo o zona Wi-Fi</string>
  <string name="tethered_notification_message">Toca para iniciar la configuración.</string>
  <string name="throttle_warning_notification_title">Uso elevado datos móviles</string>
  <string name="throttle_warning_notification_message">Más información sobre uso de datos</string>
  <string name="throttled_notification_title">Límite datos superado</string>
  <string name="throttled_notification_message">Más información sobre uso de datos</string>
  <string name="openvpn_vpn_description">OpenVPN SSL VPN</string>
  <string name="lockscreen_dial_label">Introduzca el dial-up</string>
  <string name="lockscreen_mms_label">Introduzca el texto</string>
  <string name="status_bar_back_to_call">Toque aquí para volver a llamar</string>
  <string name="lockscreen_bottom_hint">Desliza hacia arriba o abajo\npara desbloquear.</string>
  <string name="lockscreen_unlock_hint">Suelta para desbloquear</string>
  <string name="unknown">Desconocida</string>
  <string name="private_num">Número privado</string>
  <string name="payphone">Teléfono público</string>
  <string name="callNoAnswerTimeFormat">A sonado%sveces</string>
  <string name="callDetailsDurationFormat">%1$s Puntos %2$s Segundos</string>
  <string name="date_day">Fecha</string>
  <string name="status_bar_battery_low_notification">Nivel de batería bajo</string>
  <string name="status_bar_battery_low_notification_button">Conjunto potencia</string>
  <string name="status_bar_button_wifi">WiFi</string>
  <string name="status_bar_button_apn">Datos</string>
  <string name="status_bar_button_bluetooth">Bluetooth</string>
  <string name="status_bar_button_rotate">Rotación</string>
  <string name="status_bar_button_brightness">Brillo</string>
  <string name="status_bar_button_ringer_normal">Sonido</string>
  <string name="status_bar_button_ringer_vibrate">Vibraciones</string>
  <string name="status_bar_button_ringer_mute">Silencio</string>
  <string name="status_bar_button_gps">GPS</string>
  <string name="status_bar_button_sync">Sincronización</string>
  <string name="status_bar_button_cpu">Frec. CPU</string>
  <string name="status_bar_button_vibrate">Pulsación</string>
  <string name="status_bar_button_flight_mode">Modo Vuelo</string>
  <string name="status_bar_button_reboot">Reiniciar</string>
  <string name="status_bar_button_shutdown">Apagar</string>
  <string name="recent_dialog_buttonAppKiller_summary">Recuperados: %1$s \n Memoria libre: %2$s</string>
  <string name="recent_dialog_buttonAppKiller">Limpiar</string>
  <string name="recent_dialog_buttonTaskManager">Administrador de tareas</string>
  <string name="theme_changing_dialog_title">Está preparando un nuevo cambio en el tema</string>
  <string name="theme_changed_dialog_title">El tema se cambio con éxito!</string>
  <string name="theme_changed_dialog_message">Acaba de cambiar el tema principal, se recomienda reiniciar el teléfono para asegurarse de que el cambio es completo.</string>
</resources>
