<?xml version="1.0" encoding="utf-8"?>
<!--Generated by crowdin.net-->
<resources>
  <string name="app_name">Galería</string>
  <string name="gadget_title">Marco de fotos</string>
  <string name="details_ms">%1$02d:%2$02d</string>
  <string name="details_hms">%1$d:%2$02d:%3$02d</string>
  <string name="movie_view_label">Películas</string>
  <string name="loading_video">Cargando vídeo…</string>
  <string name="resume_playing_title">Reanudar vídeo</string>
  <string name="resume_playing_message">Reanudar reproducción a partir de %s ?</string>
  <string name="resume_playing_resume">Reanudar reproducción</string>
  <string name="resume_playing_restart">Volver a reproducir</string>
  <string name="camera">Cámara</string>
  <string name="crop_save_text">Guardar</string>
  <string name="crop_discard_text">Descartar</string>
  <string name="multiface_crop_help">Toca una cara para empezar.</string>
  <string name="saving_image">Guardando imagen...</string>
  <string name="crop_label">Recortar imagen</string>
  <string name="running_face_detection">Por favor, espera...</string>
  <string name="set_image">Establecer imagen como</string>
  <string name="wallpaper">Estableciendo fondo de pantalla...</string>
  <string name="camera_setas_wallpaper">Fondo de pantalla</string>
  <string name="details_ok">Aceptar</string>
  <string name="loading_new">Cargando nuevos álbumes y fotos</string>
  <string name="initializing">Cargando</string>
  <string name="pick_prompt">Selecciona un elemento de tu colección.</string>
  <string name="no_items">No hay ningún elemento en tu colección.</string>
  <string name="pick">Seleccionar</string>
  <string name="delete">Borrar</string>
  <string name="confirm_delete">Confirmar eliminación</string>
  <string name="cancel">Cancelar</string>
  <string name="share">Compartir</string>
  <string name="no_sd_card">Tarjeta SD desinstalada o no incluida</string>
  <string name="more">Más</string>
  <string name="select_all">Seleccionar todo</string>
  <string name="deselect_all">Desmarcar todo</string>
  <string name="slideshow">Presentación</string>
  <string name="menu">Menú</string>
  <string name="details">Detalles</string>
  <string name="album_selected">álbum seleccionado</string>
  <string name="item_selected">elemento seleccionado</string>
  <string name="albums_selected">álbumes seleccionados</string>
  <string name="items_selected">elementos seleccionados</string>
  <string name="album">Álbum</string>
  <string name="start">Iniciar</string>
  <string name="end">Finalizar</string>
  <string name="location">Ubicación</string>
  <string name="location_unknown">Ubicación desconocida</string>
  <string name="title">Título</string>
  <string name="type">Tipo</string>
  <string name="taken_on">Realizado/a el</string>
  <string name="added_on">Añadida el</string>
  <string name="show_on_map">Mostrar en el mapa</string>
  <string name="rotate_left">Girar a la izquierda</string>
  <string name="rotate_right">Girar a la derecha</string>
  <string name="crop">Recortar</string>
  <string name="set_as">Establecer como</string>
  <string name="set_as_wallpaper">Establecer como fondo de pantalla</string>
  <string name="item">elemento</string>
  <string name="items">elementos</string>
  <string name="around">Alrededor de</string>
  <string name="date_unknown">Fecha desconocida</string>
  <string name="video_err">No se puede reproducir ningún vídeo.</string>
  <string name="lockscreen_wallpaper">Estableciendo fondo de pantalla de bloqueo...</string>
  <string name="wallpaper_set">Fondo de Pantalla</string>
  <string name="lockscreen_set">Fondo de Pantalla de Bloqueo (Opcional)</string>
  <string name="miui_screenshot">Capturas de Pantalla MIUI</string>
</resources>
