<?xml version="1.0" encoding="utf-8"?>
<!--Generated by crowdin.net-->
<resources>
  <string name="word_separators">.	 ,;:!?\n()[]*&@{}/<>_+=|\"</string>
  <string name="sentence_separators">.,!?</string>
  <string name="suggested_punctuations">!?,@_</string>
  <string name="alternates_for_d"> </string>
  <string name="alternates_for_r"> </string>
  <string name="alternates_for_t"> </string>
  <string name="alternates_for_z"> </string>
  <string name="alternates_for_l"> </string>
  <string name="alternates_for_g"> </string>
  <string name="ime_name">Método de entrada</string>
  <string name="ime_settings_activity_name">Opciones de entrada</string>
  <string name="ime_settings_choose_other_ime">Método de entrada</string>
  <string name="version">1.2.8</string>
  <string name="toggle_cn">O</string>
  <string name="toggle_cn_cand">1</string>
  <string name="toggle_en_lower">2</string>
  <string name="toggle_en_upper">3</string>
  <string name="toggle_en_sym1">4</string>
  <string name="toggle_en_sym2">5</string>
  <string name="toggle_enter_go">6</string>
  <string name="toggle_enter_search">7</string>
  <string name="toggle_enter_send">8</string>
  <string name="toggle_enter_next">9</string>
  <string name="toggle_enter_done">10</string>
  <string name="toggle_row_cn">11</string>
  <string name="toggle_row_en">12</string>
  <string name="toggle_row_uri">13</string>
  <string name="toggle_row_emailaddress">14</string>
  <string name="toggle_phone_sym">15</string>
  <string name="toggle_stroke_urlqwerty">16</string>
  <string name="toggle_misc1">17</string>
  <string name="toggle_misc2">18</string>
  <string name="toggle_misc3">19</string>
  <string name="toggle_misc4">20</string>
  <string name="toggle_smiley_off">21</string>
  <string name="toggle_smiley_on">22</string>
  <string name="toggle_cn_sym1">23</string>
  <string name="toggle_cn_sym2">24</string>
  <string name="toggle_url">25</string>
  <string name="toggle_emailaddress">26</string>
  <string name="toggle_stroke_disabled">27</string>
  <string name="toggle_exit_sym_to_en">28</string>
  <string name="toggle_en_upper_locked">29</string>
  <string name="toggle_single_quote_open">30</string>
  <string name="toggle_single_quote_close">31</string>
  <string name="toggle_double_quote_open">32</string>
  <string name="toggle_double_quote_close">33</string>
  <string name="setting_stroke_key">configuración de clave</string>
  <string name="setting_fault_tolerance_key">ajuste clave por defecto</string>
  <string name="setting_sound_key">configuración llave sonido</string>
  <string name="setting_vibrate_key">configuración llave vibración</string>
  <string name="setting_prediction_key">configuración llave de predicción</string>
  <string name="setting_tradition_key">configuración llave tradicional</string>
  <string name="setting_switch_key">configuración llave interruptor</string>
  <string name="setting_advanced_key">configuración avanzada de llave</string>
  <string name="setting">Google Pinyin método de entrada configuración</string>
  <string name="setting_stroke_title">Trazo de entrada </string>
  <string name="setting_fault_tolerance_title">Trazo la tolerancia </string>
  <string name="setting_sound_key_title">Sonido del teclado </string>
  <string name="setting_vibrate_title">Choque botón</string>
  <string name="setting_prediction_title">Introduzca Lenovo</string>
  <string name="setting_tradition_title">Ingreso tradicional </string>
  <string name="setting_switch_title">Interruptor en Inglés</string>
  <string name="setting_switch_shift_space_title">Espacio de cambio</string>
  <string name="setting_enabled">Abierto</string>
  <string name="setting_disabled">Cerrar</string>
  <string name="setting_others">Otros ajustes</string>
  <string name="setting_others_summary">Diccionario de sincronización</string>
  <string name="account_label_username">Número de cuenta: (por ejemplo, johndoe@gmail.com)</string>
  <string name="account_label_password">Contraseña:</string>
  <string name="account_label_login">Iniciar sesión</string>
  <string name="account_label_cancel">Cancelar</string>
  <string name="account_title">Nombre de usuario</string>
  <string name="account_sign_up_title">Registro de nuevo usuario</string>
  <string name="account_signing_in_title">Se registra en, por favor espere ...</string>
  <string name="setting_title">Google Pinyin método de entrada configuración</string>
  <string name="setting_update_category_key">configuración actualización categórica de llave</string>
  <string name="setting_update_category_title">Diccionario de las actualizaciones automáticas</string>
  <string name="setting_update_enabled_key">configuración actualización llave activada</string>
  <string name="setting_update_enabled_title">Diccionario de las actualizaciones automáticas</string>
  <string name="setting_sync_category_title">Diccionario del usuario de sincronización</string>
  <string name="setting_sync_enabled_key">configuración sincronización llave activada</string>
  <string name="setting_sync_now_key">configuración sincronización actual de llave</string>
  <string name="setting_sync_clear_key">configuración sincronización limpieza de llave</string>
  <string name="setting_sync_enabled_title">Sincronización diccionario del usuario</string>
  <string name="setting_sync_now_title">Sincronizar ahora</string>
  <string name="setting_sync_cancel_title">Cancelar la sincronización</string>
  <string name="setting_sync_clear_title">Vaciar Diccionario servidores</string>
  <string name="setting_enabled_title">Abierto</string>
  <string name="setting_disabled_title">Cerrar</string>
  <string name="status_bar_message_title">Google Pinyin método de entrada</string>
  <string name="status_bar_message_sync_title">Sincronización de diccionario de usuario ...</string>
  <string name="status_bar_message_update_title">Descarga el vocabulario popular ...</string>
  <string name="setting_dialog_sync_now_title">Preguntado</string>
  <string name="setting_dialog_sync_now_message">Ahora proceder a sincronizarlo?</string>
  <string name="setting_dialog_sync_clear_title">Atención</string>
  <string name="setting_dialog_sync_clear_message">usuario del lado del servidor diccionario se borrará, y la operación no es reversible. Realmente quiero vaciar el servidor para mantener diccionario de usuario? Si es así, por favor, introduzca el número siguiente y haga clic en Aceptar.</string>
  <string name="setting_error_sync_service_inactive">servicio del sistema no está activado, no se puede completar la operación. </string>
  <string name="sign_up_url">https://www.google.com/accounts/NewAccount?hl=zh_CN</string>
  <string name="setting_update_time">Última actualización:</string>
  <string name="setting_sync_time">Última sincronización:</string>
  <string name="setting_year">Año</string>
  <string name="setting_month">Mes</string>
  <string name="setting_day">Día</string>
  <string name="setting_hour">Tiempo</string>
  <string name="setting_minute">min</string>
  <string name="setting_second">seg</string>
  <string name="setting_sync_error">Error en la sincronización</string>
  <string name="setting_sync_ongoing">Sincronización ...</string>
  <string name="setting_update_error">Ha fallado la actualización</string>
  <string name="setting_update_ongoing">Actualizando...</string>
  <string name="privacy_url">http://m.google.com/static/zh-CN/privacy.html</string>
  <string name="tos_url">http://m.google.com/tospage?dc=gorganic&hl=zh_CN</string>
  <string name="setting_privacy_key">configuración privacidad de llave</string>
  <string name="setting_tos_key">configuración llave tos</string>
  <string name="setting_about_key">configuración sobre llave</string>
  <string name="setting_privacy_title">Política de Privacidad</string>
  <string name="setting_tos_title">Condiciones del servicio</string>
  <string name="setting_about_title">Acerca de</string>
  <string name="setting_about_version_title">Versión actual:</string>
  <string name="setting_about_loading_title">Cargando ...</string>
  <string name="touch_to_continue">Continuar »</string>
  <string name="touch_to_finish">Abrir si la entrada&gt;&gt;</string>
  <string name="tip_to_open_keyboard"> </string>
  <string name="tip_to_view_accents"> </string>
  <string name="tip_to_open_symbols"> </string>
  <string name="tip_to_close_symbols"> </string>
  <string name="tip_to_launch_settings"> </string>
  <string name="tip_to_select_candidate"> </string>
  <string name="tip_to_backspace"> </string>
  <string name="tip_to_smart_key"> </string>
  <string name="tip_to_start_typing"> </string>
  <string name="default_device_name">Android</string>
  <string name="next_button_label">Siguiente</string>
  <string name="back_button_label">Volver</string>
  <string name="skip_button_label">Saltar</string>
  <string name="done_button_label">Terminado</string>
  <string name="keyboard_tutorial_title">Uso del teclado en pantalla</string>
  <string name="open_the_keyboard">Toque cualquier campo de texto.</string>
  <string name="close_the_keyboard">Pulse el botón "Atrás".</string>
  <string name="sync">Configurar el teclado abierto o cerrado de usuarios diccionario de sincronización.</string>
  <string name="keyboard_settings">Toque y mantenga pulsada la tecla.</string>
</resources>
