<?xml version="1.0" encoding="utf-8"?>
<!--Generated by crowdin.net-->
<resources>
  <string name="sharedUserId">sharedUserId: No hay texto a traducir</string>
  <string name="process">process: No hay texto a traducir</string>
  <string name="application_name">Launcher</string>
  <string name="uid_name">Aplicaciones básicas de Android</string>
  <string name="folder_name">Carpeta</string>
  <string name="chooser_wallpaper">Seleccionar fondo de pantalla de</string>
  <string name="wallpaper_instructions">Establecer fondo de pantalla</string>
  <string name="pick_wallpaper">Fondos de pantalla</string>
  <string name="activity_not_found">La aplicación no está instalada en el teléfono.</string>
  <string name="configure_wallpaper">Configurar...</string>
  <string name="rename_folder_label">Nombre de carpeta</string>
  <string name="rename_folder_title">Cambiar nombre de carpeta</string>
  <string name="rename_action">Aceptar</string>
  <string name="cancel_action">Cancelar</string>
  <string name="menu_item_add_item">Añadir al escritorio</string>
  <string name="group_applications">Aplicaciones</string>
  <string name="group_shortcuts">Accesos directos</string>
  <string name="group_folder">Nueva carpeta</string>
  <string name="group_live_folders">Carpetas</string>
  <string name="group_widgets">Widgets</string>
  <string name="group_wallpapers">Fondos de pantalla</string>
  <string name="add_folder">Carpeta</string>
  <string name="add_clock">Reloj</string>
  <string name="add_photo_frame">Cuadro de foto</string>
  <string name="out_of_space">No queda espacio en el escritorio.</string>
  <string name="shortcut_installed">Se ha creado el acceso directo \"%s\".</string>
  <string name="shortcut_uninstalled">Se ha eliminado el acceso directo \"%s\".</string>
  <string name="shortcut_duplicate">El acceso directo \"%s\" ya existe.</string>
  <string name="title_select_shortcut">Seleccionar acceso directo</string>
  <string name="title_select_live_folder">Seleccionar carpeta</string>
  <string name="all_apps_button_label">Todas las aplicaciones</string>
  <string name="all_apps_home_button_label">Inicio</string>
  <string name="menu_add">Añadir</string>
  <string name="menu_wallpaper">Fondo de pantalla</string>
  <string name="menu_search">Buscar con Google</string>
  <string name="menu_notifications">Notificaciones</string>
  <string name="menu_gestures">Gestos</string>
  <string name="menu_settings">Ajustes</string>
  <string name="permlab_install_shortcut">instalar accesos directos</string>
  <string name="permdesc_install_shortcut">Permite que una aplicación añada accesos directos sin intervención del usuario.</string>
  <string name="permlab_uninstall_shortcut">desinstalar accesos directos</string>
  <string name="permdesc_uninstall_shortcut">Permite que una aplicación elimine accesos directos sin intervención del usuario.</string>
  <string name="permlab_read_settings">leer información de accesos directos y de configuración del escritorio</string>
  <string name="permdesc_read_settings">Permite que una aplicación lea la información de configuración y accesos directos del escritorio.</string>
  <string name="permlab_write_settings">escribir información de accesos directos y de configuración del escritorio</string>
  <string name="permdesc_write_settings">Permite que una aplicación modifique la configuración y los accesos directos de la página de inicio.</string>
  <string name="gadget_error_text">Problema al cargar el widget</string>
  <string name="menu_edit">Modo de edición</string>
  <string name="cant_remove_system_app">No se puede borrar una aplicación del sistema</string>
  <string name="uninstall_body_format">Desinstalar la aplicación \"%s\"?</string>
  <string name="uninstall">Desinstalar</string>
  <string name="cant_remove_folder">No se puede eliminar, carpeta no vacía</string>
  <string name="pick_lockscreenwallpaper">Fondo de pantalla de pantalla de bloqueo</string>
  <string name="lockscreenwallpaper_instructions">Establecer el fondo de pantalla de la pantalla de bloqueo</string>
  <string name="failed_to_drop">No se ha podido mover el icono, devuelto a la posición original</string>
  <string name="failed_to_drop_widget">Este escritorio no tiene suficiente espacio</string>
  <string name="widget_box_usage_hint">Arrastra el widget a la pantalla de destino</string>
  <string name="widget_favorite_contacts_lable">Contactos Favoritos</string>
  <string name="widget_favorite_contacts_edit">Editar</string>
  <string name="widget_favorite_contacts_style">Cambiar</string>
</resources>
