<?xml version="1.0" encoding="utf-8"?>
<!--Generated by crowdin.net-->
<resources>
  <string name="app_label">Mensajes</string>
  <string name="new_message">Mensaje nuevo</string>
  <string name="create_new_message">Escribir mensaje nuevo</string>
  <string name="menu_call_back">Llamar a %s</string>
  <string name="menu_send_email">Enviar mensaje a %s</string>
  <string name="menu_compose_new">Redactar</string>
  <string name="menu_preferences">Ajustes</string>
  <string name="menu_add_address_to_contacts">Añadir %s a contactos</string>
  <string name="menu_call">Llamar</string>
  <string name="menu_delete_all">Eliminar conversaciones</string>
  <string name="menu_delete">Eliminar cadena</string>
  <string name="menu_undelivered_messages">Mensajes no entregados</string>
  <string name="menu_view">Ver cadena</string>
  <string name="refreshing">Actualizando...</string>
  <string name="has_draft">Borrador</string>
  <string name="broadcast_from_to">%1$s para %2$s</string>
  <string name="anonymous_recipient">Anónimo</string>
  <string name="no_subject_view">(Sin asunto)</string>
  <string name="messagelist_sender_self">Yo</string>
  <string name="view_picture">Ver imagen</string>
  <string name="view_slideshow">Ver presentación</string>
  <string name="view_message_details">Ver detalles de mensaje</string>
  <string name="view_delivery_report">Ver informe</string>
  <string name="delete_message">Eliminar mensaje</string>
  <string name="sent_on">Enviado: %s</string>
  <string name="expire_on">Caducidad: %s</string>
  <string name="kilobyte">KB</string>
  <string name="undelivered_msg_dialog_title">Mensaje no entregado</string>
  <string name="undelivered_msg_dialog_body">No ha sido posible enviar el mensaje.\nÚltimo intento: %s.</string>
  <string name="undelivered_sms_dialog_body">No ha sido posible enviar el mensaje.</string>
  <string name="delete_thread">Eliminar cadena</string>
  <string name="menu_forward">Reenviar</string>
  <string name="download">Descargar</string>
  <string name="downloading">Descargando...</string>
  <string name="name_colon">:\u0020</string>
  <string name="inline_subject"><Asunto: %s></string>
  <string name="drm_protected_text">* texto protegido por DRM *</string>
  <string name="insufficient_drm_rights">Derechos DRM insuficientes</string>
  <string name="copy_message_text">Copiar texto del mensaje</string>
  <string name="message_options">Opciones del mensaje</string>
  <string name="done">Listo</string>
  <string name="move_up">Mover arriba</string>
  <string name="move_down">Mover abajo</string>
  <string name="remove_slide">Eliminar diapositiva</string>
  <string name="add_slide">Añadir diapositiva</string>
  <string name="add_slide_hint">Selecciona esta opción para crear una diapositiva nueva.</string>
  <string name="discard_slideshow">Descartar presentación</string>
  <string name="slide_show_part">Parte %1$s/%2$s</string>
  <string name="remove_text">Eliminar texto</string>
  <string name="add_picture">Añadir imagen</string>
  <string name="remove_picture">Eliminar imagen</string>
  <string name="add_music">Añadir música</string>
  <string name="remove_music">Eliminar música</string>
  <string name="add_video">Añadir vídeo</string>
  <string name="remove_video">Eliminar vídeo</string>
  <string name="compose_title">Redactar</string>
  <string name="to_hint">Para</string>
  <string name="subject_hint">Asunto</string>
  <string name="add_attachment">Adjuntar</string>
  <string name="add_subject">Añadir asunto</string>
  <string name="discard">Descartar</string>
  <string name="view">Ver</string>
  <string name="replace">Sustituir</string>
  <string name="remove">Eliminar</string>
  <string name="send">Enviar</string>
  <string name="mms">MMS</string>
  <string name="all_threads">Todas las cadenas</string>
  <string name="type_to_compose_text_enter_to_send">Escribe el texto aquí.</string>
  <string name="open_keyboard_to_compose_message">Abre el teclado para redactar el mensaje.</string>
  <string name="image_too_large">Imagen demasiado grande</string>
  <string name="ask_for_automatically_resize">¿Quieres ajustar el tamaño de la imagen antes de enviarla?</string>
  <string name="compressing">La imagen es demasiado grande. Comprimiendo…</string>
  <string name="unsupported_media_format">Formato de %1$s no admitido</string>
  <string name="select_different_media">Selecciona un/a %1$s diferente.</string>
  <string name="exceed_message_size_limitation">Se ha alcanzado el límite de tamaño del mensaje.</string>
  <string name="message_too_big_for_video">El mensaje es demasiado grande para adjuntar un vídeo.</string>
  <string name="failed_to_add_media">No puedes añadir %1$s al mensaje.</string>
  <string name="failed_to_resize_image">No se ha podido ajustar el tamaño de la imagen.</string>
  <string name="resize_image_error_information">Esta imagen es demasiado grande para enviarla aunque se ajuste su tamaño.</string>
  <string name="forward_prefix">Fwd:\u0020</string>
  <string name="discard_message">Descartar</string>
  <string name="discard_message_reason">El mensaje se descartará porque los destinatarios no son válidos.</string>
  <string name="has_invalid_recipient">Destinatarios no válidos: <%1$s></string>
  <string name="invalid_destination">La dirección que has introducido no es válida.</string>
  <string name="invalid_recipient_message">Corrige la información de destinatarios para que se pueda enviar el mensaje.</string>
  <string name="cannot_send_message">No se puede enviar el mensaje.</string>
  <string name="cannot_send_message_reason">Los destinatarios del mensaje no son válidos.</string>
  <string name="cannot_forward_drm_obj">El objeto DRM incluido en el mensaje no se puede reenviar.</string>
  <string name="converting_to_picture_message">Convirtiendo en mensaje multimedia...</string>
  <string name="converting_to_text_message">Convirtiendo en mensaje de texto...</string>
  <string name="cannot_add_slide_anymore">No se pueden añadir más diapositivas.</string>
  <string name="cannot_add_picture_and_video">No se pueden añadir vídeos ni imágenes a una diapositiva.</string>
  <string name="cannot_save_message">No se puede guardar el mensaje.</string>
  <string name="cannot_load_message">No se puede cargar el mensaje.</string>
  <string name="message_saved_as_draft">Mensaje guardado como borrador</string>
  <string name="locked_message_cannot_be_deleted">El mensaje bloqueado no se puede eliminar.</string>
  <string name="too_many_recipients">Este mensaje contiene demasiados destinatarios (%1$s). No se admiten más de %2$s destinatarios.</string>
  <string name="too_many_attachments">Existe un límite de %1$s archivos adjuntos. Solo se añadirán los %2$s primeros.</string>
  <string name="adding_attachments_title">Añadiendo archivos adjuntos</string>
  <string name="adding_attachments">Espera mientras se añaden los elementos a la presentación.</string>
  <string name="multiple_recipients">%1$s destinatarios</string>
  <string name="cannot_play_audio">No se puede reproducir el audio.</string>
  <string name="preview">Vista previa</string>
  <string name="preview_slideshow">Vista previa</string>
  <string name="replace_image">Sustituir imagen</string>
  <string name="duration_sec">Duración (%s segundos)</string>
  <string name="duration_selector_title">Duración de la diapositiva\u0020</string>
  <string name="layout_selector_title">Diseño de presentación\u0020</string>
  <string name="layout_top">Diseño (arriba)</string>
  <string name="layout_bottom">Diseño (abajo)</string>
  <string name="type_to_compose_text_or_leave_blank">Introduce algún texto o deja el campo vacío.</string>
  <string name="duration_not_a_number">El valor de duración debe ser un número.</string>
  <string name="duration_zero">La duración debe ser superior a cero segundos.</string>
  <string name="secs">s</string>
  <string name="menu_view_contact">Ver contacto</string>
  <string name="menu_add_to_contacts">Añadir a contactos</string>
  <string name="hidden_sender_address">Dirección de remitente oculta</string>
  <string name="yes">Aceptar</string>
  <string name="no">Cancelar</string>
  <string name="set">Establecer</string>
  <string name="play">Reproducir</string>
  <string name="edit">Editar</string>
  <string name="resize">Ajustar tamaño</string>
  <string name="try_to_send">Intentar envío</string>
  <string name="preferences_title">Ajustes</string>
  <string name="restore_default">Restaurar configuración predeterminada</string>
  <string name="pref_notification_settings_title">Ajustes de notificaciones</string>
  <string name="pref_mms_settings_title">Ajustes de mensajes multimedia (MMS)</string>
  <string name="pref_sms_settings_title">Ajustes de mensajes de texto (SMS)</string>
  <string name="pref_sms_storage_title">Ajustes de almacenamiento</string>
  <string name="pref_summary_manage_sim_messages">Administrar mensajes almacenados en la tarjeta SIM</string>
  <string name="pref_summary_mms_delivery_reports">Solicitar un informe de entrega al enviar un mensaje</string>
  <string name="pref_summary_mms_read_reports">Solicitar un informe de mensaje leído al enviar un mensaje</string>
  <string name="pref_summary_sms_delivery_reports">Solicitar un informe de entrega cada vez que se envíe un mensaje</string>
  <string name="pref_summary_auto_delete">Eliminar mensajes antiguos al superar los límites</string>
  <string name="pref_summary_delete_limit">%1$s mensajes por conversación</string>
  <string name="pref_title_manage_sim_messages">Administrar mensajes de SIM</string>
  <string name="pref_title_mms_delivery_reports">Informes de entrega</string>
  <string name="pref_title_mms_read_reports">Informes de leídos</string>
  <string name="pref_title_sms_delivery_reports">Informes de entrega</string>
  <string name="pref_title_auto_delete">Eliminar mensajes antiguos</string>
  <string name="pref_title_sms_delete">Límite de mensajes de texto</string>
  <string name="pref_title_mms_delete">Límite de mensajes multimedia</string>
  <string name="pref_title_popup_enabled">Información de la ventana emergente</string>
  <string name="pref_summary_popup_enabled">Recibir mensajes de texto cuando la pantalla principal muestra la ventana emergente se muestra la ventana del contenido de la informaciónRecibir mensajes de texto cuando la pantalla principal muestra la ventana emergente se muestra la ventana del contenido de la información</string>
  <string name="pref_title_notification_enabled">Notificaciones</string>
  <string name="pref_summary_notification_enabled">Mostrar notificación de mensajes en la barra de estado</string>
  <string name="pref_title_notification_vibrateWhen">Vibración</string>
  <string name="pref_summary_notification_vibrateWhen">Vibrar también al notificar</string>
  <string name="pref_title_notification_ringtone">Seleccionar tono</string>
  <string name="pref_messages_to_save">Establece el número de mensajes que quieres guardar</string>
  <string name="prefDefault_vibrateWhen">nunca</string>
  <string name="prefDefault_vibrate_true">siempre</string>
  <string name="prefDefault_vibrate_false">nunca</string>
  <string name="prefDialogTitle_vibrateWhen">Vibración</string>
  <string name="pref_title_mms_auto_retrieval">Recuperar automáticamente</string>
  <string name="pref_summary_mms_auto_retrieval">Recuperar mensajes automáticamente</string>
  <string name="pref_title_mms_retrieval_during_roaming">Recuperar autom en itinerancia</string>
  <string name="pref_summary_mms_retrieval_during_roaming">Recuperar automáticamente mensajes en itinerancia</string>
  <string name="to_label">Para\u0020</string>
  <string name="confirm_dialog_title">Eliminar</string>
  <string name="confirm_dialog_locked_title">¿Quieres eliminar el mensaje bloqueado?</string>
  <string name="confirm_delete_conversation">Se eliminará toda la cadena.</string>
  <string name="confirm_delete_all_conversations">Se eliminarán todas las cadenas.</string>
  <string name="confirm_delete_message">Se eliminará el mensaje.</string>
  <string name="confirm_delete_locked_message">¿Estás seguro de que quieres eliminar este mensaje bloqueado?</string>
  <string name="confirm_delete_all_messages">Se eliminará toda la cadena.</string>
  <string name="confirm_delete_all_SIM_messages">Todos los mensajes se eliminarán de la tarjeta SIM.</string>
  <string name="confirm_delete_SIM_message">Este mensaje se eliminará de la tarjeta SIM.</string>
  <string name="delete_unlocked">Eliminar mensajes bloqueados</string>
  <string name="delete">Eliminar</string>
  <string name="cannot_get_details">No se pueden obtener detalles.</string>
  <string name="message_details_title">Detalles del mensaje</string>
  <string name="message_type_label">Tipo:\u0020</string>
  <string name="text_message">Mensaje de texto</string>
  <string name="multimedia_message">Mensaje multimedia</string>
  <string name="multimedia_notification">Notificación de mensaje multimedia</string>
  <string name="from_label">De:\u0020</string>
  <string name="to_address_label">Para:\u0020</string>
  <string name="bcc_label">CCO:\u0020</string>
  <string name="sent_label">Enviado:\u0020</string>
  <string name="received_label">Recibido:\u0020</string>
  <string name="saved_label">Guardado\u0020</string>
  <string name="subject_label">Asunto:\u0020</string>
  <string name="message_size_label">Tamaño del mensaje:\u0020</string>
  <string name="priority_label">Prioridad:\u0020</string>
  <string name="priority_high">Alta</string>
  <string name="priority_normal">Normal</string>
  <string name="priority_low">Baja</string>
  <string name="message_class_label">Clase de mensaje:\u0020</string>
  <string name="error_code_label">Código de error:\u0020</string>
  <string name="menu_edit">Editar</string>
  <string name="menu_retry_sending">Reintentar envío</string>
  <string name="menu_retry_sending_all">Reintentar envío de todos</string>
  <string name="menu_delete_messages">Eliminar mensajes</string>
  <string name="retrying_dialog_body">El mensaje \"%s\" no se ha enviado debido a un problema de conexión.\nReintentando envío…</string>
  <string name="menu_lock">Bloquear mensaje</string>
  <string name="menu_unlock">Desbloquear mensaje</string>
  <string name="sim_copy_to_phone_memory">Copiar a memoria del teléfono</string>
  <string name="sim_delete">Eliminar</string>
  <string name="sim_manage_messages_title">Mensajes de texto de tarjeta SIM</string>
  <string name="sim_view">Ver</string>
  <string name="sim_empty">No hay mensajes en la tarjeta SIM.</string>
  <string name="delivery_header_title">Informe</string>
  <string name="status_none">(Ninguno)</string>
  <string name="status_pending">Pendientes</string>
  <string name="status_read">Leídos</string>
  <string name="status_received">Recibido</string>
  <string name="status_failed">Con error</string>
  <string name="status_unread">No leídos</string>
  <string name="status_rejected">Rechazados:</string>
  <string name="recipient_label">Destinatario:\u0020</string>
  <string name="status_label">Estado:\u0020</string>
  <string name="attach_image">Imágenes</string>
  <string name="attach_take_photo">Capturar imagen</string>
  <string name="attach_video">Vídeos</string>
  <string name="attach_record_video">Capturar vídeo</string>
  <string name="attach_sound">Audio</string>
  <string name="attach_record_sound">Grabar audio</string>
  <string name="attach_slideshow">Presentación</string>
  <string name="select_bottom_text">Texto abajo</string>
  <string name="select_top_text">Texto arriba</string>
  <string name="delivery_toast_body">Mensaje recibido por %s</string>
  <string name="notification_multiple">%s mensajes no leídos</string>
  <string name="notification_multiple_title">Mensajes nuevos</string>
  <string name="notification_failed_multiple">No se han podido enviar %s mensajes.</string>
  <string name="notification_failed_multiple_title">Mensajes no enviados</string>
  <string name="sim_full_title">Tarjeta SIM llena</string>
  <string name="sim_full_body">Elimina algunos mensajes para dejar espacio para otros.</string>
  <string name="sms_full_title">Memoria de mensajes de texto llena</string>
  <string name="sms_full_body">Se ha rechazado un mensaje entrante porque la memoria está llena. Elimina mensajes antiguos.</string>
  <string name="sms_rejected_title">Mensaje de texto rechazado</string>
  <string name="sms_rejected_body">Se ha rechazado un mensaje entrante por una razón desconocida.</string>
  <string name="type_audio">audio</string>
  <string name="type_picture">imagen</string>
  <string name="type_video">vídeo</string>
  <string name="confirm">Confirmar</string>
  <string name="message_send_read_report">Se enviará un informe de mensaje leído.</string>
  <string name="message_queued">El mensaje no se puede enviar en este momento; se enviará cuando el servicio esté disponible.</string>
  <string name="no_subject">(Sin asunto)</string>
  <string name="unknown_sender">Destinatario desconocido</string>
  <string name="dl_failure_notification">El mensaje %1$s de %2$s no se ha podido descargar correctamente.</string>
  <string name="dl_expired_notification">Este mensaje ha caducado y se eliminará.</string>
  <string name="rate_limit_surpassed">Confirmar</string>
  <string name="confirm_rate_limit">Se va a enviar un gran número de mensajes multimedia, ¿estás seguro de que quieres enviarlos?</string>
  <string name="message_download_failed_title">Mensaje no descargado</string>
  <string name="message_send_failed_title">Mensaje no enviado</string>
  <string name="message_failed_body">Selecciona esta opción para revisar el mensaje e intenta enviarlo de nuevo.</string>
  <string name="download_later">No es posible descargar los mensajes en este momento. Inténtalo de nuevo más tarde.</string>
  <string name="select_audio">Seleccionar audio</string>
  <string name="copy_to_sdcard">Copiar archivo adjunto en tarjeta SD</string>
  <string name="copy_to_sdcard_success">Archivo adjunto copiado en tarjeta SD</string>
  <string name="copy_to_sdcard_fail">Error al copiar archivo adjunto en tarjeta SD</string>
  <string name="save_ringtone">Guardar como tono</string>
  <string name="saved_ringtone">Tono guardado</string>
  <string name="saved_ringtone_fail">Error al guardar tono</string>
  <string name="menu_insert_smiley">Insertar emoticono</string>
  <string name="select_link_title">Seleccionar acción</string>
  <string name="slide_number">Diapositiva %s</string>
  <string name="delivery_report_activity">Informe de entrega</string>
  <string name="storage_limits_activity">Límites de almacenamiento</string>
  <string name="add_attachment_activity">Añadir adjunto:</string>
  <string name="select_layout_activity">Seleccionar diseño</string>
  <string name="change_duration_activity">Cambiar duración</string>
  <string name="edit_text_activity">Editar texto</string>
  <string name="edit_slideshow_activity">Editar diapositiva</string>
  <string name="edit_slide_activity">Editar diapositiva</string>
  <string name="pick_numbers_activity">Seleccionar números</string>
  <string name="slideshow_activity">Presentación</string>
  <string name="popup_activity">Ventana de respuesta rápida</string>
  <string name="popup_btn_send">Responder</string>
  <string name="class_0_message_activity">Mensaje de clase 0</string>
  <string name="send_using_mms_activity">Enviar como mensaje multimedia…</string>
  <string name="select_contact_method_activity">Seleccionar método de contacto</string>
  <string name="search_label">Mensajes</string>
  <string name="search_hint">Buscar mensajes</string>
  <string name="search">Mensajes</string>
  <string name="search_setting_description">Texto de los mensajes</string>
  <string name="search_empty">No hay coincidencias.</string>
  <string name="search_history">%1$s resultados de \"%2$s\"</string>
  <string name="confirm_clear_search_title">Borrar</string>
  <string name="confirm_clear_search_text">El historial de búsquedas se borrará.</string>
  <string name="pref_mms_clear_search_history_title">Borrar historial de búsqueda</string>
  <string name="pref_mms_clear_search_history_summary">Permite borrar búsquedas de mensajes anteriores para que no aparezcan en el cuadro de búsqueda.</string>
  <string name="save">Guardar</string>
  <string name="storage_limits_title">Límite de almacenamiento</string>
  <string name="storage_limits_message">¿Quieres limitar el número de mensajes que se guardan por conversación?</string>
  <string name="storage_limits_setting">Establecer límites</string>
  <string name="storage_limits_setting_dismiss">Sin límites</string>
  <string name="too_many_unsent_mms">En este momento no se puede enviar el mensaje porque hay demasiados mensajes multimedia sin enviar.</string>
  <string name="me">Yo</string>
  <string name="sending_message">Enviando…</string>
  <string name="bookmark_sms">SMS Favoritos</string>
  <string name="bookmark_sms_message">Tienes estos favoritos...</string>
  <string name="recent_conversation">Período de sesiones</string>
  <string name="contacts">Contacto</string>
  <string name="sms_bookmark">Favoritos</string>
  <string name="sms_push">Empujar</string>
  <string name="forward_from_format">%sTraslado del%s</string>
  <string name="msg_forward_from_format">—Tralado:%s</string>
  <string name="forward_count_format">Adelantar%dtiempo</string>
  <string name="recipient_count_format">Total%dpersonas</string>
  <string name="notification_color_title">Selecciona el color</string>
  <string name="notification_color_summary">Anuncio de la información recibida，Trackball color de la luz</string>
  <string name="group_msg_contact_title">%sEnviar a:%s</string>
  <string name="sms_bookmark_welcome">Recopilación de mensajes de texto que no，SMS en un solo punto después de una pulsación larga“Colección de SMS”Aquí usted puede agregar a</string>
  <string name="mms_increase_font_size">Agrandar Texto</string>
  <string name="mms_decrease_font_size">Reducir el texto</string>
  <string name="mms_reading_mode_day">Modelo Blanco</string>
  <string name="mms_reading_mode_night">Modelo negro</string>
  <string name="menu_patch_delete">Eliminar período de sesiones</string>
  <string name="btn_done">Eliminar</string>
  <string name="btn_cancel">Cancelar</string>
  <string name="pref_title_forward_contact">Adelantar fuentes</string>
  <string name="pref_summary_forward_contact">Defina otras fuentes de información cuando transmita información</string>
  <string name="save_image">Guardar imagen</string>
  <string name="mms_image_folder_name">MMS imágenes</string>
  <string name="mms_image_saved_successfully">Imágenes MMS imagen guardada con éxito</string>
  <string name="mms_image_saving_failed">No se han guardado las fotos, por favor, compruebe la disponibilidad de la SD</string>
  <string name="festival_sms_category_count_format">(%s)</string>
  <string name="festival_msg_loading">Cargando...</string>
  <string name="festival_sms_push">Recomendaciones</string>
  <string name="menu_group_sending">Mensaje a grupo</string>
  <string name="miui_push">Recomendaciones MIUI</string>
  <string name="pushed_sms_category">SMS</string>
  <string name="converstaion_list_tile">SMS</string>
  <string name="conversations_count_format">(%d)</string>
  <string name="quick_sms_to">sms rapido %s</string>
  <string name="popup_sms_deleted">SMS borrado</string>
  <string name="pref_set_font_size">tamaño de fuente</string>
  <string name="pref_summery_set_font_size">Ajuste_el_tamaño_de_la_pantalla_de_mensajes_de_texto </string>
  <string name="menu_batch_delete">Eliminar todos</string>
  <string name="batch_delete_confirm_dialog_title">Eliminar todos</string>
  <string name="batch_delete_confrom_dialog_message">Para eliminar el mensaje seleccionado</string>
  <string name="btn_delete_with_number">Quitar (%d)</string>
</resources>
