<?xml version="1.0" encoding="utf-8"?>
<!--Generated by crowdin.net-->
<resources>
  <string name="app_name">Actualización del sistema</string>
  <string name="apply_now_button_text">Actualizar</string>
  <string name="apply_later_button_text">Actualización de la tarde</string>
  <string name="apply_update_button_text">Actualizaciones de la aplicación</string>
  <string name="apply_title_textview_text">{0} Listo para su uso</string>
  <string name="apply_subtitle_textview_text">Notas de la publicación:</string>
  <string name="apply_unable_to_reboot_toast">No se puede iniciar el sistema en modo de recovery</string>
  <string name="apply_trying_to_get_root_access">Está tratando de obtener privilegios de root para poder entrar en el modo de recovery, reinicie</string>
  <string name="available_updates_text">Por favor, elige descargar la ROM:</string>
  <string name="choose_available_update_text">Mejorar</string>
  <string name="no_updates_found_instructions">Es la versión más reciente ha sido\nClic \'Verificación\' Vuelva a comprobar las actualizaciones</string>
  <string name="check_error_instructions">Buscar actualizaciones no\nClic \'Verificación\' Vuelva a comprobar las actualizaciones</string>
  <string name="downloaded_update_found_text">Se encuentra en la actualización de la tarjeta SD el archivo:</string>
  <string name="checking_for_updates">Comprobación de cambios</string>
  <string name="downloading_update">Descargar actualización</string>
  <string name="sdcard_is_not_present_dialog_body">Necesitas una escritura en la tarjeta SD para descargar esta actualización</string>
  <string name="sdcard_is_not_present_dialog_title">tarjeta SD no se encuentra</string>
  <string name="sdcard_is_not_present_dialog_ok_button">Aceptar</string>
  <string name="current_version_text">Actualmente la versión utilizando: {0}</string>
  <string name="delete_updates_text">Quite la Actualización</string>
  <string name="delete_updates_success_message">La actualización se ha eliminado</string>
  <string name="delete_updates_failure_message">Eliminar error de actualización</string>
  <string name="delete_updates_noFolder_message">actualización local no se encontró</string>
  <string name="apply_update_dialog_title">Por favor, confirme</string>
  <string name="apply_update_dialog_text">Usted debe inmediatamente aplicar esta actualización de archivo: {0}.\nSi hace clic en el botón Actualizar, el teléfono se reiniciará automáticamente el modo de recovery de instalar la actualización.</string>
  <string name="apply_update_dialog_update_button">Actualización</string>
  <string name="apply_update_dialog_backup_and_update_button">De reserva & Actualizaciones de la aplicación</string>
  <string name="apply_update_dialog_cancel_button">Cancelar</string>
  <string name="check_now">Buscar actualizaciones</string>
  <string name="menu_config">Establecer</string>
  <string name="menu_about">En</string>
  <string name="menu_changelog">Registro de actualización</string>
  <string name="cancel_download_buton_text">Cancelar Descargar</string>
  <string name="confirm_download_cancelation_dialog_message">¿Usted realmente desea cancelar la descarga actual?</string>
  <string name="confirm_download_cancelation_dialog_yes">Sí</string>
  <string name="confirm_download_cancelation_dialog_no">No</string>
  <string name="download_canceled_toast_message">Descarga cancelada</string>
  <string name="verify_and_apply_dialog_title">la integridad del archivo se confirma</string>
  <string name="verify_and_apply_dialog_message">archivos MD5 de verificación se</string>
  <string name="apply_existing_update_md5error_message">Error. Archivo MD5 no coincide.</string>
  <string name="file_not_found_error_message">El archivo no existe o no tiene derecho a acceder</string>
  <string name="apply_upload_info_message">Haga clic en Actualizar ahora, el teléfono se reiniciará automáticamente para aplicar la actualización. Si quieres un trabajo de copia de seguridad, por favor, volver al sistema de copia de seguridad después de la actualización.</string>
  <string name="notes_about_recovery">(Tenga en cuenta que, a fin de apoyar OTA actualización más adelante, debe utilizar compatible con la recovery de la ROM. Para garantizar la recovery de compatibilidad, puede a través de la opción de menú recovery de vegetación densa, para usar nuestra recovery recomendado.)</string>
  <string name="last_update_check_text">Última comprobar las actualizaciones</string>
  <string name="overwrite_update_title">Actualizar</string>
  <string name="overwrite_update_summary">Actualización de su elección ya existe,\nYa sea para volver a descargar?</string>
  <string name="overwrite_update_positive">Recargar</string>
  <string name="overwrite_update_negative">Utilice el presente</string>
  <string name="no_md5_found_summary">¿No encontró la suma de control MD5 de actualización,\n¿Usted realmente desea aplicar esta actualización sin comprobarlo?</string>
  <string name="no_md5_found_positive">Actualizaciones de la aplicación</string>
  <string name="no_md5_found_negative">Cancelar</string>
  <string name="notification_tickertext">Descargar actualización</string>
  <string name="notification_finished">Descarga completa</string>
  <string name="stable_description">= Versión estable</string>
  <string name="experimental_description">= Test Edition</string>
  <string name="changelog_button_text">Log</string>
  <string name="changelog_title_rom">ROM de registro de actualización</string>
  <string name="md5_check_cancelled">Suma de control MD5 ha sido cancelada</string>
  <string name="title_running">La versión actual</string>
  <string name="no_updatecheck_executed">No llevar a cabo la comprobación de actualización</string>
  <string name="about_dialog_title">En</string>
  <string name="no_updates_found">¿No encontró la actualización</string>
  <string name="not_new_updates_found_title">Buscar la actualización!</string>
  <string name="exception_while_downloading">Error al descargar actualizaciones</string>
  <string name="not_update_check_error_title">No se puede comprobar si hay actualizaciones</string>
  <string name="not_update_download_error_title">Error al descargar actualizaciones</string>
  <string name="not_update_downloaded_title">Actualización terminado de descargar</string>
  <string name="not_update_downloaded_body">{0} Listo para instalar</string>
  <string name="download_info_filename">Nombre del archivo:</string>
  <string name="download_info_mirror">Espejo servidor:</string>
  <string name="download_info_downloading">Descargar...</string>
  <string name="download_info_speed">Velocidad de descarga:</string>
  <string name="download_info_remaining_time">Tiempo restante:</string>
  <string name="md5_verification_failed">Suma de control MD5 no</string>
  <string name="not_new_updates_found_body">Encuentra la nueva versión</string>
  <string name="not_network_error">No se puede conectar, asegúrese de que la red normal</string>
  <string name="version_description">Caracteristicas</string>
  <string name="acknowledge">Agradecimientos</string>
  <string name="pleasea_check_update">Comprueba si hay actualizaciones</string>
  <string name="already_applied">Instalada</string>
  <string name="stable_version">Versión estable</string>
  <string name="test_version">Beta</string>
  <string name="wifi_not_available_title">WIFI no está conectado</string>
  <string name="wifi_not_available_body">los archivos de ROM son grandes, se recomienda descargar WIFI. Detectado que en la actualidad no se han abierto o la conexión WIFI, ya sea o no para descargar?</string>
  <string name="widget_title">Mi MIUI</string>
  <string name="widget_feedback">Nos gustaría decir?</string>
  <string name="unable_to_flash_recovery">Actualizar la recovery de errores</string>
  <string name="flash_recovery_successfully">Actualizar el éxito de recovery</string>
  <string name="reflash_recovery">Actualización del sistema</string>
  <string name="boot_recovery">Reinicia en modo recovery</string>
  <string name="flash_recovery_dialog_message">Refrescando la recovery</string>
  <string name="applying_rom_message">Rom que se aplica</string>
  <string name="loading">Conexión MIUI</string>
  <string name="page_error_title">No se puede acceder</string>
  <string name="page_error">No se puede acceder MIUI, redes de telefonía móvil puede ser un problema, puede estar relacionado con el servidor</string>
  <string name="page_reload">Otra vez</string>
  <string name="install_rom_from_sd">Seleccione la ROM a Instalar</string>
</resources>
