<?xml version="1.0" encoding="utf-8"?>
<!--Generated by crowdin.net-->
<resources>
  <string name="app_label">Kontakti za pohranu</string>
  <string name="provider_label">Contacts</string>
  <string name="upgrade_out_of_memory_notification_ticker">Za dodavanje kontakata treba više memorije</string>
  <string name="upgrade_out_of_memory_notification_title">Povećanje memorije za kontakte</string>
  <string name="upgrade_out_of_memory_notification_text">Odaberite kako bi dovršili povećanje.</string>
  <string name="edit_contact">Dodano u postojeći kontakt</string>
  <string name="create_contact">Novi Kontakt</string>
</resources>
