<?xml version="1.0" encoding="utf-8"?>
<!--Generated by crowdin.net-->
<resources>
  <string name="config_import_vcard_type">Zadani</string>
  <string name="config_export_vcard_type">Zadani</string>
  <string name="config_export_dir">/ sdcard</string>
  <string name="config_export_file_extension">VCF</string>
  <string name="contactsList">Contacts</string>
  <string name="launcherDialer">Phone</string>
  <string name="shortcutContact">Kontakt</string>
  <string name="shortcutDialContact">Izravno biranje</string>
  <string name="shortcutMessageContact">Izravna poruka</string>
  <string name="shortcutActivityTitle">Odaberite prečac kontakta</string>
  <string name="callShortcutActivityTitle">Odaberite broj za pozivanje</string>
  <string name="messageShortcutActivityTitle">Odaberite broj za slanje poruke</string>
  <string name="starredList">Starred</string>
  <string name="frequentList">Čest</string>
  <string name="strequentList">Favorites</string>
  <string name="viewContactTitle">Pojedinosti o kontaktu</string>
  <string name="viewContactDesription">View contact</string>
  <string name="editContactDescription">Edit contact</string>
  <string name="insertContactDescription">Kreiraj kontakt</string>
  <string name="searchHint">Search contacts</string>
  <string name="menu_search">Search</string>
  <string name="menu_newContact">New contact</string>
  <string name="menu_viewContact">View contact</string>
  <string name="menu_callNumber">Nazovi %s</string>
  <string name="menu_addStar">Dodaj u omiljene</string>
  <string name="menu_removeStar">Ukloni iz omiljenih</string>
  <string name="menu_editContact">Edit contact</string>
  <string name="menu_deleteContact">Delete contact</string>
  <string name="menu_call">Pozovi kontakt</string>
  <string name="menu_sendSMS">SMS</string>
  <string name="menu_sendEmail">Send email</string>
  <string name="menu_viewAddress">Mapa adresa</string>
  <string name="menu_makeDefaultNumber">Napravite zadani broj</string>
  <string name="menu_makeDefaultEmail">Napravite zadani račun e-pošte</string>
  <string name="menu_splitAggregate">Odvojen</string>
  <string name="contactsSplitMessage">Kontakti odvojeni</string>
  <string name="splitConfirmation_title">Odvojite kontakt</string>
  <string name="splitConfirmation">Jeste li sigurni da želite odvojiti ovaj jedan kontakt u više kontakata, jedan za svaki skup podataka za kontakt, koji je povezan s njim?</string>
  <string name="menu_joinAggregate">Pridruži</string>
  <string name="titleJoinContactDataWith">Pridružite kontakte</string>
  <string name="blurbJoinContactDataWith">Odaberite kontakt koji želite da se pridruže %s.</string>
  <string name="showAllContactsJoinItem">Prikaži sve kontakte</string>
  <string name="separatorJoinAggregateSuggestions">Predloženi kontakti</string>
  <string name="separatorJoinAggregateAll">All contacts</string>
  <string name="contactsJoinedMessage">Kontakt je pridružen</string>
  <string name="menu_contactOptions">Options</string>
  <string name="contactOptionsTitle">Options</string>
  <string name="deleteConfirmation_title">Delete</string>
  <string name="readOnlyContactWarning">Ne možete izbrisati kontakt iz računa samo za čitanje, ali ih možete sakriti u svoju listu kontakata.</string>
  <string name="readOnlyContactDeleteConfirmation">To uključuje i kontaktne informacije iz više računa. Podaci iz računa samo za čitanje bit će uključeni u vaš popis skrivenih kontakata, ne briše se.</string>
  <string name="multipleContactDeleteConfirmation">Brisanjem ovog kontakta briše informaciju s više računa.</string>
  <string name="deleteConfirmation">Ovaj kontakt bit će obrisan.</string>
  <string name="menu_done">Done</string>
  <string name="menu_doNotSave">Revert</string>
  <string name="editContact_title_edit">Edit contact</string>
  <string name="editContact_title_insert">New contact</string>
  <string name="label_phonetic_name">Fonetski</string>
  <string name="label_notes">Bilješke</string>
  <string name="label_ringtone">Ringtone</string>
  <string name="ghostData_name">Prvi i Zadnji</string>
  <string name="ghostData_phonetic_name">Fonetski naziv</string>
  <string name="ghostData_company">Tvrtka</string>
  <string name="ghostData_title">Title</string>
  <string name="invalidContactMessage">Kontakt ne postoji.</string>
  <string name="pickerNewContactHeader">Kreiraj novi kontakt</string>
  <string name="selectLabel">Odaberite oznaku</string>
  <string name="phoneLabelsGroup">Phone</string>
  <string name="emailLabelsGroup">Email</string>
  <string name="imLabelsGroup">IM</string>
  <string name="postalLabelsGroup">Poštanska adresa</string>
  <string name="photoPickerNotFoundText">Nema dostupnih slika na uređaju.</string>
  <string name="attachToContact">Ikona kontakta</string>
  <string name="customLabelPickerTitle">Prilagođen naziv oznake</string>
  <string name="send_to_voicemail_checkbox">Preusmjeri pozive izravno na govornu poštu</string>
  <string name="default_ringtone">Default</string>
  <string name="changePicture">Promjeni sliku</string>
  <string name="removePicture">Ukloni sliku</string>
  <string name="noContacts">Nema kontakata.</string>
  <string name="noMatchingContacts">Nisu pronađeni podudarni kontakti.</string>
  <string name="noContactsWithPhoneNumbers">Nema kontakata s telefonskim brojevima.</string>
  <string name="savingContact">Spremanje na dodir...</string>
  <string name="contactSavedToast">Kontakt snimljen.</string>
  <string name="contactSavedErrorToast">Pogreška, ne mogu spremiti promjene.</string>
  <string name="listTotalPhoneContactsZero">Nema vidljivih kontakata s telefonskim brojem</string>
  <string name="listTotalAllContactsZero">Nema vidljivih kontakata</string>
  <string name="listFoundAllContactsZero">Kontakt nije pronađen</string>
  <string name="contactsIconLabel">Contacts</string>
  <string name="contactsFavoritesLabel">Favorites</string>
  <string name="dialerIconLabel">Phone</string>
  <string name="recentCallsIconLabel">Call log</string>
  <string name="liveFolderAll">All contacts</string>
  <string name="liveFolderFavorites">Omiljeni kontakti</string>
  <string name="liveFolderPhone">Kontakti s telefonskim brojevima</string>
  <string name="menu_sendTextMessage">Pošaljite SMS poruku</string>
  <string name="recentCalls_callNumber">Nazovite %s</string>
  <string name="recentCalls_editNumberBeforeCall">Uredi broj prije poziva</string>
  <string name="recentCalls_addToContact">Dodajte u kontakte</string>
  <string name="recentCalls_removeFromRecentList">Uklonite iz popisa poziva</string>
  <string name="recentCalls_deleteAll">Clear call log</string>
  <string name="recentCalls_empty">Popis poziva je prazan.</string>
  <string name="clearCallLogConfirmation_title">Clear call log</string>
  <string name="clearCallLogConfirmation">Sigurno želite izbrisati popis poziva?</string>
  <string name="imei">IMEI</string>
  <string name="meid">MEID</string>
  <string name="voicemail">Voicemail</string>
  <string name="unknown">Unknown</string>
  <string name="private_num">Private number</string>
  <string name="payphone">Pay phone</string>
  <string name="dialerKeyboardHintText">Use keyboard to dial</string>
  <string name="dialerDialpadHintText">Birajte za dodavanje poziva</string>
  <string name="simContacts_emptyLoading">Učitavanje iz SIM kartice...</string>
  <string name="simContacts_title">Kontakti SIM kartice</string>
  <string name="liveFolder_all_label">All contacts</string>
  <string name="liveFolder_favorites_label">Starred</string>
  <string name="liveFolder_phones_label">Telefon</string>
  <string name="callDetailTitle">Pojedinosti poziva</string>
  <string name="toast_call_detail_error">Nije mogao pročitati pojedinosti za tražen poziv.</string>
  <string name="type_incoming">Incoming call</string>
  <string name="type_outgoing">Odlazni poziv</string>
  <string name="type_missed">Missed call</string>
  <string name="actionIncomingCall">Incoming calls</string>
  <string name="callBack">Povratni poziv</string>
  <string name="callAgain">Nazvati ponovno</string>
  <string name="returnCall">Vratiti poziv</string>
  <string name="callDetailsDurationFormat">%1$s min %2$s sek</string>
  <string name="favoritesFrquentSeparator">Često kontaktirano</string>
  <string name="add_contact_dlg_title">Add contact</string>
  <string name="add_contact_dlg_message_fmt">Dodaj \"%s\" kontaktima?</string>
  <string name="all_tab_label">All</string>
  <string name="description_image_button_one">jedan</string>
  <string name="description_image_button_two">dva</string>
  <string name="description_image_button_three">tri</string>
  <string name="description_image_button_four">četiri</string>
  <string name="description_image_button_five">pet</string>
  <string name="description_image_button_six">šest</string>
  <string name="description_image_button_seven">sedam</string>
  <string name="description_image_button_eight">osam</string>
  <string name="description_image_button_nine">devet</string>
  <string name="description_image_button_star">Zvijezda</string>
  <string name="description_image_button_delete">izbrisati</string>
  <string name="description_image_button_zero">nula</string>
  <string name="description_image_button_pound">funta</string>
  <string name="description_voicemail_button">govorna pošta</string>
  <string name="description_dial_button">birati</string>
  <string name="description_delete_button">povratna tipka</string>
  <string name="description_digits_edittext">broj za biranje</string>
  <string name="description_contact_photo">contact photo</string>
  <string name="description_minus_button">minus</string>
  <string name="description_plus_button">plus</string>
  <string name="no_sdcard_title">No SD card</string>
  <string name="no_sdcard_message">SD kartica nije otkrivena</string>
  <string name="searching_vcard_title">Traženje vCard</string>
  <string name="import_from_sim">Uvoz iz SIM kartice</string>
  <string name="import_from_sdcard">Uvoz iz SD kartice</string>
  <string name="export_to_sdcard">Izvoz na SD karticu</string>
  <string name="share_visible_contacts">Podijelite vidljive kontakte</string>
  <string name="import_one_vcard_string">Uvesti jednu datoteku vCard</string>
  <string name="import_multiple_vcard_string">Uvesti više datoteka vCard</string>
  <string name="import_all_vcard_string">Uvesti sve datoteke vCard</string>
  <string name="searching_vcard_message">Tražim vCard podatke na SD kartici</string>
  <string name="scanning_sdcard_failed_title">Pretraživanje SD kartice neuspjelo</string>
  <string name="scanning_sdcard_failed_message">Pretraživanje SD kartice nije uspjelo (Razlog: \"%s\")</string>
  <string name="fail_reason_io_error">I/O pogreška</string>
  <string name="fail_reason_vcard_parse_error">Neuspjelo čitanje vCarda iz neočekivanog razloga</string>
  <string name="fail_reason_vcard_not_supported_error">vCard je ispravnog formata ali nije učitan jer trenutni software ne podržava tu verziju</string>
  <string name="fail_reason_no_vcard_file">vCard datoteka nije pronađena na SD kartici</string>
  <string name="fail_reason_failed_to_read_files">Jedna ili više datoteka nije importirana (%s).</string>
  <string name="fail_reason_unknown">Unknown error</string>
  <string name="select_vcard_title">Odaberite vCard datoteku</string>
  <string name="progress_shower_message">%1$s\n%2$s</string>
  <string name="reading_vcard_title">Čitanje vCard</string>
  <string name="reading_vcard_message">Čitanje vCard datoteke/a
</string>
  <string name="reading_vcard_failed_title">Čitanje vCard podataka nije uspjelo</string>
  <string name="reading_vcard_contacts">%1$s od %2$s kontakta</string>
  <string name="reading_vcard_files">%1$s od %2$s datoteka</string>
  <string name="confirm_export_title">Potvrdite izvoz</string>
  <string name="confirm_export_message">Jeste li sigurni da želite izvesti svoje kontakte na \"%s\"?</string>
  <string name="exporting_contact_failed_title">Izvoz kontakata nije uspio</string>
  <string name="exporting_contact_failed_message">Izvoz kontakata nije uspio.\nRazlog pogreške: \"%s\"</string>
  <string name="fail_reason_no_exportable_contact">Nema kontakata za izvoz</string>
  <string name="fail_reason_too_many_vcard">Previše vCard datoteka na SD kartici</string>
  <string name="fail_reason_too_long_filename">Potrebno ime datoteke je predugačko (\"%s\")</string>
  <string name="exporting_contact_list_title">Izvoz pojedinosti o kontaktu</string>
  <string name="exporting_contact_list_message">Izvoz pojedinosti o kontaktu u \"%s\"</string>
  <string name="fail_reason_could_not_initialize_exporter">Ne mogu inicijalizirati izvoznika: \"%s\"</string>
  <string name="fail_reason_error_occurred_during_export">Došlo je do pogreške tijekom izvoza: \"%s\"</string>
  <string name="composer_failed_to_get_database_infomation">Nisam uspio dobiti podatke iz baza podataka</string>
  <string name="composer_has_no_exportable_contact">Nema kontakata za izvoz. Ako zapravo imate kontakte na svom telefonu, svi kontakti mogu biti zabranjeni da se izvoze izvan telefona nekima pružateljima podataka.</string>
  <string name="composer_not_initialized">VCard skladatelj nije pravilno inicijaliziran</string>
  <string name="fail_reason_could_not_open_file">Nije moguće otvoriti \"%1$s\": %2$s</string>
  <string name="exporting_contact_list_progress">%1$s od %2$s kontakta</string>
  <string name="search_settings_description">Imena za vaše kontakte</string>
  <string name="add_2sec_pause">Dodati 2 sek pauze</string>
  <string name="add_wait">Dodaj na čekanje</string>
  <string name="call_disambig_title">Poziv koristeći</string>
  <string name="sms_disambig_title">Tekst korištenja</string>
  <string name="make_primary">Remember this choice</string>
  <string name="quickcontact_missing_app">Nema aplikacija koja može odraditi ovu radnju</string>
  <string name="quickcontact_remember_choice">Remember this choice</string>
  <string name="quickcontact_missing_name">Unknown</string>
  <string name="menu_accounts">Accounts</string>
  <string name="menu_import_export">Uvoz / Izvoz</string>
  <string name="dialog_import_export">Uvoz / Izvoz kontakata</string>
  <string name="menu_share">Share</string>
  <string name="share_via">Podijelite kontakt putem</string>
  <string name="share_error">Ovaj kontakt se ne može dijeliti.</string>
  <string name="nameLabelsGroup">Name</string>
  <string name="nicknameLabelsGroup">Nadimak</string>
  <string name="organizationLabelsGroup">Organization</string>
  <string name="websiteLabelsGroup">Internet stranica</string>
  <string name="eventLabelsGroup">Događaj</string>
  <string name="type_short_home">H</string>
  <string name="type_short_mobile">M</string>
  <string name="type_short_work">W</string>
  <string name="type_short_pager">P</string>
  <string name="type_short_other">O</string>
  <string name="edit_read_only">Ovo je kontakt samo za čitanje</string>
  <string name="edit_secondary_collapse">More</string>
  <string name="dialog_primary_name">Osnovno ime</string>
  <string name="dialog_new_contact_account">Napravite kontakt unutar računa</string>
  <string name="account_phone">Telefon samo za (nije sinkroniziran)</string>
  <string name="call_custom">Nazovite %s</string>
  <string name="call_home">Nazovite kući</string>
  <string name="call_mobile">Nazovite mobitel</string>
  <string name="call_work">Nazovite posao</string>
  <string name="call_fax_work">Nazovite poslovni faks</string>
  <string name="call_fax_home">Nazovite kućni faks</string>
  <string name="call_pager">Nazovite dojavljivač</string>
  <string name="call_other">Call</string>
  <string name="call_callback">Poziv Povratnog poziva</string>
  <string name="call_car">Nazovite Automobil</string>
  <string name="call_company_main">Nazovite primarni broj za tvrtku</string>
  <string name="call_isdn">Nazvati ISDN</string>
  <string name="call_main">Nazvati glavni</string>
  <string name="call_other_fax">Nazvati fax</string>
  <string name="call_radio">Nazvati radio</string>
  <string name="call_telex">Nazvati telex</string>
  <string name="call_tty_tdd">Nazvati TTY/TDD</string>
  <string name="call_work_mobile">Nazvati poslovni mobitel</string>
  <string name="call_work_pager">Nazvati poslovni pager</string>
  <string name="call_assistant">Call %s</string>
  <string name="call_mms">Call MMS</string>
  <string name="sms_custom">Text %s</string>
  <string name="sms_home">Text home</string>
  <string name="sms_mobile">Text mobile</string>
  <string name="sms_work">Text work</string>
  <string name="sms_fax_work">Text work fax</string>
  <string name="sms_fax_home">Text home fax</string>
  <string name="sms_pager">Text pager</string>
  <string name="sms_other">Text</string>
  <string name="sms_callback">Text callback</string>
  <string name="sms_car">Text car</string>
  <string name="sms_company_main">Text company main</string>
  <string name="sms_isdn">Text ISDN</string>
  <string name="sms_main">Text main</string>
  <string name="sms_other_fax">Text fax</string>
  <string name="sms_radio">Text radio</string>
  <string name="sms_telex">Text telex</string>
  <string name="sms_tty_tdd">Text TTY/TDD</string>
  <string name="sms_work_mobile">Text work mobile</string>
  <string name="sms_work_pager">Text work pager</string>
  <string name="sms_assistant">Text %s</string>
  <string name="sms_mms">Text MMS</string>
  <string name="email_home">Email home</string>
  <string name="email_mobile">Email mobile</string>
  <string name="email_work">Email work</string>
  <string name="email_other">Email</string>
  <string name="email_custom">Email %s</string>
  <string name="email">Email</string>
  <string name="map_home">View home address</string>
  <string name="map_work">View work address</string>
  <string name="map_other">View address</string>
  <string name="map_custom">View %s address</string>
  <string name="chat_aim">Chat using AIM</string>
  <string name="chat_msn">Chat using Windows Live</string>
  <string name="chat_yahoo">Chat using Yahoo</string>
  <string name="chat_skype">Chat using Skype</string>
  <string name="chat_qq">Chat using QQ</string>
  <string name="chat_gtalk">Chat using Google Talk</string>
  <string name="chat_icq">Chat using ICQ</string>
  <string name="chat_jabber">Chat using Jabber</string>
  <string name="chat">Chat</string>
  <string name="postal_street">Street</string>
  <string name="postal_pobox">PO box</string>
  <string name="postal_neighborhood">Neighborhood</string>
  <string name="postal_city">City</string>
  <string name="postal_region">State</string>
  <string name="postal_postcode">ZIP code</string>
  <string name="postal_country">Country</string>
  <string name="name_given">Given name</string>
  <string name="name_family">Family name</string>
  <string name="name_prefix">Name prefix</string>
  <string name="name_middle">Middle name</string>
  <string name="name_suffix">Name suffix</string>
  <string name="name_phonetic_given">Fonetsko ime</string>
  <string name="name_phonetic_middle">Fonetsko srednje ime</string>
  <string name="name_phonetic_family">Fonetsko prezime</string>
  <string name="account_type_format">%1$s kontakt</string>
  <string name="from_account_format">sa %1$s</string>
  <string name="use_photo_as_primary">Koristite ovu sliku</string>
  <string name="contact_read_only">%1$s kontakt podatke nije moguće uređivati ​​na ovom uređaju.</string>
  <string name="no_contact_details">Nema dodatnih informacija za ovaj kontakt</string>
  <string name="search_bar_hint">Search contacts</string>
  <string name="search_for_all_contacts">Traži sve kontakte</string>
  <string name="take_photo">Uzmi sliku</string>
  <string name="pick_photo">Odaberite sliku iz galerije</string>
  <string name="locale_change_in_progress">Kontakt lista se ažurira da bi odražavala promjene jezika.\n\nMolimo pričekajte ...</string>
  <string name="upgrade_in_progress">Kontakt lista se ažurira.\n\nMolimo pričekajte...</string>
  <string name="upgrade_out_of_memory">Kontakti su u tijeku nadogradnje. \n\nPostupak nadogradnje zahtijeva oko %dMb memorije telefona za pohranu.\n\nIzaberite jednu od sljedećih opcija.:</string>
  <string name="upgrade_out_of_memory_uninstall">Deinstalirajte neke od aplikacija</string>
  <string name="upgrade_out_of_memory_retry">Pokušajte ponovo nadograditi</string>
  <string name="search_results_for">Rezultati pretrage za: %s</string>
  <string name="search_results_searching">Traženje...</string>
  <string name="callNoAnswerTimeFormat">Zvona%s</string>
  <string name="numberCountFormat">%s brojevi</string>
  <string name="menu_display_all">Prikazati brojeve svih kontakata</string>
  <string name="menu_display_only_phones">Prikaži samo telefonske kontakte</string>
  <string name="contactsGroupsLabel">Skupina</string>
  <string name="group_summary_format">%s pozicija na</string>
  <string name="no_member">Grupa je prazna</string>
  <string name="applyGroupsSelection">Postaviti ažuriranje grupa...</string>
  <string name="no_availablePhone">Telefonski broj pripadnika grupe nije dopušten</string>
  <string name="add_group_member">Dodavanje članova</string>
  <string name="group_name_contacts">Kontaktirajte</string>
  <string name="group_name_friends">Prijatelj</string>
  <string name="group_name_family">Obitelj</string>
  <string name="group_name_coworkers">Kolega</string>
  <string name="group_name_important">Važni kontakti</string>
  <string name="group_name_life_info">Dobri poznanici</string>
  <string name="group_name_white_list">Bijela lista</string>
  <string name="group_name_black_list">Staviti na crnu listu</string>
  <string name="button_manage_groups">Uređivač</string>
  <string name="button_back">Povratak</string>
  <string name="button_remove_contacts">Uklanjanje kontakata</string>
  <string name="duplicatedGroupNameHelpText">Novi naziv grupe ne može biti isto ime druge grupe</string>
  <string name="system_groups_unchangable">Ugrađeni sustav ne može se izbrisati ili preimenovati</string>
  <string name="menu_add">Dodavanje</string>
  <string name="menu_remove">Ukloniti</string>
  <string name="create_new_group">Nova grupa</string>
  <string name="manage_groups">Uređivanje grupe</string>
  <string name="menu_viewGroup">查看群组</string>
  <string name="menu_deleteGroup">删除群组</string>
  <string name="menu_editGroupName">编辑群组名称</string>
  <string name="input_group_name_hint">Upišite naziv grupe u tome</string>
  <string name="notification_invalid_group_name">Naziv grupe ne može ostati prazan</string>
  <string name="add_to_group_format">添加到%s</string>
  <string name="name_full">Ime</string>
  <string name="add_more_items">Dodajte više</string>
  <string name="saveConfirmationTitle">保存联系人</string>
  <string name="saveConfirmationBody">是否保存对此联系人的改动？</string>
  <string name="saveConfirmationYes">保存</string>
  <string name="saveConfirmationNo">不保存</string>
  <string name="import_from_account">从其他帐号导入到小米帐号</string>
  <string name="select_account_import_from">选择从哪个帐号导入</string>
  <string name="importing_from_account">正在导入联系人</string>
  <string name="fail_message_account_needed">请先配置小米帐号</string>
  <string name="success_message_import_from_account">导入完成</string>
  <string name="date_day">日</string>
  <string name="fast_scroll_alphabet">\#ABCDEFGHIJKLMNOPQRSTUVWXYZ</string>
  <string name="belong_no_group">未加入群组</string>
  <string name="menu_remove_member">移除联系人</string>
  <string name="removeConfirmation_title">移除</string>
  <string name="menu_add_favorite_contact">添加联系人到收藏</string>
  <string name="menu_group_sms">群发短信</string>
  <string name="menu_group_ringtone">群设铃声</string>
  <string name="menu_add_member">添加联系人</string>
  <string name="menu_callIpNumber">拨打IP电话 (加拨%s)</string>
  <string name="menu_clearDefaultNumber">取消默认号码设置</string>
  <string name="menu_clearDefaultEmail">取消默认邮件设置</string>
  <string name="favoriteContactDescription">添加到收藏</string>
  <string name="unfavoriteContactDescription">取消收藏</string>
  <string name="shareContactDescription">分享联系人</string>
  <string name="titlePickOrCreateNewContact">选择现有或创建新联系人</string>
  <string name="titlePickContactNumber">选择电话号码</string>
  <string name="fixedPhoneLabel">座机</string>
  <string name="fixedFaxLabel">传真</string>
  <string name="goto_album">去相册</string>
  <string name="recommneded_photos">推荐头像</string>
  <string name="downloading_photos">正在从网上下载更多头像</string>
  <string name="callButtonText">呼叫</string>
  <string name="callrecordview_menu_phone_all">显示全部来电</string>
  <string name="callrecordview_menu_phone_missed">只显示未接来电</string>
  <string name="callrecordview_menu_delete_one">清除通话记录</string>
  <string name="callrecordview_menu_delete_stranger">清除陌生人通话记录</string>
  <string name="callrecordview_menu_delete_all">清除全部通话记录</string>
  <string name="callrecordview_menu_set">设置</string>
  <string name="callrecordview_more">查看更多</string>
  <string name="callrecordview_more_title">%s全部通话</string>
  <string name="callrecordview_item_calls">共%d个电话</string>
  <string name="callrecordview_item_op_time_missed">未接通</string>
  <string name="callrecordview_item_op_time_short_incoming">Dolazni %d sek</string>
  <string name="callrecordview_item_op_time_short_outgoing">Ispušta %d sek</string>
  <string name="callDetailsDurationFormat_incoming">Dolazni %1$s%2$s sek</string>
  <string name="callDetailsDurationFormat_outgoing">Trajanje min %1$s sek %2$s</string>
  <string name="group_delete_confirmation">将会删除群组</string>
  <string name="no_sms_availabe_contact_in_group">该群组没有可以发送短信的联系人</string>
  <string name="showDialpadTip">点击打开键盘</string>
  <string name="set_ringtone_for_group_members_success">群设铃声成功</string>
  <string name="noContactHelpText">Ne postoji kontakt, možete:</string>
  <string name="noFavoriteHelpText">Ne postoji zbirka, možete:</string>
  <string name="noGroupMemberHelpText">Nema kontakata koje pripadaju grupi. \n\nDa biste dodali kontakt, pritisnite, a zatim odaberite kontakt koji se pripisuju grupi \n</string>
  <string name="noContactHelpTextAccounts">Konfiguracija usklađivanje računa</string>
  <string name="noContactHelpTextImportSim">Uvesti na SIM karticu kontakte</string>
  <string name="noContactHelpTextImportSD">Uvezi kontakte sa SD kartice</string>
  <string name="noContactHelpTextAddContact">Napravite novi kontakt</string>
  <string name="noContactHelpTextAddStarred">Dodajte u Favorite</string>
  <string name="noContactHelpTextAddMember">Dodajte člana grupe</string>
</resources>
