<?xml version="1.0" encoding="utf-8"?>
<!--Generated by crowdin.net-->
<resources>
  <string name="app_name">FM radio</string>
  <string name="tx_app_name">FM odašiljač</string>
  <string name="preset_delete">Izbrisati</string>
  <string name="stat_notif_frequency">FM pretraživanje %1$s MHz</string>
  <string name="sel_band_menu">Odaberite regiju</string>
  <string name="settings_menu">Postavke</string>
  <string name="regional_band">Regija</string>
  <string name="aud_output_mode">Oblik audio izlaza</string>
  <string name="sel_audio_output">Odaberite audio izlaz</string>
  <string name="record_dur">Trajanje snimke</string>
  <string name="sel_rec_dur">Odaberite trajanje snimanja</string>
  <string name="auto_select_af">Zamjenske frekvencije</string>
  <string name="auto_select_af_enabled">Auto odabir uključen</string>
  <string name="auto_select_af_disabled">Auto odabir isključen</string>
  <string name="fac_defaults">Vrati tvorničke postavke</string>
  <string name="revert_to_fac">Vrati tvorničke postavke</string>
  <string name="settings_back">Back</string>
  <string name="settings_revert_confirm_title">Potvrdi povrat postavki</string>
  <string name="settings_revert_confirm_msg">Ovo će izbrisati sve postavke, uključujući memorirane stanice</string>
  <string name="settings_back_summary">Povratak</string>
  <string name="settings_revert_defaults_title">Vrati na tvorničke postavke</string>
  <string name="settings_revert_defaults_summary">Resetiranje svih postavki</string>
  <string name="alert_dialog_ok">Potvrditi</string>
  <string name="alert_dialog_cancel">Odustani</string>
  <string name="preset_search">Traži%1$s</string>
  <string name="fm_command_failed_title">FM operacija nije uspjela</string>
  <string name="fm_cmd_failed_msg">Operacija nije uspjela. Mogući razlozi: slušalice nisu uključene kao antena, Bluetooth nije uključen, telefonski poziv trenutno u toku, FM je isključen. Provjerite sve i pokušajte ponovno.</string>
  <string name="durationformat">%2$d:%5$02d</string>
  <string name="stat_no_fm">FM radio nije uključen</string>
  <string name="need_headset_for_antenna">Pogreška! Molimo uključiteu žičane slušalice koje će služiti kao FM antena</string>
  <string name="init_FM">Molimo pričekajte, uključujem Bluetooth za rad FM radia...</string>
  <string name="need_bluetooth">Pogreška! Uključite Bluetooth kako bi pokrenuli FM radio</string>
</resources>
