<?xml version="1.0" encoding="utf-8"?>
<!--Generated by crowdin.net-->
<resources>
  <string name="app_label">רשימת אנשי קשר</string>
  <string name="provider_label">אנשי קשר</string>
  <string name="upgrade_out_of_memory_notification_ticker">יש צורך בזכרון נוסף</string>
  <string name="upgrade_out_of_memory_notification_title">שידרוג רשימת אנשי קשר</string>
  <string name="upgrade_out_of_memory_notification_text">בחר על מנת לסיים שדרוג</string>
  <string name="edit_contact">ערוך איש קשר</string>
  <string name="create_contact">צור איש קשר</string>
</resources>
