<?xml version="1.0" encoding="utf-8"?>
<!--Generated by crowdin.net-->
<resources>
  <string name="config_import_vcard_type">ברירת מחדל</string>
  <string name="config_export_vcard_type">ברירת מחדל</string>
  <string name="config_export_dir">/כרטיס זכרון</string>
  <string name="config_export_file_prefix"> הגדרת קידומת קובץ ליצוא</string>
  <string name="config_export_file_suffix"> הגדרת סיומת קובץ ליצוא</string>
  <string name="config_export_file_extension">כרטיס ביקור</string>
  <string name="config_export_extensions_to_consider"> הגדרת סוג סיומת קובץ ליצוא</string>
  <string name="contactsList">אנשי קשר</string>
  <string name="launcherDialer">טלפון</string>
  <string name="shortcutContact">איש קשר</string>
  <string name="shortcutDialContact">חיוג מהיר</string>
  <string name="shortcutMessageContact">הודעה ישירה</string>
  <string name="shortcutActivityTitle">בחר קיצור לאיש קשר</string>
  <string name="callShortcutActivityTitle">בחר מספר לחיוג</string>
  <string name="messageShortcutActivityTitle">בחר מספר לשליחת הודעה</string>
  <string name="starredList">מועדף</string>
  <string name="frequentList">לעיתים קרובות</string>
  <string name="strequentList">מועדפים</string>
  <string name="viewContactTitle">פרטי איש קשר</string>
  <string name="viewContactDesription">הצג איש קשר</string>
  <string name="editContactDescription">ערוך איש קשר</string>
  <string name="insertContactDescription">צור איש קשר</string>
  <string name="searchHint">חפש איש קשר</string>
  <string name="menu_search">חפש</string>
  <string name="menu_newContact">איש קשר חדש</string>
  <string name="menu_viewContact">הצג איש קשר</string>
  <string name="menu_callNumber">התקשר ל %s</string>
  <string name="menu_addStar">הוסף למועדפים</string>
  <string name="menu_removeStar">הסר ממועדפים</string>
  <string name="menu_editContact">ערוך איש קשר</string>
  <string name="menu_deleteContact">מחק איש קשר</string>
  <string name="menu_call">התקשר לאיש קשר</string>
  <string name="menu_sendSMS">שלח הודעה לאיש קשר</string>
  <string name="menu_sendEmail">שלח דואר אלקטרוני</string>
  <string name="menu_viewAddress">כתובת במפה</string>
  <string name="menu_makeDefaultNumber">הפוך למספר ברירת מחדל</string>
  <string name="menu_makeDefaultEmail">הפוך דואר אלקטרוני לברירת מחדל</string>
  <string name="menu_splitAggregate">הפרד</string>
  <string name="contactsSplitMessage">אנשי קשר הופרדו</string>
  <string name="splitConfirmation_title">הפרד איש קשר</string>
  <string name="splitConfirmation">האם אתה בטוח שברצונך להפריד איש קשר יחיד זה למספר אנשי קשר: אחד עבור כל קבוצת נתונים שאוחדה לתוכו?</string>
  <string name="menu_joinAggregate">צרף</string>
  <string name="titleJoinContactDataWith">צרף אנשי קשר</string>
  <string name="blurbJoinContactDataWith">בחר את איש הקשר שברצונך לצרף עם %s.</string>
  <string name="showAllContactsJoinItem">הצג את כל אנשי הקשר</string>
  <string name="separatorJoinAggregateSuggestions">אנשי קשר מומלצים</string>
  <string name="separatorJoinAggregateAll">כל אנשי הקשר</string>
  <string name="contactsJoinedMessage">אנשי הקשר אוחדו</string>
  <string name="menu_contactOptions">אפשרויות</string>
  <string name="contactOptionsTitle">אפשרויות</string>
  <string name="deleteConfirmation_title">מחק</string>
  <string name="readOnlyContactWarning">אין באפשרותך למחוק אנשי קשר מחשבונות לקריאה-בלבד, אך באפשרותך להסתירם ברשימות אנשי הקשר שלך.</string>
  <string name="readOnlyContactDeleteConfirmation">איש קשר זה מכיל מידע ממספר חשבונות. מידע מחשבונות לקריאה-בלבד יהיה מוסתר ברשימות אנשי הקשר שלך, לא מחוק.</string>
  <string name="multipleContactDeleteConfirmation">מחיקת איש קשר זה תגרום למחיקת מידע ממספר חשבונות.</string>
  <string name="deleteConfirmation">איש קשר זה ימחק.</string>
  <string name="menu_done">בוצע</string>
  <string name="menu_doNotSave">החזר למצב הקודם</string>
  <string name="editContact_title_edit">ערוך איש קשר</string>
  <string name="editContact_title_insert">איש קשר חדש</string>
  <string name="label_phonetic_name">פונטי</string>
  <string name="label_notes">הערות</string>
  <string name="label_ringtone">צילצול</string>
  <string name="ghostData_name">ראשון ואחרון</string>
  <string name="ghostData_phonetic_name">שם פונטי</string>
  <string name="ghostData_company">חברה</string>
  <string name="ghostData_title">תואר</string>
  <string name="invalidContactMessage">איש הקשר לא קיים.</string>
  <string name="pickerNewContactHeader">צור איש קשר חדש</string>
  <string name="selectLabel">בחר תוית</string>
  <string name="phoneLabelsGroup">טלפון</string>
  <string name="emailLabelsGroup">אימייל</string>
  <string name="imLabelsGroup">תוכנת מסרים</string>
  <string name="postalLabelsGroup">כתובת דואר</string>
  <string name="photoPickerNotFoundText">אין תמונות זמינות בטלפון.</string>
  <string name="attachToContact">סמל איש קשר</string>
  <string name="customLabelPickerTitle">שם תוית מותאמת אישית</string>
  <string name="send_to_voicemail_checkbox">העבר שיחות ישירות לתא הקולי</string>
  <string name="default_ringtone">ברירת מחדל</string>
  <string name="changePicture">שנה סמל</string>
  <string name="removePicture">הסר סמל</string>
  <string name="noContacts">אין אנשי קשר.</string>
  <string name="noMatchingContacts">לא נמצאו אנשי קשר תואמים.</string>
  <string name="noContactsWithPhoneNumbers">אין אנשי קשר עם מספרי טלפון.</string>
  <string name="savingContact">שומר איש קשר...</string>
  <string name="contactSavedToast">איש קשר נשמר.</string>
  <string name="contactSavedErrorToast">שגיאה, לא ניתן לשמור שינויים באיש הקשר.</string>
  <string name="listTotalPhoneContactsZero">אין אנשי קשר נראים עם מספרי טלפון</string>
  <string name="listTotalAllContactsZero">אין אנשי קשר נראים</string>
  <string name="listFoundAllContactsZero">איש קשר לא נמצא</string>
  <string name="contactsIconLabel">אנשי קשר</string>
  <string name="contactsFavoritesLabel">מועדפים</string>
  <string name="dialerIconLabel">טלפון</string>
  <string name="recentCallsIconLabel">יומן שיחות</string>
  <string name="liveFolderAll">כל אנשי הקשר</string>
  <string name="liveFolderFavorites">אנשי קשר מסומנים</string>
  <string name="liveFolderPhone">אנשי קשר עם מספרי טלפון</string>
  <string name="menu_sendTextMessage">שלח הודעת טקסט</string>
  <string name="recentCalls_callNumber">התקשר ל %s</string>
  <string name="recentCalls_editNumberBeforeCall">ערוך מספר לפני החיוג</string>
  <string name="recentCalls_addToContact">הוסף לאנשי הקשר</string>
  <string name="recentCalls_removeFromRecentList">הסר מיומן השיחות</string>
  <string name="recentCalls_deleteAll">נקה יומן שיחות</string>
  <string name="recentCalls_empty">יומן השיחות ריק.</string>
  <string name="clearCallLogConfirmation_title">נקה יומן שיחות</string>
  <string name="clearCallLogConfirmation">האם אתה בטוח שברצונך לנקות את יומן השיחות?</string>
  <string name="imei">IMEI</string>
  <string name="meid">MEID</string>
  <string name="voicemail">תא קולי</string>
  <string name="unknown">לא ידוע</string>
  <string name="private_num">מספר פרטי</string>
  <string name="payphone">טלפון ציבורי</string>
  <string name="dialerKeyboardHintText">השתמש בלוח המקשים כדי לחייג</string>
  <string name="dialerDialpadHintText">חייג כדי להוסיף שיחה</string>
  <string name="simContacts_emptyLoading">טוען מכרטיס סים...</string>
  <string name="simContacts_title">אנשי קשר מכרטיס סים</string>
  <string name="liveFolder_all_label">כל אנשי הקשר</string>
  <string name="liveFolder_favorites_label">מסומן</string>
  <string name="liveFolder_phones_label">טלפונים</string>
  <string name="callDetailTitle">פרטי שיחה</string>
  <string name="toast_call_detail_error">לא ניתן לקבל פרטי שיחה.</string>
  <string name="type_incoming">שיחה נכנסת</string>
  <string name="type_outgoing">שיחה יוצאת</string>
  <string name="type_missed">שיחה שלא נענתה</string>
  <string name="actionIncomingCall">שיחות נכנסות</string>
  <string name="callBack">החזר שיחה</string>
  <string name="callAgain">חיוג חוזר</string>
  <string name="returnCall">החזר שיחה</string>
  <string name="callDetailsDurationFormat">%1$s דקות %2$s שניות</string>
  <string name="favoritesFrquentSeparator">אנשי קשר נפוצים</string>
  <string name="add_contact_dlg_title">הוספת איש קשר</string>
  <string name="add_contact_dlg_message_fmt">הוסף \"%s\" לאנשי קשר?</string>
  <string name="all_tab_label">הכל</string>
  <string name="description_image_button_one">אחד</string>
  <string name="description_image_button_two">שניים</string>
  <string name="description_image_button_three">שלושה</string>
  <string name="description_image_button_four">ארבעה</string>
  <string name="description_image_button_five">חמישה</string>
  <string name="description_image_button_six">שישה</string>
  <string name="description_image_button_seven">שבעה</string>
  <string name="description_image_button_eight">שמונה</string>
  <string name="description_image_button_nine">תשעה</string>
  <string name="description_image_button_star">כוכבית</string>
  <string name="description_image_button_delete">מחק</string>
  <string name="description_image_button_zero">אפס</string>
  <string name="description_image_button_pound">סולמית</string>
  <string name="description_voicemail_button">תא קולי</string>
  <string name="description_dial_button">חייג</string>
  <string name="description_delete_button">רווח</string>
  <string name="description_digits_edittext">מספר לחיוג</string>
  <string name="description_contact_photo">תמונת איש קשר</string>
  <string name="description_minus_button">פחות</string>
  <string name="description_plus_button">ועוד</string>
  <string name="no_sdcard_title">אין כרטיס זכרון</string>
  <string name="no_sdcard_message">לא זוהה כרטיס זכרון</string>
  <string name="searching_vcard_title">מחפש vcard</string>
  <string name="import_from_sim">ייבוא מכרטיס סים</string>
  <string name="import_from_sdcard">ייבוא מכרטיס זיכרון</string>
  <string name="export_to_sdcard">ייצוא לכרטיס זיכרון</string>
  <string name="share_visible_contacts">שיתוף אנשי קשר גלויים</string>
  <string name="import_one_vcard_string">ייבוא ​​קובץ vCard אחד</string>
  <string name="import_multiple_vcard_string">ייבוא מספר קבצי vCard</string>
  <string name="import_all_vcard_string">ייבוא כל קבצי ה- vCard</string>
  <string name="searching_vcard_message">מחפש קבצי vCard בכרטיס הזכרון</string>
  <string name="scanning_sdcard_failed_title">סריקת כרטיס זכרון נכשלה</string>
  <string name="scanning_sdcard_failed_message">סריקת כרטיס זכרון נכשלה (סיבה: \"%s"\)</string>
  <string name="fail_reason_io_error">שגיאה בקריאה/כתיבה</string>
  <string name="fail_reason_vcard_parse_error">נכשל ניתוח vCard מסיבה לא צפויה</string>
  <string name="fail_reason_vcard_not_supported_error">נכשל ניתוח vCard על אף שמבנהו נראה תקין, היות והיישום הנוכחי לא תומך בו</string>
  <string name="fail_reason_no_vcard_file">לא נמצא קובץ vCard על כרטיס הזיכרון</string>
  <string name="fail_reason_failed_to_read_files">הייבוא של קובץ אחד או יותר נכשל(%s).</string>
  <string name="fail_reason_unknown">שגיאה לא ידועה</string>
  <string name="select_vcard_title">בחר קובץ vCard</string>
  <string name="progress_shower_message">%1$s\n%2$s</string>
  <string name="reading_vcard_title">קורא vCard</string>
  <string name="reading_vcard_message">קורא קבצי vCard</string>
  <string name="reading_vcard_failed_title">קריאת vCard נכשלה</string>
  <string name="reading_vcard_contacts">%1$s מתוך %2$s אנשי קשר</string>
  <string name="reading_vcard_files">%1$s מתוך %2$s קבצים</string>
  <string name="confirm_export_title">אשר ייצוא</string>
  <string name="confirm_export_message">האם אתה בטוח שברצונך לייצא את רשימת אנשי הקשר שלך ל \"%s\"?</string>
  <string name="exporting_contact_failed_title">נכשל בייצוא איש קשר</string>
  <string name="exporting_contact_failed_message">נכשל בייצוא איש קשר.\nסיבת הכישלון: \"%s\"</string>
  <string name="fail_reason_no_exportable_contact">אין איש קשר הניתן לייצוא</string>
  <string name="fail_reason_too_many_vcard">ישנם קבצי vCard רבים מדי על כרטיס הזיכרון</string>
  <string name="fail_reason_too_long_filename">שם הקובץ ארוך מדי (\"%s\")</string>
  <string name="exporting_contact_list_title">מייצא איש קשר</string>
  <string name="exporting_contact_list_message">מייצא איש קשר ל \"%s\"</string>
  <string name="fail_reason_could_not_initialize_exporter">שגיאה באתחול המייצא: \"%s\"</string>
  <string name="fail_reason_error_occurred_during_export">שגיאה אירעה בזמן הייצוא: \"%s\"</string>
  <string name="composer_failed_to_get_database_infomation">נכשל בקבלת מידע ממאגר נתונים</string>
  <string name="composer_has_no_exportable_contact">אין איש קשר הניתן לייצוא. אם אכן יש לך אנשי קשר בטלפון, כל אנשי הקשר עלולים להיות אסורים לייצוא על ידי ספק תוכן מסוים.</string>
  <string name="composer_not_initialized">יוצר ה vCard לא אותחל בצורה תקינה</string>
  <string name="fail_reason_could_not_open_file">לא ניתן לפתוח את \"%1$s\": %2$s</string>
  <string name="exporting_contact_list_progress">%1$s מתוך %2$s אנשי קשר</string>
  <string name="search_settings_description">שמות אנשי הקשר שלך</string>
  <string name="add_2sec_pause">הוסף השהייה של 2 שניות</string>
  <string name="add_wait">הוסף המתנה</string>
  <string name="call_disambig_title">התקשר באמצעות</string>
  <string name="sms_disambig_title">שלח הודעה באמצעות</string>
  <string name="make_primary">זכור בחירה זו</string>
  <string name="quickcontact_missing_app">לא נמצאה תוכנית לטפל בפעולה זו</string>
  <string name="quickcontact_remember_choice">זכור בחירה זו</string>
  <string name="quickcontact_missing_name">לא ידוע</string>
  <string name="menu_accounts">חשבונות</string>
  <string name="menu_import_export">ייבוא/ייצוא</string>
  <string name="dialog_import_export">ייבוא/ייצוא אנשי קשר</string>
  <string name="menu_share">שתף</string>
  <string name="share_via">שתף איש קשר דרך</string>
  <string name="share_error">לא ניתן לשתף איש קשר זה.</string>
  <string name="nameLabelsGroup">שם</string>
  <string name="nicknameLabelsGroup">כינוי</string>
  <string name="organizationLabelsGroup">ארגון</string>
  <string name="websiteLabelsGroup">אתר</string>
  <string name="eventLabelsGroup">אירוע</string>
  <string name="type_short_home">ב</string>
  <string name="type_short_mobile">נ</string>
  <string name="type_short_work">ע</string>
  <string name="type_short_pager">ז</string>
  <string name="type_short_other">א</string>
  <string name="edit_read_only">איש קשר זה הוא לקריאה-בלבד</string>
  <string name="edit_secondary_collapse">עוד</string>
  <string name="dialog_primary_name">שם ראשי</string>
  <string name="dialog_new_contact_account">צור איש קשר תחת חשבון</string>
  <string name="account_phone">טלפון-בלבד (לא מסונכרן)</string>
  <string name="call_custom">התקשר ל %s</string>
  <string name="call_home">התקשר הביתה</string>
  <string name="call_mobile">התקשר לנייד</string>
  <string name="call_work">התקשר לעבודה</string>
  <string name="call_fax_work">התקשר לפקס בעבודה</string>
  <string name="call_fax_home">התקשר לפקס בבית</string>
  <string name="call_pager">התקשר לזימונית</string>
  <string name="call_other">התקשר</string>
  <string name="call_callback">התקשר להתקשרות-חוזרת</string>
  <string name="call_car">התקשר לרכב</string>
  <string name="call_company_main">התקשר לראשי של החברה</string>
  <string name="call_isdn">התקשר לISDN</string>
  <string name="call_main">התקשר לראשי</string>
  <string name="call_other_fax">התקשר לפקס</string>
  <string name="call_radio">התקשר לרדיו</string>
  <string name="call_telex">התקשר לטלקס</string>
  <string name="call_tty_tdd">התקשר ל TTY/TDD</string>
  <string name="call_work_mobile">התקשר לנייד של העבודה</string>
  <string name="call_work_pager">התקשר לזימונית של העבודה</string>
  <string name="call_assistant">התקשר %s</string>
  <string name="call_mms">התקשר ל MMS</string>
  <string name="sms_custom">שלח הודעה ל %s</string>
  <string name="sms_home">שלח הודעה הביתה</string>
  <string name="sms_mobile">שלח הודעה לנייד</string>
  <string name="sms_work">שלח הודעה לעבודה</string>
  <string name="sms_fax_work">שלח הודעה לפקס בעבודה</string>
  <string name="sms_fax_home">שלח הודעה לפקס בבית</string>
  <string name="sms_pager">שלח הודעה לזימונית</string>
  <string name="sms_other">שלח הודעה</string>
  <string name="sms_callback">שלח הודעה להתקשרות-חוזרת</string>
  <string name="sms_car">שלח הודעה לרכב</string>
  <string name="sms_company_main">שלח הודעה לראשי של החברה</string>
  <string name="sms_isdn">שלח הודעה לISDN</string>
  <string name="sms_main">שלח הודעה לראשי</string>
  <string name="sms_other_fax">שלח הודעה לפקס</string>
  <string name="sms_radio">שלח הודעה לרדיו</string>
  <string name="sms_telex">שלח הודעה לטלקס</string>
  <string name="sms_tty_tdd">שלח הודעה לTTY/TDD</string>
  <string name="sms_work_mobile">שלח הודעה לנייד של העבודה</string>
  <string name="sms_work_pager">שלח הודעה לזימונית של העבודה</string>
  <string name="sms_assistant">שלח הודעה ל %s</string>
  <string name="sms_mms">שלח הודעת MMS</string>
  <string name="email_home">שלח דואר אלקטרוני הביתה</string>
  <string name="email_mobile">שלח דואר אלקטרוני לנייד</string>
  <string name="email_work">שלח דואר אלקטרוני לעבודה</string>
  <string name="email_other">שלח דואר אלקטרוני</string>
  <string name="email_custom">שלח דואר אלקטרוני ל %s</string>
  <string name="email">דואר אלקטרוני</string>
  <string name="map_home">הצג כתובת בית</string>
  <string name="map_work">הצג כתובת עבודה</string>
  <string name="map_other">הצג כתובת</string>
  <string name="map_custom">הצג כתובת %s</string>
  <string name="chat_aim">התכתב באמצעות AIM</string>
  <string name="chat_msn">התכתב באמצעות Windows Live</string>
  <string name="chat_yahoo">התכתב באמצעות Yahoo</string>
  <string name="chat_skype">התכתב באמצעות Skype</string>
  <string name="chat_qq">התכתב באמצעות QQ</string>
  <string name="chat_gtalk">התכתב באמצעות Google Talk</string>
  <string name="chat_icq">התכתב באמצעות ICQ</string>
  <string name="chat_jabber">התכתב באמצעות Jabber</string>
  <string name="chat">התכתב</string>
  <string name="postal_street">רחוב</string>
  <string name="postal_pobox">תא דואר</string>
  <string name="postal_neighborhood">שכונה</string>
  <string name="postal_city">עיר</string>
  <string name="postal_region">מדינה</string>
  <string name="postal_postcode">מיקוד</string>
  <string name="postal_country">מדינה</string>
  <string name="name_given">שם</string>
  <string name="name_family">שם משפחה</string>
  <string name="name_prefix">תחילית לשם</string>
  <string name="name_middle">שם אמצעי</string>
  <string name="name_suffix">סיומת לשם</string>
  <string name="name_phonetic_given">שם פונטי</string>
  <string name="name_phonetic_middle">שם אמצעי פונטי</string>
  <string name="name_phonetic_family">שם משפחה פונטי</string>
  <string name="account_type_format">איש קשר %1$s</string>
  <string name="from_account_format">מאת %1$s</string>
  <string name="use_photo_as_primary">השתמש בתמונה זו</string>
  <string name="contact_read_only">%1$s לא ניתן לערוך את פרטי איש הקשר על מכשיר זה.</string>
  <string name="no_contact_details">אין מידע נוסף אודות איש קשר זה</string>
  <string name="search_bar_hint">חפש אנשי קשר</string>
  <string name="search_for_all_contacts">חפש בכל אנשי הקשר</string>
  <string name="take_photo">צלם תמונה</string>
  <string name="pick_photo">בחר תמונה מתוך הגלריה</string>
  <string name="locale_change_in_progress">רשימת אנשי קשר מתעדכנת בכדי לשקף את שינוי השפה. \n\n אנא המתן...</string>
  <string name="upgrade_in_progress">רשימת אנשי קשר מתעדכנת. \n\n אנא המתן...</string>
  <string name="upgrade_out_of_memory">אנשי הקשר נמצאים בתהליך שדרוג. \n\n תהליך השדרוג דורש %dMb של אחסון בזיכרון הםנימי של הטלפון. \n\nבחר באחת מהאפשרויות הבאות:</string>
  <string name="upgrade_out_of_memory_uninstall">הסר אפליקציות</string>
  <string name="upgrade_out_of_memory_retry">נסה שוב לשדרג</string>
  <string name="search_results_for">תוצאות חיפוש עבור: %s</string>
  <string name="search_results_searching">מחפש...</string>
  <string name="callNoAnswerTimeFormat">שיחות שלא נענו %s</string>
  <string name="numberCountFormat">%s מספרים</string>
  <string name="menu_display_all">הצג את כל אנשי הקשר</string>
  <string name="menu_display_only_phones">הצג רק אנשי קשר עם מספרי טלפון</string>
  <string name="contactsGroupsLabel">קבוצות</string>
  <string name="group_summary_format">%sמיקום</string>
  <string name="no_member">הקבוצה ריקה</string>
  <string name="applyGroupsSelection">החל את הגדרות הקבוצה</string>
  <string name="no_availablePhone">אין מספר טלפון זמין</string>
  <string name="add_group_member">הוסף לקבוצת חברים</string>
  <string name="group_name_contacts">אנשי קשר</string>
  <string name="group_name_friends">חברים</string>
  <string name="group_name_family">שם משפחה</string>
  <string name="group_name_coworkers">עמיתי עבודה</string>
  <string name="group_name_important">מועדפים</string>
  <string name="group_name_life_info">מידע על חיי הקבוצה</string>
  <string name="group_name_white_list">רשימה מאובטחת</string>
  <string name="group_name_black_list">רשימת חסומים</string>
  <string name="button_manage_groups">ערוך</string>
  <string name="button_back">חזור</string>
  <string name="button_remove_contacts">הסר איש קשר</string>
  <string name="duplicatedGroupNameHelpText">כבר קיימת קבוצה בשם זה</string>
  <string name="system_groups_unchangable">שם הקבוצה שמור במערכת, אין אפשרות למחוק או לערוך אותו</string>
  <string name="menu_add">הוסף</string>
  <string name="menu_remove">העבר</string>
  <string name="create_new_group">קבוצה חדשה</string>
  <string name="manage_groups">ערוך קבוצות</string>
  <string name="menu_viewGroup">קבוצה</string>
  <string name="menu_deleteGroup">מחק קבוצה</string>
  <string name="menu_editGroupName">שם קבוצה</string>
  <string name="input_group_name_hint">רשום את שם הקבוצה</string>
  <string name="notification_invalid_group_name">שם קבוצה אינו יכול להיות ריק</string>
  <string name="add_to_group_format">הוסף%s</string>
  <string name="name_full">שם מלא</string>
  <string name="add_more_items">הוסף עוד</string>
  <string name="saveConfirmationTitle">שמור איש קשר</string>
  <string name="saveConfirmationBody">האם לשמור שינויים לאיש קשר זה?</string>
  <string name="saveConfirmationYes">נשמר</string>
  <string name="saveConfirmationNo">לא לשמור</string>
  <string name="import_from_account">ייבא מתוך חשבון</string>
  <string name="select_account_import_from">בחר מאיזה חשבון לייבא</string>
  <string name="importing_from_account">מיבא אנשי קשר</string>
  <string name="fail_message_account_needed">נא להגדיר את החשבון</string>
  <string name="success_message_import_from_account">ייבוא הושלם</string>
  <string name="date_day">תאריך</string>
  <string name="fast_scroll_alphabet">\#אבגדהוזחטיכלמנסעפצקרשת</string>
  <string name="belong_no_group">אין שיוך לקבוצה</string>
  <string name="menu_remove_member">הסר איש קשר</string>
  <string name="removeConfirmation_title">העבר</string>
  <string name="menu_add_favorite_contact">הוסף איש קשר למועדפים</string>
  <string name="menu_group_sms">אסאמאס קבוצתי</string>
  <string name="menu_group_ringtone">צלצול קבוצה</string>
  <string name="menu_add_member">הוסף איש קשר</string>
  <string name="menu_callIpNumber">חייג לטלפון אייפי (חייג %s)</string>
  <string name="menu_clearDefaultNumber">בטל מספר ברירת מחדל מוגדר</string>
  <string name="menu_clearDefaultEmail">מחק הגדרות ברירת מחדל של הדוא"ל</string>
  <string name="favoriteContactDescription">הוסף למועדפים</string>
  <string name="unfavoriteContactDescription">ביטול מנוי</string>
  <string name="shareContactDescription">שיתוף אנשי קשר</string>
  <string name="titlePickOrCreateNewContact">בחר קיים או צור איש קשר חדש</string>
  <string name="titlePickContactNumber">בחר מספר טלפון</string>
  <string name="fixedPhoneLabel">ריק</string>
  <string name="fixedFaxLabel">פקס</string>
  <string name="goto_album">עבור לאלבום</string>
  <string name="recommneded_photos">תמונה מומלצת</string>
  <string name="downloading_photos">מוריד ראש מהאינטרנט</string>
  <string name="callButtonText">התקשר</string>
  <string name="callrecordview_menu_phone_all">הצג את כל השיחות</string>
  <string name="callrecordview_menu_phone_missed">הצג שיחות שלא נענו בלבד</string>
  <string name="callrecordview_menu_delete_one">נקה היסטוריית שיחות</string>
  <string name="callrecordview_menu_delete_stranger">נקה היסטוריית שיחות לא מזוהות</string>
  <string name="callrecordview_menu_delete_all">נקה את כל היסטוריית השיחות</string>
  <string name="callrecordview_menu_set">הגדר</string>
  <string name="callrecordview_more">הצג עוד</string>
  <string name="callrecordview_more_title">כל השיחות %s</string>
  <string name="callrecordview_item_calls">שיחה%dשניות</string>
  <string name="callrecordview_item_op_time_missed">לא מחובר</string>
  <string name="callrecordview_item_op_time_short_incoming">callrecordview_item_op_time_short_incoming</string>
  <string name="callrecordview_item_op_time_short_outgoing">callrecordview_item_op_time_short_outgoing</string>
  <string name="callDetailsDurationFormat_incoming">אין טקסט עזרה מועדף</string>
  <string name="callDetailsDurationFormat_outgoing">פורמט תצוגת משך שיחות יוצאות</string>
  <string name="group_delete_confirmation">מחיקת קבוצה</string>
  <string name="no_sms_availabe_contact_in_group">לקבוצה אין אנשי קשר לשלוח את ההודעה</string>
  <string name="showDialpadTip">לחץ לפתוח את המקלדת</string>
  <string name="set_ringtone_for_group_members_success">קביעת צלצול עבור חברי הקבוצה התבצעה</string>
  <string name="noContactHelpText">אין איש קשר, באפשרותך:</string>
  <string name="noFavoriteHelpText">אין טקסט עזרה מועדף</string>
  <string name="noGroupMemberHelpText">אין אנשי קשר בקבוצה。\n\nלהוספת איש קשר נא 
- <font fgcolor="#ffffffff">
  <b>פינה שמאלית עליונה\'+\'Icon</b> 
  </font>
  ，ובחר את אנשי הקשר הרצויים.\n</string>
  <string name="noContactHelpTextAccounts">חשבונות</string>
  <string name="noContactHelpTextImportSim">העתקה מסים</string>
  <string name="noContactHelpTextImportSD">יבוא אנשי קשר מכרטיס הזיכרון</string>
  <string name="noContactHelpTextAddContact">הוספה</string>
  <string name="noContactHelpTextAddStarred">מועדפים</string>
  <string name="noContactHelpTextAddMember">Add group members</string>
</resources>
