<?xml version="1.0" encoding="utf-8"?>
<!--Generated by crowdin.net-->
<resources>
  <string name="cancel">בטל</string>
  <string name="copy">העתק</string>
  <string name="copyUrl">העתק קישור</string>
  <string name="cut">גזור</string>
  <string name="defaultVoiceMailAlphaTag">תא קולי</string>
  <string name="defaultMsisdnAlphaTag">MSISDN1</string>
  <string name="emptyPhoneNumber">(אין מספר טלפון)</string>
  <string name="httpErrorBadUrl">הדף אינו יכול להיפתח, הקישור אינו זמין.</string>
  <string name="httpErrorUnsupportedScheme">הפרוטוקול אינו נתמך.</string>
  <string name="no">בטל</string>
  <string name="ok">אישור</string>
  <string name="paste">הדבקה</string>
  <string name="search_go">חיפוש</string>
  <string name="selectAll">בחר הכל</string>
  <string name="unknownName">(לא ידוע)</string>
  <string name="untitled">Untitled</string>
  <string name="VideoView_error_button">אשר</string>
  <string name="VideoView_error_text_unknown">הוידאו לא ניתן לנגינה.</string>
  <string name="VideoView_error_title">הוידאו לא ניתן לנגינה</string>
  <string name="yes">אשר</string>
  <string name="dialog_alert_title">שים לב</string>
  <string name="VideoView_error_text_invalid_progressive_playback">הוידאו הזה לא ניתן לנגינה במכשיר.</string>
  <string name="config_tether_apndata"> </string>
  <string name="config_networkLocationProvider">com.google.android.location.NetworkLocationProvider</string>
  <string name="config_geocodeProvider">com.google.android.location.GeocodeProvider</string>
  <string name="config_datause_iface">rmnet0</string>
  <string name="month_long_standalone_january">ינואר</string>
  <string name="month_long_standalone_february">פברואר</string>
  <string name="month_long_standalone_march">מרץ</string>
  <string name="month_long_standalone_april">אפריל</string>
  <string name="month_long_standalone_may">מאי</string>
  <string name="month_long_standalone_june">יוני</string>
  <string name="month_long_standalone_july">יולי</string>
  <string name="month_long_standalone_august">אוגוסט</string>
  <string name="month_long_standalone_september">ספטמבר</string>
  <string name="month_long_standalone_october">אוקטובר</string>
  <string name="month_long_standalone_november">נובמבר</string>
  <string name="month_long_standalone_december">דצמבר</string>
  <string name="month_long_january">ינואר</string>
  <string name="month_long_february">פברואר</string>
  <string name="month_long_march">מרץ</string>
  <string name="month_long_april">אפריל</string>
  <string name="month_long_may">מאי</string>
  <string name="month_long_june">יוני</string>
  <string name="month_long_july">יולי</string>
  <string name="month_long_august">אוגוסט</string>
  <string name="month_long_september">ספטמבר</string>
  <string name="month_long_october">אוקטובר</string>
  <string name="month_long_november">נובמבר</string>
  <string name="month_long_december">דצמבר</string>
  <string name="month_medium_january">ינואר</string>
  <string name="month_medium_february">פברואר</string>
  <string name="month_medium_march">מרץ</string>
  <string name="month_medium_april">אפריל</string>
  <string name="month_medium_may">מאי</string>
  <string name="month_medium_june">יוני</string>
  <string name="month_medium_july">יולי</string>
  <string name="month_medium_august">אוגוסט</string>
  <string name="month_medium_september">ספטמבר</string>
  <string name="month_medium_october">אוקטובר</string>
  <string name="month_medium_november">נובמבר</string>
  <string name="month_medium_december">דצמבר</string>
  <string name="month_shortest_january">י</string>
  <string name="month_shortest_february">פ</string>
  <string name="month_shortest_march">מ</string>
  <string name="month_shortest_april">א</string>
  <string name="month_shortest_may">מ</string>
  <string name="month_shortest_june">י</string>
  <string name="month_shortest_july">י</string>
  <string name="month_shortest_august">א</string>
  <string name="month_shortest_september">ס</string>
  <string name="month_shortest_october">א</string>
  <string name="month_shortest_november">נ</string>
  <string name="month_shortest_december">ד</string>
  <string name="day_of_week_long_sunday">Sun</string>
  <string name="day_of_week_long_monday">Mon</string>
  <string name="day_of_week_long_tuesday">Tue</string>
  <string name="day_of_week_long_wednesday">Wed</string>
  <string name="day_of_week_long_thursday">Thu</string>
  <string name="day_of_week_long_friday">Fri</string>
  <string name="day_of_week_long_saturday">Sat</string>
  <string name="day_of_week_medium_sunday">\'ראש</string>
  <string name="day_of_week_medium_monday">שני</string>
  <string name="day_of_week_medium_tuesday">\'שלי</string>
  <string name="day_of_week_medium_wednesday">\'רבי</string>
  <string name="day_of_week_medium_thursday">\'חמי</string>
  <string name="day_of_week_medium_friday">שישי</string>
  <string name="day_of_week_medium_saturday">שבת</string>
  <string name="day_of_week_short_sunday">\'א</string>
  <string name="day_of_week_short_monday">\'ב</string>
  <string name="day_of_week_short_tuesday">\'ג</string>
  <string name="day_of_week_short_wednesday">\'ד</string>
  <string name="day_of_week_short_thursday">\'ה</string>
  <string name="day_of_week_short_friday">\'ו</string>
  <string name="day_of_week_short_saturday">\'ז</string>
  <string name="day_of_week_shortest_sunday">\'א</string>
  <string name="day_of_week_shortest_monday">\'ב</string>
  <string name="day_of_week_shortest_tuesday">\'ג</string>
  <string name="day_of_week_shortest_wednesday">\'ד</string>
  <string name="day_of_week_shortest_thursday">\'ה</string>
  <string name="day_of_week_shortest_friday">\'ו</string>
  <string name="day_of_week_shortest_saturday">\'ז</string>
  <string name="am">AM</string>
  <string name="pm">PM</string>
  <string name="yesterday">אתמול</string>
  <string name="today">היום</string>
  <string name="tomorrow">מחר</string>
  <string name="hour_minute_24">%H:%M</string>
  <string name="hour_minute_ampm">%-l:%M%p</string>
  <string name="hour_minute_cap_ampm">%-l:%M%^p</string>
  <string name="twelve_hour_time_format">h:mm a</string>
  <string name="twenty_four_hour_time_format">HH:mm</string>
  <string name="numeric_date">%-m/%-e/%Y</string>
  <string name="numeric_date_format">חודש/יום/שנה</string>
  <string name="numeric_date_template">%s/%s/%s</string>
  <string name="month_day_year">%B %-e, %Y</string>
  <string name="time_of_day">%-l:%M:%S %p</string>
  <string name="date_and_time">%b %-e, %Y, %-l:%M:%S %p</string>
  <string name="date_time">%1$s, %2$s</string>
  <string name="time_date">%1$s, %3$s</string>
  <string name="abbrev_month_day_year">%b %-e, %Y</string>
  <string name="month_day">%B %-e</string>
  <string name="month">%-B</string>
  <string name="month_year">%B %Y</string>
  <string name="abbrev_month_day">%b %-e</string>
  <string name="abbrev_month">%-b</string>
  <string name="abbrev_month_year">%b %Y</string>
  <string name="time1_time2">%1$s – %2$s</string>
  <string name="date1_date2">%2$s – %5$s</string>
  <string name="numeric_md1_md2">%2$s/%3$s – %7$s/%8$s</string>
  <string name="numeric_wday1_md1_wday2_md2">%1$s, %2$s/%3$s – %6$s, %7$s/%8$s</string>
  <string name="numeric_mdy1_mdy2">%2$s/%3$s/%4$s – %7$s/%8$s/%9$s</string>
  <string name="numeric_wday1_mdy1_wday2_mdy2">%1$s, %2$s/%3$s/%4$s – %6$s, %7$s/%8$s/%9$s</string>
  <string name="numeric_wday1_mdy1_time1_wday2_mdy2_time2">%1$s, %2$s/%3$s/%4$s, %5$s – %6$s, %7$s/%8$s/%9$s, %10$s</string>
  <string name="numeric_md1_time1_md2_time2">%2$s/%3$s, %5$s – %7$s/%8$s, %10$s</string>
  <string name="numeric_wday1_md1_time1_wday2_md2_time2">%1$s, %2$s/%3$s, %5$s – %6$s, %7$s/%8$s, %10$s</string>
  <string name="numeric_mdy1_time1_mdy2_time2">%2$s/%3$s/%4$s, %5$s – %7$s/%8$s/%9$s, %10$s</string>
  <string name="wday1_date1_time1_wday2_date2_time2">%1$s, %2$s, %3$s – %4$s, %5$s, %6$s</string>
  <string name="wday1_date1_wday2_date2">%1$s, %2$s – %4$s, %5$s</string>
  <string name="date1_time1_date2_time2">%2$s, %3$s – %5$s, %6$s</string>
  <string name="time_wday_date">%1$s, %2$s, %3$s</string>
  <string name="wday_date">%2$s, %3$s</string>
  <string name="time_wday">%1$s, %2$s</string>
  <string name="same_year_md1_md2">%2$s %3$s – %7$s %8$s</string>
  <string name="same_year_wday1_md1_wday2_md2">%2$s %3$s – %7$s %8$s</string>
  <string name="same_year_md1_time1_md2_time2">%2$s %3$s, %5$s – %7$s %8$s, %10$s</string>
  <string name="same_month_md1_time1_md2_time2">%2$s %3$s, %5$s – %7$s %8$s, %10$s</string>
  <string name="same_year_wday1_md1_time1_wday2_md2_time2">%1$s, %2$s %3$s, %5$s – %6$s, %7$s %8$s, %10$s</string>
  <string name="same_month_wday1_md1_time1_wday2_md2_time2">%1$s, %2$s %3$s, %5$s – %6$s, %7$s %8$s, %10$s</string>
  <string name="same_year_mdy1_time1_mdy2_time2">%2$s %3$s, %4$s, %5$s – %7$s %8$s, %9$s, %10$s</string>
  <string name="same_month_mdy1_time1_mdy2_time2">%2$s %3$s, %4$s, %5$s – %7$s %8$s, %9$s, %10$s</string>
  <string name="same_year_wday1_mdy1_time1_wday2_mdy2_time2">%1$s, %2$s %3$s, %4$s, %5$s – %6$s, %7$s %8$s, %9$s, %10$s</string>
  <string name="same_month_wday1_mdy1_time1_wday2_mdy2_time2">%1$s, %2$s %3$s, %4$s, %5$s – %6$s, %7$s %8$s, %9$s, %10$s</string>
  <string name="same_month_wday1_mdy1_wday2_mdy2">%1$s, %2$s %3$s, %4$s – %6$s, %7$s %8$s, %9$s</string>
  <string name="same_month_md1_md2">%2$s %3$s – %8$s</string>
  <string name="same_month_wday1_md1_wday2_md2">%1$s, %2$s %3$s – %6$s, %7$s %8$s</string>
  <string name="same_year_mdy1_mdy2">%2$s %3$s – %7$s %8$s, %9$s</string>
  <string name="same_month_mdy1_mdy2">%2$s %3$s – %8$s, %9$s</string>
  <string name="same_year_wday1_mdy1_wday2_mdy2">%1$s, %2$s %3$s – %6$s, %7$s %8$s, %9$s</string>
  <string name="short_format_month">%b</string>
  <string name="full_wday_month_day_no_year">EEE, MMM d</string>
  <string name="abbrev_wday_month_day_year">EEE, MMM d, yyyy</string>
  <string name="common_name_prefixes"> </string>
  <string name="common_name_suffixes"> </string>
  <string name="common_last_name_prefixes"> </string>
  <string name="common_name_conjunctions"> </string>
  <string name="default_text_encoding">Latin-1</string>
  <string name="lock_pattern_view_aspect">square</string>
  <string name="byteShort">B</string>
  <string name="kilobyteShort">KB</string>
  <string name="megabyteShort">MB</string>
  <string name="gigabyteShort">GB</string>
  <string name="terabyteShort">TB</string>
  <string name="petabyteShort">PB</string>
  <string name="fileSizeSuffix">%1$s%2$s</string>
  <string name="ellipsis">…</string>
  <string name="mmiError">שגוי MMI בעיות חיבור או קוד</string>
  <string name="serviceEnabled">.השירות הופעל</string>
  <string name="serviceEnabledFor">:השירות הופעל בשביל</string>
  <string name="serviceDisabled">.השירות בוטל</string>
  <string name="serviceRegistered">.הרשמה הוצלחה</string>
  <string name="serviceErased">המחיקה הוצלחה</string>
  <string name="passwordIncorrect">סיסמה שגויה</string>
  <string name="mmiComplete">מושלם MMI</string>
  <string name="badPin">הישן שהזנת אינו נכון PINמספר ה</string>
  <string name="badPuk">שכתבת אינו נכון PUKה</string>
  <string name="mismatchPin">שהזנת אינם מתאימים PINמספרי ה</string>
  <string name="invalidPin">הקלד קוד בין ארבע לשמונה ספרות.</string>
  <string name="needPuk">הקלד אותו בכדי לבטל חסימה, PUK נעול בעזרת SIMכרטיס ה</string>
  <string name="needPuk2">בכדי לבטל חסימת כרטיס סים PUK2 הקלד</string>
  <string name="ClipMmi">שיחה מזוהה נכנסת</string>
  <string name="ClirMmi">שיחה מזוהה יוצאת</string>
  <string name="CfMmi">העברת שיחה</string>
  <string name="CwMmi">שיחה ממתינה</string>
  <string name="BaMmi">חסימת שיחות</string>
  <string name="PwdMmi">שינוי סיסמה</string>
  <string name="PinMmi">PIN שינוי</string>
  <string name="CnipMmi">חייג למספר המופיע</string>
  <string name="CnirMmi">מחייג למספר חסום</string>
  <string name="ThreeWCMmi">שיחת ועידה</string>
  <string name="RuacMmi">דחה שיחות מטרידות</string>
  <string name="CndMmi">מסירת מספר מחויג</string>
  <string name="DndMmi">נא לא להפריע</string>
  <string name="CLIRDefaultOnNextCallOn">ברירת מחדל של שיחה מזוהה חסומה. שיחה הבאה: חסומה</string>
  <string name="CLIRDefaultOnNextCallOff">ברירת מחדל של שיחה מזוהה חסומה. שיחה הבאה: לא חסומה</string>
  <string name="CLIRDefaultOffNextCallOn">ברירת מחדל של שיחה מזוהה לא חסומה. שיחה הבאה: חסומה</string>
  <string name="CLIRDefaultOffNextCallOff">ברירת מחדל של שיחה מזוהה לא חסומה. שיחה הבאה: לא חסומה</string>
  <string name="serviceNotProvisioned">שרות לא מסופק.</string>
  <string name="CLIRPermanent">הגדרות שיחה מזוהה לא ניתנות לשינוי.</string>
  <string name="RestrictedChangedTitle">גישה מוגבלת שונתה</string>
  <string name="RestrictedOnData">שירותי נתונים חסומים.</string>
  <string name="RestrictedOnEmergency">שירותי חירום חסומים.</string>
  <string name="RestrictedOnNormal">שירותי שיחה חסומים.</string>
  <string name="RestrictedOnAllVoice">כל שירותי השיחה חסומים.</string>
  <string name="RestrictedOnSms">שירות מסרון חסום.</string>
  <string name="RestrictedOnVoiceData">שירותי שיחה\נתונים חסומים.</string>
  <string name="RestrictedOnVoiceSms">שירותי שיחה/מסרון חסומים.</string>
  <string name="RestrictedOnAll">כל שירותי שיחה\נתונים\הודעות חסומים.</string>
  <string name="serviceClassVoice">שיחה</string>
  <string name="serviceClassData">נתונים</string>
  <string name="serviceClassFAX">פקס</string>
  <string name="serviceClassSMS">מסרון</string>
  <string name="serviceClassDataAsync">סנכרון אוטומטי</string>
  <string name="serviceClassDataSync">סינכרון</string>
  <string name="serviceClassPacket">חבילה</string>
  <string name="serviceClassPAD">PAD</string>
  <string name="roamingText0">מחוון נדידה מופעל</string>
  <string name="roamingText1">מחוון נדידה מופסק</string>
  <string name="roamingText2">מחוון נדידה מהבהב</string>
  <string name="roamingText3">מחוץ לשכונה</string>
  <string name="roamingText4">מחוץ לבניין</string>
  <string name="roamingText5">נדידה - מערכת מועדפת</string>
  <string name="roamingText6">נדידה - מערכת זמינה</string>
  <string name="roamingText7">נדידה - שותף להתקשרות</string>
  <string name="roamingText8">נדידה - שותף מועדף</string>
  <string name="roamingText9">נדידה - תפקוד שרות מלא</string>
  <string name="roamingText10">נדידה - תפקוד שרות חלקי</string>
  <string name="roamingText11">דגל נדידה מופעל</string>
  <string name="roamingText12">דגל נדידה מופסק</string>
  <string name="roamingTextSearching">מחפש אחר שירות</string>
  <string name="cfTemplateNotForwarded">{0}: לא העביר</string>
  <string name="cfTemplateForwarded">{0}: {1}</string>
  <string name="cfTemplateForwardedTime">{0}: {1} אחרי {2} שניות</string>
  <string name="cfTemplateRegistered">{0}: לא העביר</string>
  <string name="cfTemplateRegisteredTime">{0}: לא העביר</string>
  <string name="fcComplete">קוד תכונה גמור.</string>
  <string name="fcError">שגיאה בחיבור או מאפיין קוד שגוי.</string>
  <string name="httpErrorOk">OK</string>
  <string name="httpError">עמוד האינטרנט מכיל שגיאה</string>
  <string name="httpErrorLookup">כתובת האתר לא נמצאה</string>
  <string name="httpErrorUnsupportedAuthScheme">סכמת האימות של האתר לא נתמכת.</string>
  <string name="httpErrorAuth">האימות נכשל.</string>
  <string name="httpErrorProxyAuth">אימות על ידי שרת פרוקסי נכשל.</string>
  <string name="httpErrorConnect">החיבור לשרת נכשל</string>
  <string name="httpErrorIO">השרת נכשל בהתקשרות. נסה מאוחר יותר.</string>
  <string name="httpErrorTimeout">אזל זמן החיבור לשרת</string>
  <string name="httpErrorRedirectLoop">העמוד מכיל יותר מדי הפניות שרת</string>
  <string name="httpErrorFailedSslHandshake">חיבור מאובטח לא הוצלח להיווצר</string>
  <string name="httpErrorFile">הקובץ אינו נגיש</string>
  <string name="httpErrorFileNotFound">הקובץ המבוקש לא נמצא</string>
  <string name="httpErrorTooManyRequests">יותר מידי בקשות מעובדות כרגע. נסה מאוחר יותר.</string>
  <string name="notification_title">שגיאה בהתחברות %1$s</string>
  <string name="contentServiceSync">סינכרון</string>
  <string name="contentServiceSyncNotificationTitle">סינכרון</string>
  <string name="contentServiceTooManyDeletesNotificationDesc">מחיקות %s יותר מדי</string>
  <string name="low_memory">מקום האחסון בטלפון מלא! מחק מספר קבצים לשחרר מקום.</string>
  <string name="me">אני</string>
  <string name="power_dialog">אפשרויות טלפון</string>
  <string name="silent_mode">מצב שקט</string>
  <string name="turn_on_radio">הפעלת אלחוט</string>
  <string name="turn_off_radio">כיבוי אלחוט</string>
  <string name="screen_lock">נעילת מסך</string>
  <string name="power_off">כיבוי</string>
  <string name="shutdown_progress">...נכבה</string>
  <string name="shutdown_confirm">.המכשיר ייכבה</string>
  <string name="recent_tasks_title">לאחרונה</string>
  <string name="no_recent_tasks">.אין אפליקציות אחרונות</string>
  <string name="global_actions">אפשרויות טלפון</string>
  <string name="global_action_lock">נעילת מסך</string>
  <string name="global_action_power_off">כיבוי</string>
  <string name="global_action_toggle_silent_mode">מצב שקט</string>
  <string name="global_action_silent_mode_on_status">קריאה וכתיבה של הודעות טקסט, דואר אלקטרוני והודעות אחרות.</string>
  <string name="global_action_silent_mode_off_status">צלילים מופעלים</string>
  <string name="global_actions_toggle_airplane_mode">מצב טיסה</string>
  <string name="global_actions_airplane_mode_on_status">מצב טיסה פועל</string>
  <string name="global_actions_airplane_mode_off_status">מצב טיסה מכובה</string>
  <string name="safeMode">מצב בטוח</string>
  <string name="android_system_label">מערכת אנדרואיד</string>
  <string name="permgrouplab_costMoney">שירותים בתשלום</string>
  <string name="permgroupdesc_costMoney">אשר ליישום לבצע פעולות בתשלום.</string>
  <string name="permgrouplab_messages">ההודעות שלך</string>
  <string name="permgroupdesc_messages">קריאה וכתיבה של הודעות טקסט, דואר אלקטרוני והודעות אחרות.</string>
  <string name="permgrouplab_personalInfo">הפרטים האישיים שלך</string>
  <string name="permgroupdesc_personalInfo">גישה ישירה לאנשי קשר ולוחות שנה השמורים בטלפון.</string>
  <string name="permgrouplab_location">מיקומך</string>
  <string name="permgroupdesc_location">ניטור של מיקומך הפיזי</string>
  <string name="permgrouplab_network">תקשורת רשת</string>
  <string name="permgroupdesc_network">אפשר לאפליקציות לגשת לתכונות רשת שונות.</string>
  <string name="permgrouplab_accounts">החשבונות שלך</string>
  <string name="permgroupdesc_accounts">גש לחשבונות הזמינים.</string>
  <string name="permgrouplab_hardwareControls">בקרי חומרה</string>
  <string name="permgroupdesc_hardwareControls">גישה ישירה לחומרה במכשיר.</string>
  <string name="permgrouplab_phoneCalls">שיחות</string>
  <string name="permgroupdesc_phoneCalls">נטר, הקלט ועבד שיחות טלפון.</string>
  <string name="permgrouplab_systemTools">כלי מערכת</string>
  <string name="permgroupdesc_systemTools">גישה לרמה נמוכה ושליטה על המערכת.</string>
  <string name="permgrouplab_developmentTools">כלי פיתוח</string>
  <string name="permgroupdesc_developmentTools">תכונות שנחוצות למפתחי אפליקציות בלבד.</string>
  <string name="permgrouplab_storage">אחסון</string>
  <string name="permgroupdesc_storage">גישה לכרטיס זיכרון.</string>
  <string name="permlab_statusBar">בטל או שנה את שורת המצב</string>
  <string name="permdesc_statusBar">מאפשר לאפליקציה לבטל את שורת המצב או להוסיף ולהסיר סמלי מערכת.</string>
  <string name="permlab_expandStatusBar">הורד/העלה את שורת המצב</string>
  <string name="permdesc_expandStatusBar">מאפשר לאפליקציה להוריד או להעלות את שורת המצב.</string>
  <string name="permlab_processOutgoingCalls">ירט שיחות יוצאות</string>
  <string name="permdesc_processOutgoingCalls">מאפשר לאפליקציה לעבד שיחות יוצאות ולשנות את המספר לחיוג. אפליקציות זדוניות עשויות לנטר, להפנות או למנוע שיחות יוצאות.</string>
  <string name="permlab_receiveSms">SMS קבלת</string>
  <string name="permdesc_receiveSms">מאפשר לאפליקציה לקבל ולעבד הודעות SMS. אפליקציות זדוניות עלולות לנטר את ההודעות שלך או למחוק אותן בלי להראות לך אותן.</string>
  <string name="permlab_receiveMms">MMS קבלת</string>
  <string name="permdesc_receiveMms">מאפשר לאפליקציה לקבל ולעבד הודעות MMS. אפליקציות זדוניות עלולות לנטר את ההודעות שלך או למחוק אותן בלי להראות לך אותן.</string>
  <string name="permlab_sendSms">שלח מסרון</string>
  <string name="permdesc_sendSms">מאפשר לאפליקציה לשלוח הודעות SMS. אפליקציות זדוניות עלולות לעלות לך כסף על ידי שליחת הודעות ללא אישורך.</string>
  <string name="permlab_readSms">MMMS או SMS קריאת</string>
  <string name="permdesc_readSms">מאפשר לאפליקציה לקרוא הודעות SMS השמורות על המכשיר או על כרטיס ה SIM. אפליקציות זדוניות עלולות לקרוא הודעות חסויות שלך.</string>
  <string name="permlab_writeSms">MMS או SMS עריכת</string>
  <string name="permdesc_writeSms">מאפשר לאפליקציה לכתוב להודעות SMS השמורות על המכשיר או על כרטיס ה SIM. אפליקציות זדוניות עלולות למחוק את ההודעות שלך.</string>
  <string name="permlab_receiveWapPush">WAP קבל</string>
  <string name="permdesc_receiveWapPush">מאפשר לאפליקציה לקבל ולעבד הודעות WAP. אפליקציות זדוניות עלולות לנטר את ההודעות שלך או למחוק אותן בלי להראות לך אותן.</string>
  <string name="permlab_getTasks">אחזר אפליקציות פעילות</string>
  <string name="permdesc_getTasks">אפשר ליישום לשלוף מידע על משימות הרצות כרגע ולאחרונה. יכול לאשפר ליישום זדוני לגלות מידע פרטי על יישומים אחרים.</string>
  <string name="permlab_reorderTasks">סידור מחדש אפליקציות פועלות</string>
  <string name="permdesc_reorderTasks">מאפשר לאפליקציה להזיז משימות לחזית ולרקע. אפליקציות זדוניות יכולות לכפות את עצמן בחזית ללא שליטתך.</string>
  <string name="permlab_setDebugApp">הפעל איתור באגים באפליקציה</string>
  <string name="permdesc_setDebugApp">מאפשר לאפליקציה להפעיל איתור באגים עבור אפליקציה אחרת. אפליקציות זדוניות יכולות להשתמש בזה כדי להפסיק אפליקציות אחרות.</string>
  <string name="permlab_changeConfiguration">שנה את הגדרות התצוגה</string>
  <string name="permdesc_changeConfiguration">מאפשר לאפליקציה לשנות את ההגדרה הנוכחית, כגון אזור או גודל גופן כללי.</string>
  <string name="permlab_enableCarMode">הפעל מצב רכב</string>
  <string name="permdesc_enableCarMode">מאפשר לאפליקציה להפעיל את מצב רכב.</string>
  <string name="permlab_killBackgroundProcesses">סגור יישומים אשר רצים ברקע</string>
  <string name="permdesc_killBackgroundProcesses">מאפשר לאפליקציה לסיים את הפעולה של תהליכים ברקע של אפליקציות אחרות, אפילו אם הזיכרון לא מועט.</string>
  <string name="permlab_forceStopPackages">עצור בכוח אפליקציות אחרות</string>
  <string name="permdesc_forceStopPackages">מאפשר ליישום לעצור בכוח יישמים אחרים.</string>
  <string name="permlab_forceBack">הכרח יישום להיסגר</string>
  <string name="permdesc_forceBack">מאפשר לאפליקציה להכריח כל פעילות שנמצאת מקדימה להסגר ולעבור אחורה. לא אמור להיות נחוץ עבור אפליקציות רגילות.</string>
  <string name="permlab_dump">אחזור מצב פנים המערכת</string>
  <string name="permdesc_dump">מאפשר לאפליקציה להשיג את המצב הפנימי של המערכת. אפליקציות זדוניות  עשויות להשיג מגוון רחב של מידע אישי ומאובטח שהן לא אמורות להזדקק לו בדרך כלל.</string>
  <string name="permlab_shutdown">כיבוי חלקי</string>
  <string name="permdesc_shutdown">שם את מנהל היישומים במצב כיבוי. לא מבצע כיבוי מלא.</string>
  <string name="permlab_stopAppSwitches">מונע החלפת יישום</string>
  <string name="permdesc_stopAppSwitches">מונע מהמשתמש לעבור ליישום אחר.</string>
  <string name="permlab_runSetActivityWatcher">ניטור ובקרה על הרצת יישומים</string>
  <string name="permdesc_runSetActivityWatcher">מאפשר לאפליקציה לנטר ולשלוט איך המערכת תפעיל פעילויות. אפליקציות זדוניות עלולות להעמיד את המערכת בסיכון. הרשאה זו נחוצה לפיתוח בלבד ולעולם לא לשימוש רגיל במכשיר.</string>
  <string name="permlab_broadcastPackageRemoved">שלח שידור של חבילה הוסרה</string>
  <string name="permdesc_broadcastPackageRemoved">מאפשר לאפליקציה לשדר הודעה שחבילת אפליקציה הוסרה. אפליקציות זדוניות עלולות להשתמש בזה כדי לסיים את הפעולה של אפליקציה פעילה אחרת.</string>
  <string name="permlab_broadcastSmsReceived">שליחת מסרון - קבלת שידור</string>
  <string name="permdesc_broadcastSmsReceived">מאפשר לאפליקציה לשדר הודעה שהתקבלה הודעת SMS. אפליקציות זדוניות עלולות להשתמש בזה כדי לזייף הודעות SMS נכנסות.</string>
  <string name="permlab_broadcastWapPush">שליחת WAP-PUSH - קבלת שידור</string>
  <string name="permdesc_broadcastWapPush">מאפשר לאפליקציה לשדר הודעה שהודעת דחיפת WAP התקבלה.אפליקציות זדוניות עלולות להשתמש בזה כדי לזייף הודעת קבלת MMS או כדי להחליף בחשאי את התוכן של כל אתר ברשת עם חלופות זדוניות.</string>
  <string name="permlab_setProcessLimit">מגביל את מספר היישמום במצב ריצה</string>
  <string name="permdesc_setProcessLimit">מאפשר ליישום לשלוט בכמות המקסימלית של תהליכים שירוצו. לעולם אינו נחוץ האפליקציות רגילות.</string>
  <string name="permlab_setAlwaysFinish">סוגר את כל היישומים ברקע</string>
  <string name="permdesc_setAlwaysFinish">מאפשר ליישום לשלוט באפשרות שפעולות תמיד יושלמו בעת מעבר לריצה ברקע. לעולם אינו נחוץ ביישומים רגילים.</string>
  <string name="permlab_batteryStats">שינוי סטטיסטיקות הסוללה</string>
  <string name="permdesc_batteryStats">מאפשר שינוי איסוף נתוני הסוללה. לא לשימוש עבור יישום רגיל.</string>
  <string name="permlab_backup">שולט על גיבוי ושחזור המערכת</string>
  <string name="permdesc_backup">מאפשר ליישום לשלוט במנגנון הגיבוי והשחזור של המערכת. לא לשימוש על ידי יישומים רגילים.</string>
  <string name="permlab_internalSystemWindow">מציג חלון לא מורשה</string>
  <string name="permdesc_internalSystemWindow">מאפשר יצירת חלונות שנועדו לשימוש על ידי ממשק המשתמש של המערכת הפנימית. לא לשימוש על ידי אפליקציות רגילות.</string>
  <string name="permlab_systemAlertWindow">מציג התראות מערכת</string>
  <string name="permdesc_systemAlertWindow">מאפשר יישום להראות חלונות מערכת ההתראה. יישומים זדוניים יכולים להשתלט על כל המסך של הטלפון.
</string>
  <string name="permlab_setAnimationScale">שינוי מהירות האנימציה</string>
  <string name="permdesc_setAnimationScale">מאפשר ליישום לשנות את מהירות האנימציה הגלובלית (אנימציות מהירות או איטיות) בכל זמן.</string>
  <string name="permlab_manageAppTokens">נהל אסימוני היישום</string>
  <string name="permdesc_manageAppTokens">מאפשר ליישומים ליצור ולנהל אסימונים משלהם, תוך עקיפת שלהם נורמלי Z-ההזמנה. לא אמור להיות נחוץ עבור יישומים רגילים.</string>
  <string name="permlab_injectEvents">הקש על המקשים ולחצני השליטה</string>
  <string name="permdesc_injectEvents">מאפשר ליישום לספק אירועי הזנה משלו (הקשות וכו \') ליישומים אחרים. יישומים זדוניים יכולים להשתמש בו כדי להשתלט על הטלפון.</string>
  <string name="permlab_readInputState">שמירה של הפעולות והקלדות שביצעת</string>
  <string name="permdesc_readInputState">מאפשר לצפות במפתחות שאתה מקיש בעת אינטראקציה עם יישום אחר (כגון הזנת סיסמה). לא אמור להיות נחוץ עבור יישומים רגילים.</string>
  <string name="permlab_bindInputMethod">איגוד שיטות הקלט</string>
  <string name="permdesc_bindInputMethod">מאפשר לבעלים להתממשק ברמה העליונה לשיטת הקלט. לא אמור להיות נחוץ עבור יישומים רגילים.</string>
  <string name="permlab_bindWallpaper">איגוד לטפט</string>
  <string name="permdesc_bindWallpaper">מאפשר לבעלי התממשקות ברמה העליונה של טפט. לא אמור להיות נחוץ עבור יישומים רגילים.</string>
  <string name="permlab_bindDeviceAdmin">ביצוע אינטרקציה עם מנהל ההתקן</string>
  <string name="permdesc_bindDeviceAdmin">מאפשר לאוחז המכשיר לשלוח את רצונו למנהל ההתקן. לא אמור להיות נחוץ עבור יישומים רגילים.</string>
  <string name="permlab_setOrientation">הופך את המסך</string>
  <string name="permdesc_setOrientation">מאפשר ליישום לשנות את היפוך המסך בכל זמן. לא אמור להיות נחוץ עבור יישומים רגילים.</string>
  <string name="permlab_signalPersistentProcesses">שולח אות לינוקס לכל היישומים</string>
  <string name="permdesc_signalPersistentProcesses">מאפשר ליישום לבקש אות שישלח לכל התהליכים הקיימים.</string>
  <string name="permlab_persistentActivity">מאפשר ליישום להיות תמיד במצב ריצה</string>
  <string name="permdesc_persistentActivity">מאפשר לחלקים מהיישום להפוך למתמשכים, על מנת שהמערכת תוכל \ לא להשתמש בו עבור יישומים אחרים.</string>
  <string name="permlab_deletePackages">מחק תוכנות</string>
  <string name="permdesc_deletePackages">מאפשר ליישום למחוק חבילות אנדרואיד. יישומים זדוניים יכולים להשתמש בזה בכדי למחוק יישומים חשובים.</string>
  <string name="permlab_clearAppUserData">מחיקת מידע של יישומים אחרים</string>
  <string name="permdesc_clearAppUserData">מאפשר ליישום למחוק נתוני משתמש.</string>
  <string name="permlab_deleteCacheFiles">מחיקת זכרון המטמון של אפליקציות אחרות</string>
  <string name="permdesc_deleteCacheFiles">מאפשר לתוכנה למחוק קבצי מטמון.</string>
  <string name="permlab_getPackageSize">מדידת שטח אחסון האפליקציות</string>
  <string name="permdesc_getPackageSize">מאפשר יישום כדי לאחזר את הקוד שלו, נתונים, וגודל זיכרון מטמון</string>
  <string name="permlab_installPackages">התקנת אפליקציות ישירות</string>
  <string name="permdesc_installPackages">מאפשר לאפליקצייה להתקין עדכונים, תוכנות זדוניות יכולות לנצל יכולות אלו.</string>
  <string name="permlab_clearAppCache">מחיקת כל מידע המטמון של האפליקציות</string>
  <string name="permdesc_clearAppCache">מאפשר ליישום לשחרר איחסון ע"י מחיקת קבצים בספרייה מטמון יישום. גישה מוגבלת מאוד, בדרך כלל, לתהליך המערכת.</string>
  <string name="permlab_movePackage">העברת משאבי יישום</string>
  <string name="permdesc_movePackage">מאפשר יישום להעביר משאבי יישום מהאיחסון הפנימי לחיצוני ולהיפך.</string>
  <string name="permlab_readLogs">Read system log files</string>
  <string name="permdesc_readLogs">Allows an application to read from the system\'s various log files. This allows it to discover general information about what you are doing with the phone, potentially including personal or private information.</string>
  <string name="permlab_diagnostic">קריאה / כתיבה למשאבי בבעלות diag</string>
  <string name="permdesc_diagnostic">איפשור ליישום לקרוא ולכתוב לכל משאב בבעלות קבוצת diag; למשל, קבצים ב dev/. עלול להשפיע על יציבות המערכת ואבטחתה. זה צריך לשמש אך ורק עבור אבחון ספציפי לחומרה על ידי היצרן או המפעיל.</string>
  <string name="permlab_changeComponentState">הפעלה או ניטרול רכיבי יישום</string>
  <string name="permdesc_changeComponentState">איפשור ליישום לשנות רכיב של יישום אחר מופעל או לא. יישומים זדוניים יכולים להשתמש בזה כדי להשבית יכולות טלפון חשובים. הטיפול חייב להיות משולב עם רשות, כפי שניתן לקבל רכיבי יישום למצב לא שמיש, לא עקבי, או לא יציב.</string>
  <string name="permlab_setPreferredApplications">הגדר אפליקציות מועדפות</string>
  <string name="permdesc_setPreferredApplications">מאפשר לאפליקציה לשנות את האפליקציות המועדפות שלך. דבר זה יכול לאפשר לאפליקציות זדוניות לשנות בחשאי את האפליקציות שרצות ולזייף את האפליקציות הקיימות שלך כדי לאסוף ממך מידע אישי.</string>
  <string name="permlab_writeSettings">שינוי הגדרות מערכת גלובאליות</string>
  <string name="permdesc_writeSettings">אפשר לאפליקציה לעדכן את הגדרות המערכת. אפליקציות זדוניות יכולות להשחית את הגדרות המערכת.</string>
  <string name="permlab_writeSecureSettings">עדכן הגדרות אבטחה</string>
  <string name="permdesc_writeSecureSettings">מאפשר לאפליקציה לשנות את הגדרות האבטחה של המערכת. לא לשימוש על ידי אפליקציות רגילות.</string>
  <string name="permlab_writeGservices">שנה את מפת השירות של גוגל</string>
  <string name="permdesc_writeGservices">מאשפר לאפליקציה לשנות את מפת שירותי גוגל. לא לשימוש על ידי אפליקציות רגילות.</string>
  <string name="permlab_receiveBootCompleted">התחל אוטומאטית בזמן עליית המכשיר</string>
  <string name="permdesc_receiveBootCompleted">מאפשר לאפליקציה להפעיל את עצמה ברגע שהמערכת סיימה לעלות. דבר זה עלול להאריך את זמן עליית המכשיר ומאפשר לאפליקציה להאט את המכשיר באופן כללי בכך שהיא פועלת תמיד.</string>
  <string name="permlab_broadcastSticky">שליחת שידור דביק</string>
  <string name="permdesc_broadcastSticky">מאפשר לאפליקציה לשלוח תשדורות "דביקות", אשר נשארות אחרי שהשידור הסתיים. אפליקציות זדוניות עלולות לגרום לטלפון להיות איטי או לא יציב בכך שיגרמו לו להשתמש בזיכרון רב מדי.</string>
  <string name="permlab_readContacts">קרא נתוני איש קשר</string>
  <string name="permdesc_readContacts">מאפשר לאפליקציה לקרוא את כל פרטי אנשי הקשר ששמורים על מכשירך. אפליקציות זדוניות עלולות להשתמש בזה כדי לשלוח את המידע שלך לאנשים אחרים.</string>
  <string name="permlab_writeContacts">כתוב נתוני איש קשר</string>
  <string name="permdesc_writeContacts">מאפשר לאפליקציה לשנות את פרטי אנשי הקשר ששמורים על מכשירך. אפליקציות זדוניות עלולות להשתמש בזה כדי למחוק או לשנות את פרטי אנשי הקשר שלך.</string>
  <string name="permlab_writeOwnerData">כתוב נתוני בעלים</string>
  <string name="permdesc_writeOwnerData">מאפשר לאפליקציה לשנות את פרטי בעל המכשיר ששמורים בטלפון. אפליקציות זדוניות עלולות להשתמש בזה כדי למחוק או לשנות את פרטי בעל המכשיר.</string>
  <string name="permlab_readOwnerData">קרא נתוני בעלים</string>
  <string name="permdesc_readOwnerData">מאפשר לאפליקציה לקרוא את פרטי בעל המכשיר ששמורים בטלפון. אפליקציות זדוניות עלולות להשתמש בזה כדי לקרוא את פרטי בעל המכשיר.</string>
  <string name="permlab_readCalendar">קרא אירועי לוח שנה</string>
  <string name="permdesc_readCalendar">מאפשר לאפליקציה לקרוא את כל האירועים ביומן ששמורים במכשירך. אפליקציות זדוניות עלולות להשתמש בזה כדי לשלוח את אירועי היומן שלך לאנשים אחרים.</string>
  <string name="permlab_writeCalendar">הוספה או שינוי של אירועי יומן ושליחת דואר אלקטרוני לאורחים</string>
  <string name="permdesc_writeCalendar">מאפשר לאפליקציה להוסיף או לשנות אירועים ביומן שלך, פעולה שעלולה לשלוח דואר אלקטרוני למוזמנים. אפליקציות זדוניות יכוליות להשתמש בהרשאה זו על מנת למחוק או לשנות אירועי יומן או לשלוח דואר למוזמנים.</string>
  <string name="permlab_accessMockLocation">מיקום מדומה לבדיקות</string>
  <string name="permdesc_accessMockLocation">יצירת מיקום מדומה לבדיקות. אפליקציות זדוניות יכוליות להשתמש ביכולת זו על מנת לעקוף את המיקום האמיתי שלך.</string>
  <string name="permlab_accessLocationExtraCommands">גישה לפקודות ספק מיקום נוספות</string>
  <string name="permdesc_accessLocationExtraCommands">גישה לפקודות ספק מיקום נוספות. אפליקציות זדוניות עלולות להשתמש בפקודות אלו להתערב בפעולת ה GPS או מקורות מיקום אחרים.</string>
  <string name="permlab_installLocationProvider">השראה להתקנת ספק מיקום</string>
  <string name="permdesc_installLocationProvider">יצירת מיקום מדומה לבדיקות. אפליקציות זדוניות יכוליות להשתמש ביכולת זו על מנת לעקוף את המיקום האמיתי שלך.</string>
  <string name="permlab_accessFineLocation">מיקום מדויק (GPS)</string>
  <string name="permdesc_accessFineLocation">גישה למקומות מיקום מדויקים כגון GPS, היכן שאפשרי. אפליקציות זדוניות יכוליות להשתמש ביכולת זו על מנת לקבוע את מיקומך ועלול לצרוך זרם בטריה נוסף מהרגיל.</string>
  <string name="permlab_accessCoarseLocation">מיקום לא מדויק (מבוסס רשת)</string>
  <string name="permdesc_accessCoarseLocation">גישה למקורות מיקום לא מדויקים כגון מסד נתוני הרשת הסלולרית על מנת לקבוע מיקום משוער של הטלפון, היכן שאפשרי. אפליקציות זדוניות יכולות להשתמש ביכולת זו על מנת לקבוע את מיקומך המשוער.</string>
  <string name="permlab_accessSurfaceFlinger">גישה ל SurfaceFlinger</string>
  <string name="permdesc_accessSurfaceFlinger">מאפשר לאפליקציה להשתמש בתכונות רמה נמוכה של SurfaceFlinger.</string>
  <string name="permlab_readFrameBuffer">קריאת חוצץ מסגרת</string>
  <string name="permdesc_readFrameBuffer">שנה את הגדרות השמע שלך</string>
  <string name="permlab_modifyAudioSettings">אפשר לתוכנה להתאים הגדרות שמע כלליות כמו עוצמה וכיוון. </string>
  <string name="permdesc_modifyAudioSettings">אפשר לתוכנה להתאים הגדרות שמע כלליות כמו עוצמה וכיוון. </string>
  <string name="permlab_recordAudio">הקלטת שמע</string>
  <string name="permdesc_recordAudio">אפשר לתוכנה לגשת להקלטות שמע.</string>
  <string name="permlab_camera">צילום תמונות</string>
  <string name="permdesc_camera">אפשר לתוכנה לצלם תמונות.זה מאפשר למצלמה לצלם בכל זמן.(סכנת מעקב)</string>
  <string name="permlab_brick">הטלפון משותק זמנית</string>
  <string name="permdesc_brick">אפשר לתוכנה לשתק את הטלפון זמנית.זה מאוד מסוכן!!</string>
  <string name="permlab_reboot">כפה הפעלה מחדש</string>
  <string name="permdesc_reboot">אפשר לתוכנה להכריח הפעלה מחדש של המכשיר.</string>
  <string name="permlab_mount_unmount_filesystems">חבר ונתק מערכת העברת קבצים.</string>
  <string name="permdesc_mount_unmount_filesystems">אפשר לתוכנה לחבר ולנתק את מערכת הקבצים לכונן הנייד.</string>
  <string name="permlab_mount_format_filesystems">אתחל זיכרון חיצוני</string>
  <string name="permdesc_mount_format_filesystems">מאפשר לאפליקציה לפרמט אחסנה ניתנת להסרה.</string>
  <string name="permlab_asec_access">השג מידע על המידע המאובטח</string>
  <string name="permdesc_asec_access">אפשר לתוכניות לגשת למידע באחסון המאובטח</string>
  <string name="permlab_asec_create">צור אחסון מאובטח</string>
  <string name="permdesc_asec_create">אפשר לתוכניות לשנות שם לאחסון מאובטח.</string>
  <string name="permlab_asec_destroy">הרוס אחסון מאובטח</string>
  <string name="permdesc_asec_destroy">אפשר לתוכניות להרוס אחסון מאובטח</string>
  <string name="permlab_asec_mount_unmount">חבר\נתק אחסון מאובטח</string>
  <string name="permdesc_asec_mount_unmount">אפשר לתוכניות לנתק\לחבר אחסון מאובטח</string>
  <string name="permlab_asec_rename">שנה שם לאחסון מאובטח</string>
  <string name="permdesc_asec_rename">אפשר לתוכניות לשנות שם לאחסון מאובטח</string>
  <string name="permlab_vibrate">שליטה על רטט</string>
  <string name="permdesc_vibrate">אפשר לתוכניות לשלוט ברטט</string>
  <string name="permlab_flashlight">שליטה בפנס</string>
  <string name="permdesc_flashlight">אפשר לתוכנה לשלוט בפנס הפלאש.</string>
  <string name="permlab_hardware_test">בדיקת חומרה</string>
  <string name="permdesc_hardware_test">אפשר לתוכנה לשלוט במבחר רכיבים במטרה לבדוק את החומרה</string>
  <string name="permlab_callPhone">חיוג ישיר למספרי טלפון</string>
  <string name="permdesc_callPhone">אפשר לתוכניות להתקשר לכל מספר טלפון בלי התערבותך.תוכניות זדוניות יכולות לגרום לחשבון טלפון חריג.אפשרות זו לא נותנת להתקשר למספרי חירום.</string>
  <string name="permlab_callPrivileged">חיוג ישיר לכל מספרי טלפון</string>
  <string name="permdesc_callPrivileged">אפשר לתוכנה להתקשר לכל מספר טלפון,כולל מספרי חירום,בלי התערבותך.תכוניות זדוניות יכולות לבצע שיחות בלתי חוקיות למספרי חירום.</string>
  <string name="permlab_performCdmaProvisioning">התחל הגדרות CDMA ישירות</string>
  <string name="permdesc_performCdmaProvisioning">מאפשר לאפליקציה להתחיל הקצאת CDMA. אפליקציות זדוניות עלולות להתחיל הקצאת CDMA שלא לצורך.</string>
  <string name="permlab_locationUpdates">שליטה בהתראות עידכוני מיקום</string>
  <string name="permdesc_locationUpdates">אפשר ביטול\אישור עידכוני מיקום מהרדיו. לא לשימוש בתוכניות רגילות.</string>
  <string name="permlab_checkinProperties">פרטים על גישת כניסה</string>
  <string name="permdesc_checkinProperties">מאפשר קריאה/כתיבה להגדרות שהתקבלו משירות הצ\'ק-אין. לא לשימוש באפליקציות רגילות.
</string>
  <string name="permlab_bindGadget">בחר ווידג\'ט</string>
  <string name="permdesc_bindGadget">מאפשר לאפליקציה להורות למערכת איזה ווידג\'טים ניתנים לשימוש על ידי איזה אפליקציות. עם הרשאה זו, אפליקציות יכולות לתת פרטים אישיים לאפליקציות אחרות. לא לשימוש על ידי אפליקציות רגילות.</string>
  <string name="permlab_modifyPhoneState">שינוי מצב הטלפוניה</string>
  <string name="permdesc_modifyPhoneState">מאפשר לאפליקציה לשלוט בתכונות הטלפון של המכשיר. אפליקציה עם הרשאה זו יכולה להחליף רשתות, להדליק או לכבות את התקשורת של המכשיר וכדומה מבלי ליידע אותך.</string>
  <string name="permlab_readPhoneState">לקרוא את מצב וזהות המכשיר</string>
  <string name="permdesc_readPhoneState">מאפשר לאפליקציה לגשת לתכונות הטלפון של המכשיר. אפליקציה עם הרשאה זו יכולה לקבוע את מספר הטלפון והמספר הסידורי של המכשיר, במידה ויש שיחה פעילה, המספר שאליו השיחה מחוברת וכדומה.</string>
  <string name="permlab_wakeLock">מנע מהמכשיר לכבות את המסך</string>
  <string name="permdesc_wakeLock">מאפשר לאפליקציה למנוע ממסך המכשיר להיכבות</string>
  <string name="permlab_devicePower">הפעל או כבה את המכשיר</string>
  <string name="permdesc_devicePower">מאפשר לאפליקציה לכבות או להדליק את המכשיר</string>
  <string name="permlab_factoryTest">פעל במצב מפעל</string>
  <string name="permdesc_factoryTest">הפעל בתור בדיקות יצרן ברמה נמוכה המאפשרת גישה מלאה לחומרת המכשיר. זמין רק כאשר המכשיר פועל במצב בדיקות יצרן.</string>
  <string name="permlab_setWallpaper">הגדר טפט</string>
  <string name="permdesc_setWallpaper">אפשר לאפליקציה לשנות טפט</string>
  <string name="permlab_setWallpaperHints">רמזים לקביעת גודל הרקע</string>
  <string name="permdesc_setWallpaperHints">אפשר לאפליקציה לשנות את גודל שולחן העבודה.</string>
  <string name="permlab_masterClear">איפוס מערכת לברירת מחדל</string>
  <string name="permdesc_masterClear">מאפשר לאפליקציה להחזיר את המכשיר להגדרות יצרן, למחוק את כל המידע, הגדרות והאפליקציות המותקנות</string>
  <string name="permlab_setTime">הגדר זמן</string>
  <string name="permdesc_setTime">מאפשר לאפליקציה לשנות את זמן השעון במכשיר</string>
  <string name="permlab_setTimeZone">הגדר אזור זמן</string>
  <string name="permdesc_setTimeZone">מאפשר לאפליקציה לשנות את אזור הזמן של המכשיר</string>
  <string name="permlab_accountManagerService">פעל כשירות ניהול חשבונות</string>
  <string name="permdesc_accountManagerService">מאשר לאפליקציה לבצע שיחות למאמת החשבונות</string>
  <string name="permlab_getAccounts">גלה חשבונות ידועים</string>
  <string name="permdesc_getAccounts">מאשר לאפליקציה לקבל רשימת חשבונות ידועים בטלפון.</string>
  <string name="permlab_authenticateAccounts">פועל כמאשר חשבונות</string>
  <string name="permdesc_authenticateAccounts">מאשר לאפליקציה להשתמש אימות החשבונות, הכולל הקמת חשבונות והגדרת סיסמאות.</string>
  <string name="permlab_manageAccounts">נהל את רשימת החשבונות</string>
  <string name="permdesc_manageAccounts">מאשר לאפליקציה לבצע פעולות כגון: הוספה והסרת חשבונות ומחיקת סיסמאות מחשבונות.</string>
  <string name="permlab_useCredentials">השתמש באישורי אימות של חשבון כלשהוא</string>
  <string name="permdesc_useCredentials">מאשר לאפליקציה לבקש סימני אימות.</string>
  <string name="permlab_accessNetworkState">הצג מצב רשת</string>
  <string name="permdesc_accessNetworkState">מאשר לאפליקציה לראות את מצב כל הרשתות.</string>
  <string name="permlab_createNetworkSockets">גישת אינטרנט מלאה</string>
  <string name="permdesc_createNetworkSockets">אפשר לאפליקציה ליצור חיבור רשת.</string>
  <string name="permlab_writeApnSettings">רשום שם להגדרות נקודת הגישה</string>
  <string name="permdesc_writeApnSettings">APN מאפשר לאפליקציה לשנות הגדרות.</string>
  <string name="permlab_changeNetworkState">שנה חיבוריות של רשת</string>
  <string name="permdesc_changeNetworkState">מאשר לאפליקציה לשנות את מצב החיבור לרשת.</string>
  <string name="permlab_changeTetherState">שנה את חיבורי הנתב האלחוטי</string>
  <string name="permdesc_changeTetherState">אפשר לתוכנית לשנות את מצב הנתב האלחוטי</string>
  <string name="permlab_changeBackgroundDataSetting">משנה נתוני משתמש ברקע</string>
  <string name="permdesc_changeBackgroundDataSetting">מאשר לאפליקציה לשנות את נתוני הגדרת המשתמש ברקע.</string>
  <string name="permlab_accessWifiState">הצג מצב וי-פי</string>
  <string name="permdesc_accessWifiState">אשר לתוכנית לראות מידע על מצב הוי-פי</string>
  <string name="permlab_changeWifiState">שנה מצב רשת אלחוטית</string>
  <string name="permdesc_changeWifiState">מאשר לאפליקציה להתחבר או להתנתק מרשתות אלחוטיות ולעשות שינויים בהגדרות החיבורים.</string>
  <string name="permlab_changeWifiMulticastState">אפשר ל WIFI לקלוט ממספר מקורות</string>
  <string name="permdesc_changeWifiMulticastState">מאפשר לאפליקציה לקבל חבילות בעקיפין.</string>
  <string name="permlab_bluetoothAdmin">ניהול בלוטות\'</string>
  <string name="permdesc_bluetoothAdmin">מאפשר לאפליקציה לשנות את הגדרות הבלוטות\' במכשיר, ולגלות ולהתחבר למתקן מרוחק.</string>
  <string name="permlab_bluetooth">\'יצירת חיבורי בלוטות</string>
  <string name="permdesc_bluetooth">מאשר לאפליקציה לצפות בהגדרות הבלוטות\' המקומיות, וגם ליצור או לאשר חיבורים למכשירים תואמים.</string>
  <string name="permlab_disableKeyguard">בטל נעילת מקשים</string>
  <string name="permdesc_disableKeyguard">מאפשר לאפליקציה לבטל את נעילת הכפתורים ושאר הגדרות בטיחות. דוגמה לגיטימית לכך היא שהמכשיר יבטל את נעילת הכפתורים בקבלת שיחה, ואז יאשר מחדש את הנעילה כשהשיחה נגמרת</string>
  <string name="permlab_readSyncSettings">לקרוא הגדרות סינכרונים</string>
  <string name="permdesc_readSyncSettings">מאפשר לאפליקציה לקרוא את הגדרות הסינכרונים, כגון האם סינכרון פועל אצל אנשי הקשר.</string>
  <string name="permlab_writeSyncSettings">לקרוא את הגדרות הסינכרונים</string>
  <string name="permdesc_writeSyncSettings">מאפשר לאפליקציה לשנות את הגדרות הסינכרונים, כגון האם סינכרון פועל אצל אנשי הקשר</string>
  <string name="permlab_readSyncStats">לקרוא את מצב הסינכרונים</string>
  <string name="permdesc_readSyncStats">מאפשר לאפליקציה לקרוא את מצב הסינכרונים, לדוגמה את היסטורית הסינכרונים</string>
  <string name="permlab_subscribedFeedsRead">לקרוא הרשמות מסונכרנות (Subscribed feeds)</string>
  <string name="permdesc_subscribedFeedsRead">מאפשר לאפליקציה לקבל פרטים על ההרשמות שלך</string>
  <string name="permlab_subscribedFeedsWrite">לכתוב הרשמות מסונכרנות (Subscribed feeds)</string>
  <string name="permdesc_subscribedFeedsWrite">מאפשר לאפליקציה לשנות את ההרשמות המסונכרנות שלך. יכול לאפשר לאפליקציה מזיקה לשנות את ההרשמות שלך.</string>
  <string name="permlab_readDictionary">קרא את מילון המשתמש</string>
  <string name="permdesc_readDictionary">.מאפשר לאפליקציה לקרוא כל מילה, שם או ביטוי שהמשתמש הכניס למילון המשתמש</string>
  <string name="permlab_writeDictionary">לכתוב במילון המשתמש</string>
  <string name="permdesc_writeDictionary">אפשר יישום לכתוב מילים חדשות ל משתמש</string>
  <string name="permlab_sdcardWrite">שנה/מחק אנשי קשר בכרטיס זיכרון</string>
  <string name="permdesc_sdcardWrite">מאשר לאפליקציה לכתוב לכרטיס הזיכרון.</string>
  <string name="permlab_cache_filesystem">גש לזיכרון קובץ המערכת</string>
  <string name="permdesc_cache_filesystem">מאפשר לאפליקציות לקרוא ולכתוב בקבצי המערכת.</string>
  <string name="policylab_limitPassword">סיסמה מוגבלת</string>
  <string name="policydesc_limitPassword">הגבל את סוגי הסיסמאות בהן ניתן להשתמש.</string>
  <string name="policylab_watchLogin">צפה בניסיונות הגישה</string>
  <string name="policydesc_watchLogin">מנטר ניסיונות כושלים לפתוח את המכשיר לביצוע פעולות.</string>
  <string name="policylab_resetPassword">התחל סיסמה</string>
  <string name="policydesc_resetPassword">כופה שינוי סיסמא, מצריך מהמנהל לתת את הסיסמא לפני שתוכל להיכנס.</string>
  <string name="policylab_forceLock">אלץ נעילה</string>
  <string name="policydesc_forceLock">בחר מתי המכשיר ינעל. דורש הכנסת סיסמא מחדש.</string>
  <string name="policylab_wipeData">מחק כל הנתונים</string>
  <string name="policydesc_wipeData">החזר להגדרות יצרן, מחיקת כל המידע שלך בלי צורך באישור</string>
  <string name="phoneTypeCustom">מותאם</string>
  <string name="phoneTypeHome">בית</string>
  <string name="phoneTypeMobile">נייד</string>
  <string name="phoneTypeWork">עבודה</string>
  <string name="phoneTypeFaxWork">פקס בעבודה</string>
  <string name="phoneTypeFaxHome">פקס ביתי</string>
  <string name="phoneTypePager">זימונית</string>
  <string name="phoneTypeOther">אחר</string>
  <string name="phoneTypeCallback">שיחה חוזרת</string>
  <string name="phoneTypeCar">רכב</string>
  <string name="phoneTypeCompanyMain">חברה ראשי</string>
  <string name="phoneTypeIsdn">ISDN</string>
  <string name="phoneTypeMain">ראשי</string>
  <string name="phoneTypeOtherFax">פקס אחר</string>
  <string name="phoneTypeRadio">רדיו</string>
  <string name="phoneTypeTelex">טלקס</string>
  <string name="phoneTypeTtyTdd">TTY TDD</string>
  <string name="phoneTypeWorkMobile">נייד בעבודה</string>
  <string name="phoneTypeWorkPager">טלפון בעבודה</string>
  <string name="phoneTypeAssistant">עוזר</string>
  <string name="phoneTypeMms">הודעת מולטמדיה</string>
  <string name="eventTypeBirthday">יומהולדת</string>
  <string name="eventTypeAnniversary">יום השנה</string>
  <string name="eventTypeOther">אירוע</string>
  <string name="emailTypeCustom">מותאם</string>
  <string name="emailTypeHome">בית</string>
  <string name="emailTypeWork">עבודה</string>
  <string name="emailTypeOther">אחר</string>
  <string name="emailTypeMobile">נייד</string>
  <string name="postalTypeCustom">מותאם</string>
  <string name="postalTypeHome">בית</string>
  <string name="postalTypeWork">עבודה</string>
  <string name="postalTypeOther">אחר</string>
  <string name="imTypeCustom">מותאם</string>
  <string name="imTypeHome">בית</string>
  <string name="imTypeWork">עבודה</string>
  <string name="imTypeOther">אחר</string>
  <string name="imProtocolCustom">מותאם</string>
  <string name="imProtocolAim">AIM</string>
  <string name="imProtocolMsn">Windows Live</string>
  <string name="imProtocolYahoo">Yahoo</string>
  <string name="imProtocolSkype">Skype</string>
  <string name="imProtocolQq">QQ</string>
  <string name="imProtocolGoogleTalk">גוגל טוק</string>
  <string name="imProtocolIcq">ICQ</string>
  <string name="imProtocolJabber">פרוטוקול Jabber</string>
  <string name="imProtocolNetMeeting">פגישת רשת</string>
  <string name="orgTypeWork">עבודה</string>
  <string name="orgTypeOther">אחר</string>
  <string name="orgTypeCustom">מותאם</string>
  <string name="contact_status_update_attribution">דרך %1$s</string>
  <string name="contact_status_update_attribution_with_date">%1$s דרך %2$s</string>
  <string name="keyguard_password_enter_pin_code">הכנס קוד פין</string>
  <string name="keyguard_password_enter_password_code">הכנס סיסמה להסרת נעילה</string>
  <string name="keyguard_password_wrong_pin_code">קוד פין בלתי נכון</string>
  <string name="keyguard_label_text">להסרת נעילה,לחץ תפריט ואחרי זה 0</string>
  <string name="emergency_call_dialog_number_for_display">מספר חירום</string>
  <string name="lockscreen_carrier_default">אין שירות</string>
  <string name="lockscreen_screen_locked">מסך נעול</string>
  <string name="lockscreen_instructions_when_pattern_enabled">לחץ תפריט בשביל לפתוח או חייג שיחת חירום</string>
  <string name="lockscreen_instructions_when_pattern_disabled">לחץ תפריט להסרה נעילה</string>
  <string name="lockscreen_pattern_instructions">צייר תבנית כדי לפתוח</string>
  <string name="lockscreen_emergency_call">שיחת חירום</string>
  <string name="lockscreen_return_to_call">חזור לשיחה</string>
  <string name="lockscreen_pattern_correct">!נכון</string>
  <string name="lockscreen_pattern_wrong">Wrong pattern, please try again!</string>
  <string name="lockscreen_plugged_in">טוען</string>
  <string name="lockscreen_charged">טעון</string>
  <string name="lockscreen_battery_short">%d%%</string>
  <string name="lockscreen_low_battery">Connect your charger (%d%%)</string>
  <string name="lockscreen_missing_sim_message_short">אין כרטיס סים</string>
  <string name="lockscreen_missing_sim_message">No SIM card detected.</string>
  <string name="lockscreen_missing_sim_instructions">אנא הכנס כרטיס סים</string>
  <string name="emergency_calls_only">שיחות חירום בלבד</string>
  <string name="lockscreen_network_locked_message">רשת נעולה</string>
  <string name="lockscreen_sim_puk_locked_message">כרטיס הסים נעול PUK.</string>
  <string name="lockscreen_sim_puk_locked_instructions">אנא עיין במדריך למשתמש או פנה לשירות לקוחות</string>
  <string name="lockscreen_sim_locked_message">כרטיס סים נעול</string>
  <string name="lockscreen_sim_unlock_progress_dialog_message">פתח כרטיס סים</string>
  <string name="lockscreen_too_many_failed_attempts_dialog_message">You have inputted wrong password %d times. \n\nPlease try again in %d seconds.</string>
  <string name="lockscreen_failed_attempts_almost_glogin">You have inputted wrong password %d times. After %d more unsuccessful attempts, you will be asked to unlock your phone using your Google sign-in.\n\n Please try again in %d seconds.</string>
  <string name="lockscreen_too_many_failed_attempts_countdown">שכחת תבנית קוד?</string>
  <string name="lockscreen_forgot_pattern_button_text">שכחת תבנית קוד?</string>
  <string name="lockscreen_glogin_forgot_pattern">פתיחת חשבון</string>
  <string name="lockscreen_glogin_too_many_attempts">ניסית יותר מידי!</string>
  <string name="lockscreen_glogin_instructions">להסרת נעילה, התחבר עם חשבון הגוגל שלך</string>
  <string name="lockscreen_glogin_username_hint">Username (E-mail)</string>
  <string name="lockscreen_glogin_password_hint">סיסמה</string>
  <string name="lockscreen_glogin_submit_button">התחבר</string>
  <string name="lockscreen_glogin_invalid_input">שם משתמש או סיסמה לא חוקיים</string>
  <string name="lockscreen_glogin_checking_password">שמע פועל</string>
  <string name="lockscreen_unlock_label">פתח</string>
  <string name="lockscreen_sound_on_label">שמע מופעל</string>
  <string name="lockscreen_sound_off_label">שמע מכובה</string>
  <string name="password_keyboard_label_symbol_key">\?123</string>
  <string name="password_keyboard_label_alpha_key">אבג</string>
  <string name="password_keyboard_label_alt_key">ALT</string>
  <string name="hour_ampm">%-l%P</string>
  <string name="hour_cap_ampm">%-l%p</string>
  <string name="status_bar_clear_all_button">נקה</string>
  <string name="status_bar_no_notifications_title">אין התרעות</string>
  <string name="status_bar_ongoing_events_title">ממשיך</string>
  <string name="status_bar_latest_events_title">התראות</string>
  <string name="battery_status_text_percent_format">%d%%</string>
  <string name="battery_status_charging">בהטענה</string>
  <string name="battery_low_title">חבר את המכשיר למקור מתח</string>
  <string name="battery_low_subtitle">הסוללה חלשה</string>
  <string name="battery_low_percent_format">%d%% או פחות נשארו.</string>
  <string name="battery_low_why">שימושי סוללה</string>
  <string name="factorytest_failed">בדיקת מפעל נכשלה</string>
  <string name="factorytest_not_system">הפעולה FACTORY_TEST נתמכת רק עבור חבילות מותקנות במערכת  /system/app .</string>
  <string name="factorytest_no_action">לא נמצאה החבילה המספקת את הפעולה FACTORY_TEST .</string>
  <string name="factorytest_reboot">הפעל מחדש</string>
  <string name="web_user_agent">Mozilla/5.0 (Linux; U; Android %s) AppleWebKit/533.1 (KHTML, like Gecko) Version/4.0 Mobile Safari/533.1</string>
  <string name="js_dialog_title">הדף ב- \'%s\' אומר:</string>
  <string name="js_dialog_title_default">JavaScript</string>
  <string name="js_dialog_before_unload">יציאה מדף זה?\n\n%s\n\nבחר "אשר" להמשך, או ביטול כדי להישאר.</string>
  <string name="save_password_label">אשר</string>
  <string name="double_tap_toast">טיפ: לחיצה כפולה להגדלה והקטנה של התצוגה.</string>
  <string name="permlab_readHistoryBookmarks">קרא את ההסיטוריה והסימניות מהדפדפן</string>
  <string name="permdesc_readHistoryBookmarks">אפשר לאפליקציה לגשת לכל האתרים בהם ביקרת ולסימניות בדפדפן.</string>
  <string name="permlab_writeHistoryBookmarks">כתוב את ההיסטוריה והסימניות של הדפדפן</string>
  <string name="permdesc_writeHistoryBookmarks">אפשר לאפליקציה לשנות את ההיסטוריה או הסימניות בדפדפן אשר מאוחסנות במכשירך. אפליקציות זדוניות יכולות למחוק או לשנות את נתוני הדפדפן שלך.</string>
  <string name="permlab_writeGeolocationPermissions">הגדר אישורי מיקום של הדפדפן</string>
  <string name="permdesc_writeGeolocationPermissions">מאפשר לאפליקציה לשנות הרשאות מיקום. אפליקציות זדוניות יכולות לאפשר שליחת מידע מיקום לאתרים רצויים.</string>
  <string name="save_password_message">האם אתה רוצה שהדפדפן יזכור את הסיסמה?</string>
  <string name="save_password_notnow">לא עכשיו</string>
  <string name="save_password_remember">זכור</string>
  <string name="save_password_never">אף פעם</string>
  <string name="open_permission_deny">אין לך הרשאות לפתוח עמוד זה</string>
  <string name="text_copied">תפריט+</string>
  <string name="more_item_label">יותר</string>
  <string name="prepend_shortcut_label">תפריט +</string>
  <string name="menu_space_shortcut_label">Space</string>
  <string name="menu_enter_shortcut_label">Enter</string>
  <string name="menu_delete_shortcut_label">Delete</string>
  <string name="oneMonthDurationPast">חודש לפני</string>
  <string name="beforeOneMonthDurationPast">לפני חודש אחרון</string>
  <string name="last_month">חודש אחרון</string>
  <string name="older">ישן</string>
  <string name="preposition_for_date">ב%s</string>
  <string name="preposition_for_time">ב%s</string>
  <string name="preposition_for_year">ב%s</string>
  <string name="day">יום</string>
  <string name="days">ימים</string>
  <string name="hour">שעה</string>
  <string name="hours">שעות</string>
  <string name="minute">דקה</string>
  <string name="minutes">דקות</string>
  <string name="second">שניה</string>
  <string name="seconds">שניות</string>
  <string name="week">שבוע</string>
  <string name="weeks">שבועות</string>
  <string name="year">שנה</string>
  <string name="years">שנים</string>
  <string name="relative_time">%1$s, %2$s</string>
  <string name="noon">צהרים</string>
  <string name="Noon">צהרים</string>
  <string name="midnight">חצות</string>
  <string name="Midnight">חצות</string>
  <string name="elapsed_time_short_format_mm_ss">%1$02d:%2$02d</string>
  <string name="elapsed_time_short_format_h_mm_ss">%1$d:%2$02d:%3$02d</string>
  <string name="selectText">סימון טקסט</string>
  <string name="stopSelectingText">הפסק סימון טקטס</string>
  <string name="cutAll">גזור הכל</string>
  <string name="copyAll">העתק הכל</string>
  <string name="inputMethod">שיטת הזנה</string>
  <string name="addToDictionary">למילון \"%s\" הוסף</string>
  <string name="editTextMenuTitle">ערוך טקסט</string>
  <string name="low_internal_storage_view_title">זיכרון נמוך</string>
  <string name="low_internal_storage_view_text">כמות הזיכרון בטלפון יורדת.</string>
  <string name="capital_on">פועל</string>
  <string name="capital_off">כבוי</string>
  <string name="whichApplication">השלם את המשימה באמצעות</string>
  <string name="alwaysUse">השתמש בתור ברירת מחדל</string>
  <string name="clearDefaultHintMsg">Clear default in Home Settings &gt; Applications &gt; Manage applications.</string>
  <string name="chooseActivity">בחר פעולה</string>
  <string name="noApplications">אין אפליקציות שיכולות לבצע פעולה זו</string>
  <string name="aerr_title">מצטער!</string>
  <string name="aerr_application">האפליקציה %1$s (process %2$s) הפסיקה במפתיע. נא נסה שוב.</string>
  <string name="aerr_process">התהליך %1$ קרס. נסה שנית.</string>
  <string name="anr_title">מצטער!</string>
  <string name="anr_activity_application">הפעילות %1$ (באפליקציה %2$) אינה מגיבה.</string>
  <string name="anr_activity_process">הפעילות %1$ (בתהליך %2$) אינה מגיבה.</string>
  <string name="anr_application_process">האפליקציה %1$ (בתהליך %2$) אינה מגיבה.</string>
  <string name="anr_process">תהליך %1$ אינו מגיב.</string>
  <string name="force_close">אלץ לסגור</string>
  <string name="report">דווח</string>
  <string name="wait">המתן</string>
  <string name="sendText">בחר פעולה למלל</string>
  <string name="volume_ringtone">עוצמת צלצול</string>
  <string name="volume_music">עוצמת מדיה</string>
  <string name="volume_music_hint_playing_through_bluetooth">משמיע דרך בלוטוס</string>
  <string name="volume_music_hint_silent_ringtone_selected">מצב שקט מופעל</string>
  <string name="volume_call">עוצמה בעת שיחה</string>
  <string name="volume_bluetooth_call">עוצמת שמע בשיחה נכנסת בבלוטות</string>
  <string name="volume_alarm">צלצול התראה</string>
  <string name="volume_notification">צליל התרעה</string>
  <string name="volume_unknown">עוצמה</string>
  <string name="ringtone_default">צילצול ברירת מחדל</string>
  <string name="ringtone_default_with_actual">צילצול ברירת מחדל</string>
  <string name="ringtone_silent">שקט</string>
  <string name="ringtone_picker_title">צלילים</string>
  <string name="ringtone_unknown">צילצול לא ידוע</string>
  <string name="wifi_tether_configure_ssid_default">נקודת גישה אנדרויד</string>
  <string name="select_character">הכנס תו</string>
  <string name="sms_control_default_app_name">אפליקציה לא ידועה</string>
  <string name="sms_control_title">שולח הודעות אס.אמ.אס</string>
  <string name="sms_control_message">מספר גדו של הודעות נשלחו.בחר בסדר כדי להמשיך או בטל כדי לעצור את השליחה</string>
  <string name="sms_control_yes">אשר</string>
  <string name="sms_control_no">בטל</string>
  <string name="date_time_set">הגדר</string>
  <string name="default_permission_group">ברירת מחדל</string>
  <string name="permissions_format">%1$s, %2$s</string>
  <string name="no_permissions">לא דורש הרשאות</string>
  <string name="perms_hide"> </string>
  <string name="perms_show_all"> </string>
  <string name="usb_storage_activity_title">כונן נייד דרך USB</string>
  <string name="usb_storage_title">USB מחובר</string>
  <string name="usb_storage_message">You have connected your phone to your computer via USB. Select the button below if you want to copy files between your computer and your Android\'s SD card.</string>
  <string name="usb_storage_button_mount">הדלק איחסון USB</string>
  <string name="usb_storage_error_message">There is a problem using your SD card for USB mass storage.</string>
  <string name="usb_storage_notification_title">USB מחובר</string>
  <string name="usb_storage_notification_message">בחר בשביל להעתיק קבצים למחשב או מהמחשב</string>
  <string name="usb_storage_stop_notification_title">כבה איחסון USB</string>
  <string name="usb_storage_stop_notification_message">בחר בכדי לכבות את איחסון ה- USB</string>
  <string name="usb_storage_stop_title">איחסון USB בשימוש</string>
  <string name="usb_storage_stop_message">לפני שאתה מכבה את מצב הכונן הנייד אנא ודא שניתקת את מהמחשב את הכונן</string>
  <string name="usb_storage_stop_button_mount">כבה איחסון USB</string>
  <string name="usb_storage_stop_error_message">לא ניתן לכבות איחסון USB, בדוק שביטלת את המיפוי ונסה שנית</string>
  <string name="dlg_confirm_kill_storage_users_title">הפעל איחסון USB</string>
  <string name="dlg_confirm_kill_storage_users_text">באם תפעיל איחסון USB, חלק מהתוכנות לא יהיו זמינות עד לכיבוי מצב זה.</string>
  <string name="dlg_error_title">הפעלת USB נכשלה</string>
  <string name="dlg_ok">אישור</string>
  <string name="extmedia_format_title">פירמוט כרטיס זכרון</string>
  <string name="extmedia_format_message">האם אתה בטוח? כל תוכן כרטיס הזכרון ימחק.</string>
  <string name="extmedia_format_button_format">פירמוט</string>
  <string name="adb_active_notification_title">ניטור USB מחובר</string>
  <string name="adb_active_notification_message">בחר על מנת לנטרל ניטור USB.</string>
  <string name="locale_replacement"> </string>
  <string name="select_input_method">בחר שיטת הזנה</string>
  <string name="fast_scroll_alphabet">\u0020ABCDEFGHIJKLMNOPQRSTUVWXYZאבגדהוזחטיכלמנסעפצקרשת</string>
  <string name="fast_scroll_numeric_alphabet">\u00200123456789ABCDEFGHIJKLMNOPQRSTUVWXYZתשרקצפעסנמלכיטחזוהדגבא</string>
  <string name="candidates_style"> </string>
  <string name="ext_media_checking_notification_title">מכין כרטיס זיכרון</string>
  <string name="ext_media_checking_notification_message">בודק שגיאות.</string>
  <string name="ext_media_nofs_notification_title">כרטיס זיכרון ריק</string>
  <string name="ext_media_nofs_notification_message">כרטיס הזיכרון ריק או בעל מערכת קבצים לא נתמכת</string>
  <string name="ext_media_unmountable_notification_title">כרטיס זיכרון פגום</string>
  <string name="ext_media_unmountable_notification_message">כרטיס הזיכרון פגום, עליך לפרמט אותו.</string>
  <string name="ext_media_badremoval_notification_title">כרטיס הזיכרון הוצא באופן לא צפוי</string>
  <string name="ext_media_badremoval_notification_message">הוצא כרטיס זיכרון לפני ההסרה בכדי להימנע מאיבוד מידע</string>
  <string name="ext_media_safe_unmount_notification_title">ניתן להסיר את כרטיס הזיכרון ללא חשש</string>
  <string name="ext_media_safe_unmount_notification_message">אתה יכול להוציא את כרטיס הזיכרון ללא חשש.</string>
  <string name="ext_media_nomedia_notification_title">הסר כרטיס זיכרון</string>
  <string name="ext_media_nomedia_notification_message">כרטיס הזיכרון הוצא. הכנס אחד חדש.</string>
  <string name="activity_list_empty">לא נמצאו פעילויות מתאימות</string>
  <string name="permlab_pkgUsageStats">עדכן נתונים סטטיסטיים על השימוש ברכיב</string>
  <string name="permdesc_pkgUsageStats">מאפשר שינוי של נתונים סטטיסטיים שנאספו על השימוש ברכיב. לא לשימוש אפליקציות רגילות.</string>
  <string name="permlab_copyProtectedData">מאפשר לקרוא למיכל ברירת מחדל להעתקת תוכן.לא עבור אפליקציות נורמליות.</string>
  <string name="permdesc_copyProtectedData">מאפשר לקרוא למיכל ברירת מחדל להעתקת תוכן.לא עבור אפליקציות נורמליות.</string>
  <string name="tutorial_double_tap_to_zoom_message_short">לחץ פעמים בכדי להגיע לבקרת מרחק מתצוגה</string>
  <string name="gadget_host_error_inflating">שגיאה בניפוח הווידג\'ט</string>
  <string name="ime_action_go">לך</string>
  <string name="ime_action_search">חיפוש</string>
  <string name="ime_action_send">שלח</string>
  <string name="ime_action_next">הבא</string>
  <string name="ime_action_done">בוצע</string>
  <string name="ime_action_default">לבצע</string>
  <string name="dial_number_using">חייג מספר\nבאמצעות %s</string>
  <string name="create_contact_using">יצר איש קשר\nבאמצעות %s</string>
  <string name="accessibility_compound_button_selected">מסומן</string>
  <string name="accessibility_compound_button_unselected">לא מסומן</string>
  <string name="grant_credentials_permission_message_header">בבקשת אפליקציה זו או אחרות הבאות:</string>
  <string name="grant_credentials_permission_message_footer">האם ברצונך לאפשר בקשה זו?</string>
  <string name="grant_permissions_header_text">נדרשת גישה</string>
  <string name="allow">מאופשר</string>
  <string name="deny">נדחה</string>
  <string name="permission_request_notification_title">דורש הרשאות</string>
  <string name="permission_request_notification_with_subtitle">מבקש אישור\nלחשבון %s</string>
  <string name="input_method_binding_label">שיטת הקלדה</string>
  <string name="sync_binding_label">סינכרון</string>
  <string name="accessibility_binding_label">נגישות</string>
  <string name="wallpaper_binding_label">רקע</string>
  <string name="chooser_wallpaper">שינוי רקע</string>
  <string name="alternate_eri_file">/data/eri.xml</string>
  <string name="pptp_vpn_description">פרוטוקול מנהור נקודה-אל-נקודה</string>
  <string name="l2tp_vpn_description">L2TP</string>
  <string name="l2tp_ipsec_psk_vpn_description">מפתח טרום שיתופית מבוססת L2TP/IPSec VPN</string>
  <string name="l2tp_ipsec_crt_vpn_description">תעודה מבוססת L2TP/IPSec VPN</string>
  <string name="upload_file">בחר קובץ</string>
  <string name="reset">איפוס</string>
  <string name="submit">שלח</string>
  <string name="description_star">מועדף</string>
  <string name="car_mode_disable_notification_title">מצב רכב הופעל</string>
  <string name="car_mode_disable_notification_message">בחר על מנת לצאת ממצב רכב.</string>
  <string name="tethered_notification_title">שיתוף אינטרנט פעיל</string>
  <string name="tethered_notification_message">גע בכדי להגדיר</string>
  <string name="throttle_warning_notification_title">שימוש נתונים גבוה</string>
  <string name="throttle_warning_notification_message">גע בכדי ללמוד אודות שימוש דטא</string>
  <string name="throttled_notification_title">חריגה ממכסת תעבודת הנתונית ברשת הסלולרית</string>
  <string name="throttled_notification_message">גע בכדי ללמוד עוד אודות שימוש בנתונים על הרשת הסלולרית</string>
  <string name="openvpn_vpn_description">OpenVPN SSL VPN</string>
  <string name="lockscreen_dial_label">Open Dialer</string>
  <string name="lockscreen_mms_label">Open SMS</string>
  <string name="status_bar_back_to_call">Touch here to return to the call</string>
  <string name="lockscreen_bottom_hint">רמז</string>
  <string name="lockscreen_unlock_hint">Slide down to unlock</string>
  <string name="unknown">Unknown number</string>
  <string name="private_num">Private number</string>
  <string name="payphone">Payphone</string>
  <string name="callNoAnswerTimeFormat">Ring %s times</string>
  <string name="callDetailsDurationFormat">%1$s minutes %2$s seconds</string>
  <string name="date_day">Date</string>
  <string name="status_bar_battery_low_notification">סוללה חלשה</string>
  <string name="status_bar_battery_low_notification_button">סוללה חלשה</string>
  <string name="status_bar_button_wifi">רשת אלחוטית</string>
  <string name="status_bar_button_apn">הגדרות תקשורת</string>
  <string name="status_bar_button_bluetooth">בלוטוט\'</string>
  <string name="status_bar_button_rotate">סיבוב</string>
  <string name="status_bar_button_brightness">בהירות</string>
  <string name="status_bar_button_ringer_normal">צלצול רגיל</string>
  <string name="status_bar_button_ringer_vibrate">צלצול ורטט</string>
  <string name="status_bar_button_ringer_mute">השתק</string>
  <string name="status_bar_button_gps">ג\'י פי אס</string>
  <string name="status_bar_button_sync">סינכרון</string>
  <string name="status_bar_button_cpu">מעבד</string>
  <string name="status_bar_button_vibrate">רטט</string>
  <string name="status_bar_button_flight_mode">מצב טיסה</string>
  <string name="status_bar_button_reboot">איתחול</string>
  <string name="status_bar_button_shutdown">כיבוי</string>
  <string name="recent_dialog_buttonAppKiller_summary">MIUIשחררה %1$s זיכרון。\nמצב הזיכרון כרגע：%2$s</string>
  <string name="recent_dialog_buttonAppKiller">סגור אפליקצייה</string>
  <string name="recent_dialog_buttonTaskManager">מנהל המשימות</string>
  <string name="theme_changing_dialog_title">כותרת לשינוי ערכת נושא</string>
  <string name="theme_changed_dialog_title">כותרת לשינוי ערכת נושא</string>
  <string name="theme_changed_dialog_message">טקסט לשינוי ערכת נושא</string>
</resources>
