<?xml version="1.0" encoding="utf-8"?>
<!--Generated by crowdin.net-->
<resources>
  <string name="app_name">גלריה</string>
  <string name="gadget_title">מסגרת תמונה</string>
  <string name="details_ms">%1$02d:%2$02d</string>
  <string name="details_hms">%1$d:%2$02d:%3$02d</string>
  <string name="movie_view_label">סרטונים</string>
  <string name="loading_video">טוען סרטון...</string>
  <string name="resume_playing_title">המשך ניגון</string>
  <string name="resume_playing_message">המשך ניגון מ %s ?</string>
  <string name="resume_playing_resume">המשך לנגן</string>
  <string name="resume_playing_restart">התחל מחדש</string>
  <string name="camera">מצלמה</string>
  <string name="crop_save_text">שמור</string>
  <string name="crop_discard_text">בטל שינוי</string>
  <string name="multiface_crop_help">לחץ על פרצוף כדי להתחיל</string>
  <string name="saving_image">שומר תמונה</string>
  <string name="crop_label">חתוך תמונה</string>
  <string name="running_face_detection">אנא המתן..</string>
  <string name="set_image">בחר תמונה בתור</string>
  <string name="wallpaper">קובע רקע, אנא המתן...</string>
  <string name="camera_setas_wallpaper">רקע</string>
  <string name="details_ok">בסדר</string>
  <string name="loading_new">טוען תמונות ואלבומים חדשים</string>
  <string name="initializing">טוען</string>
  <string name="pick_prompt">בחר תמונה מתוך האוסף שלך</string>
  <string name="no_items">אין תמונות באוסף שלך</string>
  <string name="pick">בחר</string>
  <string name="delete">מחק</string>
  <string name="confirm_delete">אשר מחיקה</string>
  <string name="cancel">בטל</string>
  <string name="share">שתף</string>
  <string name="no_sd_card">כרטיס הזכרון לא מחובר</string>
  <string name="more">עוד</string>
  <string name="select_all">בחר הכל</string>
  <string name="deselect_all">בטל בחירת הכל</string>
  <string name="slideshow">הצגת שקופיות</string>
  <string name="menu">תפריט</string>
  <string name="details">מאפיינים</string>
  <string name="album_selected">אלבום נבחר</string>
  <string name="item_selected">תמונה נבחרה</string>
  <string name="albums_selected">אלבומים נבחרו</string>
  <string name="items_selected">תמונות נבחרו</string>
  <string name="album">אלבום</string>
  <string name="start">התחלה</string>
  <string name="end">סיום</string>
  <string name="location">מיקום</string>
  <string name="location_unknown">מיקום בלתי ידוע</string>
  <string name="title">כותרת</string>
  <string name="type">סוג</string>
  <string name="taken_on">צולמה ב</string>
  <string name="added_on">נוספה ב</string>
  <string name="show_on_map">הצג במפה</string>
  <string name="rotate_left">סובב שמאלה</string>
  <string name="rotate_right">סובב ימינה</string>
  <string name="crop">חתוך</string>
  <string name="set_as">בחר כ..</string>
  <string name="set_as_wallpaper">בחר כרקע</string>
  <string name="item">תמונה</string>
  <string name="items">פריטים</string>
  <string name="around">באזור</string>
  <string name="date_unknown">תאריך בלתי ידוע</string>
  <string name="video_err">נגינת הודיאו נכשלה</string>
  <string name="lockscreen_wallpaper">מסדר את מסך הנעילה , אנא המתן</string>
  <string name="wallpaper_set">גלריית רקעים נוספת</string>
  <string name="lockscreen_set">גלרייה נוספת של רקעי מסך הנעילה</string>
  <string name="miui_screenshot">צילום מסך</string>
</resources>
