<?xml version="1.0" encoding="utf-8"?>
<!--Generated by crowdin.net-->
<resources>
  <string name="contactsIconLabel">אנשי קשר</string>
  <string name="contactsFavoritesLabel">מועדפים</string>
  <string name="dialerIconLabel">חייגן</string>
  <string name="emergencyDialerIconLabel">חייגן חרום</string>
  <string name="phoneIconLabel">טלפון</string>
  <string name="recentCallsIconLabel">יומן שיחות</string>
  <string name="fdnListLabel">רשימת FDN</string>
  <string name="unknown">חסוי</string>
  <string name="private_num">מספר חסוי</string>
  <string name="payphone">לשלם בטלפון</string>
  <string name="onHold">בממתינה</string>
  <string name="ongoing">שיחה נוכחית</string>
  <string name="callFailed_userBusy">הקו תפוס</string>
  <string name="callFailed_congestion">רשת עמוסה</string>
  <string name="callFailed_noSignal">אין קליטה</string>
  <string name="callFailed_limitExceeded">ACM חריגה ממגבלת</string>
  <string name="callFailed_powerOff">רדיו מכובה</string>
  <string name="callFailed_simError">אין סים, או תקלת סים</string>
  <string name="callFailed_outOfService">מחוץ לאזור קליטה</string>
  <string name="callFailed_fdn_only">שיחות יוצאות מוגבלות על ידי FDN.</string>
  <string name="callFailed_cb_enabled">לא ניתן לבצע שיחות יוצאות עם חסימת שיחות פעיל.</string>
  <string name="callFailed_dsac_restricted">כל השיחות מוגבלות על ידי בקרת הגישה.</string>
  <string name="callFailed_dsac_restricted_emergency">שיחות חירום מוגבלים על ידי בקרת הגישה.</string>
  <string name="callFailed_dsac_restricted_normal">שיחות רגילה מוגבלות על-ידי בקרת גישה.</string>
  <string name="callFailed_cdma_lockedUntilPowerCycle">CDMA: הטלפון נעול עד הפעלה מחדש.</string>
  <string name="callFailed_cdma_drop">CDMA: השיחה התנתקה.</string>
  <string name="callFailed_cdma_intercept">ניתוק.</string>
  <string name="callFailed_cdma_reorder">CDMA: סידור מחדש.</string>
  <string name="callFailed_cdma_SO_reject">שגיאת התחברות.</string>
  <string name="callFailed_cdma_retryOrder">נסה שוב.</string>
  <string name="callFailed_cdma_accessFailure">CDMA: גישה נדחתה.</string>
  <string name="callFailed_cdma_preempted">CDMA: הקדימה.</string>
  <string name="callFailed_cdma_notEmergency">שיחות חירום בלבד</string>
  <string name="confCall">שיחת ועידה</string>
  <string name="call_lost">שיחה אבדה</string>
  <string name="retry">נסה שנית</string>
  <string name="call_lost_title">שיחה שלא נענתה</string>
  <string name="mmiStarted">קוד MMI הופעל</string>
  <string name="ussdRunning">קוד USSD מופעל…</string>
  <string name="mmiCancelled">קוד MMI בוטל</string>
  <string name="cancel">ביטול</string>
  <string name="menu_rejectCallAndSms">דחיית שיחות והודעות</string>
  <string name="menu_speaker">רמקול</string>
  <string name="menu_bluetooth">Bluetooth</string>
  <string name="menu_mute">להשתיק</string>
  <string name="menu_hold">השהה</string>
  <string name="menu_endCall">לשיים שיחה</string>
  <string name="menu_swapCalls">החלפת שיחה</string>
  <string name="menu_mergeCalls">ועידה</string>
  <string name="menu_addCall">להוסיף שיחה</string>
  <string name="menu_manageConference">נהל שיחת ועידה</string>
  <string name="menu_showDialpad">הצג חייגן</string>
  <string name="menu_hideDialpad">הסתר חייגן</string>
  <string name="menu_answerAndHold">ענה והחזק בשיחה נוכחית</string>
  <string name="menu_answerAndEnd">ענה וסיים שיחה נוכחית</string>
  <string name="ok">אשר</string>
  <string name="menuButtonKeyboardDialHint">לחץ על כפתור התפריט בשביל לראות את אפשרויות השיחה \u0020• \u0020Use מקלדת בשביל לחייג</string>
  <string name="menu_answer">ענה</string>
  <string name="menu_ignore">התעלם</string>
  <string name="wait_prompt_str">לשלוח את הצלילים הבאים?\n</string>
  <string name="pause_prompt_str">שולח צלילים\n</string>
  <string name="send_button">שלח</string>
  <string name="pause_prompt_yes">כן</string>
  <string name="pause_prompt_no">לא</string>
  <string name="wild_prompt_str">החלף את התו הפרוע עם</string>
  <string name="no_vm_number">אין מספר תא-קולי</string>
  <string name="no_vm_number_msg">אין מספר תא-קולי בכרטיס הסים</string>
  <string name="add_vm_number_str">הוסף מספר</string>
  <string name="dialer_emptyListWorking">טעינה...</string>
  <string name="enterPin">הכנס קוד PIN לשחרור כרטיס הסים</string>
  <string name="pinUnlocked">סים פתוח</string>
  <string name="enterNewPin">סיסמת PIN חדשה</string>
  <string name="verifyNewPin">הקלד סיסמת PIN שוב לאימות</string>
  <string name="verifyFailed">הסיסמה לא תואמת. נסה שוב.</string>
  <string name="enterPuk">הכנס קוד PIN לשחרור כרטיס הסים</string>
  <string name="badPuk">סיסמת PUK לא שגויה!</string>
  <string name="buttonTxtContinue">המשך</string>
  <string name="puk_unlocked">כרטיס הסים שלך נפתח. מכשירך נפתח…</string>
  <string name="label_ndp">הגדר נעילה של כרטיס SIM</string>
  <string name="sim_ndp_unlock_text">להסיר נעילה</string>
  <string name="sim_ndp_dismiss_text">דחה</string>
  <string name="requesting_unlock">שולח בקשה לשחרור נעילת SIM</string>
  <string name="unlock_failed">בקשה לשחרור נעילת SIM נכשלה.</string>
  <string name="unlock_success">בקשה לשחרור נעילת SIM הצליחה.</string>
  <string name="imei">IMEI</string>
  <string name="meid">MEID</string>
  <string name="labelGSMMore">הגדרות שיחה GSM</string>
  <string name="labelCDMAMore">הגדרות שיחה</string>
  <string name="apn_settings">שמות נקודות גישה</string>
  <string name="settings_label">הגדרות רשת</string>
  <string name="voicemail">תא קולי</string>
  <string name="voicemail_abbreviated">דואר קולי:</string>
  <string name="networks">מפעילי רשת</string>
  <string name="call_settings">הגדרות שיחה</string>
  <string name="additional_gsm_call_settings">הגדרות נוספות</string>
  <string name="sum_gsm_call_settings">הגדרות שיחה GSM נוספות</string>
  <string name="additional_cdma_call_settings">הגדרות נוספות של שיחה CDMA</string>
  <string name="sum_cdma_call_settings">הגדרות שיחה CDMA נוספות</string>
  <string name="labelNwService">הגדרות שירותי רשת</string>
  <string name="labelCallerId">שיחה מזהה</string>
  <string name="sum_hide_caller_id">הסתרת המספר בשיחות יוצאות</string>
  <string name="sum_show_caller_id">הצגת מספר בשיחות יוצאות</string>
  <string name="sum_default_caller_id">השתמש בהגדרות המפעיל בשביל להציג את הטלפון שלי בשיחות יוצאות</string>
  <string name="labelCW">שיחות ממתינות</string>
  <string name="sum_cw_enabled">במהלך שיחות, תודיע לי על שיחות נכנסות</string>
  <string name="sum_cw_disabled">התראות בזמן שיחה</string>
  <string name="call_forwarding_settings">הגדרות הפניית שיחה</string>
  <string name="labelCF">הפניית שיחה</string>
  <string name="labelCFU">הפנה תמיד</string>
  <string name="messageCFU">השתמש תמיד במספר זה</string>
  <string name="sum_cfu_enabled_indicator">הפנה את כל השיחות</string>
  <string name="sum_cfu_enabled">הפנה את כל השיחות אל {0}</string>
  <string name="sum_cfu_enabled_no_number">המספר אינו זמין</string>
  <string name="sum_cfu_disabled">לא מאופשר</string>
  <string name="labelCFB">הפנה כשתפוס</string>
  <string name="messageCFB">מספר כאשר תפוס</string>
  <string name="sum_cfb_enabled">העבר אל {0}</string>
  <string name="sum_cfb_disabled">מבוטל</string>
  <string name="disable_cfb_forbidden">ספק השירות אינו תומך בביטול הפניית שיחה כאשר הטלפון תפוס.</string>
  <string name="labelCFNRy">הפנה שיחה באין מענה</string>
  <string name="messageCFNRy">מספר באין מענה</string>
  <string name="sum_cfnry_enabled">העבר אל {0}</string>
  <string name="sum_cfnry_disabled">מבוטל</string>
  <string name="disable_cfnry_forbidden">ספק השירות אינו תומך בביטול הפניית שיחה כאשר אין מענה</string>
  <string name="labelCFNRc">הפנה כאשר לא זמין</string>
  <string name="messageCFNRc">מספר באי זמינות</string>
  <string name="sum_cfnrc_enabled">הפנייה אל {0}</string>
  <string name="sum_cfnrc_disabled">מופסק</string>
  <string name="disable_cfnrc_forbidden">מפעילך אינו תומך בהשבתת הפניית השיחה כאשר אינך זמין.</string>
  <string name="updating_title">הגדרות שיחה</string>
  <string name="error_updating_title">שגיאה בהגדרות שיחה</string>
  <string name="reading_settings">קורא הגדרות</string>
  <string name="updating_settings">מעדכן הגדרות...</string>
  <string name="reverting_settings">משחזר הגדרות...</string>
  <string name="response_error">תגובה לא צפויה מהרשת.</string>
  <string name="exception_error">שגיאת רשת או כרטיס סים.</string>
  <string name="radio_off_error">אנא הדלק את הרדיו לפני הצפייה בהגדרות אלו.</string>
  <string name="close_dialog">בסדר</string>
  <string name="enable">אפשר</string>
  <string name="disable">אל תאפשר</string>
  <string name="change_num">עדכון</string>
  <string name="vm_save_number">שמירת מספר תא קולי</string>
  <string name="vm_changed">מספר התא הקולי הוחלף.</string>
  <string name="vm_change_failed">החלפת מספר התא הקולי נכשלה. אנא צור קשר עם המפעילה הסלולרית שלך אם בעיה זו ממשיכה להופיע.</string>
  <string name="fw_change_failed">החלפת מספר התא הקולי נכשלה אנא צור קשר עם המפעילה הסלולרית שלך אם בעיה זו ממשיכה להופיע.</string>
  <string name="fw_get_in_vm_failed">נכשל בקבלת ושמירת הגדרות הפניית המספר הנוכחית.\nהאם ברצונך להחליף לספק החדש בכל זאת?</string>
  <string name="no_change">לא נעשו שינויים.</string>
  <string name="sum_voicemail_choose_provider">בחר שירות תא קולי</string>
  <string name="voicemail_default">המפעילה הסלולרית שלי</string>
  <string name="mobile_networks">הגדרות הרשת הסלולרית</string>
  <string name="label_available">רשתות זמינות</string>
  <string name="load_networks_progress">מחפש</string>
  <string name="empty_networks_list">לא נמצאו רשתות.</string>
  <string name="search_networks">מחפש רשתות</string>
  <string name="network_query_error">.שגיאה במהלך חיפוש הרשתות</string>
  <string name="register_on_network">מבצע רישום ב %s</string>
  <string name="not_allowed">כרטיס הסים שלך לא מצא רשתות מורשות</string>
  <string name="connect_later">לא מצליח להתחבר לרשת. בבקשה נסה מאוחר יותר.</string>
  <string name="registration_done">מתחבר לרשת.</string>
  <string name="sum_carrier_select">בחר מפעיל רשת</string>
  <string name="sum_search_networks">חפש רשתות זמינות</string>
  <string name="select_automatically">בחר אוטומטית</string>
  <string name="sum_select_automatically">אוטומטית בחר רשת מועדפת</string>
  <string name="register_automatically">הרשמה אוטומטית...</string>
  <string name="preferred_network_mode_title">מצב רשת</string>
  <string name="preferred_network_mode_summary">שנה את מצב הפעלת הרשת</string>
  <string name="preferred_network_mode_dialogtitle">מצב רשת מועדף</string>
  <string name="data_enabled">אפשר מנות נתונים</string>
  <string name="data_enable_summary">לאפשר גישה לנתונים דרך הרשת הניידת</string>
  <string name="roaming">נדידת נתונים</string>
  <string name="roaming_enable">התחבר לשירותי נתונים בעת נדידה</string>
  <string name="roaming_disable">התחבר לשירותי נתונים בעת נדידה</string>
  <string name="roaming_reenable_message">איבדת את קישוריות הנתונים כי עזבת את הרשת הביתית שלך כשנדידת נתונים כבויה.</string>
  <string name="roaming_warning">אפשר נדידת נתונים? הדבר עלול לגרום לחיובי נדידה משמעותיים!</string>
  <string name="gsm_umts_options">אפשרויות GSM/UMTS</string>
  <string name="cdma_options">אפשרויות CDMA</string>
  <string name="throttle_data_usage">תצרוכת נתונים</string>
  <string name="throttle_settings_title">מדיניות נתונים של הספקית</string>
  <string name="throttle_current_usage">שימוש נתונים בפרק הזמן הנוכחי</string>
  <string name="throttle_time_frame">משך השימוש בנתונים</string>
  <string name="throttle_rate">מדיניות קצב הנתונים</string>
  <string name="throttle_help">למד עוד</string>
  <string name="throttle_status_subtext">%1$s (%2$d٪) מתוך %3$s פרק זמן מקסימלי\nפרק זמן הבא מתחיל בעוד %4$d ימים (%5$s)</string>
  <string name="throttle_data_usage_subtext">%1$s (%2$d٪) מתוך %3$s פרק זמן מקסימלי</string>
  <string name="throttle_data_rate_reduced_subtext">חריגה במכסה %1$s \nקצב נתונים הופחת ל %2$d kb/s</string>
  <string name="throttle_time_frame_subtext">%1$d٪ מהסבב חלף\nפרק הזמן הבא מתחיל בעוד %2$d ימים (%3$s)</string>
  <string name="throttle_rate_subtext">קצב הנתונים מופחת ל %1$d kb/s אם מתבצעת חריגה ממכסת השימוש בנתונים</string>
  <string name="throttle_help_subtext">מידע נוסף על מדיניות השימוש בנתונים ברשת הסלולרית של הספקית שלך</string>
  <string name="cdma_cell_broadcast_sms">SMS בשידור סלולרי</string>
  <string name="cell_broadcast_sms">SMS בשידור סלולרי</string>
  <string name="enable_disable_cell_bc_sms">SMS בשידור סלולרי</string>
  <string name="cell_bc_sms_enable">SMS בשידור סלולרי הופעל</string>
  <string name="cell_bc_sms_disable">SMS בשידור סלולרי הופסק</string>
  <string name="cb_sms_settings">הגדרות SMS בשידור סלולרי</string>
  <string name="enable_disable_emergency_broadcast">שידור חירום</string>
  <string name="emergency_broadcast_enable">שידור חירום הופעל</string>
  <string name="emergency_broadcast_disable">שידור חירום הופסק</string>
  <string name="enable_disable_administrative">מנהלי</string>
  <string name="administrative_enable">מנהלי הופעל</string>
  <string name="administrative_disable">מנהלי הופסק</string>
  <string name="enable_disable_maintenance">תחזוקה</string>
  <string name="maintenance_enable">תחזוקה הופעלה</string>
  <string name="maintenance_disable">תחזוקה הופסקה</string>
  <string name="general_news_settings">חדשות כלליות</string>
  <string name="bf_news_settings">חדשות עסקים ופיננסים</string>
  <string name="sports_news_settings">חדשות ספורט</string>
  <string name="entertainment_news_settings">חדשות הבידור</string>
  <string name="enable_disable_local">מקומי</string>
  <string name="local_enable">חדשות מקומיות מופעלות</string>
  <string name="local_disable">חדשות מקומיות מופסקות</string>
  <string name="enable_disable_regional">אזורי</string>
  <string name="regional_enable">חדשות אזוריות מופעלות</string>
  <string name="regional_disable">חדשות אזוריות מופסקות</string>
  <string name="enable_disable_national">לאומי</string>
  <string name="national_enable">חדשות מדיניות הופעלו</string>
  <string name="national_disable">חדשות מדיניות הופסקו</string>
  <string name="enable_disable_international">בינלאומי</string>
  <string name="international_enable">חדשות בינלאומיות הופעלו</string>
  <string name="international_disable">חדשות בינלאומיות הופסקו</string>
  <string name="list_language_title">שפה</string>
  <string name="list_language_summary">בחר שפה חדשה</string>
  <string name="list_language_dtitle">שפות</string>
  <string name="enable_disable_local_weather">מזג אויר מקומי</string>
  <string name="local_weather_enable">מזג אוויר מופעל</string>
  <string name="local_weather_disable">מזג אוויר מבוטל</string>
  <string name="enable_disable_atr">דיווחי תנועה איזוריים</string>
  <string name="atr_enable">דיווחי תנועה איזוריים הופעלו</string>
  <string name="atr_disable">דיווחי תנועה איזוריים הופסקו</string>
  <string name="enable_disable_lafs">לוחות זמני טיסה של נמל התעופה האזורי</string>
  <string name="lafs_enable">לוחות זמני טיסה של נמל התעופה האזורי הופעלו</string>
  <string name="lafs_disable">לוחות זמני טיסה של נמל התעופה האזורי הופסקו</string>
  <string name="enable_disable_restaurants">מסעדות</string>
  <string name="restaurants_enable">מסעדות הופעלו</string>
  <string name="restaurants_disable">מסעדות הופסקו</string>
  <string name="enable_disable_lodgings">דירה</string>
  <string name="lodgings_enable">ומלונאות מופעלת</string>
  <string name="lodgings_disable">ומלונאות מופעלת</string>
  <string name="enable_disable_retail_directory">חייגן</string>
  <string name="retail_directory_enable">מכירת הדרכה מופעלת</string>
  <string name="retail_directory_disable">מכירת הדרכה מכובת</string>
  <string name="enable_disable_advertisements">פרסומות</string>
  <string name="advertisements_enable">פרסומות הופעלו</string>
  <string name="advertisements_disable">פרסומות הופסקו</string>
  <string name="enable_disable_stock_quotes">מחירי מניות</string>
  <string name="stock_quotes_enable">מאגר ציטוטים מופעלת</string>
  <string name="stock_quotes_disable">ציטוטי סטוק מכובים</string>
  <string name="enable_disable_eo">הזדמנויות תעסוקה</string>
  <string name="eo_enable">הזדמנויות תעסוקה מופעלות</string>
  <string name="eo_disable">הזדמנויות תעסוקה מופסקות</string>
  <string name="enable_disable_mhh">רפואה, בריאות ובית חולים</string>
  <string name="mhh_enable">רפואה בריאות ובית חולים מאופשר</string>
  <string name="mhh_disable">רפואה בריאות ובית חולים מבוטל</string>
  <string name="enable_disable_technology_news">חדשות טכנולוגיה</string>
  <string name="technology_news_enable">חדשות טכנולוגיה מאופשר</string>
  <string name="technology_news_disable">חדשות טכנולוגיה מבוטל</string>
  <string name="enable_disable_multi_category">קטגוריות מרובות</string>
  <string name="multi_category_enable">רב-קטגוריה מאופשר</string>
  <string name="multi_category_disable">רב-קטגוריה מבוטל</string>
  <string name="gsm_umts_network_preferences_title">הגדרות רשת GSM/UMTS </string>
  <string name="gsm_umts_network_preferneces_summary">!עדיין לא מיושם</string>
  <string name="gsm_umts_network_preferences_dialogtitle">העדפות רשת GSM/UMTS</string>
  <string name="prefer_2g">השתמש ברשת דור 2 בלבד</string>
  <string name="prefer_2g_summary">חיסכון בזמן סוללה</string>
  <string name="cdma_system_select_title">בחירת מערכת</string>
  <string name="cdma_system_select_summary">שנה מצב נדידת cdma</string>
  <string name="cdma_system_select_dialogtitle">בחירת מערכת</string>
  <string name="cdma_roaming_mode_title">מצב נדידת CDMA</string>
  <string name="cdma_roaming_mode_summary">שנה מצב נדידת cdma</string>
  <string name="cdma_roaming_mode_dialogtitle">מצב נדידת CDMA</string>
  <string name="cdma_network_preferences_title">העדפות רשת CDMA</string>
  <string name="cdma_network_preferneces_summary">עדיין לא מיושם!</string>
  <string name="cdma_network_preferences_dialogtitle">העדפות רשת CDMA</string>
  <string name="subscription_title">בדיקת מנוי CDMA</string>
  <string name="subscription_summary">החלף בין RUIM/SIM ו NV</string>
  <string name="subscription_dialogtitle">מנוי</string>
  <string name="fdn">מספרי חיוג קבועים</string>
  <string name="manage_fdn_list">רשימת FDN</string>
  <string name="fdn_activation">הפעלת FDN</string>
  <string name="fdn_enabled">מספרי חיוג קבועים מופעלים</string>
  <string name="fdn_disabled">מספרי חיוג קבועים מופסקים</string>
  <string name="enable_fdn">הפעל FDN</string>
  <string name="disable_fdn">הפסק FDN</string>
  <string name="change_pin2">החלף PIN2</string>
  <string name="enable_fdn_ok">הפסק FDN</string>
  <string name="disable_fdn_ok">אפשר FDN</string>
  <string name="sum_fdn">נהל מספרי חיוג קבועים</string>
  <string name="sum_fdn_change_pin">החלף PIN לגישת FDN</string>
  <string name="sum_fdn_manage_list">נהל רשימת מספרי טלפון</string>
  <string name="voice_privacy">פרטיות קול</string>
  <string name="voice_privacy_summary">הפעל מצב פרטיות מוגברת</string>
  <string name="tty_mode_title">מצב TTY</string>
  <string name="tty_mode_summary">הפעל מצב TTY</string>
  <string name="tty_mode_option_title">מצב TTY</string>
  <string name="tty_mode_option_summary">עבור למצב TTY</string>
  <string name="auto_retry_mode_title">נסה שנית באופן אוטומטי</string>
  <string name="auto_retry_mode_summary">אפשר מצב ניסוי חוזר באופן אוטומטי</string>
  <string name="menu_add">הוסף איש קשר</string>
  <string name="menu_edit">ערוך איש קשר</string>
  <string name="menu_delete">מחק איש קשר</string>
  <string name="get_pin2">PIN2 הכנס </string>
  <string name="name">שם</string>
  <string name="number">מספר</string>
  <string name="save">שמור</string>
  <string name="add_fdn_contact">הוסף מספר טלפון מתוקן</string>
  <string name="adding_fdn_contact">מוסיף מספר טלפון מתוקן</string>
  <string name="fdn_contact_added">מספר טלפון מתוקן נוסף</string>
  <string name="edit_fdn_contact">ערוף מספר טלפון מתוקן</string>
  <string name="updating_fdn_contact">מעדכן מספר טלפון מתוקן</string>
  <string name="fdn_contact_updated">מספר חיוג קבוע עודכן.</string>
  <string name="delete_fdn_contact">מחק מספר חיוג קבוע</string>
  <string name="deleting_fdn_contact">מוחק מספר חיוג קבוע</string>
  <string name="fdn_contact_deleted">מספר חיוג קבוע נמחק.</string>
  <string name="pin2_invalid">FDN לא עודכן: הכנסת PIN שגוי.</string>
  <string name="fdn_invalid_number">FDN לא עודכן: מספר לא יכול לחרוג מ 20 ספרות.</string>
  <string name="simContacts_emptyLoading">קורא מכרטיס סים</string>
  <string name="simContacts_empty">אין אנשי קשר על כרטיס הסים.</string>
  <string name="simContacts_title">בחר אנשי קשר ליבוא</string>
  <string name="enable_pin">הפעל/הפסק SIM PIN</string>
  <string name="change_pin">שנה קוד PIN</string>
  <string name="enter_pin_text">סים PIN</string>
  <string name="oldPinLabel">PIN ישן</string>
  <string name="newPinLabel">PIN חדש</string>
  <string name="confirmPinLabel">new PIN אשר </string>
  <string name="badPin">ה PIN הישן שהקשת שגוי. אנא נסה שוב.</string>
  <string name="mismatchPin">ה PINים שהכנסת לא תואמים. אנא נסה שוב.</string>
  <string name="invalidPin">הקלד PIN בן 4 עד 8 מספרים.</string>
  <string name="disable_sim_pin">הפסק SIM PIN</string>
  <string name="enable_sim_pin">הפעל SIM PIN</string>
  <string name="enable_in_progress">אנא המתן</string>
  <string name="enable_pin_ok">SIM PIN הופעל</string>
  <string name="disable_pin_ok">SIM PIN הופסק</string>
  <string name="pin_failed">ה PIN שהקלדת שגוי</string>
  <string name="pin_changed">SIM PIN הוחלף בהצלחה</string>
  <string name="puk_requested">סיסמה שגויה, סים נעול נצרך קוד טכנאי</string>
  <string name="enter_pin2_text">PIN2</string>
  <string name="oldPin2Label">PIN2 ישן</string>
  <string name="newPin2Label">PIN2 חדש</string>
  <string name="confirmPin2Label">אשר PIN2 חדש</string>
  <string name="badPuk2">PUK2 שהקלדת אינו נכון. אנא נסה שנית.</string>
  <string name="badPin2">ה PIN2 הישן שהקשת שגוי. אנא נסה שוב.</string>
  <string name="mismatchPin2">ה PIN2ים שהכנסת לא תואמים. אנא נסה שוב.</string>
  <string name="invalidPin2">הקלד PIN2 בן 4 עד 8 מספרים.</string>
  <string name="invalidPuk2">סוג PUK2 כי הוא 8 מספרים.</string>
  <string name="pin2_changed">PIN2 שונה בהצלחה</string>
  <string name="label_puk2_code">הקלד קוד PUK2</string>
  <string name="fdn_enable_puk2_requested">סיסמה שגויה, אנא PIN2 שינוי ונסה שוב!</string>
  <string name="puk2_requested">סיסמה שגויה, סים נעול נצרך קוד טכנאי.</string>
  <string name="doneButton">סיים</string>
  <string name="caller_manage_header">שיחת ועידה עם %s</string>
  <string name="caller_manage_manage_done_text">חזרה לשיחה</string>
  <string name="fake_phone_activity_phoneNumber_text">(650) 555-1234</string>
  <string name="fake_phone_activity_infoText_text">מספר טלפון נכנס</string>
  <string name="fake_phone_activity_placeCall_text">שיחת טלפון מזוייפת נכנסת</string>
  <string name="sim_missing_continueView_text">המשך בלי כרטיס סים</string>
  <string name="sim_missing_msg_text">לא נמצא כרטיס סים,הכנס כרטיס סים</string>
  <string name="sim_unlock_dismiss_text">דחה</string>
  <string name="sim_unlock_unlock_text">הסר נעילה</string>
  <string name="sim_unlock_status_text">מאמת PIN</string>
  <string name="voicemail_settings_number_label">מספר תא קולי</string>
  <string name="card_title_dialing">מחייג</string>
  <string name="card_title_redialing">מנסה שנית</string>
  <string name="card_title_in_progress">שיחה נוכחית</string>
  <string name="card_title_conf_call">שיחת ועידה</string>
  <string name="card_title_incoming_call">שיחה נכנסת</string>
  <string name="card_title_cdma_call_waiting">שיחה ממתינה של CDMA</string>
  <string name="card_title_call_ended">שיחה הסתיימה</string>
  <string name="card_title_on_hold">בהמתנה</string>
  <string name="card_title_hanging_up">מנתק</string>
  <string name="card_title_in_call">בשיחה</string>
  <string name="notification_missedCallTitle">שיחה לא נענתה</string>
  <string name="notification_missedCallsTitle">שיחות שלא נענו</string>
  <string name="notification_missedCallsMsg">%s  שיחות שלא נענו</string>
  <string name="notification_missedCallTicker">שיחה שלא נענתה מ %s</string>
  <string name="notification_ongoing_call_format">שיחה נוכחית (%s)</string>
  <string name="notification_on_hold">בהמתנה</string>
  <string name="notification_voicemail_title">הודעה חדשה בתא הקולי</string>
  <string name="notification_voicemail_title_count">שיחה קולית חדשה (%d)</string>
  <string name="notification_voicemail_text_format">חייג %s</string>
  <string name="notification_voicemail_no_vm_number">מספר תא קולי לא ידוע</string>
  <string name="notification_network_selection_title">אין קליטה</string>
  <string name="notification_network_selection_text">הרשת שנבחרה (%s) לא זמינה</string>
  <string name="incall_error_power_off">בכדי לבצע שיחה כבה את מצב המטוס</string>
  <string name="incall_error_emergency_only">לא רשום לרשת</string>
  <string name="incall_error_out_of_service">רשת סלולרית לא זמינה</string>
  <string name="incall_error_no_phone_number_supplied">שיחה לא בוצעה ,מספר טלפון לא חוקי</string>
  <string name="incall_error_call_failed">שיחה לא בוצעה</string>
  <string name="incall_status_dialed_mmi">מתחיל רצף MMI</string>
  <string name="incall_status_dialed_fc">להתחיל מאפיין צופן sequence…</string>
  <string name="incall_error_supp_service_unknown">שרות לא נתמך</string>
  <string name="incall_error_supp_service_switch">לא ניתן להחליף שיחות.</string>
  <string name="incall_error_supp_service_separate">אי אפשר להפריד שיחה</string>
  <string name="incall_error_supp_service_transfer">אי אפשר להעביר שיחה</string>
  <string name="incall_error_supp_service_conference">אי אפשר לבצע שיחת ועידה</string>
  <string name="incall_error_supp_service_reject">לא ניתן לדחות את השיחה</string>
  <string name="incall_error_supp_service_hangup"> לא ניתן לדחות את השיחה</string>
  <string name="emergency_enable_radio_dialog_title">שיחת חרום</string>
  <string name="emergency_enable_radio_dialog_message">...מדליק רדיו</string>
  <string name="emergency_enable_radio_dialog_retry">מחוץ לתווך קליטה,מנסה שוב</string>
  <string name="dial_emergency_error">שיחה לא בוצעה, %s אינו מספר חירום!</string>
  <string name="dial_emergency_empty_error">שיחה לא בוצעה, אנא חייג מספר חרום</string>
  <string name="dialerKeyboardHintText">השתמש במקלדת בכדי להתקשר</string>
  <string name="dtmfDialpadHintText">צליל לוח מקשים</string>
  <string name="dtmfDialpadHandleLabel">לוח מקשים</string>
  <string name="touchLockText">לחיצה כפולה\nלפתיחה</string>
  <string name="onscreenAnswerText">לחיצה כפולה\nכדי לענות</string>
  <string name="onscreenRejectText">לחיצה כפולה\nכדי לדחות</string>
  <string name="onscreenHoldText">החזק</string>
  <string name="onscreenUnholdText">שחרר</string>
  <string name="onscreenEndCallText">נתק</string>
  <string name="onscreenShowDialpadText">לוח מקשים</string>
  <string name="onscreenHideDialpadText">הסתר</string>
  <string name="onscreenSpeakerText">רמקול</string>
  <string name="onscreenMuteText">השתק</string>
  <string name="onscreenBluetoothText">בלטות\'</string>
  <string name="onscreenAddCallText">הוסף שיחה</string>
  <string name="onscreenMergeCallsText">מזג שיחות</string>
  <string name="onscreenSwapCallsText">החלף בין שיחות</string>
  <string name="onscreenManageCallsText">נהל שיחות</string>
  <string name="onscreenManageConferenceText">נהל</string>
  <string name="importSimEntry">ייבא</string>
  <string name="importAllSimEntries">ייבא הכל</string>
  <string name="importingSimContacts">מייבא אנשי קשר מכרטיס הסים</string>
  <string name="importToFDNfromContacts">ייבא מאנשי קשר</string>
  <string name="hac_mode_title">עזרי שמע</string>
  <string name="hac_mode_summary">הפעל מכשיר עזר לשמיעה</string>
  <string name="eri_text_label">ERI טקסט</string>
  <string name="dtmf_tones_title">צלילי DTMF</string>
  <string name="dtmf_tones_summary">הגדרת את האורך של צלילי DTMF</string>
  <string name="network_message">הודעת רשת</string>
  <string name="ota_title_activate">הפעל את הטלפון שלך</string>
  <string name="ota_touch_activate">יש לבצע שיחה מיוחדת כדי להירשם לשירות הטלפון שלך. \n\n אחרי לחיצה על "הירשם", הקשב להוראות כדי לרשום את הטלפון שלך.</string>
  <string name="ota_touch_activate_new">לחץ "הירשם" כדי להוציא שיחה מיוחדת שרושמת את הטלפון שלך ברשת הסלולרית של המפעילה שלך, כך שתוכל להוציא שיחות ולהתחבר לרשתות נתונים סלולריות.</string>
  <string name="ota_skip_activation_dialog_title">לדלג על ההרשמה?</string>
  <string name="ota_skip_activation_dialog_message">אם אתה מדלג על ההרשמה, אתה לא יכול להוציא שיחות או להתחבר לרשתות נתונים סלולריות (אך תוכל להתחבר לרשתות אלחוטיות). עד שתרשום את הטלפון, אתה תתבקש לרשום אותו בכל פעם שתדליק אותו.</string>
  <string name="ota_skip_activation_dialog_skip_label">דלג</string>
  <string name="ota_skip_activation_dialog_continue_label">הפעל</string>
  <string name="ota_activate">הירשם</string>
  <string name="ota_title_activate_success">הטלפון רשום!</string>
  <string name="ota_title_problem_with_activation">בעיה בהרשמה</string>
  <string name="ota_listen">עקוב אחר ההוראות הקוליות עד שתשמע שההרשמה הסתיימה.</string>
  <string name="ota_dialpad">לוח מקשים</string>
  <string name="ota_speaker">רמקול</string>
  <string name="ota_progress">אנא המתן בזמן שהטלפון שלך מתוכנת.</string>
  <string name="ota_failure">התכנות לא הצליח</string>
  <string name="ota_successful">הטלפון שלך רשום כעת. לשירות יכול לקחת עד 15 דקות כדי להתחיל.</string>
  <string name="ota_unsuccessful">הטלפון שלך לא נרשם. \nקיימת אפשרות שעליך למצוא אזור עם כיסוי טוב יותר (ליד חלון, או בחוץ). \n\nנסה שוב או התקשר לשירות לקוחות לאפשרויות נוספות.</string>
  <string name="ota_spc_failure">עודף כשלי SPC</string>
  <string name="ota_call_end">חזור</string>
  <string name="ota_try_again">נסה שוב</string>
  <string name="ota_next">המשך</string>
  <string name="ota_back">חזור</string>
  <string name="ecm_exit_dialog">EcmExitDialog</string>
  <string name="phone_entered_ecm_text">נכנס למצב שיחה חוזרת בחירום</string>
  <string name="phone_in_ecm_notification_title">מצב שיחות חירום </string>
  <string name="phone_in_ecm_call_notification_text">חיבור הנתונים מבוטלים</string>
  <string name="alert_dialog_in_ecm_call">הפעולה שנבחרה אינה זמינה במהלך שיחה על מצב חירום</string>
  <string name="progress_dialog_exiting_ecm">יציאה איתות מצב חירום</string>
  <string name="alert_dialog_yes">כן</string>
  <string name="alert_dialog_no">לא</string>
  <string name="alert_dialog_dismiss">בטל</string>
  <string name="absent_num">מספר חסר</string>
  <string name="voicemail_settings">הגדרות תא קולי</string>
  <string name="voicemail_number_not_set"><לא מוגדר></string>
  <string name="voicemail_provider">שרות תא קולי</string>
  <string name="voicemail_settings_for">הגדרות בשביל %s</string>
  <string name="other_settings">הגדרות שיחה נוספות</string>
  <string name="dial_button_label">התקשר</string>
  <string name="calling_via_template">מתקשר דרך ^1\n</string>
  <string name="slide_to_answer">גרור ימינה כדי לענות</string>
  <string name="slide_to_silence">גרור שמאלה כדי להשתיק את הצלצול</string>
  <string name="slide_to_decline">גרור שמאלה כדי לדחות</string>
  <string name="slide_to_answer_and_hold">גרור ימינה כדי לענות לשיחה</string>
  <string name="slide_to_answer_and_end_active">גרור ימינה כדי לענות\nולסיים שיחה פעילה</string>
  <string name="slide_to_answer_and_end_onhold">גרור ימינה כדי לענות\nולסיים שיחה בהמתנה</string>
  <string name="slide_to_answer_hint">ענה</string>
  <string name="slide_to_decline_hint">דחה</string>
  <string name="notification_ongoing_calling_format">(%s) מתקשר</string>
  <string name="advanced_setting">הגדרות מתקדמות</string>
  <string name="call_reject_hint">רמז לדחיית שיחה</string>
  <string name="hangup_sms">לחיצה על התפריט תצא ותגיב להודעה</string>
  <string name="hangup_sms_body">זהו לא זמן נוח לדבר , אנא התקשר מאוחר יותר</string>
  <string name="onscreenNoteText">מקליט</string>
  <string name="query_telocation_title">מספר בקשה שייך ל</string>
  <string name="query_telocation_sum">מספר הטלפון הנייד או הקווי יכול לשאול לבעלות של מידע קרקעי</string>
  <string name="button_query_hint">אנא הכנס מספר בבית או בסלולר</string>
  <string name="button_query">שאלה</string>
  <string name="button_clear">ריק</string>
  <string name="text_location">שיוך</string>
  <string name="text_areacode">קוד אזור</string>
  <string name="unknown_location">לא מצא מידע חשוב</string>
  <string name="autoip">חיוג IP חכם</string>
  <string name="autoip_sum">הוסף קידומת IP למספר זר. הכנס קידומת מקומית למטה.</string>
  <string name="ip_prefix">קידומת מספר IP</string>
  <string name="ip_prefix_sum">קידומת IP של המפעיל:%s</string>
  <string name="current_areacode">קוד האזור הנוכחי</string>
  <string name="current_areacode_sum">קידומת של המיקום הנוכחי, או של איזור הנדידה אם בנדידה. למשל:010</string>
  <string name="always_enable_mms">קבל תמיד הודעות מולטימדיה</string>
  <string name="always_enable_mms_summary">הביטול עדיין מקבל הודעות מולטמדיה אך בלי חיוב מקומי</string>
  <string name="dialer_click_pref_title">לחץ על רשימת אנשי הקשר</string>
  <string name="dialer_click_pref_summary">הצג חייגן אוטומטית בעת שיחה</string>
  <string name="auto_dialpad_pref_title">לוח חיוג מוקפץ אוטומטית</string>
  <string name="auto_dialpad_pref_summary">בכל פעם שתחייג, לוח החיוג יקפוץ אוטומטית</string>
  <string name="anti_disturb_settings">הגדרות "לא להפריע"</string>
  <string name="incoming_call_limit_title">חסימת שיחות נכנסות</string>
  <string name="incoming_call_limit_summary">מאשר קבלת שיחות מטלפונים מוגדרים, חוסם אוטומטית את השאר.</string>
</resources>
