<?xml version="1.0" encoding="utf-8"?>
<!--Generated by crowdin.net-->
<resources>
  <string name="app_name">עדכון תוכנה</string>
  <string name="apply_now_button_text">החל עכשיו</string>
  <string name="apply_later_button_text">החל מאוחר יותר</string>
  <string name="apply_update_button_text">החל עדכון</string>
  <string name="apply_title_textview_text">{0} מוכן לשימוש</string>
  <string name="apply_subtitle_textview_text">הערות</string>
  <string name="apply_unable_to_reboot_toast">אין אפשרות לאתחל לתוך מצב ההתאוששות</string>
  <string name="apply_trying_to_get_root_access">נסיון קבלת הרשאות ROOT</string>
  <string name="available_updates_text">קיימים עדכוני קושחה</string>
  <string name="choose_available_update_text">שדרג</string>
  <string name="no_updates_found_instructions">לא נמצאו עדכונים</string>
  <string name="check_error_instructions">הסבר לבדיקת שגיאה</string>
  <string name="downloaded_update_found_text">העדכון שאוחזר נמצא</string>
  <string name="checking_for_updates">בודק עדכוני קושחה, אנא המתן</string>
  <string name="downloading_update">הורד עדכון</string>
  <string name="sdcard_is_not_present_dialog_body">כרטיס זכרון חיצוני לא נמצא</string>
  <string name="sdcard_is_not_present_dialog_title">שגיאה במציאת כרטיס הרחבה</string>
  <string name="sdcard_is_not_present_dialog_ok_button">אוקיי</string>
  <string name="current_version_text">כרגע משתמשים בגירסה: (0)</string>
  <string name="delete_updates_text">הסר עדכון</string>
  <string name="delete_updates_success_message">עדכון זה נמחק</string>
  <string name="delete_updates_failure_message">שגיאה בהסרת העידכון</string>
  <string name="delete_updates_noFolder_message">עדכון מקומי לא נמצא</string>
  <string name="apply_update_dialog_title">נא לאשר</string>
  <string name="apply_update_dialog_text">אתה רוצה להחיל את העדכון באופן מיידי הקובץ: (0) \ n אם אתה לוחץ על כפתור "עדכן", הטלפון באופן אוטומטי מחדש לתוך מצב recovery להתקין את העדכון..</string>
  <string name="apply_update_dialog_update_button">עדכון</string>
  <string name="apply_update_dialog_backup_and_update_button">גיבוי ועדכון</string>
  <string name="apply_update_dialog_cancel_button">בטל</string>
  <string name="check_now">בדוק אם יש עדכונים</string>
  <string name="menu_config">הגדרות</string>
  <string name="menu_about">אודות</string>
  <string name="menu_changelog">עדכון התחבר</string>
  <string name="cancel_download_buton_text">בטל הורדה</string>
  <string name="confirm_download_cancelation_dialog_message">האם אתה באמת רוצה לבטל את ההורדה הנוכחית?</string>
  <string name="confirm_download_cancelation_dialog_yes">כן</string>
  <string name="confirm_download_cancelation_dialog_no">לא</string>
  <string name="download_canceled_toast_message">ההורדה בוטלה</string>
  <string name="verify_and_apply_dialog_title">שלמות קובץ הוא אישר</string>
  <string name="verify_and_apply_dialog_message">קבצים MD5 האימות מתבצע</string>
  <string name="apply_existing_update_md5error_message">שגיאה. קובץ MD5 לא מתאים.</string>
  <string name="file_not_found_error_message">קובץ אינו קיים או שאין אליו גישה</string>
  <string name="apply_upload_info_message">לחץ על "עדכן כעת", הטלפון יופעל מחדש באופן אוטומטי כדי להחיל את העדכון. אם אתה רוצה את התפקיד גיבוי, בבקשה לחזור למערכת הגיבוי לאחר העדכון.</string>
  <string name="notes_about_recovery">(נא לשים לב כי בכדי לתמוך בעדכונים עתידיים של המערכת יש להשתמש בריקוברי אשר מתאים לרום. בכדי להבטיח התאמה מלאה יש להכנס לתפריט "ריקוברי מברשת עבה")</string>
  <string name="last_update_check_text">הסימון אחרונה עדכונים</string>
  <string name="overwrite_update_title">עדכון הקיימים</string>
  <string name="overwrite_update_summary">עדכון הבחירה שלך כבר קיים,  האם להוריד מחדש?</string>
  <string name="overwrite_update_positive">להוריד מחדש</string>
  <string name="overwrite_update_negative">השתמש בנוכחי</string>
  <string name="no_md5_found_summary">העדכון לא נמצאה בדיקת MD5, \ n האם אתה באמת רוצה להחיל עדכון זה בלי לבדוק אותו?</string>
  <string name="no_md5_found_positive">עדכון תוכנות</string>
  <string name="no_md5_found_negative">בטל</string>
  <string name="notification_tickertext">הורד עדכון</string>
  <string name="notification_finished">ההורדה הושלמה</string>
  <string name="stable_description">=יציב</string>
  <string name="experimental_description">=גרסת ניסיון</string>
  <string name="changelog_button_text">התחבר</string>
  <string name="changelog_title_rom">דוח עדכון של הרום</string>
  <string name="md5_check_cancelled">בדיקת MD5 בוטלה</string>
  <string name="title_running">גרסה נוכחית</string>
  <string name="no_updatecheck_executed">בדיקת עדכון נוכחי לא בוצעה</string>
  <string name="about_dialog_title">אודות</string>
  <string name="no_updates_found">לא מצא עדכונים</string>
  <string name="not_new_updates_found_title">נמצאו עדכונים חדשים</string>
  <string name="exception_while_downloading">שגיאה בהורדת עדכונים</string>
  <string name="not_update_check_error_title">לא נבדקו עדכונים</string>
  <string name="not_update_download_error_title">שגיאה בהורדת עדכונים</string>
  <string name="not_update_downloaded_title">הורד את העדכון המלא</string>
  <string name="not_update_downloaded_body">{0}מוכן להתקנה</string>
  <string name="download_info_filename">שם קובץ:</string>
  <string name="download_info_mirror">שרת מראה:</string>
  <string name="download_info_downloading">טוען...</string>
  <string name="download_info_speed">מהירות הורדה:</string>
  <string name="download_info_remaining_time">זמן שנשאר:</string>
  <string name="md5_verification_failed">וידוא MD5 נכשלה</string>
  <string name="not_new_updates_found_body">לר נמצאו שידרוג</string>
  <string name="not_network_error">לא מצליח להתחבר ודא שהרשת מחוברת כראוי</string>
  <string name="version_description">גרסה</string>
  <string name="acknowledge">תודות</string>
  <string name="pleasea_check_update">אנא בדוק עדכונים</string>
  <string name="already_applied">הותקן</string>
  <string name="stable_version">יציבות</string>
  <string name="test_version">בטא</string>
  <string name="wifi_not_available_title">ויפי לא מחובר</string>
  <string name="wifi_not_available_body">עקב זה שהורדת קבצים גדולים מומלצת דרך ויפי האם להמשיך למרות שהויפי כבוי?</string>
  <string name="widget_title">אני מייוי</string>
  <string name="widget_feedback">רצינו לומר?</string>
  <string name="unable_to_flash_recovery">רענון ריקבורי נכשל</string>
  <string name="flash_recovery_successfully">רענון ריקוברי הצליח</string>
  <string name="reflash_recovery">מה זה מברשת כבדה recovery</string>
  <string name="boot_recovery">הפעל מחדש את הrecovery</string>
  <string name="flash_recovery_dialog_message">רענון recovery</string>
  <string name="applying_rom_message">החלת ROM</string>
  <string name="loading">התחברות MIUI</string>
  <string name="page_error_title">לא ניתן לגשת</string>
  <string name="page_error">אינך יכול לגשת MIUI, רשת הטלפון הנייד עשויה להיות בעיה, זה עשוי לתלות את השרת</string>
  <string name="page_reload">שוב</string>
  <string name="install_rom_from_sd">בחר התקנת ROM</string>
</resources>
