<?xml version="1.0" encoding="utf-8"?>
<!--Generated by crowdin.net-->
<resources>
  <string name="app_label">Kontakter</string>
  <string name="provider_label">Kontakter</string>
  <string name="upgrade_out_of_memory_notification_ticker">For at opgradere kontakter, skal du have mere hukommelse</string>
  <string name="upgrade_out_of_memory_notification_title">Opgraderer kontakt</string>
  <string name="upgrade_out_of_memory_notification_text">Vælg for at færdiggøre opgraderingen.</string>
  <string name="edit_contact">Føj til eksisterende kontakt</string>
  <string name="create_contact">Ny kontaktperson</string>
</resources>
