<?xml version="1.0" encoding="utf-8"?>
<!--Generated by crowdin.net-->
<resources>
  <string name="config_import_vcard_type">default</string>
  <string name="config_export_vcard_type">standard</string>
  <string name="config_export_dir">/sdcard</string>
  <string name="config_export_file_prefix">/sdcard</string>
  <string name="config_export_file_suffix"> </string>
  <string name="config_export_file_extension">vcf</string>
  <string name="config_export_extensions_to_consider"> </string>
  <string name="contactsList">Kontakter</string>
  <string name="launcherDialer">Telefon</string>
  <string name="shortcutContact">Kontakt</string>
  <string name="shortcutDialContact">Direkte opkald</string>
  <string name="shortcutMessageContact">Direkte besked</string>
  <string name="shortcutActivityTitle">Vælg en kontakt genvej</string>
  <string name="callShortcutActivityTitle">Vælg et nummer at ringe til</string>
  <string name="messageShortcutActivityTitle">Vælg et nummer som du vil sende en besked til</string>
  <string name="starredList">Favoritter</string>
  <string name="frequentList">Hyppige</string>
  <string name="strequentList">Favoritter</string>
  <string name="viewContactTitle">Kontakt detaljer</string>
  <string name="viewContactDesription">Vis kontakt</string>
  <string name="editContactDescription">Rediger kontakt</string>
  <string name="insertContactDescription">Opret ny kontakt</string>
  <string name="searchHint">Søg i kontakter</string>
  <string name="menu_search">Søg</string>
  <string name="menu_newContact">Ny kontakt</string>
  <string name="menu_viewContact">Vis kontakt</string>
  <string name="menu_callNumber">Ring til %s</string>
  <string name="menu_addStar">Tilføj til favoritter</string>
  <string name="menu_removeStar">Fjern fra favoritter</string>
  <string name="menu_editContact">Rediger kontakt</string>
  <string name="menu_deleteContact">Slet kontakt</string>
  <string name="menu_call">Ring til kontakt</string>
  <string name="menu_sendSMS">Send en sms til kontakten</string>
  <string name="menu_sendEmail">Send email</string>
  <string name="menu_viewAddress">Kortlæg adresse</string>
  <string name="menu_makeDefaultNumber">Lav om til standardnummer</string>
  <string name="menu_makeDefaultEmail">Lav om til standard email</string>
  <string name="menu_splitAggregate">Skil</string>
  <string name="contactsSplitMessage">kontakter skilt</string>
  <string name="splitConfirmation_title">skil kontakten</string>
  <string name="splitConfirmation">Er du sikker på du vil adskille denne ene kontakt i flere kontaktpersoner: én for hvert sæt af kontaktoplysningerne som var indtrådt i det?</string>
  <string name="menu_joinAggregate">sammensæt</string>
  <string name="titleJoinContactDataWith">sammensæt kontakter</string>
  <string name="blurbJoinContactDataWith">Vælg kontakten som du vil sammensætte med %s.</string>
  <string name="showAllContactsJoinItem">Vis alle kontakter</string>
  <string name="separatorJoinAggregateSuggestions">Foreslåede kontakter</string>
  <string name="separatorJoinAggregateAll">Alle kontakter</string>
  <string name="contactsJoinedMessage">Kontakter sammensat</string>
  <string name="menu_contactOptions">valgmuligheder</string>
  <string name="contactOptionsTitle">valgmuligheder</string>
  <string name="deleteConfirmation_title">Slet</string>
  <string name="readOnlyContactWarning">Du kan ikke slette kontakter fra læs-kun kontoer, men du kan skjule dem i dine kontakt lister.</string>
  <string name="readOnlyContactDeleteConfirmation">Denne kontakt indeholder oplysninger fra flere kontoer. Oplysninger fra læs-kun kontoer vil blive gemt på din kontakt lister, ikke blive slettet.</string>
  <string name="multipleContactDeleteConfirmation">Ved at slette denne kontakt vil du slette information fra flere kontoer.</string>
  <string name="deleteConfirmation">Denne kontakt vil blive slettet.</string>
  <string name="menu_done">Udført</string>
  <string name="menu_doNotSave">Tilbage</string>
  <string name="editContact_title_edit">Rediger kontakt</string>
  <string name="editContact_title_insert">Ny kontakt</string>
  <string name="label_phonetic_name">Foniske</string>
  <string name="label_notes">Noter</string>
  <string name="label_ringtone">Ringetone</string>
  <string name="ghostData_name">Første og Sidste</string>
  <string name="ghostData_phonetic_name">Fonetisk navn</string>
  <string name="ghostData_company">virksomhed</string>
  <string name="ghostData_title">Titel</string>
  <string name="invalidContactMessage">Kontakten eksisterer ikke.</string>
  <string name="pickerNewContactHeader">Lav en ny kontakt</string>
  <string name="selectLabel">Vælg etiket</string>
  <string name="phoneLabelsGroup">Telefon</string>
  <string name="emailLabelsGroup">Email</string>
  <string name="imLabelsGroup">IM</string>
  <string name="postalLabelsGroup">Postadresse</string>
  <string name="photoPickerNotFoundText">Ingen billeder er tilgængelige på denne telefon.</string>
  <string name="attachToContact">Kontakt ikon</string>
  <string name="customLabelPickerTitle">tilpasset etiketnavn</string>
  <string name="send_to_voicemail_checkbox">Send opkald direkte til voicemail</string>
  <string name="default_ringtone">Default</string>
  <string name="changePicture">Ændrer ikonet</string>
  <string name="removePicture">Fjern ikonet</string>
  <string name="noContacts">Ingen kontakter.</string>
  <string name="noMatchingContacts">Ingen matchene kontakter fundet.</string>
  <string name="noContactsWithPhoneNumbers">Ingen kontakter med telefonnumre.</string>
  <string name="savingContact">Gemmer kontakt…</string>
  <string name="contactSavedToast">Kontakt gemt.</string>
  <string name="contactSavedErrorToast">Fejl, ude af stand til at gemme kontakt forandringer.</string>
  <string name="listTotalPhoneContactsZero">Ingen synlige kontakter med telefonnumre</string>
  <string name="listTotalAllContactsZero">Ingen synlige kontakter</string>
  <string name="listFoundAllContactsZero">Kontakt ikke fundet</string>
  <string name="contactsIconLabel">Kontakter</string>
  <string name="contactsFavoritesLabel">Favoritter</string>
  <string name="dialerIconLabel">Telefon</string>
  <string name="recentCallsIconLabel">Opkaldsliste</string>
  <string name="liveFolderAll">Alle kontakter</string>
  <string name="liveFolderFavorites">Stjernemarkerede kontakter</string>
  <string name="liveFolderPhone">Kontakter med telefonnumre</string>
  <string name="menu_sendTextMessage">Send tekst besked</string>
  <string name="recentCalls_callNumber">Ring til %s</string>
  <string name="recentCalls_editNumberBeforeCall">Rediger nummer før opringning</string>
  <string name="recentCalls_addToContact">Tilføj til kontakter</string>
  <string name="recentCalls_removeFromRecentList">Fjern fra opkaldsliste</string>
  <string name="recentCalls_deleteAll">Tøm opkaldslisten</string>
  <string name="recentCalls_empty">Opkaldslisten er tom.</string>
  <string name="clearCallLogConfirmation_title">Tøm opkaldslisten</string>
  <string name="clearCallLogConfirmation">Er du sikker på at du vil tømme opkaldslisten?</string>
  <string name="imei">IMEI</string>
  <string name="meid">MEID</string>
  <string name="voicemail">Voicemail</string>
  <string name="unknown">Ukendt</string>
  <string name="private_num">Privat nummer</string>
  <string name="payphone">betalingstelefon</string>
  <string name="dialerKeyboardHintText">Brug tastatur til at taste</string>
  <string name="dialerDialpadHintText">Tast for at ringe</string>
  <string name="simContacts_emptyLoading">Indlæser fra SIM kortet…</string>
  <string name="simContacts_title">Kontakter fra SIM kortet</string>
  <string name="liveFolder_all_label">Alle kontakter</string>
  <string name="liveFolder_favorites_label">Favoritter</string>
  <string name="liveFolder_phones_label">Telefoner</string>
  <string name="callDetailTitle">opkaldsoplysninger</string>
  <string name="toast_call_detail_error">Kunne ikke læse oplysningerne fra det valgte opkald.</string>
  <string name="type_incoming">Indkommende opkald</string>
  <string name="type_outgoing">Udgående opkald</string>
  <string name="type_missed">Ubesvaret opkald</string>
  <string name="actionIncomingCall">Indkommende opringninger</string>
  <string name="callBack">Ring tilbage</string>
  <string name="callAgain">Ring igen</string>
  <string name="returnCall">Returner opkald</string>
  <string name="callDetailsDurationFormat">%1$s min %2$s sek.</string>
  <string name="favoritesFrquentSeparator">Ofte kontaktet</string>
  <string name="add_contact_dlg_title">Tilføj kontakt</string>
  <string name="add_contact_dlg_message_fmt">Tilføj \"%s\" til kontakter?</string>
  <string name="all_tab_label">Alle</string>
  <string name="description_image_button_one">en</string>
  <string name="description_image_button_two">to</string>
  <string name="description_image_button_three">tre</string>
  <string name="description_image_button_four">fire</string>
  <string name="description_image_button_five">fem</string>
  <string name="description_image_button_six">seks</string>
  <string name="description_image_button_seven">syv</string>
  <string name="description_image_button_eight">otte</string>
  <string name="description_image_button_nine">ni</string>
  <string name="description_image_button_star">stjerne</string>
  <string name="description_image_button_delete">slet</string>
  <string name="description_image_button_zero">nul</string>
  <string name="description_image_button_pound">pund</string>
  <string name="description_voicemail_button">voicemail</string>
  <string name="description_dial_button">ring op</string>
  <string name="description_delete_button">backspace</string>
  <string name="description_digits_edittext">nummer at ringe</string>
  <string name="description_contact_photo">kontakt foto</string>
  <string name="description_minus_button">Minus</string>
  <string name="description_plus_button">Plus</string>
  <string name="no_sdcard_title">Intet SD kort</string>
  <string name="no_sdcard_message">Intet SD kort fundet</string>
  <string name="searching_vcard_title">Søger efter vCard</string>
  <string name="import_from_sim">Importer fra SIM kortet</string>
  <string name="import_from_sdcard">Importer fra SD kortet</string>
  <string name="export_to_sdcard">Eksporter til SD kortet</string>
  <string name="share_visible_contacts">Del synlige kontakter</string>
  <string name="import_one_vcard_string">Importer en vCard fil</string>
  <string name="import_multiple_vcard_string">Importer flere vCard filer</string>
  <string name="import_all_vcard_string">Importer alle vCard filer</string>
  <string name="searching_vcard_message">Søger efter vCard data på SD kortet</string>
  <string name="scanning_sdcard_failed_title">Scanning af SD kort fejlede</string>
  <string name="scanning_sdcard_failed_message">Scanning af SD kortet fejlede (Grund: \"%s\")</string>
  <string name="fail_reason_io_error">I/O Fejl</string>
  <string name="fail_reason_vcard_parse_error">Kunne ikke fortolke vCard ved en uventet grund</string>
  <string name="fail_reason_vcard_not_supported_error">Kunne ikke fortolke vCard selvom at det er i et gyldigt format, siden at den nuværende gennemførelse ikke understøtter det</string>
  <string name="fail_reason_no_vcard_file">Ingen vCard fil fundet på SD kortet</string>
  <string name="fail_reason_failed_to_read_files">En eller flere filer kunne ikke importeres (%s).</string>
  <string name="fail_reason_unknown">Ukendt fejl</string>
  <string name="select_vcard_title">Vælg vCard fil</string>
  <string name="progress_shower_message">%1$s\n%2$s</string>
  <string name="reading_vcard_title">Læser vCard</string>
  <string name="reading_vcard_message">Læser vCard fil(er)</string>
  <string name="reading_vcard_failed_title">Læsning af vCard data har fejlet</string>
  <string name="reading_vcard_contacts">%1$s af %2$s kontakter</string>
  <string name="reading_vcard_files">%1$s af %2$s filer</string>
  <string name="confirm_export_title">Bekræft export</string>
  <string name="confirm_export_message">Er du sikker på at du vil eksportere den kontakt liste til \"%s\"?</string>
  <string name="exporting_contact_failed_title">Fejlede under eksport af kontakt data</string>
  <string name="exporting_contact_failed_message">Fejlede under eksport af data.\nGrunden til at det fejlede:\"%s\"</string>
  <string name="fail_reason_no_exportable_contact">Der er ikke nogen kontakt der kan eksporteres</string>
  <string name="fail_reason_too_many_vcard">For mange vCard filer på SD kortet</string>
  <string name="fail_reason_too_long_filename">Det nødvendige filnavn er for for langt (\"%s\")</string>
  <string name="exporting_contact_list_title">Exportere kontakt data</string>
  <string name="exporting_contact_list_message">Eksporterer kontakt data til \"%s\"</string>
  <string name="fail_reason_could_not_initialize_exporter">Kunne ikke initialisere eksportør: \"%s\"</string>
  <string name="fail_reason_error_occurred_during_export">Der opstod en fejl under eksporten: \"%s\"</string>
  <string name="composer_failed_to_get_database_infomation">Kunne ikke få fadt i database information</string>
  <string name="composer_has_no_exportable_contact">Der er ikke nogen kontakt der kan eksporteres. Hvis du faktisk har nogle kontakter på din telefon, kan det være din dataudbyder har gjort det forbudt at eksportere kontakterne.</string>
  <string name="composer_not_initialized">VCard komponisten er ikke korrekt initialiseret</string>
  <string name="fail_reason_could_not_open_file">Kunne ikke åbne \"%1$s\": %2$s</string>
  <string name="exporting_contact_list_progress">%1$s af %2$s kontakter</string>
  <string name="search_settings_description">Kontakternes navne</string>
  <string name="add_2sec_pause">Tilføj 2-sekunders pause</string>
  <string name="add_wait">Tilføj vent</string>
  <string name="call_disambig_title">Ring ved hjælp af</string>
  <string name="sms_disambig_title">Tekst ved hjælp af</string>
  <string name="make_primary">Husk dette valg</string>
  <string name="quickcontact_missing_app">Intet program fundet til at håndtere denne aktion</string>
  <string name="quickcontact_remember_choice">Husk dette valg</string>
  <string name="quickcontact_missing_name">Ukendt</string>
  <string name="menu_accounts">Kontoer</string>
  <string name="menu_import_export">Importer/Eksporter</string>
  <string name="dialog_import_export">Importer/Eksporter kontakter</string>
  <string name="menu_share">Del</string>
  <string name="share_via">Del kontakt via</string>
  <string name="share_error">Denne kontakt kan ikke blive delt.</string>
  <string name="nameLabelsGroup">Navn</string>
  <string name="nicknameLabelsGroup">Kaldenavn</string>
  <string name="organizationLabelsGroup">Organisation</string>
  <string name="websiteLabelsGroup">Website</string>
  <string name="eventLabelsGroup">Begivenhed</string>
  <string name="type_short_home">H</string>
  <string name="type_short_mobile">M</string>
  <string name="type_short_work">W</string>
  <string name="type_short_pager">P</string>
  <string name="type_short_other">O</string>
  <string name="edit_read_only">Denne kontakt er læs-kun</string>
  <string name="edit_secondary_collapse">Mere</string>
  <string name="dialog_primary_name">Primære navn</string>
  <string name="dialog_new_contact_account">Skab ny kontakt under konti</string>
  <string name="account_phone">Telefon-kun (Usynkroniseret)</string>
  <string name="call_custom">Ring til %s</string>
  <string name="call_home">Ring hjem</string>
  <string name="call_mobile">Ring til mobil</string>
  <string name="call_work">Ring til arbejde</string>
  <string name="call_fax_work">Ring til arbejdets fax</string>
  <string name="call_fax_home">Ring til hjemme faxen</string>
  <string name="call_pager">Ring til personsøgeren</string>
  <string name="call_other">Ring</string>
  <string name="call_callback">Ring til tilbagekald</string>
  <string name="call_car">Ring til bilen</string>
  <string name="call_company_main">Ring til virksomhedens hovedtelefon</string>
  <string name="call_isdn">Ring til ISDN</string>
  <string name="call_main">Ring til hoved telefonen</string>
  <string name="call_other_fax">Ring til faxen</string>
  <string name="call_radio">Ring til radioen</string>
  <string name="call_telex">Ring til telex</string>
  <string name="call_tty_tdd">Ring til TTY/TDD</string>
  <string name="call_work_mobile">Ring til arbejdsmobilen</string>
  <string name="call_work_pager">Ring til arbejdspersonsøgeren</string>
  <string name="call_assistant">Ring til %s</string>
  <string name="call_mms">Ring til MMS</string>
  <string name="sms_custom">Tekst %s</string>
  <string name="sms_home">Tekst hjem</string>
  <string name="sms_mobile">Tekst mobil</string>
  <string name="sms_work">Tekst arbejde</string>
  <string name="sms_fax_work">Tekst arbejdsfax</string>
  <string name="sms_fax_home">Tekst hjemmefax</string>
  <string name="sms_pager">Tekst personsøger</string>
  <string name="sms_other">Tekst</string>
  <string name="sms_callback">Tekst tilbagekald</string>
  <string name="sms_car">Tekst bil</string>
  <string name="sms_company_main">Tekst virksomheds hovedtelefon</string>
  <string name="sms_isdn">Tekst ISDN</string>
  <string name="sms_main">Tekst hovedtelefon</string>
  <string name="sms_other_fax">Tekst fax</string>
  <string name="sms_radio">Tekst radio</string>
  <string name="sms_telex">Tekst telex</string>
  <string name="sms_tty_tdd">Tekst TTY/TDD</string>
  <string name="sms_work_mobile">Tekst arbejdstelefon</string>
  <string name="sms_work_pager">Tekst arbejdspersonsøger</string>
  <string name="sms_assistant">Tekst %s</string>
  <string name="sms_mms">Tekst MMS</string>
  <string name="email_home">Email hjemme</string>
  <string name="email_mobile">Email mobil</string>
  <string name="email_work">Email arbejde</string>
  <string name="email_other">Email</string>
  <string name="email_custom">Email %s</string>
  <string name="email">Email</string>
  <string name="map_home">Se hjemme adresse</string>
  <string name="map_work">Se arbejdsadresse</string>
  <string name="map_other">Se adresse</string>
  <string name="map_custom">Se %s adresse</string>
  <string name="chat_aim">Chat med AIM</string>
  <string name="chat_msn">Chat med Windows Live</string>
  <string name="chat_yahoo">Chat med Yahoo</string>
  <string name="chat_skype">Chat med Skype</string>
  <string name="chat_qq">Chat ved hjælp af QQ</string>
  <string name="chat_gtalk">Chat med Google Talk</string>
  <string name="chat_icq">Chat med ICQ</string>
  <string name="chat_jabber">Chat ved hjælp af Jabber</string>
  <string name="chat">Chat</string>
  <string name="postal_street">Vejnavn</string>
  <string name="postal_pobox">PO Box</string>
  <string name="postal_neighborhood">Område</string>
  <string name="postal_city">By</string>
  <string name="postal_region">Stat</string>
  <string name="postal_postcode">Postnummer</string>
  <string name="postal_country">Land</string>
  <string name="name_given">Fornavn</string>
  <string name="name_family">Efternavn</string>
  <string name="name_prefix">Navngiv præfiks</string>
  <string name="name_middle">Mellemnavn</string>
  <string name="name_suffix">Navngiv suffiks</string>
  <string name="name_phonetic_given">Fonetiks givet navn</string>
  <string name="name_phonetic_middle">Fonetisk mellem navn</string>
  <string name="name_phonetic_family">Fonetisk familie navn</string>
  <string name="account_type_format">%1$s kontakt</string>
  <string name="from_account_format">fra %1$s</string>
  <string name="use_photo_as_primary">Brug dette foto</string>
  <string name="contact_read_only">%1$s kontaktoplysninger kan ikke redigeres på denne enhed.</string>
  <string name="no_contact_details">Ingen yderligere information for denne kontakt</string>
  <string name="search_bar_hint">Søg i kontakter</string>
  <string name="search_for_all_contacts">Søg efter alle kontakter</string>
  <string name="take_photo">Tag billed</string>
  <string name="pick_photo">Vælg billed fra galleriet</string>
  <string name="locale_change_in_progress">Kontaktlisten bliver opdateret for at reflektere sprogskiftet.\n\nVent venligst...</string>
  <string name="upgrade_in_progress">Kontaktlisten bliver opdateret,\n\nVent venligst...</string>
  <string name="upgrade_out_of_memory">Kontaktlisten er i gang med at blive opgraderet. \n\nDenne opgradering vil kræve omkring %dMb af den interne telfon hukommelse.\n\nVælg en af de følgende muligheder:</string>
  <string name="upgrade_out_of_memory_uninstall">Afinstaller nogle programmer</string>
  <string name="upgrade_out_of_memory_retry">Prøv at opgradere igen</string>
  <string name="search_results_for">Søg i resultater efter: %s</string>
  <string name="search_results_searching">Søger...</string>
  <string name="callNoAnswerTimeFormat">Ring %s gange</string>
  <string name="numberCountFormat">%s-numre</string>
  <string name="menu_display_all">Vis alle kontaktpersoner</string>
  <string name="menu_display_only_phones">Hvis kun kontakter med telefonnumre</string>
  <string name="contactsGroupsLabel">Grupper</string>
  <string name="group_summary_format">%s medlemmer</string>
  <string name="no_member">Gruppen er tom</string>
  <string name="applyGroupsSelection">Opdater Gruppe Indstillinger</string>
  <string name="no_availablePhone">Dette medlem har intet nummer</string>
  <string name="add_group_member">Nyt medlem</string>
  <string name="group_name_contacts">Kontakter</string>
  <string name="group_name_friends">Venner</string>
  <string name="group_name_family">Familie</string>
  <string name="group_name_coworkers">Kollegaer</string>
  <string name="group_name_important">VIP</string>
  <string name="group_name_life_info">Livsstil</string>
  <string name="group_name_white_list">Whitelist</string>
  <string name="group_name_black_list">Blacklist</string>
  <string name="button_manage_groups">administrer grupper</string>
  <string name="button_back">Tilbage</string>
  <string name="button_remove_contacts">Fjern kontaktpersoner</string>
  <string name="duplicatedGroupNameHelpText">En ny gruppe kan ikke have samme navn som en allerede oprettet gruppe</string>
  <string name="system_groups_unchangable">Denne gruppe kan ikke omdøbes eller slettes</string>
  <string name="menu_add">Tilføj</string>
  <string name="menu_remove">Slet</string>
  <string name="create_new_group">Opret Ny Gruppe</string>
  <string name="manage_groups">Administrer Grupper</string>
  <string name="menu_viewGroup">Se Grupper</string>
  <string name="menu_deleteGroup">Slet Gruppe</string>
  <string name="menu_editGroupName">Rediger gruppe navne</string>
  <string name="input_group_name_hint">Indtast navnet på gruppen</string>
  <string name="notification_invalid_group_name">Ugyldigt Gruppenavn</string>
  <string name="add_to_group_format">Tilføj til%s</string>
  <string name="name_full">Navn</string>
  <string name="add_more_items">Tilføj flere</string>
  <string name="saveConfirmationTitle">Gem kontakt</string>
  <string name="saveConfirmationBody">Gem ændringer</string>
  <string name="saveConfirmationYes">Gem</string>
  <string name="saveConfirmationNo">Annuller</string>
  <string name="import_from_account">Importer Fra Konto</string>
  <string name="select_account_import_from">Vælg konto at importere fra</string>
  <string name="importing_from_account">Importerer Fra Konto</string>
  <string name="fail_message_account_needed">Hver venlig at lave MIUI konto først</string>
  <string name="success_message_import_from_account">Importtering afsluttet</string>
  <string name="date_day">Dato</string>
  <string name="fast_scroll_alphabet">\#ABCDEFGHIJKLMNOPQRSTUVWXYZÆØÅ</string>
  <string name="belong_no_group">Tilhører ikke nogen grupper</string>
  <string name="menu_remove_member">Slet medlem</string>
  <string name="removeConfirmation_title">Slettet</string>
  <string name="menu_add_favorite_contact">Tilføj kontakt til favoritter</string>
  <string name="menu_group_sms">Gruppe SMS</string>
  <string name="menu_group_ringtone">Gruppe Ringetone</string>
  <string name="menu_add_member">Tilføj Medlem</string>
  <string name="menu_callIpNumber">Ring til IP telefon (Ring til %s)</string>
  <string name="menu_clearDefaultNumber">Forkast forudindstillet nummer</string>
  <string name="menu_clearDefaultEmail">Forkast Mail indstillinger</string>
  <string name="favoriteContactDescription">Tilføj til favoritter</string>
  <string name="unfavoriteContactDescription">Fjern fra favoritter</string>
  <string name="shareContactDescription">Del Kontakt</string>
  <string name="titlePickOrCreateNewContact">Vælg eller Opret ny kontakt</string>
  <string name="titlePickContactNumber">Vælg nummer</string>
  <string name="fixedPhoneLabel">Fastnet</string>
  <string name="fixedFaxLabel">Fax</string>
  <string name="goto_album">Gå til galleriet</string>
  <string name="recommneded_photos">Anbefalede kontaktbilleder</string>
  <string name="downloading_photos">Henter billeder</string>
  <string name="callButtonText">Ring op</string>
  <string name="callrecordview_menu_phone_all">Vis alle opkald</string>
  <string name="callrecordview_menu_phone_missed">Vis kun ubesvarede opkald</string>
  <string name="callrecordview_menu_delete_one">Slet opkaldshistorik</string>
  <string name="callrecordview_menu_delete_stranger">Ryd opkaldshistorik over ukendte opkald</string>
  <string name="callrecordview_menu_delete_all">Ryd hele opkaldshistorikken</string>
  <string name="callrecordview_menu_set">Indstillinger</string>
  <string name="callrecordview_more">Se flere</string>
  <string name="callrecordview_more_title">%s Totale antal opkald</string>
  <string name="callrecordview_item_calls">%d opkald</string>
  <string name="callrecordview_item_op_time_missed">missede opkald</string>
  <string name="callrecordview_item_op_time_short_incoming">%d sekunder inde i opkaldet</string>
  <string name="callrecordview_item_op_time_short_outgoing">Opkald%dsekunder</string>
  <string name="callDetailsDurationFormat_incoming">Minutter inde i opkaldet%1$s%2$sseconds</string>
  <string name="callDetailsDurationFormat_outgoing">Minutter inde i opkaldet%1$s%2$ssekunder</string>
  <string name="group_delete_confirmation">Bekræft sletning af gruppe</string>
  <string name="no_sms_availabe_contact_in_group">Denne gruppe har ikke nogen kontakter der kan modtage bedskeder</string>
  <string name="showDialpadTip">Tryk for at åbne tastaturet</string>
  <string name="set_ringtone_for_group_members_success">Gruppe ringetonen er sat</string>
  <string name="noContactHelpText">Der er ingen kontakter, du kan：</string>
  <string name="noFavoriteHelpText">Der er ingen samlinger, du kan：</string>
  <string name="noGroupMemberHelpText">Denne gruppe er tom.\n\nFor at tilføje en kontakt, tryk på，og vælg den ønskede kontakt.\n</string>
  <string name="noContactHelpTextAccounts">Konfiguration synkronisering konto</string>
  <string name="noContactHelpTextImportSim">Import af SIM-kortets kontakter</string>
  <string name="noContactHelpTextImportSD">Import af SD-kortets kontakter</string>
  <string name="noContactHelpTextAddContact">Opret en ny kontakt</string>
  <string name="noContactHelpTextAddStarred">Favoritter</string>
  <string name="noContactHelpTextAddMember">Tilføj gruppe medlemmer</string>
</resources>
