<?xml version="1.0" encoding="utf-8"?>
<!--Generated by crowdin.net-->
<resources>
  <string name="cancel">Annuller</string>
  <string name="copy">Kopier</string>
  <string name="copyUrl">Kopier webadresse</string>
  <string name="cut">Klip</string>
  <string name="defaultVoiceMailAlphaTag">Voicemail</string>
  <string name="defaultMsisdnAlphaTag">MSISDN1</string>
  <string name="emptyPhoneNumber">(Intet telefonnummer)</string>
  <string name="httpErrorBadUrl">Siden kunne ikke åbnes, fordi webadressen er ugyldig.</string>
  <string name="httpErrorUnsupportedScheme">Protokollen understøttes ikke.</string>
  <string name="no">Annuller</string>
  <string name="ok">OK</string>
  <string name="paste">Indsæt</string>
  <string name="search_go">Søg</string>
  <string name="selectAll">Vælg alle</string>
  <string name="unknownName">(Ukendt)</string>
  <string name="untitled"><uden navn></string>
  <string name="VideoView_error_button">OK</string>
  <string name="VideoView_error_text_unknown">Beklager! Denne video kan ikke afspilles.</string>
  <string name="VideoView_error_title">Videoen kan ikke afspilles</string>
  <string name="yes">OK</string>
  <string name="dialog_alert_title">Bemærk</string>
  <string name="VideoView_error_text_invalid_progressive_playback">Beklager! Denne video er ikke gyldig til streaming på denne enhed.</string>
  <string name="config_tether_apndata">Indstil APN for internetdeling</string>
  <string name="config_networkLocationProvider">com.google.android.location.NetworkLocationProvider</string>
  <string name="config_geocodeProvider">com.google.android.location.GeocodeProvider</string>
  <string name="config_datause_iface">rmnet0</string>
  <string name="month_long_standalone_january">januar</string>
  <string name="month_long_standalone_february">februar</string>
  <string name="month_long_standalone_march">marts</string>
  <string name="month_long_standalone_april">april</string>
  <string name="month_long_standalone_may">maj</string>
  <string name="month_long_standalone_june">juni</string>
  <string name="month_long_standalone_july">juli</string>
  <string name="month_long_standalone_august">august</string>
  <string name="month_long_standalone_september">september</string>
  <string name="month_long_standalone_october">oktober</string>
  <string name="month_long_standalone_november">november</string>
  <string name="month_long_standalone_december">december</string>
  <string name="month_long_january">januar</string>
  <string name="month_long_february">februar</string>
  <string name="month_long_march">marts</string>
  <string name="month_long_april">april</string>
  <string name="month_long_may">maj</string>
  <string name="month_long_june">juni</string>
  <string name="month_long_july">juli</string>
  <string name="month_long_august">august</string>
  <string name="month_long_september">september</string>
  <string name="month_long_october">oktober</string>
  <string name="month_long_november">november</string>
  <string name="month_long_december">december</string>
  <string name="month_medium_january">jan.</string>
  <string name="month_medium_february">feb.</string>
  <string name="month_medium_march">mar.</string>
  <string name="month_medium_april">apr.</string>
  <string name="month_medium_may">maj</string>
  <string name="month_medium_june">jun.</string>
  <string name="month_medium_july">jul.</string>
  <string name="month_medium_august">aug.</string>
  <string name="month_medium_september">sep.</string>
  <string name="month_medium_october">okt.</string>
  <string name="month_medium_november">nov.</string>
  <string name="month_medium_december">dec.</string>
  <string name="month_shortest_january">J</string>
  <string name="month_shortest_february">F</string>
  <string name="month_shortest_march">M</string>
  <string name="month_shortest_april">A</string>
  <string name="month_shortest_may">M</string>
  <string name="month_shortest_june">J</string>
  <string name="month_shortest_july">J</string>
  <string name="month_shortest_august">A</string>
  <string name="month_shortest_september">S</string>
  <string name="month_shortest_october">O</string>
  <string name="month_shortest_november">N</string>
  <string name="month_shortest_december">D</string>
  <string name="day_of_week_long_sunday">søndag</string>
  <string name="day_of_week_long_monday">mandag</string>
  <string name="day_of_week_long_tuesday">tirsdag</string>
  <string name="day_of_week_long_wednesday">onsdag</string>
  <string name="day_of_week_long_thursday">torsdag</string>
  <string name="day_of_week_long_friday">fredag</string>
  <string name="day_of_week_long_saturday">lørdag</string>
  <string name="day_of_week_medium_sunday">søn.</string>
  <string name="day_of_week_medium_monday">man.</string>
  <string name="day_of_week_medium_tuesday">tir.</string>
  <string name="day_of_week_medium_wednesday">ons.</string>
  <string name="day_of_week_medium_thursday">tor.</string>
  <string name="day_of_week_medium_friday">fre.</string>
  <string name="day_of_week_medium_saturday">lør.</string>
  <string name="day_of_week_short_sunday">søn.</string>
  <string name="day_of_week_short_monday">man.</string>
  <string name="day_of_week_short_tuesday">tir.</string>
  <string name="day_of_week_short_wednesday">ons.</string>
  <string name="day_of_week_short_thursday">tor.</string>
  <string name="day_of_week_short_friday">fre.</string>
  <string name="day_of_week_short_saturday">lør.</string>
  <string name="day_of_week_shortest_sunday">S</string>
  <string name="day_of_week_shortest_monday">M</string>
  <string name="day_of_week_shortest_tuesday">T</string>
  <string name="day_of_week_shortest_wednesday">O</string>
  <string name="day_of_week_shortest_thursday">T</string>
  <string name="day_of_week_shortest_friday">F</string>
  <string name="day_of_week_shortest_saturday">L</string>
  <string name="am">f.m.</string>
  <string name="pm">e.m.</string>
  <string name="yesterday">i går</string>
  <string name="today">i dag</string>
  <string name="tomorrow">i morgen</string>
  <string name="hour_minute_24">%H:%M</string>
  <string name="hour_minute_ampm">%-l.%M %p</string>
  <string name="hour_minute_cap_ampm">%-l.%M %^p</string>
  <string name="twelve_hour_time_format">h.mm a</string>
  <string name="twenty_four_hour_time_format">HH:mm</string>
  <string name="numeric_date">%d/%m/%Y</string>
  <string name="numeric_date_format">dd/MM/yyyy</string>
  <string name="numeric_date_template">%s/%s/%s</string>
  <string name="month_day_year">%-e. %B %Y</string>
  <string name="time_of_day">%H:%M:%S</string>
  <string name="date_and_time">%H:%M:%S, %-e. %b %Y</string>
  <string name="date_time">%2$s, %1$s</string>
  <string name="time_date">%1$s, %3$s</string>
  <string name="abbrev_month_day_year">%-e. %b %Y</string>
  <string name="month_day">%-e. %B</string>
  <string name="month">%B</string>
  <string name="month_year">%B %Y</string>
  <string name="abbrev_month_day">%-e. %b</string>
  <string name="abbrev_month">%b</string>
  <string name="abbrev_month_year">%b %Y</string>
  <string name="time1_time2">%1$s - %2$s</string>
  <string name="date1_date2">%2$s - %5$s</string>
  <string name="numeric_md1_md2">%3$s/%2$s - %8$s/%7$s</string>
  <string name="numeric_wday1_md1_wday2_md2">%1$s %3$s/%2$s - %6$s %8$s/%7$s</string>
  <string name="numeric_mdy1_mdy2">%3$s/%2$s/%4$s - %8$s/%7$s/%9$s</string>
  <string name="numeric_wday1_mdy1_wday2_mdy2">%1$s %3$s/%2$s/%4$s - %6$s %8$s/%7$s/%9$s</string>
  <string name="numeric_wday1_mdy1_time1_wday2_mdy2_time2">%5$s, %1$s %3$s/%2$s/%4$s - %10$s, %6$s %8$s/%7$s/%9$s</string>
  <string name="numeric_md1_time1_md2_time2">%5$s, %3$s/%2$s - %10$s, %8$s/%7$s</string>
  <string name="numeric_wday1_md1_time1_wday2_md2_time2">%5$s, %1$s %3$s/%2$s - %10$s, %6$s %8$s/%7$s</string>
  <string name="numeric_mdy1_time1_mdy2_time2">%5$s, %3$s/%2$s/%4$s - %10$s, %8$s/%7$s/%9$s</string>
  <string name="wday1_date1_time1_wday2_date2_time2">%3$s, %1$s %2$s - %6$s, %4$s %5$s</string>
  <string name="wday1_date1_wday2_date2">%1$s %2$s - %4$s %5$s</string>
  <string name="date1_time1_date2_time2">%3$s, %2$s - %6$s, %5$s</string>
  <string name="time_wday_date">%1$s, %2$s %3$s</string>
  <string name="wday_date">%2$s %3$s</string>
  <string name="time_wday">%1$s, %2$s</string>
  <string name="same_year_md1_md2">%3$s. %2$s - %8$s. %7$s</string>
  <string name="same_year_wday1_md1_wday2_md2">%1$s %3$s. %2$s - %6$s %8$s. %7$s</string>
  <string name="same_year_md1_time1_md2_time2">%5$s, %3$s. %2$s - %10$s, %8$s. %7$s</string>
  <string name="same_month_md1_time1_md2_time2">%5$s, %3$s. %2$s - %10$s, %8$s. %7$s</string>
  <string name="same_year_wday1_md1_time1_wday2_md2_time2">%5$s, %1$s %3$s. %2$s - %10$s, %6$s %8$s. %7$s</string>
  <string name="same_month_wday1_md1_time1_wday2_md2_time2">%5$s, %1$s %3$s. %2$s - %10$s, %6$s %8$s. %7$s</string>
  <string name="same_year_mdy1_time1_mdy2_time2">%5$s, %3$s. %2$s %4$s - %10$s, %8$s. %7$s %9$s</string>
  <string name="same_month_mdy1_time1_mdy2_time2">%5$s, %3$s. %2$s %4$s - %10$s, %8$s. %7$s %9$s</string>
  <string name="same_year_wday1_mdy1_time1_wday2_mdy2_time2">%5$s, %1$s %3$s. %2$s %4$s - %10$s, %6$s %8$s. %7$s %9$s</string>
  <string name="same_month_wday1_mdy1_time1_wday2_mdy2_time2">%5$s, %1$s %3$s. %2$s %4$s - %10$s, %6$s %8$s. %7$s %9$s</string>
  <string name="same_month_wday1_mdy1_wday2_mdy2">%1$s %3$s. %2$s %4$s - %6$s %8$s. %7$s %9$s</string>
  <string name="same_month_md1_md2">%3$s.-%8$s. %2$s</string>
  <string name="same_month_wday1_md1_wday2_md2">%1$s %3$s. %2$s - %6$s %8$s. %7$s</string>
  <string name="same_year_mdy1_mdy2">%3$s. %2$s - %8$s. %7$s %9$s</string>
  <string name="same_month_mdy1_mdy2">%3$s.-%8$s. %2$s %9$s</string>
  <string name="same_year_wday1_mdy1_wday2_mdy2">%1$s d. %3$s. %2$s - %6$s d. %8$s. %7$s %9$s</string>
  <string name="short_format_month">%b</string>
  <string name="full_wday_month_day_no_year">EEEE d. MMMM</string>
  <string name="abbrev_wday_month_day_year">EEE d. MMM yyyy</string>
  <string name="common_name_prefixes">Vante navn-endelser</string>
  <string name="common_name_suffixes">Vante navne</string>
  <string name="common_last_name_prefixes">Vante endelser</string>
  <string name="common_name_conjunctions">Skjul alle rettigheder</string>
  <string name="default_text_encoding">Latin-1</string>
  <string name="lock_pattern_view_aspect">Firkant</string>
  <string name="byteShort">b</string>
  <string name="kilobyteShort">Kb</string>
  <string name="megabyteShort">Mb</string>
  <string name="gigabyteShort">Gb</string>
  <string name="terabyteShort">Tb</string>
  <string name="petabyteShort">Pb</string>
  <string name="fileSizeSuffix">%1$s %2$s</string>
  <string name="ellipsis">…</string>
  <string name="mmiError">Forbindelsesproblemer eller ugyldigt MMI-nummer.</string>
  <string name="serviceEnabled">Tjenesten blev aktiveret.</string>
  <string name="serviceEnabledFor">Tjenesten blev aktiveret for:</string>
  <string name="serviceDisabled">Tjenesten er deaktiveret.</string>
  <string name="serviceRegistered">Registreringen er afsluttet.</string>
  <string name="serviceErased">Sletningen er fuldført.</string>
  <string name="passwordIncorrect">Forkert adgangskode.</string>
  <string name="mmiComplete">MMI-nummer afsluttet.</string>
  <string name="badPin">Den gamle PIN-kode, du indtastede, er ikke korrekt.</string>
  <string name="badPuk">Den indtastede PUK-kode er ikke korrekt.</string>
  <string name="mismatchPin">De indtastede PIN-koder stemmer ikke overens.</string>
  <string name="invalidPin">Indtast en PIN-kode på mellem 4 og 8 tal.</string>
  <string name="needPuk">Dit SIM-kort er låst med PUK-koden. Indtast PUK-koden for at låse den op.</string>
  <string name="needPuk2">Indtast PUK2-koden for at låse op for SIM-kortet.</string>
  <string name="ClipMmi">Indgående opkalds-id</string>
  <string name="ClirMmi">Udgående opkalds-id</string>
  <string name="CfMmi">Viderestilling af opkald</string>
  <string name="CwMmi">Ventende opkald</string>
  <string name="BaMmi">Opkaldsspærring</string>
  <string name="PwdMmi">Ændring af adgangskode</string>
  <string name="PinMmi">ændring af PIN-kode</string>
  <string name="CnipMmi">Opkaldsnummeret er til stede</string>
  <string name="CnirMmi">Opkaldsnummeret er begrænset</string>
  <string name="ThreeWCMmi">Trevejsopkald</string>
  <string name="RuacMmi">Afvisning af uønskede, irriterende opkald</string>
  <string name="CndMmi">Levering af opkaldsnummer</string>
  <string name="DndMmi">Forstyr ikke</string>
  <string name="CLIRDefaultOnNextCallOn">Standarder for opkalds-id til begrænset. Næste opkald: Begrænset</string>
  <string name="CLIRDefaultOnNextCallOff">Standarder for opkalds-id til begrænset. Næste opkald: Ikke begrænset</string>
  <string name="CLIRDefaultOffNextCallOn">Standarder for opkalds-id til ikke begrænset. Næste opkald: Begrænset</string>
  <string name="CLIRDefaultOffNextCallOff">Standarder for opkalds-id til ikke begrænset. Næste opkald: Ikke begrænset</string>
  <string name="serviceNotProvisioned">Tjenesten leveres ikke!</string>
  <string name="CLIRPermanent">Indstillingen for opkalds-id kan ikke ændres.</string>
  <string name="RestrictedChangedTitle">Begrænset adgang ændret</string>
  <string name="RestrictedOnData">Datatjenesten er blokeret.</string>
  <string name="RestrictedOnEmergency">Nødtjenesten er blokeret.</string>
  <string name="RestrictedOnNormal">Stemmetjenesten er blokeret.</string>
  <string name="RestrictedOnAllVoice">Alle stemmetjenester er blokerede.</string>
  <string name="RestrictedOnSms">Sms-tjenesten er blokeret.</string>
  <string name="RestrictedOnVoiceData">Stemme-/datatjenester er blokerede.</string>
  <string name="RestrictedOnVoiceSms">Stemme-/sms-tjenester er blokerede.</string>
  <string name="RestrictedOnAll">Alle stemme-/data/sms-tjenester er blokerede.</string>
  <string name="serviceClassVoice">Stemme</string>
  <string name="serviceClassData">Data</string>
  <string name="serviceClassFAX">FAX</string>
  <string name="serviceClassSMS">sms</string>
  <string name="serviceClassDataAsync">Asynkroniser</string>
  <string name="serviceClassDataSync">Synkroniser</string>
  <string name="serviceClassPacket">Pakke</string>
  <string name="serviceClassPAD">PAD</string>
  <string name="roamingText0">Roamingindikator til</string>
  <string name="roamingText1">Roamingindikator fra</string>
  <string name="roamingText2">Roamingindikator blinker</string>
  <string name="roamingText3">Ikke i kvarteret</string>
  <string name="roamingText4">Ikke i bygningen</string>
  <string name="roamingText5">Roaming – Foretrukket system</string>
  <string name="roamingText6">Roaming – Tilgængeligt system</string>
  <string name="roamingText7">Roaming – Alliance Partner</string>
  <string name="roamingText8">Roaming – Premium Partner</string>
  <string name="roamingText9">Roaming – Fuld servicefunktionalitet</string>
  <string name="roamingText10">Roaming – Delvis servicefunktionalitet</string>
  <string name="roamingText11">Roamingbanner til</string>
  <string name="roamingText12">Roamingbanner fra</string>
  <string name="roamingTextSearching">Søger efter tjeneste</string>
  <string name="cfTemplateNotForwarded">{0}: Ikke viderestillet</string>
  <string name="cfTemplateForwarded">{0}: {1}</string>
  <string name="cfTemplateForwardedTime">{0}: {1} efter {2} sekunder</string>
  <string name="cfTemplateRegistered">{0}: Ikke viderestillet</string>
  <string name="cfTemplateRegisteredTime">{0}: Ikke viderestillet</string>
  <string name="fcComplete">Funktionskoden er komplet.</string>
  <string name="fcError">Forbindelsesproblemer eller ugyldig funktionskode.</string>
  <string name="httpErrorOk">OK</string>
  <string name="httpError">Websiden indeholder en fejl.</string>
  <string name="httpErrorLookup">Webadressen kunne ikke findes.</string>
  <string name="httpErrorUnsupportedAuthScheme">Planen for webstedsgodkendelse er ikke understøttet.</string>
  <string name="httpErrorAuth">Godkendelse mislykkedes.</string>
  <string name="httpErrorProxyAuth">Godkendelse via proxyserveren mislykkedes.</string>
  <string name="httpErrorConnect">Der kunne ikke oprettes forbindelse til serveren.</string>
  <string name="httpErrorIO">Serveren kunne ikke kommunikere. Prøv igen senere.</string>
  <string name="httpErrorTimeout">Der opstod timeout for forbindelsen til serveren.</string>
  <string name="httpErrorRedirectLoop">Siden indeholder for mange serveromdirigeringer.</string>
  <string name="httpErrorFailedSslHandshake">Der kunne ikke etableres en sikker forbindelse.</string>
  <string name="httpErrorFile">Der kunne ikke oprettes adgang til filen.</string>
  <string name="httpErrorFileNotFound">Den anmodede fil blev ikke fundet.</string>
  <string name="httpErrorTooManyRequests">Der behandles for mange anmodninger. Prøv igen senere.</string>
  <string name="notification_title">Loginfejl for %1$s</string>
  <string name="contentServiceSync">Synkroniser</string>
  <string name="contentServiceSyncNotificationTitle">Synkroniser</string>
  <string name="contentServiceTooManyDeletesNotificationDesc">For mange %s sletninger</string>
  <string name="low_memory">Telefonens lagerplads er fuld. Slet nogle filer for at frigøre plads.</string>
  <string name="me">Mig</string>
  <string name="power_dialog">Telefonvalgmuligheder</string>
  <string name="silent_mode">Lydløs</string>
  <string name="turn_on_radio">Slå trådløs til</string>
  <string name="turn_off_radio">Slå trådløs fra</string>
  <string name="screen_lock">Skærmlås</string>
  <string name="power_off">Sluk</string>
  <string name="shutdown_progress">Lukker ned ...</string>
  <string name="shutdown_confirm">Din telefon slukkes nu.</string>
  <string name="recent_tasks_title">Seneste</string>
  <string name="no_recent_tasks">Der er ingen nye programmer.</string>
  <string name="global_actions">Indstillinger for telefon</string>
  <string name="global_action_lock">Skærmlås</string>
  <string name="global_action_power_off">Sluk</string>
  <string name="global_action_toggle_silent_mode">Lydløs</string>
  <string name="global_action_silent_mode_on_status">Lyden er slået FRA</string>
  <string name="global_action_silent_mode_off_status">Lyden er TIL</string>
  <string name="global_actions_toggle_airplane_mode">Flytilstand</string>
  <string name="global_actions_airplane_mode_on_status">Flytilstand er TIL</string>
  <string name="global_actions_airplane_mode_off_status">Flytilstand er slået FRA</string>
  <string name="safeMode">Sikker tilstand</string>
  <string name="android_system_label">Android-system</string>
  <string name="permgrouplab_costMoney">Tjenester, der koster dig penge</string>
  <string name="permgroupdesc_costMoney">Tillader, at et program kan gøre ting, som kan koste penge.</string>
  <string name="permgrouplab_messages">Dine beskeder</string>
  <string name="permgroupdesc_messages">Læs og skriv dine sms-, e-mail- og andre beskeder.</string>
  <string name="permgrouplab_personalInfo">Dine personlige oplysninger</string>
  <string name="permgroupdesc_personalInfo">Få direkte adgang til dine kontakter og din kalender, der er gemt på telefonen.</string>
  <string name="permgrouplab_location">Din placering</string>
  <string name="permgroupdesc_location">Overvåg din fysiske placering</string>
  <string name="permgrouplab_network">Netværkskommunikation</string>
  <string name="permgroupdesc_network">Tillader, at programmerne får adgang til forskellige netværksfunktioner.</string>
  <string name="permgrouplab_accounts">Dine konti</string>
  <string name="permgroupdesc_accounts">Få adgang til de tilgængelige konti.</string>
  <string name="permgrouplab_hardwareControls">Hardwarekontroller</string>
  <string name="permgroupdesc_hardwareControls">Direkte adgang til hardware på håndsættet.</string>
  <string name="permgrouplab_phoneCalls">Telefonopkald</string>
  <string name="permgroupdesc_phoneCalls">Overvåg, registrer og behandl telefonopkald.</string>
  <string name="permgrouplab_systemTools">Systemværktøjer</string>
  <string name="permgroupdesc_systemTools">Adgang og kontrol til systemet på lavere niveau.</string>
  <string name="permgrouplab_developmentTools">Udviklingsværktøjer</string>
  <string name="permgroupdesc_developmentTools">Funktioner kun til programudviklere.</string>
  <string name="permgrouplab_storage">Lagring</string>
  <string name="permgroupdesc_storage">Få adgang til SD-kortet.</string>
  <string name="permlab_statusBar">deaktiver eller rediger statuslinje</string>
  <string name="permdesc_statusBar">Tillader, at et program deaktiverer statuslinjen eller tilføjer eller fjerner systemikoner.</string>
  <string name="permlab_expandStatusBar">udvid/skjul statuslinje</string>
  <string name="permdesc_expandStatusBar">Tillader, at et program udvider eller skjuler statuslinjen.</string>
  <string name="permlab_processOutgoingCalls">opfang udgående opkald</string>
  <string name="permdesc_processOutgoingCalls">Tillader, at et program behandler udgående opkald og ændrer det nummer, der ringes til. Ondsindede programmer kan overvåge, omdirigere eller forhindre udgående opkald.</string>
  <string name="permlab_receiveSms">modtag sms</string>
  <string name="permdesc_receiveSms">Tillader, at et program modtager og behandler sms-beskeder. Ondsindede programmer kan overvåge dine beskeder eller slette dem uden at vise dem til dig.</string>
  <string name="permlab_receiveMms">modtag mms</string>
  <string name="permdesc_receiveMms">Tillader, at et program modtager og behandler mms-beskeder. Ondsindede programmer kan overvåge dine beskeder eller slette dem uden at vise dem til dig.</string>
  <string name="permlab_sendSms">send sms-beskeder</string>
  <string name="permdesc_sendSms">Tillader, at et program at sender sms-beskeder. Ondsindede programmer kan eventuelt koste dig penge ved at sende beskeder uden din bekræftelse.</string>
  <string name="permlab_readSms">læs sms eller mms</string>
  <string name="permdesc_readSms">Tillader, at et program læser sms-beskeder, der er gemt på din telefon eller dit SIM-kort. Ondsindede programmer kan eventuelt læse dine fortrolige beskeder.</string>
  <string name="permlab_writeSms">rediger sms eller mms</string>
  <string name="permdesc_writeSms">Tillader, at et program skriver i sms-beskeder, der er gemt på din telefon eller dit SIM-kort. Ondsindede programmer kan eventuelt slette dine beskeder.</string>
  <string name="permlab_receiveWapPush">modtag WAP</string>
  <string name="permdesc_receiveWapPush">Tillader, at et program modtager og behandler WAP-beskeder. Ondsindede programmer kan overvåge dine beskeder eller slette dem uden at vise dem til dig.</string>
  <string name="permlab_getTasks">hent kørende programmer</string>
  <string name="permdesc_getTasks">Tillader, at et program henter oplysninger om nuværende og for nyligt kørende opgaver. Tillader, at eventuelt ondsindede programmer finder private oplysninger om andre programmer.</string>
  <string name="permlab_reorderTasks">omorganiser kørende programmer</string>
  <string name="permdesc_reorderTasks">Tillader, at et program flytter opgaver til forgrunden og baggrunden. Ondsindede programmer kan tvinge dem selv til forgrunden uden din kontrol.</string>
  <string name="permlab_setDebugApp">aktiver programfejlretning</string>
  <string name="permdesc_setDebugApp">Tillader, at et program slår fejlretning af andet program til. Ondsindede programmer kan bruge dette til at standse andre programmer.</string>
  <string name="permlab_changeConfiguration">skift indstillinger for brugergrænsefladen</string>
  <string name="permdesc_changeConfiguration">Tillader, at et program ændrer den nuværende konfiguration, f.eks. den lokale eller overordnede skrifttypestørrelse.</string>
  <string name="permlab_enableCarMode">aktivere biltilstand</string>
  <string name="permdesc_enableCarMode">Tillader et program at aktivere biltilstand.</string>
  <string name="permlab_killBackgroundProcesses">standse baggrundsprocesser</string>
  <string name="permdesc_killBackgroundProcesses">Tillader et program at standse andre programmers baggrundsprocesser, selvom der ikke er mangel på hukommelse.</string>
  <string name="permlab_forceStopPackages">tvangsstandse andre programmer</string>
  <string name="permdesc_forceStopPackages">Tillader, at et program tvangsstopper andre programmer.</string>
  <string name="permlab_forceBack">tving programmet til at lukke</string>
  <string name="permdesc_forceBack">Tillader, at et program tvinger alle programmer, der er i forgrunden, til at lukke og køre i baggrunden. Bør aldrig være nødvendigt til normale programmer.</string>
  <string name="permlab_dump">hent intern systemtilstand</string>
  <string name="permdesc_dump">Tillader, at et program henter systemets interne tilstand. Ondsindede programmer kan hente en række private og sikre oplysninger, som de normalt aldrig bør have brug for.</string>
  <string name="permlab_shutdown">delvis lukning</string>
  <string name="permdesc_shutdown">Sætter aktivitetsadministratoren i lukningstilstand. Lukker ikke helt ned.</string>
  <string name="permlab_stopAppSwitches">undgå programskift</string>
  <string name="permdesc_stopAppSwitches">Forhindrer brugeren i at skifte til et andet program.</string>
  <string name="permlab_runSetActivityWatcher">overvåg og kontroller start af alle programmer</string>
  <string name="permdesc_runSetActivityWatcher">Tillader, at et program overvåger og kontrollerer, hvordan systemet starter aktiviteter. Ondsindede programmer kan fuldstændig kompromittere systemet. Denne tilladelse er kun nødvendig til udvikling, aldrig til normal telefonbrug.</string>
  <string name="permlab_broadcastPackageRemoved">send udsendelse om fjernet pakke</string>
  <string name="permdesc_broadcastPackageRemoved">Tillader, at et program udsender en meddelelse om, at en programpakke er fjernet. Ondsindede programmer kan bruge dette til at afslutte et andet kørende program.</string>
  <string name="permlab_broadcastSmsReceived">send sms-modtaget udsendelse</string>
  <string name="permdesc_broadcastSmsReceived">Tillader, at et program udsender en meddelelse om, at der er modtaget en sms-besked. Ondsindede programmer kan eventuelt bruge dette til at forfalske indgående sms-beskeder.</string>
  <string name="permlab_broadcastWapPush">send WAP-PUSH-modtaget udsendelse</string>
  <string name="permdesc_broadcastWapPush">Tillader, at et program udsender en meddelelse om, at der er modtaget en WAP PUSH-besked. Ondsindede programmer kan eventuelt bruge dette til at forfalske modtagelse af mms-besked eller i det skjulte erstatte indholdet på alle websider med ondsindede varianter.</string>
  <string name="permlab_setProcessLimit">begræns antallet af kørende processer</string>
  <string name="permdesc_setProcessLimit">Tillader, at et program kontrollerer det maksimale antal processer, der kan køre. Er aldrig nødvendigt til normale programmer.</string>
  <string name="permlab_setAlwaysFinish">få alle baggrundsprogrammer til at lukke</string>
  <string name="permdesc_setAlwaysFinish">Tillader, at et program kontrollerer, om aktiviteter altid afsluttes, så snart de går i baggrunden. Aldrig nødvendigt til normale programmer.</string>
  <string name="permlab_batteryStats">rediger batteristatistikker</string>
  <string name="permdesc_batteryStats">Tillader ændring af indsamlede batteristatistikker. Ikke til brug for normale programmer.</string>
  <string name="permlab_backup">kontroller sikkerhedskopiering af system, og gendan</string>
  <string name="permdesc_backup">Tillader, at et program kontrollerer systemets sikkerhedskopierings- og gendannelsesfunktion. Ikke til brug til normale programmer.</string>
  <string name="permlab_internalSystemWindow">vis uautoriserede vinduer</string>
  <string name="permdesc_internalSystemWindow">Tillader oprettelse af vinduer, der er beregnet til at blive brugt af den interne systembrugergrænseflade. Ikke til brug for normale programmer.</string>
  <string name="permlab_systemAlertWindow">vis underretninger på systemniveau</string>
  <string name="permdesc_systemAlertWindow">Tillader, at et program viser vinduer med systemunderretninger. Ondsindede programmer kan overtage hele telefonens skærm.</string>
  <string name="permlab_setAnimationScale">rediger global animationshastighed</string>
  <string name="permdesc_setAnimationScale">Tillader, at et program altid kan ændre den globale animationshastighed (hurtigere eller langsommere animationer).</string>
  <string name="permlab_manageAppTokens">administrer programtokens</string>
  <string name="permdesc_manageAppTokens">Tillader, at programmet opretter og administrerer sine egen tokens og gå uden om sin normale Z-rækkefølge. Bør aldrig være nødvendigt til normale programmer.</string>
  <string name="permlab_injectEvents">tryk på taster og kontrolknapper</string>
  <string name="permdesc_injectEvents">Tillader, at et program leverer sine egne inputbegivenheder (tastetryk osv.) til andre programmer. Ondsindede programmer kan bruge dette til at overtage telefonen.</string>
  <string name="permlab_readInputState">registrerer, hvad du indtaster, og hvilke handlinger du foretager dig</string>
  <string name="permdesc_readInputState">Tillader, at et program registrerer taster, du trykker på, selv når du interagerer med andre programmer (f.eks. ved indtastning af adgangskode). Bør aldrig være nødvendigt til normale programmer.</string>
  <string name="permlab_bindInputMethod">forpligt til en inputmetode</string>
  <string name="permdesc_bindInputMethod">Tillader, at brugeren forpligter sig til en inputmetodes grænseflade på øverste niveau. Bør aldrig være nødvendig til normale programmer.</string>
  <string name="permlab_bindWallpaper">forpligt til et tapet</string>
  <string name="permdesc_bindWallpaper">Tillader, at brugeren forpligter sig til et tapets grænseflade på øverste niveau. Bør aldrig være nødvendig til normale programmer.</string>
  <string name="permlab_bindDeviceAdmin">kommunikere med en enhedsadministrator</string>
  <string name="permdesc_bindDeviceAdmin">Tillader brugeren at sende hensigter til en enhedsadministrator. Bør aldrig være nødvendigt for almindelige programmer.</string>
  <string name="permlab_setOrientation">skift skærmretning</string>
  <string name="permdesc_setOrientation">Tillader, at et program ændrer rotationen af skærmen når som helst. Bør aldrig være nødvendigt til normale programmer.</string>
  <string name="permlab_signalPersistentProcesses">send Linux-signaler til programmer</string>
  <string name="permdesc_signalPersistentProcesses">Tillader, at programmet kan anmode om, at det leverede signal sendes til alle vedholdende processer.</string>
  <string name="permlab_persistentActivity">lad altid programmet køre</string>
  <string name="permdesc_persistentActivity">Tillader, at et program gør dele af sig selv vedholdende, så systemet ikke kan bruge det til andre programmer.</string>
  <string name="permlab_deletePackages">slet programmer</string>
  <string name="permdesc_deletePackages">Tillader, at et program sletter Android-pakker. Ondsindede programmer kan bruge dette til at slette vigtige programmer.</string>
  <string name="permlab_clearAppUserData">slet andre programmers data</string>
  <string name="permdesc_clearAppUserData">Tillader, at et program rydder brugerdata.</string>
  <string name="permlab_deleteCacheFiles">slet andre programmers cacher</string>
  <string name="permdesc_deleteCacheFiles">Tillader, at et program sletter cachefiler.</string>
  <string name="permlab_getPackageSize">vis programmets lagerplads</string>
  <string name="permdesc_getPackageSize">Tillader, at et program henter sin kode, data og cachestørrelser</string>
  <string name="permlab_installPackages">installer programmer direkte</string>
  <string name="permdesc_installPackages">Tillader, at et program installerer nye eller opdaterede Android-pakker. Ondsindede programmer kan bruge dette til at tilføje nye programmer med vilkårlige, effektive tilladelser.</string>
  <string name="permlab_clearAppCache">slet alle cachedata for programmet</string>
  <string name="permdesc_clearAppCache">Tillader, at et program frigør plads på telefonen ved at slette filer i programmets cachemappe. Adgang er normalt meget begrænset til systemprocesser.</string>
  <string name="permlab_movePackage">Flyt programressourcer</string>
  <string name="permdesc_movePackage">Tillader, at et program flytter programressourcer fra interne til eksterne medier og omvendt.</string>
  <string name="permlab_readLogs">læs systemlogfiler</string>
  <string name="permdesc_readLogs">Tillader, at et program læser fra systemets forskellige logfiler. Dermed kan generelle oplysninger om, hvad du laver med telefonen, registreres, men logfilerne bør ikke indeholde personlige eller private oplysninger.</string>
  <string name="permlab_diagnostic">læs/skriv til ressourcer ejet af diag</string>
  <string name="permdesc_diagnostic">Tillader, at et program læser og skriver til alle ressourcer, der ejes af diag-gruppen, som f.eks. flier i /dev. Dette kan muligvis påvirke systemets stabilitet og sikkerhed. Dette bør KUN bruges til hardwarespecifikke diagnosticeringer foretaget af producent eller udbyder.</string>
  <string name="permlab_changeComponentState">aktiver eller deaktiver programkomponenter</string>
  <string name="permdesc_changeComponentState">Tillader, at et program ændrer, om en komponent fra et andet program er aktiveret eller ej. Ondsindede programmer kan bruge dette til at deaktivere vigtige telefonfunktioner. Denne tilladelse skal anvendes med forsigtighed, da det kan forårsage ubrugelige, inkonsekvente eller ustabile programkomponenter.</string>
  <string name="permlab_setPreferredApplications">angiv foretrukne programmer</string>
  <string name="permdesc_setPreferredApplications">Tillader, at et program ændrer dine foretrukne programmer. Dette kan medføre, at ondsindede programmer ændrer kørende programmer i det skjulte og narrer dine eksisterende programmer til at indsamle personlige oplysninger fra dig.</string>
  <string name="permlab_writeSettings">rediger globale systemindstillinger</string>
  <string name="permdesc_writeSettings">Tillader, at et program ændrer systemets indstillingsdata. Ondsindede programmer kan skade systemets konfiguration.</string>
  <string name="permlab_writeSecureSettings">rediger sikre systemindstillinger</string>
  <string name="permdesc_writeSecureSettings">Tillader, at et program ændrer systemernes sikre indstillingsdata. Ikke til brug til almindelige programmer.</string>
  <string name="permlab_writeGservices">rediger kortet over Google-tjenester</string>
  <string name="permdesc_writeGservices">Tillader, at et program ændrer kortet over Google-tjenester. Ikke til brug til normale programmer.</string>
  <string name="permlab_receiveBootCompleted">start automatisk ved opstart</string>
  <string name="permdesc_receiveBootCompleted">Tillader, at et program starter selv, når systemet er færdig med at starte. Dette kan gøre startem af telefonen langsommere og generelt gøre telefonen langsommere ved altid at lade programmet køre.</string>
  <string name="permlab_broadcastSticky">send klæbende udsendelse</string>
  <string name="permdesc_broadcastSticky">Tillader, at et program sender klæbende udsendelser, der bliver tilbage, efter udsendelsen er slut. Ondsindede programmer kan gøre telefonen langsom eller ustabil ved at få den til at bruge for meget hukommelse.</string>
  <string name="permlab_readContacts">læs kontaktdata</string>
  <string name="permdesc_readContacts">Tillader, at et program læser alle kontaktdata (adresser), der er gemt på din telefon. Ondsindede programmer kan bruge dette til at sende dine data til andre mennesker.</string>
  <string name="permlab_writeContacts">skriv kontaktdata</string>
  <string name="permdesc_writeContacts">Tillader, at et program ændrer kontaktdata (adresser), der er gemt på din telefon. Ondsindede programmer kan bruge dette til at slette eller ændre kontaktdata.</string>
  <string name="permlab_writeOwnerData">skriv ejerdata</string>
  <string name="permdesc_writeOwnerData">Tillader, at et program ændrer rtelefonens ejerdata, der er gemt på din telefon. Ondsindede programmer kan bruge dette til at slette eller ændre ejerdata.</string>
  <string name="permlab_readOwnerData">læs ejerdata</string>
  <string name="permdesc_readOwnerData">Tillader, at et program læser telefonens ejerdata, der er gemt på din telefon. Ondsindede programmer kan bruge dette til at læse ejerdata.</string>
  <string name="permlab_readCalendar">læs kalenderbegivenheder</string>
  <string name="permdesc_readCalendar">Tillader, at et program læser alle kalenderbegivenheder, der er gemt på din telefon. Ondsindede programmer kan bruge dette til at sende dine kalenderbegivenheder til andre mennesker.</string>
  <string name="permlab_writeCalendar">tilføj eller rediger kalenderbegivenheder, og send e-mail til gæster</string>
  <string name="permdesc_writeCalendar">Tillader, at et program tilføjer eller ændrer begivenhederne i din kalender, hvilket kan sende e-mail til gæster. Ondsindede programmer kan bruge dette til at slette eller ændre dine kalenderbegivenheder eller til at sende e-mail til gæster.</string>
  <string name="permlab_accessMockLocation">imiterede placeringskilder til test</string>
  <string name="permdesc_accessMockLocation">Opret imiterede placeringskilder til testning. Ondsindede programmer kan bruge dette til at tilsidesætte den returnerede placering og/eller status fra rigtige placeringskilder som f.eks. GPS eller netværksudbydere.</string>
  <string name="permlab_accessLocationExtraCommands">få adgang til yderligere kommandoer for placeringsudbyder</string>
  <string name="permdesc_accessLocationExtraCommands">Få adgang til ekstra kommandoer fra placeringsudbyder. Ondsindede programmer kan bruge dette til at gribe ind i driften af GPS\'en eller andre placeringskilder.</string>
  <string name="permlab_installLocationProvider">tilladelse til at installere en placeringsudbyder</string>
  <string name="permdesc_installLocationProvider">Opret imiterede placeringskilder til testning. Ondsindede programmer kan bruge dette til at tilsidesætte den returnerede placering og/eller status fra rigtige placeringskilder som f.eks. GPS eller netværksudbydere eller til at overvåge og rapportere din placering til en ekstern kilde.</string>
  <string name="permlab_accessFineLocation">fin (GPS) placering</string>
  <string name="permdesc_accessFineLocation">Få adgang til gode placeringskilder, som f.eks. Global Positioning System på telefonen, når det er tilgængeligt. Ondsindede programmer kan bruge dette til at finde ud af, hvor du er og kan eventuelt bruge yderligere batterikapacitet.</string>
  <string name="permlab_accessCoarseLocation">grov (netværksbaseret) placering</string>
  <string name="permdesc_accessCoarseLocation">Få adgang til grove placeringskilder som f.eks. den mobile netværksdatabase for at finde en omtrentlig placering for telefonen, hvor det er muligt. Ondsindede programmer kan bruge dette til at finde ud af, hvor du omtrent er.</string>
  <string name="permlab_accessSurfaceFlinger">få adgang til SurfaceFlinger</string>
  <string name="permdesc_accessSurfaceFlinger">Tillader, at et program bruger SurfaceFlinger-funktioner på lavt niveau.</string>
  <string name="permlab_readFrameBuffer">læs rammebuffer</string>
  <string name="permdesc_readFrameBuffer">Tillader, at et program læser indholdet fra rammebufferen.</string>
  <string name="permlab_modifyAudioSettings">skift dine lydindstillinger</string>
  <string name="permdesc_modifyAudioSettings">Tillader, at et program ændrer globale lydindstillinger som f.eks. lydstyrke og kanalisering.</string>
  <string name="permlab_recordAudio">optag lyd</string>
  <string name="permdesc_recordAudio">Tillader, at et program får adgang til lydregistreringsstien.</string>
  <string name="permlab_camera">tag billeder</string>
  <string name="permdesc_camera">Tillader, at programmet tager billeder med kameraet. Dette giver programmet mulighed for altid at indsamle de billeder, kameraet ser.</string>
  <string name="permlab_brick">deaktiver telefonen permanent</string>
  <string name="permdesc_brick">Tillader, at programmet deaktiverer hele telefonen permanent. Dette er meget farligt.</string>
  <string name="permlab_reboot">tving telefon til at genstarte</string>
  <string name="permdesc_reboot">Tillader, at programmet tvinger telefonen til at genstarte.</string>
  <string name="permlab_mount_unmount_filesystems">monter eller demonter filsystemer</string>
  <string name="permdesc_mount_unmount_filesystems">Tillader, at programmet monterer eller demonterer filsystemer til flytbar lagring.</string>
  <string name="permlab_mount_format_filesystems">formater ekstern lagring</string>
  <string name="permdesc_mount_format_filesystems">Tillader, at et program formaterer flytbart lager.</string>
  <string name="permlab_asec_access">hente oplysninger om sikkert lager</string>
  <string name="permdesc_asec_access">Tillader programmet at få oplysninger om sikkert lager.</string>
  <string name="permlab_asec_create">opret sikkert lager</string>
  <string name="permdesc_asec_create">Tillader programmet at oprette sikkert lager.</string>
  <string name="permlab_asec_destroy">ødelægge sikkert lager</string>
  <string name="permdesc_asec_destroy">Tillader programmet at ødelægge sikkert lager.</string>
  <string name="permlab_asec_mount_unmount">montere/demontere sikkert lager</string>
  <string name="permdesc_asec_mount_unmount">Tillader programmet at montere/demontere sikkert lager.</string>
  <string name="permlab_asec_rename">omdøbe sikkert lager</string>
  <string name="permdesc_asec_rename">Tillader programmet at omdøbe sikkert lager.</string>
  <string name="permlab_vibrate">kontroller vibrator</string>
  <string name="permdesc_vibrate">Lader programmet kontrollere vibratoren.</string>
  <string name="permlab_flashlight">kontroller lommelygte</string>
  <string name="permdesc_flashlight">Tillader, at programmet kontrollerer lommelygten.</string>
  <string name="permlab_hardware_test">test hardware</string>
  <string name="permdesc_hardware_test">Tillader, at et program kontrollerer forskellige perifere enheder for at teste hardwaren.</string>
  <string name="permlab_callPhone">ring direkte op til telefonnumre</string>
  <string name="permdesc_callPhone">Tillader, at programmet ringer til telefonnumre uden din indgriben. Ondsindede programmer kan forårsage uventede opkald på din telefonregning. Vær opmærksom på, at programmet ikke kan ringe til nødnumre.</string>
  <string name="permlab_callPrivileged">ring direkte op til alle telefonnumre</string>
  <string name="permdesc_callPrivileged">Tillader, at programmet ringer til alle telefonnumre inklusive nødnumre uden din indgriben. Ondsindede programmer kan eventuelt foretage unødvendige og ulovlige opkald til nødtjenester.</string>
  <string name="permlab_performCdmaProvisioning">start CDMA-telefonopsætning direkte</string>
  <string name="permdesc_performCdmaProvisioning">Tillader, at programmet starter CDMA-levering. Ondsindede programmer kan starte unødvendig CDMA-levering</string>
  <string name="permlab_locationUpdates">kontroller meddelelser om placeringsopdatering</string>
  <string name="permdesc_locationUpdates">Tillader aktivering/deaktivering af placeringsdata fra radioen. Ikke til brug til normale programmer.</string>
  <string name="permlab_checkinProperties">egenskaber for adgangskontrol</string>
  <string name="permdesc_checkinProperties">Tillader læse/skrive-adgang til egenskaber, der er uploadet af kontroltjenesten. Ikke til brug til normale programmer.</string>
  <string name="permlab_bindGadget">vælg widgets</string>
  <string name="permdesc_bindGadget">Tillader, at programmet fortæller systemet, hvilke widgets der kan bruges af hvilke programmer. Med denne tilladelse kan programmer give adgang til personlige oplysninger til andre programmer. Ikke til brug til normale programmer.</string>
  <string name="permlab_modifyPhoneState">rediger telefontilstand</string>
  <string name="permdesc_modifyPhoneState">Tillader, at programmet kontrollerer enhedens telefonfunktioner. Et program med denne tilladelse kan skifte netværk, slå telefonens radio til og fra og lignende uden nogensinde at informere dig.</string>
  <string name="permlab_readPhoneState">læs telefontilstand og identitet</string>
  <string name="permdesc_readPhoneState">Tillader, at programmet får adgang til enhedens telefonfunktioner. Et program kan med denne tilladelse registrere denne telefons telefon- og serienummer, om et opkald er aktivt, nummeret som det opkald er forbundet til osv.</string>
  <string name="permlab_wakeLock">afhold telefonen fra at gå i dvale</string>
  <string name="permdesc_wakeLock">Tillader, at et program forhindrer telefonen i at gå i dvale.</string>
  <string name="permlab_devicePower">tænd eller sluk for telefonen</string>
  <string name="permdesc_devicePower">Tillader, at programmet slukker og tænder telefonen.</string>
  <string name="permlab_factoryTest">kør i fabriksindstillet testtilstand</string>
  <string name="permdesc_factoryTest">Kør som en producenttest på lavt niveau. Giver fuld adgang til telefonens hardware. Kun tilgængeligt når en telefon kører i producenttesttilstand.</string>
  <string name="permlab_setWallpaper">angiv tapet</string>
  <string name="permdesc_setWallpaper">Tillader, at programmet opsætter systemets tapet.</string>
  <string name="permlab_setWallpaperHints">opsæt tip til tapetstørrelse</string>
  <string name="permdesc_setWallpaperHints">Tillader, at programmet opsætter størrelsestip for systemets tapet.</string>
  <string name="permlab_masterClear">nulstil system til fabriksstandarder</string>
  <string name="permdesc_masterClear">Tillader, at et program nulstiller systemet fuldstændig til fabriksindstillingerne, sletter alle data, konfigurationer og installerede programmer.</string>
  <string name="permlab_setTime">angive tid</string>
  <string name="permdesc_setTime">Tillader, at et program ændrer telefonens klokkeslæt.</string>
  <string name="permlab_setTimeZone">angiv tidszone</string>
  <string name="permdesc_setTimeZone">Tillader, at et program ændrer telefonens tidszone.</string>
  <string name="permlab_accountManagerService">fungerer som kontoadministrationstjeneste</string>
  <string name="permdesc_accountManagerService">Tillader, at et program foretager opkald til kontogodkendere</string>
  <string name="permlab_getAccounts">registrer kendte konti</string>
  <string name="permdesc_getAccounts">Tillader, at et program henter listen over konti, der er kendt af telefonen.</string>
  <string name="permlab_authenticateAccounts">fungerer som en kontogodkender</string>
  <string name="permdesc_authenticateAccounts">Tillader, at et program bruger kontoadministratorens kontogodkendelsesegenskaber, bl.a. oprettelse af konti samt hentning og indstilling af deres adgangskoder.</string>
  <string name="permlab_manageAccounts">administrer kontolisten</string>
  <string name="permdesc_manageAccounts">Tillader, at et program foretager handlinger, f.eks. at tilføje og fjerne konti samt slette sin adgangskode.</string>
  <string name="permlab_useCredentials">brug en kontos godkendelsesoplysninger</string>
  <string name="permdesc_useCredentials">Tillader, at et program anmoder om godkendelsestokens</string>
  <string name="permlab_accessNetworkState">vis netværkstilstand</string>
  <string name="permdesc_accessNetworkState">Tillader, at et program viser tilstanden for alle netværk.</string>
  <string name="permlab_createNetworkSockets">fuld internetadgang</string>
  <string name="permdesc_createNetworkSockets">Tillader, at et program opretter netværks-sockets.</string>
  <string name="permlab_writeApnSettings">skriv indstillinger for adgangspunktnavn</string>
  <string name="permdesc_writeApnSettings">Tillader, at et program ændrer APN-indstillingerne, f.eks. enhver APNs Proxy og Port.</string>
  <string name="permlab_changeNetworkState">skift netværksforbindelse</string>
  <string name="permdesc_changeNetworkState">Tillader, at et program ændrer netværksforbindelsens tilstand.</string>
  <string name="permlab_changeTetherState">Skift tethering-forbindelse</string>
  <string name="permdesc_changeTetherState">Tillader, at et program ændrer tilstand for et bundet netværk.</string>
  <string name="permlab_changeBackgroundDataSetting">skift brugerindstilling for baggrundsdata</string>
  <string name="permdesc_changeBackgroundDataSetting">Tillader, at et program ændrer brugerindstillingerne for baggrundsdata.</string>
  <string name="permlab_accessWifiState">vis Wi-Fi-tilstand</string>
  <string name="permdesc_accessWifiState">Tillader, at et program viser oplysninger om Wi-Fi-tilstanden.</string>
  <string name="permlab_changeWifiState">skift Wi-Fi-tilstand</string>
  <string name="permdesc_changeWifiState">Tillader, at et program opretter og afbryder forbindelsen fra Wi-Fi-adgangspunkter og foretager ændringer i konfigurerede Wi-Fi-netværk.</string>
  <string name="permlab_changeWifiMulticastState">tillad Wi-Fi-multicastmodtagelse</string>
  <string name="permdesc_changeWifiMulticastState">Tillader, at et program modtager pakker, der ikke er direkte adresseret til din enhed. Dette kan være nyttigt, hvis du finder tjenester, der tilbydes i nærheden. Det bruger mere strøm end multicasttilstanden.</string>
  <string name="permlab_bluetoothAdmin">bluetooth-administration</string>
  <string name="permdesc_bluetoothAdmin">Tillader, at et program konfigurerer den lokale Bluetooth-telefon samt opdager og parrer med fjerne enheder.</string>
  <string name="permlab_bluetooth">opret Bluetooth-forbindelser</string>
  <string name="permdesc_bluetooth">Tillader, at et program viser konfigurationen af den lokale Bluetooth-telefon samt opretter og accepterer forbindelse med parrede enheder.</string>
  <string name="permlab_disableKeyguard">deaktiver tastaturlås</string>
  <string name="permdesc_disableKeyguard">Tillader, at et program deaktiverer tastaturlåsen og al associeret adgangskodesikkerhed. Et legitimt eksempel på dette er, at telefonen deaktiverer tastaturlåsen, når der modtages et indgående telefonopkald, og genaktiverer tastaturlåsen, når opkaldet er afsluttet.</string>
  <string name="permlab_readSyncSettings">læs indstillinger for synkronisering</string>
  <string name="permdesc_readSyncSettings">Tillader, at et program læser synkroniseringsindstillingerne, f.eks. om kontakter skal synkroniseres.</string>
  <string name="permlab_writeSyncSettings">skriv indstillinger for synkronisering</string>
  <string name="permdesc_writeSyncSettings">Tillader, at et program ændrer indstillingerne for synkronisering, f.eks. kontakter skal synkroniseres.</string>
  <string name="permlab_readSyncStats">læs synkroniseringsstatistikker</string>
  <string name="permdesc_readSyncStats">Tillader, at et program læser synkroniseringsstatistikker, f.eks. oversigten over forrige synkroniseringer.</string>
  <string name="permlab_subscribedFeedsRead">læs abonnerede feeds</string>
  <string name="permdesc_subscribedFeedsRead">Tillader, at et program får detaljer om de aktuelt synkroniserede feeds.</string>
  <string name="permlab_subscribedFeedsWrite">skriv abonnerede feeds</string>
  <string name="permdesc_subscribedFeedsWrite">Tillader, at et program ændrer dine aktuelle synkroniserede feeds. Dette kan muligvis lade et ondsindet program ændre dine synkroniserede feeds.</string>
  <string name="permlab_readDictionary">læs brugerdefineret ordbog</string>
  <string name="permdesc_readDictionary">Tillader, at et program læser alle private ord, navne og sætninger, som brugeren eventuelt har gemt i brugerordbogen.</string>
  <string name="permlab_writeDictionary">skriv til den brugerdefinerede ordbog</string>
  <string name="permdesc_writeDictionary">Tillader, at et program skriver nye ord i brugerordbogen.</string>
  <string name="permlab_sdcardWrite">ret/slet indholdet på SD-kortet</string>
  <string name="permdesc_sdcardWrite">Tillader, at et program skriver til SD-kortet.</string>
  <string name="permlab_cache_filesystem">få adgang til cache-filsystemet</string>
  <string name="permdesc_cache_filesystem">Tillader, at et program læser og skriver til cache-filsystemet.</string>
  <string name="policylab_limitPassword">Begræns adgangskode</string>
  <string name="policydesc_limitPassword">Begræns de adgangskodetyper, du har tilladelse til at bruge.</string>
  <string name="policylab_watchLogin">Vis forsøg på at logge ind</string>
  <string name="policydesc_watchLogin">Overvåg mislykkede forsøg på at logge ind på enheden for at foretage en handling.</string>
  <string name="policylab_resetPassword">Nulstil adgangskode</string>
  <string name="policydesc_resetPassword">Tving din adgangskode til en ny værdi. Dette kræver, at administratoren giver den til dig, før du kan kogge ind.</string>
  <string name="policylab_forceLock">Tvangslås</string>
  <string name="policydesc_forceLock">Kontrol når enheden låses, så du skal indtaste adgangskoden igen.</string>
  <string name="policylab_wipeData">Slet alle data</string>
  <string name="policydesc_wipeData">Foretag en fabriksnulstilling, der sletter alle dine data uden bekræftelse.</string>
  <string name="phoneTypeCustom">Tilpasset</string>
  <string name="phoneTypeHome">Hjem</string>
  <string name="phoneTypeMobile">Mobil</string>
  <string name="phoneTypeWork">Arbejde</string>
  <string name="phoneTypeFaxWork">Arbejdsfax</string>
  <string name="phoneTypeFaxHome">Hjemmefax</string>
  <string name="phoneTypePager">Personsøger</string>
  <string name="phoneTypeOther">Andre</string>
  <string name="phoneTypeCallback">Tilbagekald</string>
  <string name="phoneTypeCar">Bil</string>
  <string name="phoneTypeCompanyMain">Virksomhed (hovednummer)</string>
  <string name="phoneTypeIsdn">ISDN</string>
  <string name="phoneTypeMain">Hoved</string>
  <string name="phoneTypeOtherFax">Andre faxbeskeder</string>
  <string name="phoneTypeRadio">Radio</string>
  <string name="phoneTypeTelex">Telex</string>
  <string name="phoneTypeTtyTdd">TTY TDD</string>
  <string name="phoneTypeWorkMobile">Arbejdsmobiltelefon</string>
  <string name="phoneTypeWorkPager">Personsøger</string>
  <string name="phoneTypeAssistant">Assistent</string>
  <string name="phoneTypeMms">mms</string>
  <string name="eventTypeBirthday">Fødselsdato</string>
  <string name="eventTypeAnniversary">Årsdag</string>
  <string name="eventTypeOther">Begivenhed</string>
  <string name="emailTypeCustom">Tilpasset</string>
  <string name="emailTypeHome">Hjem</string>
  <string name="emailTypeWork">Arbejde</string>
  <string name="emailTypeOther">Andre</string>
  <string name="emailTypeMobile">Mobil</string>
  <string name="postalTypeCustom">Tilpasset</string>
  <string name="postalTypeHome">Hjem</string>
  <string name="postalTypeWork">Arbejde</string>
  <string name="postalTypeOther">Andre</string>
  <string name="imTypeCustom">Tilpasset</string>
  <string name="imTypeHome">Hjem</string>
  <string name="imTypeWork">Arbejde</string>
  <string name="imTypeOther">Andre</string>
  <string name="imProtocolCustom">Tilpasset</string>
  <string name="imProtocolAim">AIM</string>
  <string name="imProtocolMsn">Windows Live</string>
  <string name="imProtocolYahoo">Yahoo</string>
  <string name="imProtocolSkype">Skype</string>
  <string name="imProtocolQq">QQ</string>
  <string name="imProtocolGoogleTalk">Google Talk</string>
  <string name="imProtocolIcq">ICQ</string>
  <string name="imProtocolJabber">Jabber</string>
  <string name="imProtocolNetMeeting">Netmeeting</string>
  <string name="orgTypeWork">Arbejde</string>
  <string name="orgTypeOther">Andre</string>
  <string name="orgTypeCustom">Tilpasset</string>
  <string name="contact_status_update_attribution">via %1$s</string>
  <string name="contact_status_update_attribution_with_date">%1$s via %2$s</string>
  <string name="keyguard_password_enter_pin_code">Indtast PIN-kode</string>
  <string name="keyguard_password_enter_password_code">Indtast adgangskode for at låse op</string>
  <string name="keyguard_password_wrong_pin_code">Forkert PIN-kode!</string>
  <string name="keyguard_label_text">Tryk på Menu og dernæst på 0 for at låse op.</string>
  <string name="emergency_call_dialog_number_for_display">Nødnummer</string>
  <string name="lockscreen_carrier_default">(Ingen tjeneste)</string>
  <string name="lockscreen_screen_locked">Skærmen er låst.</string>
  <string name="lockscreen_instructions_when_pattern_enabled">Tryk på Menu for at låse op eller foretage et nødopkald.</string>
  <string name="lockscreen_instructions_when_pattern_disabled">Tryk på Menu for at låse op.</string>
  <string name="lockscreen_pattern_instructions">Tegn oplåsningsmønster</string>
  <string name="lockscreen_emergency_call">Nødopkald</string>
  <string name="lockscreen_return_to_call">Tilbage til opkald</string>
  <string name="lockscreen_pattern_correct">Rigtigt!</string>
  <string name="lockscreen_pattern_wrong">Beklager! Prøv igen</string>
  <string name="lockscreen_plugged_in">Oplader (%d%%)</string>
  <string name="lockscreen_charged">Opladt.</string>
  <string name="lockscreen_battery_short">%d %%</string>
  <string name="lockscreen_low_battery">Tilslut din oplader.</string>
  <string name="lockscreen_missing_sim_message_short">Der er ikke noget SIM-kort.</string>
  <string name="lockscreen_missing_sim_message">Der er ikke noget SIM-kort i telefonen.</string>
  <string name="lockscreen_missing_sim_instructions">Indsæt et SIM-kort.</string>
  <string name="emergency_calls_only">Kun nødopkald</string>
  <string name="lockscreen_network_locked_message">Netværket er låst</string>
  <string name="lockscreen_sim_puk_locked_message">SIM-kortet er låst med PUK-koden.</string>
  <string name="lockscreen_sim_puk_locked_instructions">Se brugervejledningen, eller kontakt kundeservice.</string>
  <string name="lockscreen_sim_locked_message">SIM-kortet er låst.</string>
  <string name="lockscreen_sim_unlock_progress_dialog_message">Låser SIM-kortet op ...</string>
  <string name="lockscreen_too_many_failed_attempts_dialog_message">Du har tegnet dit oplåsningsmønster forkert %d gange. \n\nPrøv igen om %d sekunder.</string>
  <string name="lockscreen_failed_attempts_almost_glogin">Du har tegnet dit oplåsningsmønster forkert %d gange. Efter %d forsøg mere vil du blive bedt om at låse din telefon op ved hjælp af dit Google-login\n\n Prøv igen om %d sekunder.</string>
  <string name="lockscreen_too_many_failed_attempts_countdown">Prøv igen om %d sekunder.</string>
  <string name="lockscreen_forgot_pattern_button_text">Har du glemt mønstret?</string>
  <string name="lockscreen_glogin_forgot_pattern">Oplåsning af konto</string>
  <string name="lockscreen_glogin_too_many_attempts">For mange forsøg på at tegne mønstret korrekt!</string>
  <string name="lockscreen_glogin_instructions">For at låse op skal du logge ind med din Google-konto</string>
  <string name="lockscreen_glogin_username_hint">Brugernavn (e-mail)</string>
  <string name="lockscreen_glogin_password_hint">Adgangskode</string>
  <string name="lockscreen_glogin_submit_button">Log ind</string>
  <string name="lockscreen_glogin_invalid_input">Ugyldigt brugernavn eller ugyldig adgangskode.</string>
  <string name="lockscreen_glogin_checking_password">Kontrollerer ...</string>
  <string name="lockscreen_unlock_label">Lås op</string>
  <string name="lockscreen_sound_on_label">Lyd slået til</string>
  <string name="lockscreen_sound_off_label">Lyd slået fra</string>
  <string name="password_keyboard_label_symbol_key">\?123</string>
  <string name="password_keyboard_label_alpha_key">ABC</string>
  <string name="password_keyboard_label_alt_key">ALT</string>
  <string name="hour_ampm">%-l%P</string>
  <string name="hour_cap_ampm">%-l%p</string>
  <string name="status_bar_clear_all_button">Ryd</string>
  <string name="status_bar_no_notifications_title">Ingen meddelelser</string>
  <string name="status_bar_ongoing_events_title">I gang</string>
  <string name="status_bar_latest_events_title">Meddelelser</string>
  <string name="battery_status_text_percent_format">%d%%</string>
  <string name="battery_status_charging">Oplader ...</string>
  <string name="battery_low_title">Forbind oplader</string>
  <string name="battery_low_subtitle">Batteriet er ved at være fladt:</string>
  <string name="battery_low_percent_format">%d%% eller mindre tilbage.</string>
  <string name="battery_low_why">Batteriforbrug</string>
  <string name="factorytest_failed">Fabrikstest mislykkedes</string>
  <string name="factorytest_not_system">Handlingen FACTORY_TEST understøttes kun af pakker installeret i /system/app.</string>
  <string name="factorytest_no_action">Der blev ikke fundet nogen pakke, som leverer handlingen FACTORY_TEST.</string>
  <string name="factorytest_reboot">Genstart</string>
  <string name="web_user_agent">Mozilla/5.0 (Linux; U; Android %s) AppleWebKit/533.1 (KHTML, like Gecko) Version/4.0 Mobile Safari/533.1</string>
  <string name="js_dialog_title">Siden på \'%s\' siger:</string>
  <string name="js_dialog_title_default">Javascript</string>
  <string name="js_dialog_before_unload">Naviger væk fra denne side?\n\n%s\n\n Vælg OK for at fortsætte eller Annuller for at blive på den aktuelle side.</string>
  <string name="save_password_label">Bekræft</string>
  <string name="double_tap_toast">Tip: Dobbeltklik for at zoome ind eller ud.</string>
  <string name="permlab_readHistoryBookmarks">læs browserens oversigt og bogmærker</string>
  <string name="permdesc_readHistoryBookmarks">Tillader, at programmet læser alle de webadresser, browseren har besøgt, og alle browserens bogmærker.</string>
  <string name="permlab_writeHistoryBookmarks">skriv browserens oversigt og bogmærker</string>
  <string name="permdesc_writeHistoryBookmarks">Tillader, at et program ændrer browseroversigten eller bogmærker, der er gemt på din telefon. Ondsindede programmer kan bruge dette til at slette eller ændre din browsers data.</string>
  <string name="permlab_writeGeolocationPermissions">Skift browsertilladelser for geografisk placering</string>
  <string name="permdesc_writeGeolocationPermissions">Giver et program tilladelse til at ændre browserens tilladelser for geografisk placering. Skadelige programmer kan bruge dette til at tillade, at placeringsoplysninger sendes til vilkårlige websteder.</string>
  <string name="save_password_message">Ønsker du, at browseren skal huske denne adgangskode?</string>
  <string name="save_password_notnow">Ikke nu</string>
  <string name="save_password_remember">Husk</string>
  <string name="save_password_never">Aldrig</string>
  <string name="open_permission_deny">Du har ikke tilladelse til at åbne denne side.</string>
  <string name="text_copied">Teksten er kopieret til udklipsholderen.</string>
  <string name="more_item_label">Flere</string>
  <string name="prepend_shortcut_label">Menu+</string>
  <string name="menu_space_shortcut_label">plads</string>
  <string name="menu_enter_shortcut_label">indtast</string>
  <string name="menu_delete_shortcut_label">slet</string>
  <string name="oneMonthDurationPast">For 1 måned siden</string>
  <string name="beforeOneMonthDurationPast">Før for 1 måned siden</string>
  <string name="last_month">Seneste måned</string>
  <string name="older">Ældre</string>
  <string name="preposition_for_date">den %s</string>
  <string name="preposition_for_time">kl. %s</string>
  <string name="preposition_for_year">i %s</string>
  <string name="day">dag</string>
  <string name="days">dage</string>
  <string name="hour">time</string>
  <string name="hours">timer</string>
  <string name="minute">min.</string>
  <string name="minutes">min.</string>
  <string name="second">sek.</string>
  <string name="seconds">sek.</string>
  <string name="week">uge</string>
  <string name="weeks">uger</string>
  <string name="year">år</string>
  <string name="years">år</string>
  <string name="relative_time">%1$s, %2$s</string>
  <string name="noon">middag</string>
  <string name="Noon">Middag</string>
  <string name="midnight">midnat</string>
  <string name="Midnight">Midnat</string>
  <string name="elapsed_time_short_format_mm_ss">%1$02d:%2$02d</string>
  <string name="elapsed_time_short_format_h_mm_ss">%1$d:%2$02d:%3$02d</string>
  <string name="selectText">Marker tekst</string>
  <string name="stopSelectingText">Hold op med at markere tekst</string>
  <string name="cutAll">Klip alle</string>
  <string name="copyAll">Kopier alle</string>
  <string name="inputMethod">Inputmetode</string>
  <string name="addToDictionary">Føj \"%s\" til ordbog</string>
  <string name="editTextMenuTitle">Rediger tekst</string>
  <string name="low_internal_storage_view_title">Der er ikke så meget plads tilbage</string>
  <string name="low_internal_storage_view_text">Der er næsten ikke mere plads på telefonen.</string>
  <string name="capital_on">TIL</string>
  <string name="capital_off">FRA</string>
  <string name="whichApplication">Fuldfør handling ved hjælp af</string>
  <string name="alwaysUse">Brug som standard til denne handling.</string>
  <string name="clearDefaultHintMsg">Ryd standard i Startindstillinger > Programmer > Administrer programmer.</string>
  <string name="chooseActivity">Vælg en handling</string>
  <string name="noApplications">Der er ingen programmer, der kan foretage denne handling.</string>
  <string name="aerr_title">Beklager!</string>
  <string name="aerr_application">Programmet %1$s (proces %2$s) er standset uventet. Prøv igen.</string>
  <string name="aerr_process">Processen %1$s er standset uventet. Prøv igen.</string>
  <string name="anr_title">Beklager!</string>
  <string name="anr_activity_application">Aktivitet %1$s (i programmet %2$s) svarer ikke.</string>
  <string name="anr_activity_process">Aktivitet %1$s (igangværende %2$s) svarer ikke.</string>
  <string name="anr_application_process">Programmet %1$s (igangværende %2$s) svarer ikke.</string>
  <string name="anr_process">Processen %1$s svarer ikke.</string>
  <string name="force_close">Tving til at lukke</string>
  <string name="report">Rapporter</string>
  <string name="wait">Vent</string>
  <string name="sendText">Vælg en handling for teksten</string>
  <string name="volume_ringtone">Lydstyrke for opkald</string>
  <string name="volume_music">Lydstyrke for medier</string>
  <string name="volume_music_hint_playing_through_bluetooth">Afspilning via Bluetooth</string>
  <string name="volume_music_hint_silent_ringtone_selected">Lydløs ringetone er valgt</string>
  <string name="volume_call">Lydstyrke for opkald</string>
  <string name="volume_bluetooth_call">Lydstyrke for Bluetooth under opkald</string>
  <string name="volume_alarm">Lydstyrke for alarm</string>
  <string name="volume_notification">Lydstyrke for meddelelser</string>
  <string name="volume_unknown">Lydstyrke</string>
  <string name="ringtone_default">Standardringetone</string>
  <string name="ringtone_default_with_actual">Standardringetone (%1$s)</string>
  <string name="ringtone_silent">Lydløs</string>
  <string name="ringtone_picker_title">Ringetoner</string>
  <string name="ringtone_unknown">Ukendt ringetone</string>
  <string name="wifi_tether_configure_ssid_default">AndroidAP</string>
  <string name="select_character">Indsæt tegn</string>
  <string name="sms_control_default_app_name">Ukendt program</string>
  <string name="sms_control_title">Sender sms-beskeder</string>
  <string name="sms_control_message">Der sendes et stort antal sms-beskeder. Vælg \"OK\" for at fortsætte eller \"Annuller\" for at stoppe afsendelsen.</string>
  <string name="sms_control_yes">OK</string>
  <string name="sms_control_no">Annuller</string>
  <string name="date_time_set">Angiv</string>
  <string name="default_permission_group">Standard</string>
  <string name="permissions_format">%1$s, %2$s</string>
  <string name="no_permissions">Der kræves ingen tilladelser</string>
  <string name="perms_hide">Du har tilsluttet din mobil via USB. Vælg knappen nedenunder hvis du vil kopiere filer imellem din computer og androids SD kort.</string>
  <string name="perms_show_all">Vis alle rettigheder</string>
  <string name="usb_storage_activity_title">USB-masselagring</string>
  <string name="usb_storage_title">USB er tilsluttet</string>
  <string name="usb_storage_message">Du har forbundet din telefon til din computer via USB. Vælg knappen nedenfor, hvis du ønsker at kopiere filer mellem din computer og din Androids SD-kort.</string>
  <string name="usb_storage_button_mount">Slå USB-lagringen til</string>
  <string name="usb_storage_error_message">Der opstod et problem med at bruge dit SD-kort til USB-lagring.</string>
  <string name="usb_storage_notification_title">USB er tilsluttet</string>
  <string name="usb_storage_notification_message">Vælg for at kopiere filer til/fra din computer.</string>
  <string name="usb_storage_stop_notification_title">Slå USB-lagringen fra</string>
  <string name="usb_storage_stop_notification_message">Vælg for at slå USB-lagring fra.</string>
  <string name="usb_storage_stop_title">USB-lager i brug</string>
  <string name="usb_storage_stop_message">Sørg for, at du har demonteret (\"udskubbet\") din Androids SD-kort fra computeren, før du slår USB-lagring fra.</string>
  <string name="usb_storage_stop_button_mount">Slå USB-lagring fra</string>
  <string name="usb_storage_stop_error_message">Der opstod et problem med at slå USB-lagringen fra. Sørg for, at du har demonteret USB-værten, og prøv så igen.</string>
  <string name="dlg_confirm_kill_storage_users_title">Slå USB-lagring til</string>
  <string name="dlg_confirm_kill_storage_users_text">Hvis du slår USB-lagring til, vil nogle af de programmer, som du bruger, stoppe, og de kan være utilgængelige, indtil du slår USB-lagring til igen.</string>
  <string name="dlg_error_title">USB-handlingen mislykkedes</string>
  <string name="dlg_ok">OK</string>
  <string name="extmedia_format_title">Formater SD-kort</string>
  <string name="extmedia_format_message">Er du sikker på, du ønsker at formatere SD-kortet? Alle data på kortet mistes.</string>
  <string name="extmedia_format_button_format">Formater</string>
  <string name="adb_active_notification_title">USB-fejlretning er tilsluttet</string>
  <string name="adb_active_notification_message">Vælg for at deaktivere USB-fejlretning.</string>
  <string name="locale_replacement">Sprogerstatning</string>
  <string name="select_input_method">Vælg indtastningsmetode</string>
  <string name="fast_scroll_alphabet">\u0020ABCDEFGHIJKLMNOPQRSTUVWXYZ</string>
  <string name="fast_scroll_numeric_alphabet">\u00200123456789ABCDEFGHIJKLMNOPQRSTUVWXYZ</string>
  <string name="candidates_style">Kandidatsstil</string>
  <string name="ext_media_checking_notification_title">Forbereder SD-kortet</string>
  <string name="ext_media_checking_notification_message">Kontrollerer for fejl.</string>
  <string name="ext_media_nofs_notification_title">Tomt SD-kort</string>
  <string name="ext_media_nofs_notification_message">SD-kortet er tomt eller har et ikke understøttet filsystem.</string>
  <string name="ext_media_unmountable_notification_title">Beskadiget SD-kort</string>
  <string name="ext_media_unmountable_notification_message">SD-kortet er beskadiget. Du bliver muligvis nødt til at formatere det igen.</string>
  <string name="ext_media_badremoval_notification_title">SD-kortet blev fjernet uventet</string>
  <string name="ext_media_badremoval_notification_message">Demonter SD-kortet inden fjernelse for at undgå tab af data.</string>
  <string name="ext_media_safe_unmount_notification_title">SD-kortet kan fjernes sikkert</string>
  <string name="ext_media_safe_unmount_notification_message">Du kan nu fjerne SD-kortet.</string>
  <string name="ext_media_nomedia_notification_title">SD-kortet er fjernet</string>
  <string name="ext_media_nomedia_notification_message">SD-kortet er fjernet. Indsæt et nyt.</string>
  <string name="activity_list_empty">Der blev ikke fundet nogen matchende aktiviteter</string>
  <string name="permlab_pkgUsageStats">opdater brugerstatistikker for komponenter</string>
  <string name="permdesc_pkgUsageStats">Tillader ændring af indsamlede brugerstatistikker for komponenter. Ikke til brug til normale programmer.</string>
  <string name="permlab_copyProtectedData">Tillader kald af standardcontainertjeneste for at kopiere indhold. Ikke til brug for almindelige programmer.</string>
  <string name="permdesc_copyProtectedData">Tillader kald af standardcontainertjeneste for at kopiere indhold. Ikke til brug for almindelige programmer.</string>
  <string name="tutorial_double_tap_to_zoom_message_short">Tryk to gange for zoomkontrol</string>
  <string name="gadget_host_error_inflating">Der opstod en fejl under forøgelsen af widgetten</string>
  <string name="ime_action_go">Gå</string>
  <string name="ime_action_search">Søg</string>
  <string name="ime_action_send">Send</string>
  <string name="ime_action_next">Næste</string>
  <string name="ime_action_done">Udfør</string>
  <string name="ime_action_default">Udfør</string>
  <string name="dial_number_using">Ring til nummer\nved hjælp af %s</string>
  <string name="create_contact_using">Opret kontakt\nved hjælp af %s</string>
  <string name="accessibility_compound_button_selected">kontrolleret</string>
  <string name="accessibility_compound_button_unselected">ikke kontrolleret</string>
  <string name="grant_credentials_permission_message_header">Følgende programmer anmoder om tilladelse til at få adgang til din konto nu og i fremtiden.</string>
  <string name="grant_credentials_permission_message_footer">Vil du tillade denne anmodning?</string>
  <string name="grant_permissions_header_text">Adgangsanmodning</string>
  <string name="allow">Tillad</string>
  <string name="deny">Afvis</string>
  <string name="permission_request_notification_title">Der er anmodet om tilladelse</string>
  <string name="permission_request_notification_with_subtitle">Der er anmodet om tilladelse\ntil kontoen %s</string>
  <string name="input_method_binding_label">Inputmetode</string>
  <string name="sync_binding_label">Synkroniser</string>
  <string name="accessibility_binding_label">Tilgængelighed</string>
  <string name="wallpaper_binding_label">Tapet</string>
  <string name="chooser_wallpaper">Skift tapet</string>
  <string name="alternate_eri_file">/data/eri.xml</string>
  <string name="pptp_vpn_description">Point-to-Point Tunneling Protocol</string>
  <string name="l2tp_vpn_description">Layer 2 Tunneling Protocol</string>
  <string name="l2tp_ipsec_psk_vpn_description">L2TP/IPSec VPN baseret på forhåndsdelt nøglekodning</string>
  <string name="l2tp_ipsec_crt_vpn_description">Certifikatbaseret L2TP/IPSec VPN</string>
  <string name="upload_file">Vælg fil</string>
  <string name="reset">Nulstil</string>
  <string name="submit">Send</string>
  <string name="description_star">favorit</string>
  <string name="car_mode_disable_notification_title">Biltilstand er aktiveret</string>
  <string name="car_mode_disable_notification_message">Vælg for at afslutte biltilstand.</string>
  <string name="tethered_notification_title">Tethering eller hotspot er aktivt</string>
  <string name="tethered_notification_message">Tryk for at konfigurere</string>
  <string name="throttle_warning_notification_title">Højt mobildataforbrug</string>
  <string name="throttle_warning_notification_message">Tryk for oplysninger om brug af mobildata</string>
  <string name="throttled_notification_title">Grænsen for mobildata er overskredet</string>
  <string name="throttled_notification_message">Tryk for oplysninger om brug af mobildata</string>
  <string name="openvpn_vpn_description">OpenVPN SSL VPN</string>
  <string name="lockscreen_dial_label">Telefon</string>
  <string name="lockscreen_mms_label">beskeder</string>
  <string name="status_bar_back_to_call">Returner til opkald</string>
  <string name="lockscreen_bottom_hint">træk ned for at låse op</string>
  <string name="lockscreen_unlock_hint">slip for at låse op</string>
  <string name="unknown">Ukendt</string>
  <string name="private_num">Hemmeligt nummer</string>
  <string name="payphone">Taletidskort</string>
  <string name="callNoAnswerTimeFormat">Ring %s gange</string>
  <string name="callDetailsDurationFormat">%1$s Minutter %2$s Sekunder</string>
  <string name="date_day">Dag</string>
  <string name="status_bar_battery_low_notification">Lavt batteri niveau</string>
  <string name="status_bar_battery_low_notification_button">Strømindstillinger</string>
  <string name="status_bar_button_wifi">Wi-Fi</string>
  <string name="status_bar_button_apn">APN</string>
  <string name="status_bar_button_bluetooth">Bluetooth</string>
  <string name="status_bar_button_rotate">Roter</string>
  <string name="status_bar_button_brightness">Lysstyrke</string>
  <string name="status_bar_button_ringer_normal">Lyd</string>
  <string name="status_bar_button_ringer_vibrate">Vibrer</string>
  <string name="status_bar_button_ringer_mute">Lydløs</string>
  <string name="status_bar_button_gps">GPS</string>
  <string name="status_bar_button_sync">Synk</string>
  <string name="status_bar_button_cpu">CPU ned</string>
  <string name="status_bar_button_vibrate">Vibrer</string>
  <string name="status_bar_button_flight_mode">Flytilstand</string>
  <string name="status_bar_button_reboot">Genstart</string>
  <string name="status_bar_button_shutdown">Luk ned</string>
  <string name="recent_dialog_buttonAppKiller_summary">MIUI frigjorte %1$s af hukommelsen, \n Tilgængelig hukommelse i øjeblikket:%2$s</string>
  <string name="recent_dialog_buttonAppKiller">App killer</string>
  <string name="recent_dialog_buttonTaskManager">Task Manager</string>
  <string name="theme_changing_dialog_title">Forbereder den nye ikon stil </string>
  <string name="theme_changed_dialog_title">Ikon stil skift succesfuldt</string>
  <string name="theme_changed_dialog_message">Preview findes i øjeblikket på skrivebordet, det anbefales at genstarte telefonen for at sikre opdatering</string>
</resources>
