<?xml version="1.0" encoding="utf-8"?>
<!--Generated by crowdin.net-->
<resources>
  <string name="app_name">Galleri</string>
  <string name="gadget_title">Billede ramme</string>
  <string name="details_ms">%1$02d:%2$02d</string>
  <string name="details_hms">%1$d:%2$02d:%3$02d</string>
  <string name="movie_view_label">Film</string>
  <string name="loading_video">Indlæser video</string>
  <string name="resume_playing_title">Genoptag video</string>
  <string name="resume_playing_message">Vil du genoptage afspilning fra %s?</string>
  <string name="resume_playing_resume">Genoptag video</string>
  <string name="resume_playing_restart">Start forfra</string>
  <string name="camera">Kamera</string>
  <string name="crop_save_text">Gem</string>
  <string name="crop_discard_text">Kasser</string>
  <string name="multiface_crop_help">Tryk på et ansigt for at starte.</string>
  <string name="saving_image">Gemmer billede</string>
  <string name="crop_label">Beskær billede</string>
  <string name="running_face_detection">Vent venligst</string>
  <string name="set_image">Anvend billede som</string>
  <string name="wallpaper">Indstiller baggrund. Vent venligst</string>
  <string name="camera_setas_wallpaper">Tapet</string>
  <string name="details_ok">OK</string>
  <string name="loading_new">Indlæser albums og billeder</string>
  <string name="initializing">Indlæser</string>
  <string name="pick_prompt">Vælg element</string>
  <string name="no_items">Ingen elementer</string>
  <string name="pick">Vælg</string>
  <string name="delete">Slet</string>
  <string name="confirm_delete">Bekræft sletning</string>
  <string name="cancel">Annuller</string>
  <string name="share">Del</string>
  <string name="no_sd_card">Intet SD-kort fundet</string>
  <string name="more">Mere</string>
  <string name="select_all">Marker alt</string>
  <string name="deselect_all">Fravælg alle</string>
  <string name="slideshow">diasshow</string>
  <string name="menu">Menu</string>
  <string name="details">Detaljer</string>
  <string name="album_selected">Valgt album</string>
  <string name="item_selected">Element valgt</string>
  <string name="albums_selected">Valgte album</string>
  <string name="items_selected">Valgte elementer</string>
  <string name="album">Album</string>
  <string name="start">Start</string>
  <string name="end">Afslut</string>
  <string name="location">Placering</string>
  <string name="location_unknown">Ukendt placering</string>
  <string name="title">Titel</string>
  <string name="type">Type</string>
  <string name="taken_on">Dato taget</string>
  <string name="added_on">Føjes til</string>
  <string name="show_on_map">Vis på kort</string>
  <string name="rotate_left">Roter mod uret</string>
  <string name="rotate_right">Roter med uret</string>
  <string name="crop">Beskær</string>
  <string name="set_as">Vælg som</string>
  <string name="set_as_wallpaper">Vælg som baggrund</string>
  <string name="item">Element</string>
  <string name="items">Elementer</string>
  <string name="around">Omtrentlig %s</string>
  <string name="date_unknown">Dato ukendt</string>
  <string name="video_err">Kan ikke afspille videoklip</string>
  <string name="lockscreen_wallpaper">Opsætning af billede til låseskærmen, vent venligst ...</string>
  <string name="wallpaper_set">Baggrundstapet Galleri</string>
  <string name="lockscreen_set">Billede til låseskærm</string>
  <string name="miui_screenshot">MIUI tapeter</string>
</resources>
