<?xml version="1.0" encoding="utf-8"?>
<!--Generated by crowdin.net-->
<resources>
  <string name="word_separators">. ,;:!?\n()[]*&@{}/<>_+=|\"</string>
  <string name="sentence_separators">!?,@_</string>
  <string name="suggested_punctuations">!?,@_</string>
  <string name="alternates_for_d">#</string>
  <string name="alternates_for_r">4</string>
  <string name="alternates_for_t">5</string>
  <string name="alternates_for_z">_</string>
  <string name="alternates_for_l">/</string>
  <string name="alternates_for_g">*</string>
  <string name="ime_name">Google Pinyin Input metode</string>
  <string name="ime_settings_activity_name">Google Pinyin Input metode indstillinger</string>
  <string name="ime_settings_choose_other_ime">Vælg anden inputtype</string>
  <string name="version">1.2.8</string>
  <string name="toggle_cn">0</string>
  <string name="toggle_cn_cand">1</string>
  <string name="toggle_en_lower">2</string>
  <string name="toggle_en_upper">3</string>
  <string name="toggle_en_sym1">4</string>
  <string name="toggle_en_sym2">5</string>
  <string name="toggle_enter_go">6</string>
  <string name="toggle_enter_search">7</string>
  <string name="toggle_enter_send">8</string>
  <string name="toggle_enter_next">9</string>
  <string name="toggle_enter_done">10</string>
  <string name="toggle_row_cn">11</string>
  <string name="toggle_row_en">12</string>
  <string name="toggle_row_uri">13</string>
  <string name="toggle_row_emailaddress">14</string>
  <string name="toggle_phone_sym">15</string>
  <string name="toggle_stroke_urlqwerty">16</string>
  <string name="toggle_misc1">17</string>
  <string name="toggle_misc2">18</string>
  <string name="toggle_misc3">19</string>
  <string name="toggle_misc4">20</string>
  <string name="toggle_smiley_off">21</string>
  <string name="toggle_smiley_on">22</string>
  <string name="toggle_cn_sym1">23</string>
  <string name="toggle_cn_sym2">24</string>
  <string name="toggle_url">25</string>
  <string name="toggle_emailaddress">26</string>
  <string name="toggle_stroke_disabled">27</string>
  <string name="toggle_exit_sym_to_en">28</string>
  <string name="toggle_en_upper_locked">29</string>
  <string name="toggle_single_quote_open">Slå enkelt citat åben til</string>
  <string name="toggle_single_quote_close">Slå enkelt åben citat fra</string>
  <string name="toggle_double_quote_open">Slå dobbelt citat åben til</string>
  <string name="toggle_double_quote_close">Slå dobbelt citat åben fra</string>
  <string name="setting_stroke_key">Knaptryk</string>
  <string name="setting_fault_tolerance_key">Fejltolerens</string>
  <string name="setting_sound_key">Tastelyd</string>
  <string name="setting_vibrate_key">Vibrer knapper</string>
  <string name="setting_prediction_key">Stavekontrol</string>
  <string name="setting_tradition_key">tradition_key</string>
  <string name="setting_switch_key">Skift</string>
  <string name="setting_advanced_key">Avanceret</string>
  <string name="setting">Tastaturindstillinger</string>
  <string name="setting_stroke_title">Knappetryk</string>
  <string name="setting_fault_tolerance_title">Værdi for fejlslag på tastaturet</string>
  <string name="setting_sound_key_title">Tastelyd</string>
  <string name="setting_vibrate_title">Vibrer ved knappeberøring</string>
  <string name="setting_prediction_title">Ordforslag</string>
  <string name="setting_tradition_title">Traditionel inputmetode</string>
  <string name="setting_switch_title">Ændre</string>
  <string name="setting_switch_shift_space_title">Ændre shift-space</string>
  <string name="setting_enabled">Valgt</string>
  <string name="setting_disabled">Fjernet</string>
  <string name="setting_others">Andet</string>
  <string name="setting_others_summary">Anvend ordliste</string>
  <string name="account_label_username">Din Googlekonto (f.eks. johndoe@gmail.com)</string>
  <string name="account_label_password">Password:</string>
  <string name="account_label_login">Log ind</string>
  <string name="account_label_cancel">Afbryd</string>
  <string name="account_title">Konto</string>
  <string name="account_sign_up_title">Registrer ny konto</string>
  <string name="account_signing_in_title">Logger ind, vent venligst...</string>
  <string name="setting_title">Tastaturindstillinger</string>
  <string name="setting_update_category_key">Opdater</string>
  <string name="setting_update_category_title">Gem nye ord i ordlisten automatisk</string>
  <string name="setting_update_enabled_key">Opdater</string>
  <string name="setting_update_enabled_title">Gem nye ord i ordlisten automatisk</string>
  <string name="setting_sync_category_title">Din ordliste</string>
  <string name="setting_sync_enabled_key">Synkroniser</string>
  <string name="setting_sync_now_key">Synkroniser nu</string>
  <string name="setting_sync_clear_key">Slet ordlisten</string>
  <string name="setting_sync_enabled_title">Anvend ordlisten</string>
  <string name="setting_sync_now_title">Synkroniserer nu</string>
  <string name="setting_sync_cancel_title">Afbryd synkronisering</string>
  <string name="setting_sync_clear_title">Slet ordlisten</string>
  <string name="setting_enabled_title">Valgt</string>
  <string name="setting_disabled_title">Fjernet</string>
  <string name="status_bar_message_title">Inputmetode</string>
  <string name="status_bar_message_sync_title">Synkroniserer og anvender ordlisten...</string>
  <string name="status_bar_message_update_title">Opdatere ordlisten...</string>
  <string name="setting_dialog_sync_now_title">Vil du synkronisere ordlisten nu?</string>
  <string name="setting_dialog_sync_now_message">Vil du synkronisere nu?</string>
  <string name="setting_dialog_sync_clear_title">Advarsel</string>
  <string name="setting_dialog_sync_clear_message">Ordlisten vil blive slettet og dette kan ikke ændre. Er du sikker på du vil foretage denne ændring? Tryk på ok for at acceptere</string>
  <string name="setting_error_sync_service_inactive">Systemtjenesten er ikke aktiv. Opgaven kan ikke gennemføres</string>
  <string name="sign_up_url">https://www.google.com/accounts/NewAccount?hl=sv</string>
  <string name="setting_update_time">Senest opdateret den:</string>
  <string name="setting_sync_time">Senest synkroniseret den:</string>
  <string name="setting_year">År</string>
  <string name="setting_month">Måned</string>
  <string name="setting_day">Dag</string>
  <string name="setting_hour">Time</string>
  <string name="setting_minute">Minut</string>
  <string name="setting_second">sekund</string>
  <string name="setting_sync_error">Synkronisering mislykkedes</string>
  <string name="setting_sync_ongoing">Synkronisering igang...</string>
  <string name="setting_update_error">Opdatering mislykkedes</string>
  <string name="setting_update_ongoing">Opdatering igang...</string>
  <string name="privacy_url">http://m.google.com/static/zh-CN/privacy.html</string>
  <string name="tos_url">http://m.google.com/tospage?dc=gorganic&hl=zh_CN</string>
  <string name="setting_privacy_key">Privat</string>
  <string name="setting_tos_key">System</string>
  <string name="setting_about_key">Om</string>
  <string name="setting_privacy_title">Sikkerhedsvilkår</string>
  <string name="setting_tos_title">Anvendingsvilkår</string>
  <string name="setting_about_title">Om</string>
  <string name="setting_about_version_title">Nuværende version</string>
  <string name="setting_about_loading_title">Loader...</string>
  <string name="touch_to_continue">Fortsæt >></string>
  <string name="touch_to_finish">Tryk for at fortsætte >></string>
  <string name="tip_to_open_keyboard">Tryk for at få vist tastaturet</string>
  <string name="tip_to_view_accents">Tryk for at få vist Accents</string>
  <string name="tip_to_open_symbols">Tryk for at få vist symboler</string>
  <string name="tip_to_close_symbols">Tryk for at lukke symboler</string>
  <string name="tip_to_launch_settings">Tryk for at få vist indstillingerne</string>
  <string name="tip_to_select_candidate">Tryk for at vælge et af de forslåede ord</string>
  <string name="tip_to_backspace">Tryk for at slette ord</string>
  <string name="tip_to_smart_key">Smartkey</string>
  <string name="tip_to_start_typing">Start med at skrive</string>
  <string name="default_device_name">Android</string>
  <string name="next_button_label">Næste</string>
  <string name="back_button_label">Tilbage</string>
  <string name="skip_button_label">Spring over</string>
  <string name="done_button_label">Færdig</string>
  <string name="keyboard_tutorial_title">Hvordan du anvender tastaturet på skærmen</string>
  <string name="open_the_keyboard">Tryk i tekstfeltet for at få vist tastaturet</string>
  <string name="close_the_keyboard">Tryk på "tilbage" knappen</string>
  <string name="sync">Indstil tastaturet hvis du vil anvende ordlisten</string>
  <string name="keyboard_settings">Tryk på knappen og hold den nede</string>
</resources>
