<?xml version="1.0" encoding="utf-8"?>
<!--Generated by crowdin.net-->
<resources>
  <string name="sharedUserId">NIL</string>
  <string name="process">NIL</string>
  <string name="application_name">Launcher</string>
  <string name="uid_name">Android Core Apps</string>
  <string name="folder_name">Mappe</string>
  <string name="chooser_wallpaper">Vælg tapet fra</string>
  <string name="wallpaper_instructions">Sæt tapet</string>
  <string name="pick_wallpaper">Tapeter</string>
  <string name="activity_not_found">Applikationen er ikke installeret på din telefon.</string>
  <string name="configure_wallpaper">Konfigurer ...</string>
  <string name="rename_folder_label">Mappe navn</string>
  <string name="rename_folder_title">Omdøb mappe</string>
  <string name="rename_action">OK</string>
  <string name="cancel_action">Annuller</string>
  <string name="menu_item_add_item">Tilføj til Startskærmen</string>
  <string name="group_applications">Applikationer</string>
  <string name="group_shortcuts">Genveje</string>
  <string name="group_folder">Ny mappe</string>
  <string name="group_live_folders">Mapper</string>
  <string name="group_widgets">Widgets</string>
  <string name="group_wallpapers">Tapeter</string>
  <string name="add_folder">Mappe</string>
  <string name="add_clock">Ur</string>
  <string name="add_photo_frame">Billede ramme</string>
  <string name="out_of_space">Ikke mere plads på denne startskærm.</string>
  <string name="shortcut_installed">Genvej\"%s\"lavet.</string>
  <string name="shortcut_uninstalled">Genvej\"%s\"er blevet fjernet.</string>
  <string name="shortcut_duplicate">Genvej\"%s\"findes allerede.</string>
  <string name="title_select_shortcut">Vælg genvej</string>
  <string name="title_select_live_folder">Vælg mapppe</string>
  <string name="all_apps_button_label">Alle applikationer</string>
  <string name="all_apps_home_button_label">Hjem</string>
  <string name="menu_add">Tilføj</string>
  <string name="menu_wallpaper">Tapet</string>
  <string name="menu_search">Søg</string>
  <string name="menu_notifications">Meddelelser</string>
  <string name="menu_gestures">Fagter</string>
  <string name="menu_settings">Indstillinger</string>
  <string name="permlab_install_shortcut">Installer genveje</string>
  <string name="permdesc_install_shortcut">Tillader en applikation om at tilføje genveje uden brugerens medvirken.</string>
  <string name="permlab_uninstall_shortcut">Afinstaller genveje</string>
  <string name="permdesc_uninstall_shortcut">Tillader en applikation om at fjerne genveje uden brugerens medvirken.</string>
  <string name="permlab_read_settings">læs startskærms indstillinger og genveje</string>
  <string name="permdesc_read_settings">Tillader en applikation at læse indstillingerne og genvejene på startskærmen. </string>
  <string name="permlab_write_settings">skriv Startskærmen og genvejene</string>
  <string name="permdesc_write_settings">Tillader en applikation at ændre på indstillingerne og genvejene på startskærmen.</string>
  <string name="gadget_error_text">Problemer med at indlæse widget</string>
  <string name="menu_edit">Redigeringstilstand</string>
  <string name="cant_remove_system_app">System applikation. Ude af stand til at fjerne.</string>
  <string name="uninstall_body_format">Afinstaller applikation\"%s\"?</string>
  <string name="uninstall">Afinstaller</string>
  <string name="cant_remove_folder">Kan ikke fjerne en ikke-tom mappe</string>
  <string name="pick_lockscreenwallpaper">Låseskærms Tapet</string>
  <string name="lockscreenwallpaper_instructions">Låseskærms Tapets Indstillinger</string>
  <string name="failed_to_drop">Flytning mislykkedes. Ikonet er rykket tilbage til sin originale position.</string>
  <string name="failed_to_drop_widget">Der er ikke nok plads på denne startskærm.</string>
  <string name="widget_box_usage_hint">Tryk og hold på widgeten, og flyt den derefter til den ønskede placering.</string>
  <string name="widget_favorite_contacts_lable">Fælles Kontakter</string>
  <string name="widget_favorite_contacts_edit">administrer grupper </string>
  <string name="widget_favorite_contacts_style">Skift</string>
</resources>
