<?xml version="1.0" encoding="utf-8"?>
<!--Generated by crowdin.net-->
<resources>
  <string name="app_label">محل ذخیره مخاطبین</string>
  <string name="provider_label">مخاطبین</string>
  <string name="upgrade_out_of_memory_notification_ticker">ارتقاء مخاطبین نیازمند حافظه بیشتر است</string>
  <string name="upgrade_out_of_memory_notification_title">ارتقاء محل ذخیره مخاطبین</string>
  <string name="upgrade_out_of_memory_notification_text">برای اتمام ارتقاء انتخاب کنید.</string>
  <string name="edit_contact">ویرایش مخاطب</string>
  <string name="create_contact">ایجاد مخاطب جدید</string>
</resources>
