<?xml version="1.0" encoding="utf-8"?>
<!--Generated by crowdin.net-->
<resources>
  <string name="app_name">رادیو اف.ام</string>
  <string name="tx_app_name">فرستنده اف.ام</string>
  <string name="preset_delete">حذف</string>
  <string name="stat_notif_frequency">FM MHz FM %1 $ s</string>
  <string name="sel_band_menu">انتخاب باند منطقه ای</string>
  <string name="settings_menu">نصب کردن</string>
  <string name="regional_band">باند منطقه ای</string>
  <string name="aud_output_mode">حالت صدای خروجی</string>
  <string name="sel_audio_output">خروجی صوتی را انتخاب کنید</string>
  <string name="record_dur">مدت زمان ضبط کردن</string>
  <string name="sel_rec_dur">انتخاب مدت زمان ضبط</string>
  <string name="auto_select_af">فرکانس جایگزین</string>
  <string name="auto_select_af_enabled">فعال کردن انتخاب خودکار</string>
  <string name="auto_select_af_disabled">غیرفعال کردن انتخاب خودکار</string>
  <string name="fac_defaults">بازگرداندن تنظیمات اولیه</string>
  <string name="revert_to_fac">بازگرداندن تنظیمات اولیه</string>
  <string name="settings_back">بازگشت</string>
  <string name="settings_revert_confirm_title">تأیید ریست تنظیمات</string>
  <string name="settings_revert_confirm_msg">با این کار تمام تنظیمات شامل تنظیمات کنونی حذف خواهد شد</string>
  <string name="settings_back_summary">برگشت به نمای قبلی</string>
  <string name="settings_revert_defaults_title">برگشت به تنظیمات کارخانه</string>
  <string name="settings_revert_defaults_summary">ریست تمامی تنظیمات</string>
  <string name="alert_dialog_ok">تایید</string>
  <string name="alert_dialog_cancel">انصراف</string>
  <string name="preset_search">%1$ جستجو برای</string>
  <string name="fm_command_failed_title">راه اندازی اف.ام به مشکل برخورد</string>
  <string name="fm_cmd_failed_msg">راه اندازی اف.ام ناموفق هست . علل احتمال بروز مشکل عبارتند از : وصل نبودن هدست به گوشی ، فعال نبودن یا کار نکردن بلوتوث. دوباره سعی کنید. روی دکمه خاموش و روشن کلید کنید تا رادیو فعال شود</string>
  <string name="durationformat">%2$d:%5$02d</string>
  <string name="frequency_string">فرکانس</string>
  <string name="stat_no_fm">رادیو اف.ام روشن نیست</string>
  <string name="need_headset_for_antenna">خطا! لطفا هدست خود را به گوشی وصل کنید چون به عنوان آنتن باید از آن استفاده کرد</string>
  <string name="init_FM">لطفا صبر کنید ، تراشه بلوتوث در حال روشن شدن است...</string>
  <string name="need_bluetooth">خطا! برای روشن شدن رادیو بلوتوث را روشن کنید</string>
</resources>
