<?xml version="1.0" encoding="utf-8"?>
<!--Generated by crowdin.net-->
<resources>
  <string name="cancel">Cancel</string>
  <string name="copy">Copy</string>
  <string name="copyUrl">Copy URL</string>
  <string name="cut">Cut</string>
  <string name="defaultVoiceMailAlphaTag">Voicemail</string>
  <string name="defaultMsisdnAlphaTag">MSISDN1</string>
  <string name="emptyPhoneNumber">(No phone number)</string>
  <string name="httpErrorBadUrl">The page could not be opened because the URL is invalid.</string>
  <string name="httpErrorUnsupportedScheme">The protocol is not supported.</string>
  <string name="no">Cancel</string>
  <string name="ok">OK</string>
  <string name="paste">Paste</string>
  <string name="search_go">جستجو</string>
  <string name="selectAll">Select all</string>
  <string name="unknownName">(Unknown)</string>
  <string name="untitled"><untitled></string>
  <string name="VideoView_error_button">OK</string>
  <string name="VideoView_error_text_unknown">Sorry, this video cannot be played.</string>
  <string name="VideoView_error_title">Cannot play video</string>
  <string name="yes">OK</string>
  <string name="dialog_alert_title">Attention</string>
  <string name="VideoView_error_text_invalid_progressive_playback">Sorry, this video is not valid for streaming to this device.</string>
  <string name="config_networkLocationProvider">com.google.android.location.NetworkLocationProvider</string>
  <string name="config_geocodeProvider">com.google.android.location.GeocodeProvider</string>
  <string name="config_datause_iface">rmnet0</string>
  <string name="month_long_standalone_january">January</string>
  <string name="month_long_standalone_february">February</string>
  <string name="month_long_standalone_march">March</string>
  <string name="month_long_standalone_april">April</string>
  <string name="month_long_standalone_may">May</string>
  <string name="month_long_standalone_june">June</string>
  <string name="month_long_standalone_july">July</string>
  <string name="month_long_standalone_august">August</string>
  <string name="month_long_standalone_september">September</string>
  <string name="month_long_standalone_october">October</string>
  <string name="month_long_standalone_november">November</string>
  <string name="month_long_standalone_december">December</string>
  <string name="month_long_january">January</string>
  <string name="month_long_february">February</string>
  <string name="month_long_march">March</string>
  <string name="month_long_april">April</string>
  <string name="month_long_may">May</string>
  <string name="month_long_june">June</string>
  <string name="month_long_july">July</string>
  <string name="month_long_august">August</string>
  <string name="month_long_september">September</string>
  <string name="month_long_october">October</string>
  <string name="month_long_november">November</string>
  <string name="month_long_december">December</string>
  <string name="month_medium_january">Jan</string>
  <string name="month_medium_february">Feb</string>
  <string name="month_medium_march">Mar</string>
  <string name="month_medium_april">Apr</string>
  <string name="month_medium_may">May</string>
  <string name="month_medium_june">Jun</string>
  <string name="month_medium_july">Jul</string>
  <string name="month_medium_august">Aug</string>
  <string name="month_medium_september">Sep</string>
  <string name="month_medium_october">Oct</string>
  <string name="month_medium_november">Nov</string>
  <string name="month_medium_december">Dec</string>
  <string name="month_shortest_january">J</string>
  <string name="month_shortest_february">F</string>
  <string name="month_shortest_march">M</string>
  <string name="month_shortest_april">A</string>
  <string name="month_shortest_may">M</string>
  <string name="month_shortest_june">J</string>
  <string name="month_shortest_july">J</string>
  <string name="month_shortest_august">A</string>
  <string name="month_shortest_september">S</string>
  <string name="month_shortest_october">O</string>
  <string name="month_shortest_november">N</string>
  <string name="month_shortest_december">D</string>
  <string name="day_of_week_long_sunday">Sunday</string>
  <string name="day_of_week_long_monday">Monday</string>
  <string name="day_of_week_long_tuesday">Tuesday</string>
  <string name="day_of_week_long_wednesday">Wednesday</string>
  <string name="day_of_week_long_thursday">Thursday</string>
  <string name="day_of_week_long_friday">Friday</string>
  <string name="day_of_week_long_saturday">Saturday</string>
  <string name="day_of_week_medium_sunday">Sun</string>
  <string name="day_of_week_medium_monday">Mon</string>
  <string name="day_of_week_medium_tuesday">Tue</string>
  <string name="day_of_week_medium_wednesday">Wed</string>
  <string name="day_of_week_medium_thursday">Thu</string>
  <string name="day_of_week_medium_friday">Fri</string>
  <string name="day_of_week_medium_saturday">Sat</string>
  <string name="day_of_week_short_sunday">Su</string>
  <string name="day_of_week_short_monday">Mo</string>
  <string name="day_of_week_short_tuesday">Tu</string>
  <string name="day_of_week_short_wednesday">We</string>
  <string name="day_of_week_short_thursday">Th</string>
  <string name="day_of_week_short_friday">Fr</string>
  <string name="day_of_week_short_saturday">Sa</string>
  <string name="day_of_week_shortest_sunday">S</string>
  <string name="day_of_week_shortest_monday">M</string>
  <string name="day_of_week_shortest_tuesday">T</string>
  <string name="day_of_week_shortest_wednesday">W</string>
  <string name="day_of_week_shortest_thursday">T</string>
  <string name="day_of_week_shortest_friday">F</string>
  <string name="day_of_week_shortest_saturday">S</string>
  <string name="am">am</string>
  <string name="pm">pm</string>
  <string name="yesterday">Yesterday</string>
  <string name="today">Today</string>
  <string name="tomorrow">Tomorrow</string>
  <string name="hour_minute_24">%H:%M</string>
  <string name="hour_minute_ampm">%-l:%M%p</string>
  <string name="hour_minute_cap_ampm">%-l:%M%^p</string>
  <string name="twelve_hour_time_format">h:mm a</string>
  <string name="twenty_four_hour_time_format">HH:mm</string>
  <string name="numeric_date">%-m/%-e/%Y</string>
  <string name="numeric_date_format">M/d/yyyy</string>
  <string name="numeric_date_template">%s/%s/%s</string>
  <string name="month_day_year">%B %-e, %Y</string>
  <string name="time_of_day">%-l:%M:%S %p</string>
  <string name="date_and_time">%b %-e, %Y, %-l:%M:%S %p</string>
  <string name="date_time">%1$s, %2$s</string>
  <string name="time_date">%1$s, %3$s</string>
  <string name="abbrev_month_day_year">%b %-e, %Y</string>
  <string name="month_day">%B %-e</string>
  <string name="month">%-B</string>
  <string name="month_year">%B %Y</string>
  <string name="abbrev_month_day">%b %-e</string>
  <string name="abbrev_month">%-b</string>
  <string name="abbrev_month_year">%b %Y</string>
  <string name="time1_time2">%1$s – %2$s</string>
  <string name="date1_date2">%2$s – %5$s</string>
  <string name="numeric_md1_md2">%2$s/%3$s – %7$s/%8$s</string>
  <string name="numeric_wday1_md1_wday2_md2">%1$s, %2$s/%3$s – %6$s, %7$s/%8$s</string>
  <string name="numeric_mdy1_mdy2">%2$s/%3$s/%4$s – %7$s/%8$s/%9$s</string>
  <string name="numeric_wday1_mdy1_wday2_mdy2">%1$s, %2$s/%3$s/%4$s – %6$s, %7$s/%8$s/%9$s</string>
  <string name="numeric_wday1_mdy1_time1_wday2_mdy2_time2">%1$s, %2$s/%3$s/%4$s, %5$s – %6$s, %7$s/%8$s/%9$s, %10$s</string>
  <string name="numeric_md1_time1_md2_time2">%2$s/%3$s, %5$s – %7$s/%8$s, %10$s</string>
  <string name="numeric_wday1_md1_time1_wday2_md2_time2">%1$s, %2$s/%3$s, %5$s – %6$s, %7$s/%8$s, %10$s</string>
  <string name="numeric_mdy1_time1_mdy2_time2">%2$s/%3$s/%4$s, %5$s – %7$s/%8$s/%9$s, %10$s</string>
  <string name="wday1_date1_time1_wday2_date2_time2">%1$s, %2$s, %3$s – %4$s, %5$s, %6$s</string>
  <string name="wday1_date1_wday2_date2">%1$s, %2$s – %4$s, %5$s</string>
  <string name="date1_time1_date2_time2">%2$s, %3$s – %5$s, %6$s</string>
  <string name="time_wday_date">%1$s, %2$s, %3$s</string>
  <string name="wday_date">%2$s, %3$s</string>
  <string name="time_wday">%1$s, %2$s</string>
  <string name="same_year_md1_md2">%2$s %3$s – %7$s %8$s</string>
  <string name="same_year_wday1_md1_wday2_md2">%1$s, %2$s %3$s – %6$s, %7$s %8$s</string>
  <string name="same_year_md1_time1_md2_time2">%2$s %3$s, %5$s – %7$s %8$s, %10$s</string>
  <string name="same_month_md1_time1_md2_time2">%2$s %3$s, %5$s – %7$s %8$s, %10$s</string>
  <string name="same_year_wday1_md1_time1_wday2_md2_time2">%1$s, %2$s %3$s, %5$s – %6$s, %7$s %8$s, %10$s</string>
  <string name="same_month_wday1_md1_time1_wday2_md2_time2">%1$s, %2$s %3$s, %5$s – %6$s, %7$s %8$s, %10$s</string>
  <string name="same_year_mdy1_time1_mdy2_time2">%2$s %3$s, %4$s, %5$s – %7$s %8$s, %9$s, %10$s</string>
  <string name="same_month_mdy1_time1_mdy2_time2">%2$s %3$s, %4$s, %5$s – %7$s %8$s, %9$s, %10$s</string>
  <string name="same_year_wday1_mdy1_time1_wday2_mdy2_time2">%1$s, %2$s %3$s, %4$s, %5$s – %6$s, %7$s %8$s, %9$s, %10$s</string>
  <string name="same_month_wday1_mdy1_time1_wday2_mdy2_time2">%1$s, %2$s %3$s, %4$s, %5$s – %6$s, %7$s %8$s, %9$s, %10$s</string>
  <string name="same_month_wday1_mdy1_wday2_mdy2">%1$s, %2$s %3$s, %4$s – %6$s, %7$s %8$s, %9$s</string>
  <string name="same_month_md1_md2">%2$s %3$s – %8$s</string>
  <string name="same_month_wday1_md1_wday2_md2">%1$s, %2$s %3$s – %6$s, %7$s %8$s</string>
  <string name="same_year_mdy1_mdy2">%2$s %3$s – %7$s %8$s, %9$s</string>
  <string name="same_month_mdy1_mdy2">%2$s %3$s – %8$s, %9$s</string>
  <string name="same_year_wday1_mdy1_wday2_mdy2">%1$s, %2$s %3$s – %6$s, %7$s %8$s, %9$s</string>
  <string name="short_format_month">%b</string>
  <string name="full_wday_month_day_no_year">EEEE, MMMM d</string>
  <string name="abbrev_wday_month_day_year">EEE, MMM d, yyyy</string>
  <string name="default_text_encoding">Latin-1</string>
  <string name="lock_pattern_view_aspect">square</string>
  <string name="byteShort">B</string>
  <string name="kilobyteShort">KB</string>
  <string name="megabyteShort">MB</string>
  <string name="gigabyteShort">GB</string>
  <string name="terabyteShort">TB</string>
  <string name="petabyteShort">PB</string>
  <string name="fileSizeSuffix">%1$s%2$s</string>
  <string name="ellipsis">…</string>
  <string name="mmiError">Connection problem or invalid MMI code.</string>
  <string name="serviceEnabled">Service was enabled.</string>
  <string name="serviceEnabledFor">Service was enabled for:</string>
  <string name="serviceDisabled">Service has been disabled.</string>
  <string name="serviceRegistered">Registration was successful.</string>
  <string name="serviceErased">Erasure was successful.</string>
  <string name="passwordIncorrect">Incorrect password.</string>
  <string name="mmiComplete">MMI complete.</string>
  <string name="badPin">The old PIN you typed is not correct.</string>
  <string name="badPuk">The PUK you typed is not correct.</string>
  <string name="mismatchPin">The PINs you entered do not match.</string>
  <string name="invalidPin">Type a PIN that is 4 to 8 numbers.</string>
  <string name="needPuk">Your SIM card is PUK-locked. Type the PUK code to unlock it.</string>
  <string name="needPuk2">Type PUK2 to unblock SIM card.</string>
  <string name="ClipMmi">Incoming Caller ID</string>
  <string name="ClirMmi">Outgoing Caller ID</string>
  <string name="CfMmi">Call forwarding</string>
  <string name="CwMmi">Call waiting</string>
  <string name="BaMmi">Call barring</string>
  <string name="PwdMmi">Password change</string>
  <string name="PinMmi">PIN change</string>
  <string name="CnipMmi">Calling number present</string>
  <string name="CnirMmi">Calling number restricted</string>
  <string name="ThreeWCMmi">Three way calling</string>
  <string name="RuacMmi">Rejection of undesired annoying calls</string>
  <string name="CndMmi">Calling number delivery</string>
  <string name="DndMmi">Do not disturb</string>
  <string name="CLIRDefaultOnNextCallOn">Caller ID defaults to restricted. Next call: Restricted</string>
  <string name="CLIRDefaultOnNextCallOff">Caller ID defaults to restricted. Next call: Not restricted</string>
  <string name="CLIRDefaultOffNextCallOn">Caller ID defaults to not restricted. Next call: Restricted</string>
  <string name="CLIRDefaultOffNextCallOff">Caller ID defaults to not restricted. Next call: Not restricted</string>
  <string name="serviceNotProvisioned">Service not provisioned.</string>
  <string name="CLIRPermanent">The caller ID setting cannot be changed.</string>
  <string name="RestrictedChangedTitle">Restricted access changed</string>
  <string name="RestrictedOnData">Data service is blocked.</string>
  <string name="RestrictedOnEmergency">Emergency service is blocked.</string>
  <string name="RestrictedOnNormal">Voice service is blocked.</string>
  <string name="RestrictedOnAllVoice">All Voice services are blocked.</string>
  <string name="RestrictedOnSms">SMS service is blocked.</string>
  <string name="RestrictedOnVoiceData">Voice/Data services are blocked.</string>
  <string name="RestrictedOnVoiceSms">Voice/SMS services are blocked.</string>
  <string name="RestrictedOnAll">All Voice/Data/SMS services are blocked.</string>
  <string name="serviceClassVoice">Voice</string>
  <string name="serviceClassData">Data</string>
  <string name="serviceClassFAX">FAX</string>
  <string name="serviceClassSMS">SMS</string>
  <string name="serviceClassDataAsync">Async</string>
  <string name="serviceClassDataSync">Sync</string>
  <string name="serviceClassPacket">Packet</string>
  <string name="serviceClassPAD">PAD</string>
  <string name="roamingText0">Roaming Indicator On</string>
  <string name="roamingText1">Roaming Indicator Off</string>
  <string name="roamingText2">Roaming Indicator Flashing</string>
  <string name="roamingText3">Out of Neighborhood</string>
  <string name="roamingText4">Out of Building</string>
  <string name="roamingText5">Roaming - Preferred System</string>
  <string name="roamingText6">Roaming - Available System</string>
  <string name="roamingText7">Roaming - Alliance Partner</string>
  <string name="roamingText8">Roaming - Premium Partner</string>
  <string name="roamingText9">Roaming - Full Service Functionality</string>
  <string name="roamingText10">Roaming - Partial Service Functionality</string>
  <string name="roamingText11">Roaming Banner On</string>
  <string name="roamingText12">Roaming Banner Off</string>
  <string name="roamingTextSearching">Searching for Service</string>
  <string name="cfTemplateNotForwarded">{0}: Not forwarded</string>
  <string name="cfTemplateForwarded">{0}: {1}</string>
  <string name="cfTemplateForwardedTime">{0}: {1} after {2} seconds</string>
  <string name="cfTemplateRegistered">{0}: Not forwarded</string>
  <string name="cfTemplateRegisteredTime">{0}: Not forwarded</string>
  <string name="fcComplete">Feature code complete.</string>
  <string name="fcError">Connection problem or invalid feature code.</string>
  <string name="httpErrorOk">OK</string>
  <string name="httpError">The Web page contains an error.</string>
  <string name="httpErrorLookup">The URL could not be found.</string>
  <string name="httpErrorUnsupportedAuthScheme">The site authentication scheme is not supported.</string>
  <string name="httpErrorAuth">Authentication was unsuccessful.</string>
  <string name="httpErrorProxyAuth">Authentication via the proxy server was unsuccessful.</string>
  <string name="httpErrorConnect">The connection to the server was unsuccessful.</string>
  <string name="httpErrorIO">The server failed to communicate. Try again later.</string>
  <string name="httpErrorTimeout">The connection to the server timed out.</string>
  <string name="httpErrorRedirectLoop">The page contains too many server redirects.</string>
  <string name="httpErrorFailedSslHandshake">A secure connection could not be established.</string>
  <string name="httpErrorFile">The file could not be accessed.</string>
  <string name="httpErrorFileNotFound">The requested file was not found.</string>
  <string name="httpErrorTooManyRequests">Too many requests are being processed. Try again later.</string>
  <string name="notification_title">Sign-in error for %1$s</string>
  <string name="contentServiceSync">Sync</string>
  <string name="contentServiceSyncNotificationTitle">Sync</string>
  <string name="contentServiceTooManyDeletesNotificationDesc">Too many %s deletes.</string>
  <string name="low_memory">Phone storage is full! Delete some files to free space.</string>
  <string name="me">Me</string>
  <string name="power_dialog">Phone options</string>
  <string name="silent_mode">Silent mode</string>
  <string name="turn_on_radio">Turn on wireless</string>
  <string name="turn_off_radio">Turn off wireless</string>
  <string name="screen_lock">Screen lock</string>
  <string name="power_off">Power off</string>
  <string name="shutdown_progress">Shutting down…</string>
  <string name="shutdown_confirm">Your phone will shut down.</string>
  <string name="recent_tasks_title">Recent</string>
  <string name="no_recent_tasks">No recent applications.</string>
  <string name="global_actions">Phone options</string>
  <string name="global_action_lock">Screen lock</string>
  <string name="global_action_power_off">Power off</string>
  <string name="global_action_toggle_silent_mode">Silent mode</string>
  <string name="global_action_silent_mode_on_status">Sound is OFF</string>
  <string name="global_action_silent_mode_off_status">Sound is ON</string>
  <string name="global_actions_toggle_airplane_mode">Airplane mode</string>
  <string name="global_actions_airplane_mode_on_status">Airplane mode is ON</string>
  <string name="global_actions_airplane_mode_off_status">Airplane mode is OFF</string>
  <string name="safeMode">Safe mode</string>
  <string name="android_system_label">Android System</string>
  <string name="permgrouplab_costMoney">Services that cost you money</string>
  <string name="permgroupdesc_costMoney">Allow applications to do things that can cost you money.</string>
  <string name="permgrouplab_messages">Your messages</string>
  <string name="permgroupdesc_messages">Read and write your SMS, e-mail, and other messages.</string>
  <string name="permgrouplab_personalInfo">Your personal information</string>
  <string name="permgroupdesc_personalInfo">Direct access to your contacts and calendar stored on the phone.</string>
  <string name="permgrouplab_location">Your location</string>
  <string name="permgroupdesc_location">Monitor your physical location</string>
  <string name="permgrouplab_network">Network communication</string>
  <string name="permgroupdesc_network">Allow applications to access various network features.</string>
  <string name="permgrouplab_accounts">Your accounts</string>
  <string name="permgroupdesc_accounts">Access the available accounts.</string>
  <string name="permgrouplab_hardwareControls">Hardware controls</string>
  <string name="permgroupdesc_hardwareControls">Direct access to hardware on the handset.</string>
  <string name="permgrouplab_phoneCalls">Phone calls</string>
  <string name="permgroupdesc_phoneCalls">Monitor, record, and process phone calls.</string>
  <string name="permgrouplab_systemTools">System tools</string>
  <string name="permgroupdesc_systemTools">Lower-level access and control of the system.</string>
  <string name="permgrouplab_developmentTools">Development tools</string>
  <string name="permgroupdesc_developmentTools">Features only needed for application developers.</string>
  <string name="permgrouplab_storage">Storage</string>
  <string name="permgroupdesc_storage">Access the SD card.</string>
  <string name="permlab_statusBar">disable or modify status bar</string>
  <string name="permdesc_statusBar">Allows application to disable the status bar or add and remove system icons.</string>
  <string name="permlab_expandStatusBar">expand/collapse status bar</string>
  <string name="permdesc_expandStatusBar">Allows application to expand or collapse the status bar.</string>
  <string name="permlab_processOutgoingCalls">intercept outgoing calls</string>
  <string name="permdesc_processOutgoingCalls">Allows application to process outgoing calls and change the number to be dialed. Malicious applications may monitor, redirect, or prevent outgoing calls.</string>
  <string name="permlab_receiveSms">receive SMS</string>
  <string name="permdesc_receiveSms">Allows application to receive and process SMS messages. Malicious applications may monitor your messages or delete them without showing them to you.</string>
  <string name="permlab_receiveMms">receive MMS</string>
  <string name="permdesc_receiveMms">Allows application to receive and process MMS messages. Malicious applications may monitor your messages or delete them without showing them to you.</string>
  <string name="permlab_sendSms">send SMS messages</string>
  <string name="permdesc_sendSms">Allows application to send SMS messages. Malicious applications may cost you money by sending messages without your confirmation.</string>
  <string name="permlab_readSms">read SMS or MMS</string>
  <string name="permdesc_readSms">Allows application to read SMS messages stored on your phone or SIM card. Malicious applications may read your confidential messages.</string>
  <string name="permlab_writeSms">edit SMS or MMS</string>
  <string name="permdesc_writeSms">Allows application to write to SMS messages stored on your phone or SIM card. Malicious applications may delete your messages.</string>
  <string name="permlab_receiveWapPush">receive WAP</string>
  <string name="permdesc_receiveWapPush">Allows application to receive and process WAP messages. Malicious applications may monitor your messages or delete them without showing them to you.</string>
  <string name="permlab_getTasks">retrieve running applications</string>
  <string name="permdesc_getTasks">Allows application to retrieve information about currently and recently running tasks. May allow malicious applications to discover private information about other applications.</string>
  <string name="permlab_reorderTasks">reorder running applications</string>
  <string name="permdesc_reorderTasks">Allows an application to move tasks to the foreground and background. Malicious applications can force themselves to the front without your control.</string>
  <string name="permlab_setDebugApp">enable application debugging</string>
  <string name="permdesc_setDebugApp">Allows an application to turn on debugging for another application. Malicious applications can use this to kill other applications.</string>
  <string name="permlab_changeConfiguration">change your UI settings</string>
  <string name="permdesc_changeConfiguration">Allows an application to change the current configuration, such as the locale or overall font size.</string>
  <string name="permlab_enableCarMode">enable car mode</string>
  <string name="permdesc_enableCarMode">Allows an application to enable the car mode.</string>
  <string name="permlab_killBackgroundProcesses">kill background processes</string>
  <string name="permdesc_killBackgroundProcesses">Allows an application to kill background processes of other applications, even if memory isn\'t low.</string>
  <string name="permlab_forceStopPackages">force stop other applications</string>
  <string name="permdesc_forceStopPackages">Allows an application to forcibly stop other applications.</string>
  <string name="permlab_forceBack">force application to close</string>
  <string name="permdesc_forceBack">Allows an application to force any activity that is in the foreground to close and go back. Should never be needed for normal applications.</string>
  <string name="permlab_dump">retrieve system internal state</string>
  <string name="permdesc_dump">Allows application to retrieve internal state of the system. Malicious applications may retrieve a wide variety of private and secure information that they should never normally need.</string>
  <string name="permlab_shutdown">partial shutdown</string>
  <string name="permdesc_shutdown">Puts the activity manager into a shutdown state. Does not perform a complete shutdown.</string>
  <string name="permlab_stopAppSwitches">prevent app switches</string>
  <string name="permdesc_stopAppSwitches">Prevents the user from switching to another application.</string>
  <string name="permlab_runSetActivityWatcher">monitor and control all application launching</string>
  <string name="permdesc_runSetActivityWatcher">Allows an application to monitor and control how the system launches activities. Malicious applications may completely compromise the system. This permission is only needed for development, never for normal phone usage.</string>
  <string name="permlab_broadcastPackageRemoved">send package removed broadcast</string>
  <string name="permdesc_broadcastPackageRemoved">Allows an application to broadcast a notification that an application package has been removed. Malicious applications may use this to kill any other running application.</string>
  <string name="permlab_broadcastSmsReceived">send SMS-received broadcast</string>
  <string name="permdesc_broadcastSmsReceived">Allows an application to broadcast a notification that an SMS message has been received. Malicious applications may use this to forge incoming SMS messages.</string>
  <string name="permlab_broadcastWapPush">send WAP-PUSH-received broadcast</string>
  <string name="permdesc_broadcastWapPush">Allows an application to broadcast a notification that a WAP PUSH message has been received. Malicious applications may use this to forge MMS message receipt or to silently replace the content of any web page with malicious variants.</string>
  <string name="permlab_setProcessLimit">limit number of running processes</string>
  <string name="permdesc_setProcessLimit">Allows an application to control the maximum number of processes that will run. Never needed for normal applications.</string>
  <string name="permlab_setAlwaysFinish">make all background applications close</string>
  <string name="permdesc_setAlwaysFinish">Allows an application to control whether activities are always finished as soon as they go to the background. Never needed for normal applications.</string>
  <string name="permlab_batteryStats">modify battery statistics</string>
  <string name="permdesc_batteryStats">Allows the modification of collected battery statistics. Not for use by normal applications.</string>
  <string name="permlab_backup">control system backup and restore</string>
  <string name="permdesc_backup">Allows the application to control the system\'s backup and restore mechanism. Not for use by normal applications.</string>
  <string name="permlab_internalSystemWindow">display unauthorized windows</string>
  <string name="permdesc_internalSystemWindow">Allows the creation of windows that are intended to be used by the internal system user interface. Not for use by normal applications.</string>
  <string name="permlab_systemAlertWindow">display system-level alerts</string>
  <string name="permdesc_systemAlertWindow">Allows an application to show system alert windows. Malicious applications can take over the entire screen of the phone.</string>
  <string name="permlab_setAnimationScale">modify global animation speed</string>
  <string name="permdesc_setAnimationScale">Allows an application to change the global animation speed (faster or slower animations) at any time.</string>
  <string name="permlab_manageAppTokens">manage application tokens</string>
  <string name="permdesc_manageAppTokens">Allows applications to create and manage their own tokens, bypassing their normal Z-ordering. Should never be needed for normal applications.</string>
  <string name="permlab_injectEvents">press keys and control buttons</string>
  <string name="permdesc_injectEvents">Allows an application to deliver its own input events (key presses, etc.) to other applications. Malicious applications can use this to take over the phone.</string>
  <string name="permlab_readInputState">record what you type and actions you take</string>
  <string name="permdesc_readInputState">Allows applications to watch the keys you press even when interacting with another application (such as entering a password). Should never be needed for normal applications.</string>
  <string name="permlab_bindInputMethod">bind to an input method</string>
  <string name="permdesc_bindInputMethod">Allows the holder to bind to the top-level interface of an input method. Should never be needed for normal applications.</string>
  <string name="permlab_bindWallpaper">bind to a wallpaper</string>
  <string name="permdesc_bindWallpaper">Allows the holder to bind to the top-level interface of a wallpaper. Should never be needed for normal applications.</string>
  <string name="permlab_bindDeviceAdmin">interact with a device admin</string>
  <string name="permdesc_bindDeviceAdmin">Allows the holder to send intents to a device administrator. Should never be needed for normal applications.</string>
  <string name="permlab_setOrientation">change screen orientation</string>
  <string name="permdesc_setOrientation">Allows an application to change the rotation of the screen at any time. Should never be needed for normal applications.</string>
  <string name="permlab_signalPersistentProcesses">send Linux signals to applications</string>
  <string name="permdesc_signalPersistentProcesses">Allows application to request that the supplied signal be sent to all persistent processes.</string>
  <string name="permlab_persistentActivity">make application always run</string>
  <string name="permdesc_persistentActivity">Allows an application to make parts of itself persistent, so the system can\'t use it for other applications.</string>
  <string name="permlab_deletePackages">delete applications</string>
  <string name="permdesc_deletePackages">Allows an application to delete Android packages. Malicious applications can use this to delete important applications.</string>
  <string name="permlab_clearAppUserData">delete other applications\' data</string>
  <string name="permdesc_clearAppUserData">Allows an application to clear user data.</string>
  <string name="permlab_deleteCacheFiles">delete other applications\' caches</string>
  <string name="permdesc_deleteCacheFiles">Allows an application to delete cache files.</string>
  <string name="permlab_getPackageSize">measure application storage space</string>
  <string name="permdesc_getPackageSize">Allows an application to retrieve its code, data, and cache sizes</string>
  <string name="permlab_installPackages">directly install applications</string>
  <string name="permdesc_installPackages">Allows an application to install new or updated Android packages. Malicious applications can use this to add new applications with arbitrarily powerful permissions.</string>
  <string name="permlab_clearAppCache">delete all application cache data</string>
  <string name="permdesc_clearAppCache">Allows an application to free phone storage by deleting files in application cache directory. Access is very restricted usually to system process.</string>
  <string name="permlab_movePackage">Move application resources</string>
  <string name="permdesc_movePackage">Allows an application to move application resources from internal to external media and vice versa.</string>
  <string name="permlab_readLogs">read system log files</string>
  <string name="permdesc_readLogs">Allows an application to read from the system\'s various log files. This allows it to discover general information about what you are doing with the phone, but they should not contain any personal or private information.</string>
  <string name="permlab_diagnostic">read/write to resources owned by diag</string>
  <string name="permdesc_diagnostic">Allows an application to read and write to any resource owned by the diag group; for example, files in /dev. This could potentially affect system stability and security. This should be ONLY be used for hardware-specific diagnostics by the manufacturer or operator.</string>
  <string name="permlab_changeComponentState">enable or disable application components</string>
  <string name="permdesc_changeComponentState">Allows an application to change whether a component of another application is enabled or not. Malicious applications can use this to disable important phone capabilities. Care must be used with permission, as it is possible to get application components into an unusable, inconsistent, or unstable state.</string>
  <string name="permlab_setPreferredApplications">set preferred applications</string>
  <string name="permdesc_setPreferredApplications">Allows an application to modify your preferred applications. This can allow malicious applications to silently change the applications that are run, spoofing your existing applications to collect private data from you.</string>
  <string name="permlab_writeSettings">modify global system settings</string>
  <string name="permdesc_writeSettings">Allows an application to modify the system\'s settings data. Malicious applications can corrupt your system\'s configuration.</string>
  <string name="permlab_writeSecureSettings">modify secure system settings</string>
  <string name="permdesc_writeSecureSettings">Allows an application to modify the system\'s secure settings data. Not for use by normal applications.</string>
  <string name="permlab_writeGservices">modify the Google services map</string>
  <string name="permdesc_writeGservices">Allows an application to modify the Google services map. Not for use by normal applications.</string>
  <string name="permlab_receiveBootCompleted">automatically start at boot</string>
  <string name="permdesc_receiveBootCompleted">Allows an application to have itself started as soon as the system has finished booting. This can make it take longer to start the phone and allow the application to slow down the overall phone by always running.</string>
  <string name="permlab_broadcastSticky">send sticky broadcast</string>
  <string name="permdesc_broadcastSticky">Allows an application to send sticky broadcasts, which remain after the broadcast ends. Malicious applications can make the phone slow or unstable by causing it to use too much memory.</string>
  <string name="permlab_readContacts">read contact data</string>
  <string name="permdesc_readContacts">Allows an application to read all of the contact (address) data stored on your phone. Malicious applications can use this to send your data to other people.</string>
  <string name="permlab_writeContacts">write contact data</string>
  <string name="permdesc_writeContacts">Allows an application to modify the contact (address) data stored on your phone. Malicious applications can use this to erase or modify your contact data.</string>
  <string name="permlab_writeOwnerData">write owner data</string>
  <string name="permdesc_writeOwnerData">Allows an application to modify the phone owner data stored on your phone. Malicious applications can use this to erase or modify owner data.</string>
  <string name="permlab_readOwnerData">read owner data</string>
  <string name="permdesc_readOwnerData">Allows an application read the phone owner data stored on your phone. Malicious applications can use this to read phone owner data.</string>
  <string name="permlab_readCalendar">read calendar events</string>
  <string name="permdesc_readCalendar">Allows an application to read all of the calendar events stored on your phone. Malicious applications can use this to send your calendar events to other people.</string>
  <string name="permlab_writeCalendar">add or modify calendar events and send email to guests</string>
  <string name="permdesc_writeCalendar">Allows an application to add or change the events on your calendar, which may send email to guests. Malicious applications can use this to erase or modify your calendar events or to send email to guests.</string>
  <string name="permlab_accessMockLocation">mock location sources for testing</string>
  <string name="permdesc_accessMockLocation">Create mock location sources for testing. Malicious applications can use this to override the location and/or status returned by real location sources such as GPS or Network providers.</string>
  <string name="permlab_accessLocationExtraCommands">access extra location provider commands</string>
  <string name="permdesc_accessLocationExtraCommands">Access extra location provider commands. Malicious applications could use this to interfere with the operation of the GPS or other location sources.</string>
  <string name="permlab_installLocationProvider">permission to install a location provider</string>
  <string name="permdesc_installLocationProvider">Create mock location sources for testing. Malicious applications can use this to override the location and/or status returned by real location sources such as GPS or Network providers or monitor and report your location to an external source.</string>
  <string name="permlab_accessFineLocation">fine (GPS) location</string>
  <string name="permdesc_accessFineLocation">Access fine location sources such as the Global Positioning System on the phone, where available. Malicious applications can use this to determine where you are, and may consume additional battery power.</string>
  <string name="permlab_accessCoarseLocation">coarse (network-based) location</string>
  <string name="permdesc_accessCoarseLocation">Access coarse location sources such as the cellular network database to determine an approximate phone location, where available. Malicious applications can use this to determine approximately where you are.</string>
  <string name="permlab_accessSurfaceFlinger">access SurfaceFlinger</string>
  <string name="permdesc_accessSurfaceFlinger">Allows application to use SurfaceFlinger low-level features.</string>
  <string name="permlab_readFrameBuffer">read frame buffer</string>
  <string name="permdesc_readFrameBuffer">Allows application to read the content of the frame buffer.</string>
  <string name="permlab_modifyAudioSettings">change your audio settings</string>
  <string name="permdesc_modifyAudioSettings">Allows application to modify global audio settings such as volume and routing.</string>
  <string name="permlab_recordAudio">record audio</string>
  <string name="permdesc_recordAudio">Allows application to access the audio record path.</string>
  <string name="permlab_camera">take pictures</string>
  <string name="permdesc_camera">Allows application to take pictures with the camera. This allows the application at any time to collect images the camera is seeing.</string>
  <string name="permlab_brick">permanently disable phone</string>
  <string name="permdesc_brick">Allows the application to disable the entire phone permanently. This is very dangerous.</string>
  <string name="permlab_reboot">force phone reboot</string>
  <string name="permdesc_reboot">Allows the application to force the phone to reboot.</string>
  <string name="permlab_mount_unmount_filesystems">mount and unmount filesystems</string>
  <string name="permdesc_mount_unmount_filesystems">Allows the application to mount and unmount filesystems for removable storage.</string>
  <string name="permlab_mount_format_filesystems">format external storage</string>
  <string name="permdesc_mount_format_filesystems">Allows the application to format removable storage.</string>
  <string name="permlab_asec_access">get information on secure storage</string>
  <string name="permdesc_asec_access">Allows the application to get information on secure storage.</string>
  <string name="permlab_asec_create">create secure storage</string>
  <string name="permdesc_asec_create">Allows the application to create secure storage.</string>
  <string name="permlab_asec_destroy">destroy secure storage</string>
  <string name="permdesc_asec_destroy">Allows the application to destroy secure storage.</string>
  <string name="permlab_asec_mount_unmount">mount / unmount secure storage</string>
  <string name="permdesc_asec_mount_unmount">Allows the application to mount / unmount secure storage.</string>
  <string name="permlab_asec_rename">rename secure storage</string>
  <string name="permdesc_asec_rename">Allows the application to rename secure storage.</string>
  <string name="permlab_vibrate">control vibrator</string>
  <string name="permdesc_vibrate">Allows the application to control the vibrator.</string>
  <string name="permlab_flashlight">control flashlight</string>
  <string name="permdesc_flashlight">Allows the application to control the flashlight.</string>
  <string name="permlab_hardware_test">test hardware</string>
  <string name="permdesc_hardware_test">Allows the application to control various peripherals for the purpose of hardware testing.</string>
  <string name="permlab_callPhone">directly call phone numbers</string>
  <string name="permdesc_callPhone">Allows the application to call phone numbers without your intervention. Malicious applications may cause unexpected calls on your phone bill. Note that this does not allow the application to call emergency numbers.</string>
  <string name="permlab_callPrivileged">directly call any phone numbers</string>
  <string name="permdesc_callPrivileged">Allows the application to call any phone number, including emergency numbers, without your intervention. Malicious applications may place unnecessary and illegal calls to emergency services.</string>
  <string name="permlab_performCdmaProvisioning">directly start CDMA phone setup</string>
  <string name="permdesc_performCdmaProvisioning">Allows the application to start CDMA provisioning. Malicious applications may unnecessarily start CDMA provisioning</string>
  <string name="permlab_locationUpdates">control location update notifications</string>
  <string name="permdesc_locationUpdates">Allows enabling/disabling location update notifications from the radio. Not for use by normal applications.</string>
  <string name="permlab_checkinProperties">access checkin properties</string>
  <string name="permdesc_checkinProperties">Allows read/write access to properties uploaded by the checkin service. Not for use by normal applications.</string>
  <string name="permlab_bindGadget">choose widgets</string>
  <string name="permdesc_bindGadget">Allows the application to tell the system which widgets can be used by which application. With this permission, applications can give access to personal data to other applications. Not for use by normal applications.</string>
  <string name="permlab_modifyPhoneState">modify phone state</string>
  <string name="permdesc_modifyPhoneState">Allows the application to control the phone features of the device. An application with this permission can switch networks, turn the phone radio on and off and the like without ever notifying you.</string>
  <string name="permlab_readPhoneState">read phone state and identity</string>
  <string name="permdesc_readPhoneState">Allows the application to access the phone features of the device. An application with this permission can determine the phone number and serial number of this phone, whether a call is active, the number that call is connected to and the like.</string>
  <string name="permlab_wakeLock">prevent phone from sleeping</string>
  <string name="permdesc_wakeLock">Allows an application to prevent the phone from going to sleep.</string>
  <string name="permlab_devicePower">power phone on or off</string>
  <string name="permdesc_devicePower">Allows the application to turn the phone on or off.</string>
  <string name="permlab_factoryTest">run in factory test mode</string>
  <string name="permdesc_factoryTest">Run as a low-level manufacturer test, allowing complete access to the phone hardware. Only available when a phone is running in manufacturer test mode.</string>
  <string name="permlab_setWallpaper">set wallpaper</string>
  <string name="permdesc_setWallpaper">Allows the application to set the system wallpaper.</string>
  <string name="permlab_setWallpaperHints">set wallpaper size hints</string>
  <string name="permdesc_setWallpaperHints">Allows the application to set the system wallpaper size hints.</string>
  <string name="permlab_masterClear">reset system to factory defaults</string>
  <string name="permdesc_masterClear">Allows an application to completely reset the system to its factory settings, erasing all data, configuration, and installed applications.</string>
  <string name="permlab_setTime">set time</string>
  <string name="permdesc_setTime">Allows an application to change the phone\'s clock time.</string>
  <string name="permlab_setTimeZone">set time zone</string>
  <string name="permdesc_setTimeZone">Allows an application to change the phone\'s time zone.</string>
  <string name="permlab_accountManagerService">act as the AccountManagerService</string>
  <string name="permdesc_accountManagerService">Allows an application to make calls to AccountAuthenticators</string>
  <string name="permlab_getAccounts">discover known accounts</string>
  <string name="permdesc_getAccounts">Allows an application to get the list of accounts known by the phone.</string>
  <string name="permlab_authenticateAccounts">act as an account authenticator</string>
  <string name="permdesc_authenticateAccounts">Allows an application to use the account authenticator capabilities of the AccountManager, including creating accounts and getting and setting their passwords.</string>
  <string name="permlab_manageAccounts">manage the accounts list</string>
  <string name="permdesc_manageAccounts">Allows an application to perform operations like adding, and removing accounts and deleting their password.</string>
  <string name="permlab_useCredentials">use the authentication credentials of an account</string>
  <string name="permdesc_useCredentials">Allows an application to request authentication tokens.</string>
  <string name="permlab_accessNetworkState">view network state</string>
  <string name="permdesc_accessNetworkState">Allows an application to view the state of all networks.</string>
  <string name="permlab_createNetworkSockets">full Internet access</string>
  <string name="permdesc_createNetworkSockets">Allows an application to create network sockets.</string>
  <string name="permlab_writeApnSettings">write Access Point Name settings</string>
  <string name="permdesc_writeApnSettings">Allows an application to modify the APN settings, such as Proxy and Port of any APN.</string>
  <string name="permlab_changeNetworkState">change network connectivity</string>
  <string name="permdesc_changeNetworkState">Allows an application to change the state of network connectivity.</string>
  <string name="permlab_changeTetherState">Change tethered connectivity</string>
  <string name="permdesc_changeTetherState">Allows an application to change the state of tethered network connectivity.</string>
  <string name="permlab_changeBackgroundDataSetting">change background data usage setting</string>
  <string name="permdesc_changeBackgroundDataSetting">Allows an application to change the background data usage setting.</string>
  <string name="permlab_accessWifiState">view Wi-Fi state</string>
  <string name="permdesc_accessWifiState">Allows an application to view the information about the state of Wi-Fi.</string>
  <string name="permlab_changeWifiState">change Wi-Fi state</string>
  <string name="permdesc_changeWifiState">Allows an application to connect to and disconnect from Wi-Fi access points, and to make changes to configured Wi-Fi networks.</string>
  <string name="permlab_changeWifiMulticastState">allow Wi-Fi Multicast reception</string>
  <string name="permdesc_changeWifiMulticastState">Allows an application to receive packets not directly addressed to your device. This can be useful when discovering services offered near by. It uses more power than the non-multicast mode.</string>
  <string name="permlab_bluetoothAdmin">bluetooth administration</string>
  <string name="permdesc_bluetoothAdmin">Allows an application to configure the local Bluetooth phone, and to discover and pair with remote devices.</string>
  <string name="permlab_bluetooth">create Bluetooth connections</string>
  <string name="permdesc_bluetooth">Allows an application to view configuration of the local Bluetooth phone, and to make and accept connections with paired devices.</string>
  <string name="permlab_disableKeyguard">disable keylock</string>
  <string name="permdesc_disableKeyguard">Allows an application to disable the keylock and any associated password security. A legitimate example of this is the phone disabling the keylock when receiving an incoming phone call, then re-enabling the keylock when the call is finished.</string>
  <string name="permlab_readSyncSettings">read sync settings</string>
  <string name="permdesc_readSyncSettings">Allows an application to read the sync settings, such as whether sync is enabled for Contacts.</string>
  <string name="permlab_writeSyncSettings">write sync settings</string>
  <string name="permdesc_writeSyncSettings">Allows an application to modify the sync settings, such as whether sync is enabled for Contacts.</string>
  <string name="permlab_readSyncStats">read sync statistics</string>
  <string name="permdesc_readSyncStats">Allows an application to read the sync stats; e.g., the history of syncs that have occurred.</string>
  <string name="permlab_subscribedFeedsRead">read subscribed feeds</string>
  <string name="permdesc_subscribedFeedsRead">Allows an application to get details about the currently synced feeds.</string>
  <string name="permlab_subscribedFeedsWrite">write subscribed feeds</string>
  <string name="permdesc_subscribedFeedsWrite">Allows an application to modify your currently synced feeds. This could allow a malicious application to change your synced feeds.</string>
  <string name="permlab_readDictionary">read user defined dictionary</string>
  <string name="permdesc_readDictionary">Allows an application to read any private words, names and phrases that the user may have stored in the user dictionary.</string>
  <string name="permlab_writeDictionary">write to user defined dictionary</string>
  <string name="permdesc_writeDictionary">Allows an application to write new words into the user dictionary.</string>
  <string name="permlab_sdcardWrite">modify/delete SD card contents</string>
  <string name="permdesc_sdcardWrite">Allows an application to write to the SD card.</string>
  <string name="permlab_cache_filesystem">access the cache filesystem</string>
  <string name="permdesc_cache_filesystem">Allows an application to read and write the cache filesystem.</string>
  <string name="policylab_limitPassword">Limit password</string>
  <string name="policydesc_limitPassword">Restrict the types of passwords you are allowed to use.</string>
  <string name="policylab_watchLogin">Watch login attempts</string>
  <string name="policydesc_watchLogin">Monitor failed attempts to login to the device, to perform some action.</string>
  <string name="policylab_resetPassword">Reset password</string>
  <string name="policydesc_resetPassword">Force your password to a new value, requiring the administrator give it to you before you can log in.</string>
  <string name="policylab_forceLock">Force lock</string>
  <string name="policydesc_forceLock">Control when device locks, requiring you re-enter its password.</string>
  <string name="policylab_wipeData">Erase all data</string>
  <string name="policydesc_wipeData">Perform a factory reset, deleting all of your data without any confirmation.</string>
  <string name="phoneTypeCustom">Custom</string>
  <string name="phoneTypeHome">Home</string>
  <string name="phoneTypeMobile">Mobile</string>
  <string name="phoneTypeWork">Work</string>
  <string name="phoneTypeFaxWork">Work Fax</string>
  <string name="phoneTypeFaxHome">Home Fax</string>
  <string name="phoneTypePager">Pager</string>
  <string name="phoneTypeOther">Other</string>
  <string name="phoneTypeCallback">Callback</string>
  <string name="phoneTypeCar">Car</string>
  <string name="phoneTypeCompanyMain">Company Main</string>
  <string name="phoneTypeIsdn">ISDN</string>
  <string name="phoneTypeMain">Main</string>
  <string name="phoneTypeOtherFax">Other Fax</string>
  <string name="phoneTypeRadio">Radio</string>
  <string name="phoneTypeTelex">Telex</string>
  <string name="phoneTypeTtyTdd">TTY TDD</string>
  <string name="phoneTypeWorkMobile">Work Mobile</string>
  <string name="phoneTypeWorkPager">Work Pager</string>
  <string name="phoneTypeAssistant">Assistant</string>
  <string name="phoneTypeMms">MMS</string>
  <string name="eventTypeBirthday">Birthday</string>
  <string name="eventTypeAnniversary">Anniversary</string>
  <string name="eventTypeOther">Event</string>
  <string name="emailTypeCustom">Custom</string>
  <string name="emailTypeHome">Home</string>
  <string name="emailTypeWork">Work</string>
  <string name="emailTypeOther">Other</string>
  <string name="emailTypeMobile">Mobile</string>
  <string name="postalTypeCustom">Custom</string>
  <string name="postalTypeHome">Home</string>
  <string name="postalTypeWork">Work</string>
  <string name="postalTypeOther">Other</string>
  <string name="imTypeCustom">Custom</string>
  <string name="imTypeHome">Home</string>
  <string name="imTypeWork">Work</string>
  <string name="imTypeOther">Other</string>
  <string name="imProtocolCustom">Custom</string>
  <string name="imProtocolAim">AIM</string>
  <string name="imProtocolMsn">Windows Live</string>
  <string name="imProtocolYahoo">Yahoo</string>
  <string name="imProtocolSkype">Skype</string>
  <string name="imProtocolQq">QQ</string>
  <string name="imProtocolGoogleTalk">Google Talk</string>
  <string name="imProtocolIcq">ICQ</string>
  <string name="imProtocolJabber">Jabber</string>
  <string name="imProtocolNetMeeting">NetMeeting</string>
  <string name="orgTypeWork">Work</string>
  <string name="orgTypeOther">Other</string>
  <string name="orgTypeCustom">Custom</string>
  <string name="contact_status_update_attribution">via %1$s</string>
  <string name="contact_status_update_attribution_with_date">%1$s via %2$s</string>
  <string name="keyguard_password_enter_pin_code">Enter PIN code</string>
  <string name="keyguard_password_enter_password_code">Enter password to unlock</string>
  <string name="keyguard_password_wrong_pin_code">Incorrect PIN code!</string>
  <string name="keyguard_label_text">To unlock, press Menu then 0.</string>
  <string name="emergency_call_dialog_number_for_display">Emergency number</string>
  <string name="lockscreen_carrier_default">(No service)</string>
  <string name="lockscreen_screen_locked">Screen locked.</string>
  <string name="lockscreen_instructions_when_pattern_enabled">Press Menu to unlock or place emergency call.</string>
  <string name="lockscreen_instructions_when_pattern_disabled">Press Menu to unlock.</string>
  <string name="lockscreen_pattern_instructions">Draw pattern to unlock</string>
  <string name="lockscreen_emergency_call">Emergency call</string>
  <string name="lockscreen_return_to_call">Return to call</string>
  <string name="lockscreen_pattern_correct">Correct!</string>
  <string name="lockscreen_pattern_wrong">Sorry, try again</string>
  <string name="lockscreen_plugged_in">Charging (%d%%)</string>
  <string name="lockscreen_charged">Charged.</string>
  <string name="lockscreen_battery_short">%d%%</string>
  <string name="lockscreen_low_battery">Connect your charger.</string>
  <string name="lockscreen_missing_sim_message_short">No SIM card.</string>
  <string name="lockscreen_missing_sim_message">No SIM card in phone.</string>
  <string name="lockscreen_missing_sim_instructions">Please insert a SIM card.</string>
  <string name="emergency_calls_only">Emergency calls only</string>
  <string name="lockscreen_network_locked_message">Network locked</string>
  <string name="lockscreen_sim_puk_locked_message">SIM card is PUK-locked.</string>
  <string name="lockscreen_sim_puk_locked_instructions">Please see the User Guide or contact Customer Care.</string>
  <string name="lockscreen_sim_locked_message">SIM card is locked.</string>
  <string name="lockscreen_sim_unlock_progress_dialog_message">در حال باز کردن سیم کارت...</string>
  <string name="lockscreen_too_many_failed_attempts_dialog_message">You have incorrectly drawn your unlock pattern %d times. \n\nPlease try again in %d seconds.</string>
  <string name="lockscreen_failed_attempts_almost_glogin">You have incorrectly drawn your unlock pattern %d times. After %d more unsuccessful attempts, you will be asked to unlock your phone using your Google sign-in.\n\n Please try again in %d seconds.</string>
  <string name="lockscreen_too_many_failed_attempts_countdown">دوباره سعی کنید در ٪d ثانیه دیگر تلاش کنید</string>
  <string name="lockscreen_forgot_pattern_button_text">الگو را فراموش کرده اید؟</string>
  <string name="lockscreen_glogin_forgot_pattern">باز کردن حساب کاربری</string>
  <string name="lockscreen_glogin_too_many_attempts">تلاش برای باز کردن الگو بیشتر از حد مجاز شد</string>
  <string name="lockscreen_glogin_instructions">برای باز کردن با حساب گوگل خود وارد شوید</string>
  <string name="lockscreen_glogin_username_hint">نام کاربری (ایمیل)</string>
  <string name="lockscreen_glogin_password_hint">Password</string>
  <string name="lockscreen_glogin_submit_button">ورود</string>
  <string name="lockscreen_glogin_invalid_input">نام کاربری یا رمز عبور اشتباه است</string>
  <string name="lockscreen_glogin_checking_password">در حال بررسی...</string>
  <string name="lockscreen_unlock_label">Unlock</string>
  <string name="lockscreen_sound_on_label">صدا روشن</string>
  <string name="lockscreen_sound_off_label">صدا خاموش</string>
  <string name="password_keyboard_label_symbol_key">\?123</string>
  <string name="password_keyboard_label_alpha_key">ABC</string>
  <string name="password_keyboard_label_alt_key">ALT</string>
  <string name="hour_ampm">%-l%P</string>
  <string name="hour_cap_ampm">%-l%p</string>
  <string name="status_bar_clear_all_button">Clear</string>
  <string name="status_bar_no_notifications_title">هیچ اطلاعیه ای موجود نیست</string>
  <string name="status_bar_ongoing_events_title">Ongoing</string>
  <string name="status_bar_latest_events_title">Notifications</string>
  <string name="battery_status_text_percent_format">%d%%</string>
  <string name="battery_status_charging">در حال شارژ...</string>
  <string name="battery_low_title">Please connect charger</string>
  <string name="battery_low_subtitle">The battery is getting low:</string>
  <string name="battery_low_percent_format">%d%% یا کمتر باقی مانده</string>
  <string name="battery_low_why">Battery use</string>
  <string name="factorytest_failed">Factory test failed</string>
  <string name="factorytest_not_system">The FACTORY_TEST action is only supported for packages installed in /system/app.</string>
  <string name="factorytest_no_action">No package was found that provides the FACTORY_TEST action.</string>
  <string name="factorytest_reboot">راه اندازی مجدد</string>
  <string name="web_user_agent">Mozilla/5.0 (Linux; U; Android %s) AppleWebKit/533.1 (KHTML, like Gecko) Version/4.0 Mobile Safari/533.1</string>
  <string name="js_dialog_title">صفحه در \'%s\' می گوید:</string>
  <string name="js_dialog_title_default">جاوا اسکریپت</string>
  <string name="js_dialog_before_unload">Navigate away from this page?\n\n%s\n\nSelect OK to continue, or Cancel to stay on the current page.</string>
  <string name="save_password_label">Confirm</string>
  <string name="double_tap_toast">Tip: double-tap to zoom in and out.</string>
  <string name="permlab_readHistoryBookmarks">read Browser\'s history and bookmarks</string>
  <string name="permdesc_readHistoryBookmarks">Allows the application to read all the URLs that the Browser has visited, and all of the Browser\'s bookmarks.</string>
  <string name="permlab_writeHistoryBookmarks">write Browser\'s history and bookmarks</string>
  <string name="permdesc_writeHistoryBookmarks">Allows an application to modify the Browser\'s history or bookmarks stored on your phone. Malicious applications can use this to erase or modify your Browser\'s data.</string>
  <string name="permlab_writeGeolocationPermissions">Modify Browser geolocation permissions</string>
  <string name="permdesc_writeGeolocationPermissions">Allows an application to modify the Browser\'s geolocation permissions. Malicious applications can use this to allow sending location information to arbitrary web sites.</string>
  <string name="save_password_message">ایا مرورگر این رمز عبور را به خاطر داشته باشد</string>
  <string name="save_password_notnow">الان نه</string>
  <string name="save_password_remember">به خاطر بسپار</string>
  <string name="save_password_never">Never</string>
  <string name="open_permission_deny">شما اجازه باز کردن این صفحه را ندارید.</string>
  <string name="text_copied">متن به کلیپ بورد کپی شده است.</string>
  <string name="more_item_label">More</string>
  <string name="prepend_shortcut_label">منوی +</string>
  <string name="menu_space_shortcut_label">فضا</string>
  <string name="menu_enter_shortcut_label">وارد کنید</string>
  <string name="menu_delete_shortcut_label">حذف</string>
  <string name="oneMonthDurationPast">یک ماه پیش</string>
  <string name="beforeOneMonthDurationPast">قبل از 1 ماه گذشته</string>
  <string name="last_month">ماه گذشته</string>
  <string name="older">قدیمی تر</string>
  <string name="preposition_for_date">در %s</string>
  <string name="preposition_for_time">در %s</string>
  <string name="preposition_for_year">در %s</string>
  <string name="day">روز</string>
  <string name="days">روزها</string>
  <string name="hour">ساعت</string>
  <string name="hours">ساعتها</string>
  <string name="minute">دقیقه</string>
  <string name="minutes">دقیقها</string>
  <string name="second">ثانیه</string>
  <string name="seconds">ثانیها</string>
  <string name="week">هفته</string>
  <string name="weeks">هفتهها</string>
  <string name="year">سال</string>
  <string name="years">سالها</string>
  <string name="relative_time">%1$ s %2$ s</string>
  <string name="noon">نیمروز</string>
  <string name="Noon">نیمروز</string>
  <string name="midnight">نیمه شب</string>
  <string name="Midnight">نیمه شب</string>
  <string name="elapsed_time_short_format_mm_ss">%1$ 02d: % 2$ 02d</string>
  <string name="elapsed_time_short_format_h_mm_ss">%1$ د: % 2$ 02d: % 3$ 02d</string>
  <string name="selectText">انتخاب متن</string>
  <string name="stopSelectingText">توقف انتخاب متن</string>
  <string name="cutAll">برش همه</string>
  <string name="copyAll">کپی همه</string>
  <string name="inputMethod">روش ورودی</string>
  <string name="addToDictionary">به فرهنگ لغت \ "٪ S \" اضافه کردن </string>
  <string name="editTextMenuTitle">Edit text</string>
  <string name="low_internal_storage_view_title">کمبود جا</string>
  <string name="low_internal_storage_view_text">فضای ذخیره سازی حافظه داخلی کم است</string>
  <string name="capital_on">روشن</string>
  <string name="capital_off">خاموش</string>
  <string name="whichApplication">کامل کردن با استفاده </string>
  <string name="alwaysUse">استفاده از پیش فرض برای این عمل</string>
  <string name="clearDefaultHintMsg">Clear default in Home Settings > Applications > Manage applications.</string>
  <string name="chooseActivity">انتخاب یک عمل</string>
  <string name="noApplications">هیچ برنامه نمی تواند این عمل را انجام دهید.</string>
  <string name="aerr_title">!میبخشید</string>
  <string name="aerr_application">The application %1$s (process %2$s) has stopped unexpectedly. Please try again.</string>
  <string name="aerr_process">The process %1$s has stopped unexpectedly. Please try again.</string>
  <string name="anr_title">!میبخشید</string>
  <string name="anr_activity_application">Activity %1$s (in application %2$s) is not responding.</string>
  <string name="anr_activity_process">Activity %1$s (in process %2$s) is not responding.</string>
  <string name="anr_application_process">برنامه کاربردی %1$ s (در روند %2$ s) پاسخ نمی دهد.</string>
  <string name="anr_process">روند %1$ s پاسخ نمی دهد.</string>
  <string name="force_close">بسته کردن با فشار</string>
  <string name="report">گزارش</string>
  <string name="wait">انتظار</string>
  <string name="sendText">انتخاب یک عمل برای متن</string>
  <string name="volume_ringtone">صدای زنگ</string>
  <string name="volume_music">صدای مدیا</string>
  <string name="volume_music_hint_playing_through_bluetooth">بازی از طریق بلوتوث</string>
  <string name="volume_music_hint_silent_ringtone_selected">بی صدا کردن زنگ انتخابی</string>
  <string name="volume_call">صدای تماس</string>
  <string name="volume_bluetooth_call">صدای تماس ورودی با بلوتوث</string>
  <string name="volume_alarm">Alarm volume</string>
  <string name="volume_notification">صدای هشدار</string>
  <string name="volume_unknown">صدا</string>
  <string name="ringtone_default">آهنگ زنگ پیش فرض</string>
  <string name="ringtone_default_with_actual">آهنگ زنگ پیش فرض</string>
  <string name="ringtone_silent">بیصدا</string>
  <string name="ringtone_picker_title">آهنگ های زنگ</string>
  <string name="ringtone_unknown">آهنگ زنگ ناشناخته</string>
  <string name="wifi_tether_configure_ssid_default">AndroidAP</string>
  <string name="select_character">درج نویسه</string>
  <string name="sms_control_default_app_name">برنامه نامشخص</string>
  <string name="sms_control_title">فرستادن پیام کوتاه</string>
  <string name="sms_control_message">را انتخاب کنید ok تعداد زیادی پیامک اماده فرستادن هستند</string>
  <string name="sms_control_yes">OK</string>
  <string name="sms_control_no">Cancel</string>
  <string name="date_time_set">Set</string>
  <string name="default_permission_group">پیش فرض</string>
  <string name="permissions_format">٪ 1 $ S ، S $ ٪ 2</string>
  <string name="no_permissions">مجوزی نیاز نیست</string>
  <string name="usb_storage_activity_title">انتخاب ذخیره انبوه</string>
  <string name="usb_storage_title">USB وصل شد</string>
  <string name="usb_storage_message">usb تلفن شما به رایانه متصل شده توسط</string>
  <string name="usb_storage_button_mount">ذخیره انبوه روشن</string>
  <string name="usb_storage_error_message">مشکلی در کارت حافظه برای استفاده از ذخیره انبوه وجود دارد</string>
  <string name="usb_storage_notification_title">usb اتصال</string>
  <string name="usb_storage_notification_message">انتخاب برای رونوشت سند به/از رایانه</string>
  <string name="usb_storage_stop_notification_title">ذخیره انبوه خاموش </string>
  <string name="usb_storage_stop_notification_message">انتخاب برای خاموش کردن ذخیره انبوه</string>
  <string name="usb_storage_stop_title">ذخیره سازی یو اس بی در حال استفاده است</string>
  <string name="usb_storage_stop_message">قبل از غیر فعال کردن ذخیره انبوه از قطع بارگیری مطمئن شوید</string>
  <string name="usb_storage_stop_button_mount">خاموش کردن ذخیره سازی یو اس بی</string>
  <string name="usb_storage_stop_error_message">فعال سازی انبوه با مشکل  مواجه است ، بررسی کنید تا مطمئن شوید</string>
  <string name="dlg_confirm_kill_storage_users_title">روشن کردن ذخیره سازی یو اس بی</string>
  <string name="dlg_confirm_kill_storage_users_text">اگر ذخیره سازی انبوه را روشن کنید ، بعضی از برنامه ها در حال اجرا هستند</string>
  <string name="dlg_error_title">عملیات یو اس بی ناموفق</string>
  <string name="dlg_ok">تایید</string>
  <string name="extmedia_format_title">قالب بندی مموری</string>
  <string name="extmedia_format_message">آیا مطمئن هستید که میخواهید مموری را قالب بندی کنید؟همه اطلاعات شما از بین میرود</string>
  <string name="extmedia_format_button_format">قالب بندی</string>
  <string name="adb_active_notification_title">اشکال زدایی یو اس بی وصل است</string>
  <string name="adb_active_notification_message">انتخاب کنید برای غیر فعال سازی اشکال زدایی یو اس بی</string>
  <string name="locale_replacement">جایگزینی_محلی</string>
  <string name="select_input_method">انتخاب نحوه ورود اطلاعات</string>
  <string name="fast_scroll_alphabet">\u۰۰۲۰ABCDEFGHIJKLMNOPQRSTUVWXYZ</string>
  <string name="fast_scroll_numeric_alphabet">\u۰۰۲۰۰۱۲۳۴۵۶۷۸۹ABCDEFGHIJKLMNOPQRSTUVWXYZ</string>
  <string name="candidates_style">سبک نامزدها</string>
  <string name="ext_media_checking_notification_title">در حال آماده سازی مموری کارد</string>
  <string name="ext_media_checking_notification_message">در حال چک کردن خطاها</string>
  <string name="ext_media_nofs_notification_title">مموری کارد خالی است</string>
  <string name="ext_media_nofs_notification_message">اس دی کارت خالیست یا از نوع فایل آن پشتیبانی‌ نمی‌شود.</string>
  <string name="ext_media_unmountable_notification_title">کارت آسیب دیده اس دی</string>
  <string name="ext_media_unmountable_notification_message">کارت اس دی‌های آسیب دیده. شما باید دوباره آماده سازی کنید</string>
  <string name="ext_media_badremoval_notification_title">کارت اس دی غیر منتظره  خارج شد</string>
  <string name="ext_media_badremoval_notification_message">برای حفظ داده‌ها کارت اس دی را قبل از خارج کردن غیر فعال کنید</string>
  <string name="ext_media_safe_unmount_notification_title">کارت اس دی برای خارج شدن آماده است</string>
  <string name="ext_media_safe_unmount_notification_message">شما میتوانید مموری مارد خود را بردارید</string>
  <string name="ext_media_nomedia_notification_title">مموری خارج شده</string>
  <string name="ext_media_nomedia_notification_message">مموری کارد برداشته شد.یک جدید را قرار دهید.</string>
  <string name="activity_list_empty">هیچ گونه فعالیت این مشخصات پیدا نشد</string>
  <string name="permlab_pkgUsageStats">به روز رسانی امار استفاده مولفه ها</string>
  <string name="permdesc_pkgUsageStats">Allows the modification of collected component usage statistics. Not for use by normal applications.</string>
  <string name="permlab_copyProtectedData">Allows to invoke default container service to copy content. Not for use by normal applications.</string>
  <string name="permdesc_copyProtectedData">Allows to invoke default container service to copy content. Not for use by normal applications.</string>
  <string name="tutorial_double_tap_to_zoom_message_short">برای کنترل زوم دوبار ضربه بزنید</string>
  <string name="gadget_host_error_inflating">خطا در ابزارک</string>
  <string name="ime_action_go">برو</string>
  <string name="ime_action_search">جستوجو</string>
  <string name="ime_action_send">فرستادن</string>
  <string name="ime_action_next">بعدی</string>
  <string name="ime_action_done">انجام شد</string>
  <string name="ime_action_default">اجرا</string>
  <string name="dial_number_using">شماره گیری\nبا استفاده از%s</string>
  <string name="create_contact_using">ساخت حساب\nبا استفاده از%s</string>
  <string name="accessibility_compound_button_selected">کنترل شده</string>
  <string name="accessibility_compound_button_unselected">کنترل نشده</string>
  <string name="grant_credentials_permission_message_header">در ادامه يک يا چند برنامه الان و یا در آينده درخواست دسترسي به حساب کاربری شما دارند </string>
  <string name="grant_credentials_permission_message_footer">آيا مايل به قبول اين درخواست هستيد؟ </string>
  <string name="grant_permissions_header_text">درخواست دسترسي</string>
  <string name="allow">اجازه دادن</string>
  <string name="deny">رد کردن</string>
  <string name="permission_request_notification_title">مجوز درخواست شده</string>
  <string name="permission_request_notification_with_subtitle">مجوز درخواست شده\nبرای حساب%s</string>
  <string name="input_method_binding_label">حالت نوشتن</string>
  <string name="sync_binding_label">همگام سازی</string>
  <string name="accessibility_binding_label">دسترسی</string>
  <string name="wallpaper_binding_label">کاغذ دیواری</string>
  <string name="chooser_wallpaper">تغییر پس زمینه</string>
  <string name="alternate_eri_file">/ داده ها / eri.xml
</string>
  <string name="pptp_vpn_description">نقطه به نقطه تونل پروتکل</string>
  <string name="l2tp_vpn_description">لایه 2 تونل پروتکل</string>
  <string name="l2tp_ipsec_psk_vpn_description">پیش از مشترک کلید بر اساس L2TP/IPSec شبکه اختصاصی مجازی</string>
  <string name="l2tp_ipsec_crt_vpn_description">بر اساس گواهی L2TP/IPSec شبکه اختصاصی مجازی
</string>
  <string name="upload_file">انتخاب فایل</string>
  <string name="reset">بازنشانی</string>
  <string name="submit">ثبت کردن</string>
  <string name="description_star">محبوب</string>
  <string name="car_mode_disable_notification_title">حالت ماشین را فعال کنید</string>
  <string name="car_mode_disable_notification_message">انتخاب به خروج از حالت ماشین.</string>
  <string name="tethered_notification_title">Tethering یا تاریخچه فعال</string>
  <string name="tethered_notification_message">برای پیکر بندی لمس کنید</string>
  <string name="throttle_warning_notification_title">استفاده بیشتر از داده های موبایل</string>
  <string name="throttle_warning_notification_message">لمس کنید برای آموزش بیشتر درباره داده های مورد استفاده موبایل</string>
  <string name="throttled_notification_title">اطلاعات تلفن همراه بیش از حد مجاز</string>
  <string name="throttled_notification_message">لمس کنید برای آموزش بیشتر درباره داده های مورد استفاده موبایل</string>
  <string name="openvpn_vpn_description">باز کردن شبکه اختصاصی مجازی توضیحات شبکه اختصاصی مجازی</string>
  <string name="lockscreen_dial_label">شماره را وارد کنید</string>
  <string name="lockscreen_mms_label">متن را وارد کنید</string>
  <string name="status_bar_back_to_call">اینجا دست به تماس بازگشت</string>
  <string name="lockscreen_bottom_hint">باز کردن اسلاید بالا وپایین</string>
  <string name="lockscreen_unlock_hint">قفل کردن فایل</string>
  <string name="unknown">ناشناخته</string>
  <string name="private_num">تعداد پیام شخصی</string>
  <string name="payphone">تلفن عمومی</string>
  <string name="callNoAnswerTimeFormat">تماس بدون پاسخ فرمت زمان</string>
  <string name="callDetailsDurationFormat">%1$s ثانیه %2$s ثانیه
</string>
  <string name="date_day">تاریخ</string>
  <string name="status_bar_battery_low_notification">باتری موبایل کم است</string>
  <string name="status_bar_battery_low_notification_button">قدرت مجموعه</string>
  <string name="status_bar_button_wifi">وای-فای</string>
  <string name="status_bar_button_apn">اطلاعات</string>
  <string name="status_bar_button_bluetooth">بلوتوث</string>
  <string name="status_bar_button_rotate">چرخش</string>
  <string name="status_bar_button_brightness">روشنایی</string>
  <string name="status_bar_button_ringer_normal">معمولی</string>
  <string name="status_bar_button_ringer_vibrate">لرزش</string>
  <string name="status_bar_button_ringer_mute">بی صدا</string>
  <string name="status_bar_button_gps">سامانه موقعیت‌یاب جهانی</string>
  <string name="status_bar_button_sync">همگام سازی</string>
  <string name="status_bar_button_cpu">فرکانس پردازنده پایین
</string>
  <string name="status_bar_button_vibrate">شوک</string>
  <string name="status_bar_button_flight_mode">حالت پرواز</string>
  <string name="status_bar_button_reboot">راه اندازی مجدّد</string>
  <string name="status_bar_button_shutdown">تعطیل</string>
  <string name="recent_dialog_buttonAppKiller_summary">MIUI为您释放了 %1$s 内存。\n当前可用内存：%2$s</string>
  <string name="recent_dialog_buttonAppKiller">کلید پاک کردن</string>
  <string name="recent_dialog_buttonTaskManager">وظیفه مدیر</string>
  <string name="theme_changing_dialog_title">正在准备新风格图标</string>
  <string name="theme_changed_dialog_title">图标风格切换成功！</string>
  <string name="theme_changed_dialog_message">目前可在桌面预览效果，建议重启手机确保全局更新。</string>
</resources>
