<?xml version="1.0" encoding="utf-8"?>
<!--Generated by crowdin.net-->
<resources>
  <string name="app_name">گالری</string>
  <string name="gadget_title">فریم تصویر</string>
  <string name="details_ms">%1$d:%2$02d:%3$02d</string>
  <string name="details_hms">%1$d:%2$02d:%3$02d</string>
  <string name="movie_view_label">فیلم ها</string>
  <string name="loading_video">...در حال بارگزاری فیلم</string>
  <string name="resume_playing_title">ادامه فیلم</string>
  <string name="resume_playing_message">ادامه فیلم از %s ?</string>
  <string name="resume_playing_resume">ادامه پخش</string>
  <string name="resume_playing_restart">شروع مجدد</string>
  <string name="camera">دوربین</string>
  <string name="crop_save_text">ذخیره</string>
  <string name="crop_discard_text">صرف نظر</string>
  <string name="multiface_crop_help">برای شروع روی صورت کلیک کنید.</string>
  <string name="saving_image">...در حال ذخیره عکس</string>
  <string name="crop_label">بریدن عکس</string>
  <string name="running_face_detection">...لطفاً صبر کنید</string>
  <string name="set_image">استفاده عکس به عنوان</string>
  <string name="wallpaper">...در حال تنظیم تصویر زمینه ، صبر کنید</string>
  <string name="camera_setas_wallpaper">عکس پس زمینه</string>
  <string name="details_ok">تأیید</string>
  <string name="loading_new">بارگزاری آلبوم های جدید و عکس</string>
  <string name="initializing">در حال بارگزاری</string>
  <string name="pick_prompt">یک مورد را برای مجموعه تان انتخاب کنید</string>
  <string name="no_items">هیچ موردی در مجموعه شما موجود نیست</string>
  <string name="pick">انتخاب</string>
  <string name="delete">حذف</string>
  <string name="confirm_delete">تأیید حذف</string>
  <string name="cancel">لغو</string>
  <string name="share">اشتراک گذاری</string>
  <string name="no_sd_card">کارت حافظه نصب نشده یا موجود نیست</string>
  <string name="more">بیشتر</string>
  <string name="select_all">انتخاب همه</string>
  <string name="deselect_all">عدم انتخاب همه</string>
  <string name="slideshow">نمایش اسلاید</string>
  <string name="menu">منو</string>
  <string name="details">جزئیات</string>
  <string name="album_selected">آلبوم انتخاب شد</string>
  <string name="item_selected">مورد انتخاب شد</string>
  <string name="albums_selected">آلبوم ها انتخاب شد</string>
  <string name="items_selected">موارد انتخاب شد</string>
  <string name="album">آلبوم</string>
  <string name="start">شروع</string>
  <string name="end">اتمام</string>
  <string name="location">محل</string>
  <string name="location_unknown">محل ناشناخته</string>
  <string name="title">عنوان</string>
  <string name="type">نوع</string>
  <string name="taken_on">گرفته شده در</string>
  <string name="added_on">اضافه شده در</string>
  <string name="show_on_map">روی نقشه نشان بده</string>
  <string name="rotate_left">چرخاندن به چپ</string>
  <string name="rotate_right">چرخاندن به راست</string>
  <string name="crop">چیدن</string>
  <string name="set_as">انتخاب به عنوان</string>
  <string name="set_as_wallpaper">انتخاب به عنوان عکس پس زمینه</string>
  <string name="item">مورد</string>
  <string name="items">مورد ها</string>
  <string name="around">پیرامون</string>
  <string name="date_unknown">تاریخ ناملعوم</string>
  <string name="video_err">نمی توان این ویدیو را پخش کرد</string>
  <string name="lockscreen_wallpaper">عکس پس زمنه صفحه قفل</string>
  <string name="wallpaper_set">انتخاب عکس پس زمینه</string>
  <string name="lockscreen_set">انتخاب عکس پس زمینه صفحه قفل</string>
  <string name="miui_screenshot">اسکرین شات MIUI</string>
</resources>
