<?xml version="1.0" encoding="utf-8"?>
<!--Generated by crowdin.net-->
<resources>
  <string name="word_separators">.,;:!?\n()[]*&@{}/<>_+=|\"</string>
  <string name="sentence_separators">.,!?</string>
  <string name="suggested_punctuations">!?,@_</string>
  <string name="ime_name">Google Pinyin نحوه ورود اطلاعات در</string>
  <string name="ime_settings_activity_name">Google Pinyin تنظیمات واردکردن اطلاعات در</string>
  <string name="ime_settings_choose_other_ime">روش واردکردن اطلاعات</string>
  <string name="version">1.2.8</string>
  <string name="toggle_cn">0</string>
  <string name="toggle_cn_cand">1</string>
  <string name="toggle_en_lower">2</string>
  <string name="toggle_en_upper">3</string>
  <string name="toggle_en_sym1">4</string>
  <string name="toggle_en_sym2">5</string>
  <string name="toggle_enter_go">6</string>
  <string name="toggle_enter_search">7</string>
  <string name="toggle_enter_send">8</string>
  <string name="toggle_enter_next">9</string>
  <string name="toggle_enter_done">10</string>
  <string name="toggle_row_cn">11</string>
  <string name="toggle_row_en">12</string>
  <string name="toggle_row_uri">13</string>
  <string name="toggle_row_emailaddress">14</string>
  <string name="toggle_phone_sym">15</string>
  <string name="toggle_stroke_urlqwerty">16</string>
  <string name="toggle_misc1">17</string>
  <string name="toggle_misc2">18</string>
  <string name="toggle_misc3">19</string>
  <string name="toggle_misc4">20</string>
  <string name="toggle_smiley_off">21</string>
  <string name="toggle_smiley_on">22</string>
  <string name="toggle_cn_sym1">23</string>
  <string name="toggle_cn_sym2">24</string>
  <string name="toggle_url">25</string>
  <string name="toggle_emailaddress">26</string>
  <string name="toggle_stroke_disabled">27</string>
  <string name="toggle_exit_sym_to_en">28</string>
  <string name="toggle_en_upper_locked">29</string>
  <string name="toggle_single_quote_open">30</string>
  <string name="toggle_single_quote_close">31</string>
  <string name="toggle_double_quote_open">32</string>
  <string name="toggle_double_quote_close">33</string>
  <string name="setting_stroke_key">تنظیمات کلید لمسی</string>
  <string name="setting_fault_tolerance_key">setting_fault_key</string>
  <string name="setting_sound_key"> تنظیمات کلید صدا </string>
  <string name="setting_vibrate_key">کلید لرزش تنظیمات</string>
  <string name="setting_prediction_key">کلید پیشگویی تنظیمات</string>
  <string name="setting_tradition_key">کلید رایج تنظیمات</string>
  <string name="setting_switch_key">کلید تعویض تنظیمات</string>
  <string name="setting_advanced_key">کلید پیشرفته تنظیمات</string>
  <string name="setting">Google Pinyin تنظیمات واردکردن اطلاعات در</string>
  <string name="setting_stroke_title">Stroke input</string>
  <string name="setting_fault_tolerance_title">تحمل ضربه</string>
  <string name="setting_sound_key_title">صدا کلید</string>
  <string name="setting_vibrate_title">ویبره هنگام فشردن دکمه</string>
  <string name="setting_prediction_title">پیشگویی کلمات</string>
  <string name="setting_tradition_title">ورود سنتی</string>
  <string name="setting_switch_title">تغییر به زبان انگلیسی</string>
  <string name="setting_switch_shift_space_title">تغییر فضا</string>
  <string name="setting_enabled">باز</string>
  <string name="setting_disabled">بستن</string>
  <string name="setting_others">تنظیمات دیگر</string>
  <string name="setting_others_summary">هماهنگ سازی فرهنگ لغت</string>
  <string name="account_label_username">نام کاربری:</string>
  <string name="account_label_password">رمز عبور :</string>
  <string name="account_label_login">ورود</string>
  <string name="account_label_cancel">انصراف</string>
  <string name="account_title">ورود کاربر</string>
  <string name="account_sign_up_title">ثبت نام کاربر جدید</string>
  <string name="account_signing_in_title">شما ورود شدها اید، لطفا صبر کنید...</string>
  <string name="setting_title">Google Pinyin تنظیمات واردکردن اطلاعات در</string>
  <string name="setting_update_category_key">setting_update_category_key</string>
  <string name="setting_update_category_title"> به روز رسانی خودکار دیکشنری</string>
  <string name="setting_update_enabled_key">setting_update_enabled_key</string>
  <string name="setting_update_enabled_title">دیکشنری به طور خودکار به روز شده است</string>
  <string name="setting_sync_category_title">کاربر هماهنگ سازی فرهنگ لغت</string>
  <string name="setting_sync_enabled_key">کلید فعال سازی سینک تنظیمات</string>
  <string name="setting_sync_now_key">کلید سینک فوری تنظیمات</string>
  <string name="setting_sync_clear_key">کلید پاک کردن سینک تنظیمات</string>
  <string name="setting_sync_enabled_title">هماهنگ سازی فرهنگ لغت کاربر</string>
  <string name="setting_sync_now_title">همگام سازی در این لحظه</string>
  <string name="setting_sync_cancel_title">هماهنگ سازی انصرا</string>
  <string name="setting_sync_clear_title">سرور فرهنگ لغت خالیست</string>
  <string name="setting_enabled_title">باز</string>
  <string name="setting_disabled_title">بستن</string>
  <string name="status_bar_message_title">Google Pinyin نحوه ورود اطلاعات در</string>
  <string name="status_bar_message_sync_title">همگام سازی فرهنگ لغت کاربر ...</string>
  <string name="status_bar_message_update_title">در حال دانلود فرهنگ لغت عمومی...</string>
  <string name="setting_dialog_sync_now_title">خواسته</string>
  <string name="setting_dialog_sync_now_message">آیا هم اکنون مایل به همگام سازی هستید؟</string>
  <string name="setting_dialog_sync_clear_title">یادداشت</string>
  <string name="setting_dialog_sync_clear_message">سرور سمت کاربر تخلیه شده است و این عمل برگشت ناپذیر است .در واقع سرور می خواهد اطلاعات فرهنگ لغت را پاک کند ؟ اگر این طور است اعداد زیر وارد کنیدو کلید تائید را بزنید.</string>
  <string name="setting_error_sync_service_inactive">خدمات سیستم فعال نیست، شما نمی توانید این عملیات را انجام دهد</string>
  <string name="sign_up_url">https://www.google.com/accounts/NewAccount</string>
  <string name="setting_update_time">آخرین به‌روزرسانی در:</string>
  <string name="setting_sync_time">تاریخ و زمان آخرین همگام سازی:</string>
  <string name="setting_year">سال</string>
  <string name="setting_month">ماه</string>
  <string name="setting_day">روز</string>
  <string name="setting_hour">ساعت</string>
  <string name="setting_minute">دقیقه</string>
  <string name="setting_second">ثانیه</string>
  <string name="setting_sync_error">همگام سازی انجام نشد</string>
  <string name="setting_sync_ongoing">همگام سازی...</string>
  <string name="setting_update_error">به روز رسانی ناموفق</string>
  <string name="setting_update_ongoing">به روز آوری...</string>
  <string name="privacy_url">http://m.google.com/static/zh-CN/privacy.html</string>
  <string name="tos_url">http://m.google.com/tospage?dc=gorganic&hl=zh_CN</string>
  <string name="setting_privacy_key">تنظیمات کد حریم شخصی</string>
  <string name="setting_tos_key">تنظیمات_کلید_بایگانی</string>
  <string name="setting_about_key">تنظیمات کد درباره ما</string>
  <string name="setting_privacy_title">حریم خصوصی</string>
  <string name="setting_tos_title">نوع و شرایط خدمات</string>
  <string name="setting_about_title">بر روی</string>
  <string name="setting_about_version_title">ورژن فعلی</string>
  <string name="setting_about_loading_title">بارگذاری...</string>
  <string name="touch_to_continue">ادامه</string>
  <string name="touch_to_finish">برای اتمام لمس کنید</string>
  <string name="tip_to_start_typing"> </string>
  <string name="default_device_name">آندروید</string>
  <string name="next_button_label">بعدی</string>
  <string name="back_button_label">عقب</string>
  <string name="skip_button_label">پرش</string>
  <string name="done_button_label">کامل</string>
  <string name="keyboard_tutorial_title">با استفاده از صفحه کلید روی صفحه</string>
  <string name="open_the_keyboard">لمس هر محل متن</string>
  <string name="close_the_keyboard">دکمه بازگشت را کلید کنید</string>
  <string name="sync">تنظیم صفحه کلید برای باز و بسته کردن همگام سازی لغت نامه کاربر</string>
  <string name="keyboard_settings">کلید را فشار دهید</string>
</resources>
