<?xml version="1.0" encoding="utf-8"?>
<!--Generated by crowdin.net-->
<resources>
  <string name="sharedUserId">یوزر به اشتراک گذاری شده کاربر</string>
  <string name="process">فرآیند</string>
  <string name="application_name">اجرا کننده</string>
  <string name="uid_name">برنامه های هسته آندروید</string>
  <string name="folder_name">پوشه</string>
  <string name="chooser_wallpaper">انتخاب تصویر زمینه از</string>
  <string name="wallpaper_instructions">تنظیم تصویر زمینه</string>
  <string name="pick_wallpaper">تصاویر زمینه</string>
  <string name="activity_not_found">برنامه روی گوشی شما نصب نشده است.</string>
  <string name="configure_wallpaper">...تنظیم کردن</string>
  <string name="rename_folder_label">نام پوشه</string>
  <string name="rename_folder_title">تغییر نام پوشه</string>
  <string name="rename_action">تأیید</string>
  <string name="cancel_action">لغو</string>
  <string name="menu_item_add_item">افزودن به صفحه اول</string>
  <string name="group_applications">برنامه ها</string>
  <string name="group_shortcuts">میانبرها</string>
  <string name="group_folder">پوشه جدید</string>
  <string name="group_live_folders">پوشه ها</string>
  <string name="group_widgets">ویجت ها</string>
  <string name="group_wallpapers">تصاویر زمینه</string>
  <string name="add_folder">پوشه</string>
  <string name="add_clock">ساعت</string>
  <string name="add_photo_frame">فریم تصویر</string>
  <string name="out_of_space">جای بیشتری در صفحه اصلی نیست.</string>
  <string name="shortcut_installed">میانبر \"%s\" ایجاد شد.</string>
  <string name="shortcut_uninstalled">میانبر \"%s\" برداشته شد.</string>
  <string name="shortcut_duplicate">میانبر \"%s\" از قبل وجود دارد.</string>
  <string name="title_select_shortcut">انتخاب میانبر</string>
  <string name="title_select_live_folder">انتخاب پوشه</string>
  <string name="all_apps_button_label">تمام برنامه ها</string>
  <string name="all_apps_home_button_label">صفحه اصلی</string>
  <string name="menu_add">افزودن</string>
  <string name="menu_wallpaper">تصویر زمینه</string>
  <string name="menu_search">جستجو</string>
  <string name="menu_notifications">پیام اخطار</string>
  <string name="menu_gestures">حالت</string>
  <string name="menu_settings">تنظیمات</string>
  <string name="permlab_install_shortcut">نصب میانبر</string>
  <string name="permdesc_install_shortcut">اجازه دادن به برنامه جهت نصب میانبر بدون دخالت کاربر.</string>
  <string name="permlab_uninstall_shortcut">پاک کردن میانبرها</string>
  <string name="permdesc_uninstall_shortcut">اجازه دادن به برنامه جهت نصب میانبر بدون دخالت کاربر.</string>
  <string name="permlab_read_settings">خواندن تنظیمات و میانبرهای صفحه اصلی</string>
  <string name="permdesc_read_settings">اجازه دادن به برنامه جهت خواندن تنظیمات و میانبرها در صفحه اصلی.</string>
  <string name="permlab_write_settings">نوشتن تنظیمات و میانبرهای صفحه اصلی</string>
  <string name="permdesc_write_settings">اجازه دادن به برنامه جهت خواندن تنظیمات و میانبرها در صفحه اصلی.</string>
  <string name="gadget_error_text">خطا در بارگذاری ویجت</string>
  <string name="menu_edit">ویرایش_منو</string>
  <string name="cant_remove_system_app">نرم افزار های_سیستمی_قابل_حذف_نیستند</string>
  <string name="uninstall_body_format">body_حذف_فرمت</string>
  <string name="uninstall">حذف</string>
  <string name="cant_remove_folder">پوشه قابل حذف نیست</string>
  <string name="pick_lockscreenwallpaper">برداشتن_عکس لاک اسکرین</string>
  <string name="lockscreenwallpaper_instructions">توضیحان تصویر صفحه قفل</string>
  <string name="failed_to_drop">خطا در جا به جایی، بازگشت آیکون به جای اصلی</string>
  <string name="failed_to_drop_widget">در صفحه شما فضای کافی در وجود ندارد</string>
  <string name="widget_box_usage_hint">گجت راه نگه داشته و روی صفحه بکشید</string>
  <string name="widget_favorite_contacts_lable">عنوان_ویجت_مخاطبین_موردعلاقه</string>
  <string name="widget_favorite_contacts_edit">ویرایش_ویجت_مخاطبین_موردعلاقه</string>
  <string name="widget_favorite_contacts_style">تعویض کردن</string>
</resources>
