<?xml version="1.0" encoding="utf-8"?>
<!--Generated by crowdin.net-->
<resources>
  <string name="contactsIconLabel">مخاطبین</string>
  <string name="contactsFavoritesLabel">مورد علاقه</string>
  <string name="dialerIconLabel">شماره گیر</string>
  <string name="emergencyDialerIconLabel">شماره گیر اضطراری</string>
  <string name="phoneIconLabel">تلفن</string>
  <string name="recentCallsIconLabel">لیست تماس ها</string>
  <string name="fdnListLabel">شماره گیری ثابت </string>
  <string name="unknown">ناشناس</string>
  <string name="private_num">شماره شخصی</string>
  <string name="payphone">پرداخت تلفن</string>
  <string name="onHold">انتظار</string>
  <string name="ongoing">تماس کنونی</string>
  <string name="callFailed_userBusy">خط مشغول</string>
  <string name="callFailed_congestion">شبکه شلوغ</string>
  <string name="callFailed_noSignal">هیچ سیگنالی وجود ندارد</string>
  <string name="callFailed_limitExceeded">از حد گذشت</string>
  <string name="callFailed_powerOff">رادیو خاموش</string>
  <string name="callFailed_simError">سیم کارت موجود نیست یا خطای سیم کارت</string>
  <string name="callFailed_outOfService">خارج از محدوده خدمات</string>
  <string name="callFailed_fdn_only">تماس‌های خروجی توسط اف‌‌ دی ان محدود شد.</string>
  <string name="callFailed_cb_enabled">شما نمیتوانید تماس برقرار کنید وقتی محدودیت تماس فعال است</string>
  <string name="callFailed_dsac_restricted">تمام تماس ها با کنترل دسترسی محدود شده است.</string>
  <string name="callFailed_dsac_restricted_emergency">تماس اضطراری با کنترل دسترسی محدود شده است.</string>
  <string name="callFailed_dsac_restricted_normal">تماس عادی با کنترل دسترسی محدود شده است.</string>
  <string name="callFailed_cdma_lockedUntilPowerCycle">تا زمان دوباره روشن شدن تلفن قفل است</string>
  <string name="callFailed_cdma_drop">.تلفن قطع شد</string>
  <string name="callFailed_cdma_intercept">رهگیری تماس. : CDMA</string>
  <string name="callFailed_cdma_reorder">.مرتب کردن</string>
  <string name="callFailed_cdma_SO_reject">CDMA : انتخاب سرویس رد.</string>
  <string name="callFailed_cdma_retryOrder">دوباره تکرار کن.</string>
  <string name="callFailed_cdma_accessFailure">دسترسی ناموفق</string>
  <string name="callFailed_cdma_preempted">CDMA: Preempted.</string>
  <string name="callFailed_cdma_notEmergency">فقط تماس های اضطراری امکان پذیر است.</string>
  <string name="confCall">کنفرانس تلفنی</string>
  <string name="call_lost">تماس از بین رفت.</string>
  <string name="retry">دوباره سعی کنید</string>
  <string name="call_lost_title">تماسهای فراموش شده</string>
  <string name="mmiStarted">آغاز شده MMI کد</string>
  <string name="ussdRunning">کد دستوری در حال اجرا ...</string>
  <string name="mmiCancelled">لغو شود MMI کد</string>
  <string name="cancel">انصراف</string>
  <string name="menu_rejectCallAndSms">رد و پاسخ به چیام ها</string>
  <string name="menu_speaker">بلندگو</string>
  <string name="menu_bluetooth">بلوتوث</string>
  <string name="menu_mute">بی صدا</string>
  <string name="menu_hold">نگه داشتن</string>
  <string name="menu_endCall">پایان تماس</string>
  <string name="menu_swapCalls">تعویض تماس</string>
  <string name="menu_mergeCalls">ادغام تماس</string>
  <string name="menu_addCall">افزودن تماس</string>
  <string name="menu_manageConference">مدیریت تماس چند نفره</string>
  <string name="menu_showDialpad">نمایش شماره گیر</string>
  <string name="menu_hideDialpad">پنهان کردن شماره گیر</string>
  <string name="menu_answerAndHold">\n&تماس فعلی را نگه دار.
جواب بده</string>
  <string name="menu_answerAndEnd">تماس فعلی را قطع کن\n&
جواب بده</string>
  <string name="ok">تایید</string>
  <string name="menuButtonKeyboardDialHint">برای امکانات روی فهرست کلیک کنید</string>
  <string name="menu_answer">پاسخ</string>
  <string name="menu_ignore">رد کردن</string>
  <string name="wait_prompt_str">این تون ها فرستاده شود؟\n</string>
  <string name="pause_prompt_str">در حال ارسال تون ها\n</string>
  <string name="send_button">ارسال</string>
  <string name="pause_prompt_yes">بله</string>
  <string name="pause_prompt_no">خیر</string>
  <string name="wild_prompt_str">جایگذینی این کاراکتر با</string>
  <string name="no_vm_number">شماره پاسخگوی تلفنی گم شده</string>
  <string name="no_vm_number_msg">هیچ شماره پاسخگوی تلفنی در سیم کارت ذخیره نشده است.</string>
  <string name="add_vm_number_str">افزودن شماره</string>
  <string name="dialer_emptyListWorking">درحال بارگذاری</string>
  <string name="enterPin">پین کد را برای باز کردن قفل سیم کارت وارد کنید.</string>
  <string name="pinUnlocked">سیمکارت باز شد</string>
  <string name="enterNewPin">رمز جدید سیمکارت</string>
  <string name="verifyNewPin">کد پین سیم جدید را مجددا برای تایید تایپ کنید</string>
  <string name="verifyFailed">پین کدی که شما وارد کرده اید اشتباه است. دوباره وارد کنید.</string>
  <string name="enterPuk">کد PUK را وارد کنید</string>
  <string name="badPuk">کد PUK نادرست!</string>
  <string name="buttonTxtContinue">ادامه</string>
  <string name="puk_unlocked">سیم کارت شما باز شده است. تلفن شما در حال آنلاک شدن است...</string>
  <string name="label_ndp">سیم کارت شبکه PIN را باز کند.</string>
  <string name="sim_ndp_unlock_text">باز شدن</string>
  <string name="sim_ndp_dismiss_text">Dismiss</string>
  <string name="requesting_unlock">درخواست باز کردن قفل شبکه...</string>
  <string name="unlock_failed">شبکه نتواست قفل را باز کند.</string>
  <string name="unlock_success">آنلاک شبکه موفق بود</string>
  <string name="imei">IMEI</string>
  <string name="meid">MEID</string>
  <string name="labelGSMMore">تنظیمات GSM</string>
  <string name="labelCDMAMore">تنظیمات تماس CDMA</string>
  <string name="apn_settings">نامهای نقاط دسترسی</string>
  <string name="settings_label">تنظیمات شبکه</string>
  <string name="voicemail">پست صوتی</string>
  <string name="voicemail_abbreviated">VM:</string>
  <string name="networks">اپراتورهای شبکه</string>
  <string name="call_settings">تنظیمات تماس</string>
  <string name="additional_gsm_call_settings">تنظیمات اضافی</string>
  <string name="sum_gsm_call_settings">Additional GSM only call settings</string>
  <string name="additional_cdma_call_settings">Additional CDMA call settings</string>
  <string name="sum_cdma_call_settings">Additional CDMA only call settings</string>
  <string name="labelNwService">Network service settings</string>
  <string name="labelCallerId">شماره تماس گیرنده</string>
  <string name="sum_hide_caller_id">Number hidden in outgoing calls</string>
  <string name="sum_show_caller_id">Number displayed in outgoing calls</string>
  <string name="sum_default_caller_id">Use default operator settings to display my number in outgoing calls</string>
  <string name="labelCW">انتظار مکالمه</string>
  <string name="sum_cw_enabled">During a call, notify me of incoming calls</string>
  <string name="sum_cw_disabled">During a call, notify me of incoming calls</string>
  <string name="call_forwarding_settings">Call forwarding settings</string>
  <string name="labelCF">انتقال تماس</string>
  <string name="labelCFU">انتقال دائم</string>
  <string name="messageCFU">بکار بردن دائمی این شماره</string>
  <string name="sum_cfu_enabled_indicator">انتقال تمام تماس ها</string>
  <string name="sum_cfu_enabled">انتقال همه تماسها</string>
  <string name="sum_cfu_enabled_no_number">شماره موجود نیست</string>
  <string name="sum_cfu_disabled">Disabled</string>
  <string name="labelCFB">انتقال در هنگام اشغال بودن</string>
  <string name="messageCFB">اشغال</string>
  <string name="sum_cfb_enabled">انتقال به {0}</string>
  <string name="sum_cfb_disabled">غیر فعال</string>
  <string name="disable_cfb_forbidden">مخابرات امکان انتقال تماس در هنگام مشغول بودن خط را به شما نمی دهد.</string>
  <string name="labelCFNRy">انتقال در صورت عدم پاسخ دهی</string>
  <string name="messageCFNRy">عدم پاسخ</string>
  <string name="sum_cfnry_enabled">انتقال به {0}</string>
  <string name="sum_cfnry_disabled">غیر فعال</string>
  <string name="disable_cfnry_forbidden">Your carrier does not support disabling call-forwarding when your phone doesn\'t answer.</string>
  <string name="labelCFNRc">انتقال تماس در وضعیت دور از دسترس</string>
  <string name="messageCFNRc">Number when unreachable</string>
  <string name="sum_cfnrc_enabled">انتقال به {0}</string>
  <string name="sum_cfnrc_disabled">غیر فعال</string>
  <string name="disable_cfnrc_forbidden">Your carrier does not support disabling call-forwarding when your phone is unreachable.</string>
  <string name="updating_title">تنظیمات تماس</string>
  <string name="error_updating_title">خطا در تنظیمات تماس</string>
  <string name="reading_settings">مرور تنظیمات</string>
  <string name="updating_settings">بروز رسانی تنظیمات</string>
  <string name="reverting_settings">بازگردانی تنظیمات</string>
  <string name="response_error">خطا در پاسخ دریافتی شبکه</string>
  <string name="exception_error">خط در سیم کارت یا شبکه</string>
  <string name="radio_off_error">لطفا قبل از مشاهده تنظیمات رادیو را روشن کنید</string>
  <string name="close_dialog">تایید</string>
  <string name="enable">فعال</string>
  <string name="disable">غیر فعال</string>
  <string name="change_num">بروز رسانی</string>
  <string name="vm_save_number">ذخیر شماره صندوق پستی</string>
  <string name="vm_changed">شماره صندوق پستی تغییر کرد</string>
  <string name="vm_change_failed">شماره صندوق پستی تغییر نکرد.\nدر صورت برخود دوباره با این مشکل با شبکه مخابراتی تماس بگیرید.</string>
  <string name="fw_change_failed">Forwarding number change unsuccessful.\nPlease contact your carrier if this problem persists.</string>
  <string name="fw_get_in_vm_failed">Failed to retrieve and save current forwarding number settings.\nDo you want to switch to the new provider anyway?</string>
  <string name="no_change">هیچ تغییری اعمال نشد</string>
  <string name="sum_voicemail_choose_provider">انتخام سرویس صندوق پستی</string>
  <string name="voicemail_default">My carrier</string>
  <string name="mobile_networks">تنظیمات شبکه موبایل</string>
  <string name="label_available">شبکه های موجود</string>
  <string name="load_networks_progress">در حال جستجو ...</string>
  <string name="empty_networks_list">هیچ شبکه ای پیدا نشد</string>
  <string name="search_networks">جستجوی شبکه</string>
  <string name="network_query_error">خطا در جستجوی شبکه</string>
  <string name="register_on_network">Registering on %s…</string>
  <string name="not_allowed">Your SIM card does not allow a connection to this network.</string>
  <string name="connect_later">Unable to connect to this network at this time. Please try again later.</string>
  <string name="registration_done">Registered on network.</string>
  <string name="sum_carrier_select">Select a network operator</string>
  <string name="sum_search_networks">Search for all available networks</string>
  <string name="select_automatically">انتخاب خودکار</string>
  <string name="sum_select_automatically">Automatically select preferred network</string>
  <string name="register_automatically">Automatic registration...</string>
  <string name="preferred_network_mode_title">Network Mode</string>
  <string name="preferred_network_mode_summary">Change the network operating mode</string>
  <string name="preferred_network_mode_dialogtitle">Preferred network mode</string>
  <string name="data_enabled">Data enabled</string>
  <string name="data_enable_summary">Enable data access over Mobile network</string>
  <string name="roaming">Data roaming</string>
  <string name="roaming_enable">Connect to data services when roaming</string>
  <string name="roaming_disable">Connect to data services when roaming</string>
  <string name="roaming_reenable_message">You have lost data connectivity because you left your home network with data roaming turned off.</string>
  <string name="roaming_warning">Allow data roaming? You may incur significant roaming charges!</string>
  <string name="gsm_umts_options">GSM/UMTS Options</string>
  <string name="cdma_options">CDMA Options</string>
  <string name="throttle_data_usage">Data usage</string>
  <string name="throttle_settings_title">Carrier data policy</string>
  <string name="throttle_current_usage">Data used in current period</string>
  <string name="throttle_time_frame">Data use period</string>
  <string name="throttle_rate">Data rate policy</string>
  <string name="throttle_help">Learn more</string>
  <string name="throttle_status_subtext">%1$s (%2$d٪) of %3$s period maximum\nNext period starts in %4$d days (%5$s)</string>
  <string name="throttle_data_usage_subtext">%1$s (%2$d٪) of %3$s period maximum</string>
  <string name="throttle_data_rate_reduced_subtext">%1$s maximum exceeded\nData rate reduced to %2$d Kb/s</string>
  <string name="throttle_time_frame_subtext">%1$d٪ of cycle elapsed\nNext period starts in %2$d days (%3$s)</string>
  <string name="throttle_rate_subtext">Data rate reduced to %1$d Kb/s if data use limit is exceeded</string>
  <string name="throttle_help_subtext">More information about your carrier\'s mobile network data use policy</string>
  <string name="cdma_cell_broadcast_sms">Cell Broadcast SMS</string>
  <string name="cell_broadcast_sms">Cell Broadcast SMS</string>
  <string name="enable_disable_cell_bc_sms">Cell Broadcast SMS</string>
  <string name="cell_bc_sms_enable">Cell Broadcast SMS enabled</string>
  <string name="cell_bc_sms_disable">Cell Broadcast SMS disabled</string>
  <string name="cb_sms_settings">Cell Broadcast SMS settings</string>
  <string name="enable_disable_emergency_broadcast">Emergency Broadcast</string>
  <string name="emergency_broadcast_enable">Emergency Broadcast enabled</string>
  <string name="emergency_broadcast_disable">Emergency Broadcast disabled</string>
  <string name="enable_disable_administrative">Administrative</string>
  <string name="administrative_enable">Administrative enabled</string>
  <string name="administrative_disable">Administrative disabled</string>
  <string name="enable_disable_maintenance">Maintenance</string>
  <string name="maintenance_enable">Maintenance enabled</string>
  <string name="maintenance_disable">Maintenance disabled</string>
  <string name="general_news_settings">General News</string>
  <string name="bf_news_settings">Business and Financial News</string>
  <string name="sports_news_settings">Sports News</string>
  <string name="entertainment_news_settings">Entertainment News</string>
  <string name="enable_disable_local">Local</string>
  <string name="local_enable">Local news enabled</string>
  <string name="local_disable">Local news disabled</string>
  <string name="enable_disable_regional">Regional</string>
  <string name="regional_enable">Regional news enabled</string>
  <string name="regional_disable">Regional news disabled</string>
  <string name="enable_disable_national">National</string>
  <string name="national_enable">National news enabled</string>
  <string name="national_disable">National news disabled</string>
  <string name="enable_disable_international">International</string>
  <string name="international_enable">International news enabled</string>
  <string name="international_disable">International news disabled</string>
  <string name="list_language_title">Language</string>
  <string name="list_language_summary">Select the news language</string>
  <string name="list_language_dtitle">Languages</string>
  <string name="enable_disable_local_weather">Local Weather</string>
  <string name="local_weather_enable">Local Weather enabled</string>
  <string name="local_weather_disable">Local Weather disabled</string>
  <string name="enable_disable_atr">Area Traffic Reports</string>
  <string name="atr_enable">Area Traffic Reports enabled</string>
  <string name="atr_disable">Area Traffic Reports disabled</string>
  <string name="enable_disable_lafs">Local Airport Flight Schedules</string>
  <string name="lafs_enable">Local Airport Flight Schedules enabled</string>
  <string name="lafs_disable">Local Airport Flight Schedules disabled</string>
  <string name="enable_disable_restaurants">Restaurants</string>
  <string name="restaurants_enable">Restaurants enabled</string>
  <string name="restaurants_disable">Restaurants disabled</string>
  <string name="enable_disable_lodgings">Lodgings</string>
  <string name="lodgings_enable">Lodgings enabled</string>
  <string name="lodgings_disable">Lodgings disabled</string>
  <string name="enable_disable_retail_directory">Retail Directory</string>
  <string name="retail_directory_enable">Retail Directory enabled</string>
  <string name="retail_directory_disable">Retail Directory disabled</string>
  <string name="enable_disable_advertisements">Advertisements</string>
  <string name="advertisements_enable">Advertisements enabled</string>
  <string name="advertisements_disable">Advertisements disabled</string>
  <string name="enable_disable_stock_quotes">Stock Quotes</string>
  <string name="stock_quotes_enable">Stock Quotes enabled</string>
  <string name="stock_quotes_disable">Stock Quotes disabled</string>
  <string name="enable_disable_eo">Employment Opportunities</string>
  <string name="eo_enable">Employment Opportunities enabled</string>
  <string name="eo_disable">Employment Opportunities disabled</string>
  <string name="enable_disable_mhh">Medical, Health and Hospital</string>
  <string name="mhh_enable">Medical, Health and Hospital enabled</string>
  <string name="mhh_disable">Medical, Health and Hospital disabled</string>
  <string name="enable_disable_technology_news">Technology News</string>
  <string name="technology_news_enable">Technology News enabled</string>
  <string name="technology_news_disable">Technology News disabled</string>
  <string name="enable_disable_multi_category">Multi-category</string>
  <string name="multi_category_enable">Multi-category enabled</string>
  <string name="multi_category_disable">Multi-category disabled</string>
  <string name="gsm_umts_network_preferences_title">GSM/UMTS Network Preferences</string>
  <string name="gsm_umts_network_preferneces_summary">Not implemented yet!</string>
  <string name="gsm_umts_network_preferences_dialogtitle">GSM/UMTS network preferences</string>
  <string name="prefer_2g">Use only 2G networks</string>
  <string name="prefer_2g_summary">Saves battery</string>
  <string name="cdma_system_select_title">System select</string>
  <string name="cdma_system_select_summary">Change the cdma roaming mode</string>
  <string name="cdma_system_select_dialogtitle">System select</string>
  <string name="cdma_roaming_mode_title">CDMA Roaming Mode</string>
  <string name="cdma_roaming_mode_summary">Change the cdma roaming mode</string>
  <string name="cdma_roaming_mode_dialogtitle">CDMA roaming mode</string>
  <string name="cdma_network_preferences_title">CDMA Network Preferences</string>
  <string name="cdma_network_preferneces_summary">Not implemented yet!</string>
  <string name="cdma_network_preferences_dialogtitle">CDMA network preferences</string>
  <string name="subscription_title">CDMA Subscription TEST</string>
  <string name="subscription_summary">Change between RUIM/SIM and NV</string>
  <string name="subscription_dialogtitle">subscription</string>
  <string name="fdn">Fixed Dialing Numbers</string>
  <string name="manage_fdn_list">FDN list</string>
  <string name="fdn_activation">FDN activation</string>
  <string name="fdn_enabled">Fixed Dialing Numbers are enabled</string>
  <string name="fdn_disabled">Fixed Dialing Numbers are disabled</string>
  <string name="enable_fdn">Enable FDN</string>
  <string name="disable_fdn">Disable FDN</string>
  <string name="change_pin2">Change PIN2</string>
  <string name="enable_fdn_ok">Disable FDN</string>
  <string name="disable_fdn_ok">Enable FDN</string>
  <string name="sum_fdn">Manage Fixed Dialing Numbers</string>
  <string name="sum_fdn_change_pin">Change PIN for FDN access</string>
  <string name="sum_fdn_manage_list">Manage phone number list</string>
  <string name="voice_privacy">Voice Privacy</string>
  <string name="voice_privacy_summary">Enable enhanced privacy mode</string>
  <string name="tty_mode_title">TTY mode</string>
  <string name="tty_mode_summary">Enable TTY mode</string>
  <string name="tty_mode_option_title">TTY mode</string>
  <string name="tty_mode_option_summary">Set TTY mode</string>
  <string name="auto_retry_mode_title">Auto Retry</string>
  <string name="auto_retry_mode_summary">Enable Auto Retry mode</string>
  <string name="menu_add">Add contact</string>
  <string name="menu_edit">Edit contact</string>
  <string name="menu_delete">Delete contact</string>
  <string name="get_pin2">Enter PIN2</string>
  <string name="name">Name</string>
  <string name="number">Number</string>
  <string name="save">Save</string>
  <string name="add_fdn_contact">Add fixed dialing number</string>
  <string name="adding_fdn_contact">Adding fixed dialing number…</string>
  <string name="fdn_contact_added">Fixed dialing number added.</string>
  <string name="edit_fdn_contact">Edit fixed dialing number</string>
  <string name="updating_fdn_contact">Updating fixed dialing number…</string>
  <string name="fdn_contact_updated">Fixed dialing number updated.</string>
  <string name="delete_fdn_contact">Delete fixed dialing number</string>
  <string name="deleting_fdn_contact">Deleting fixed dialing number…</string>
  <string name="fdn_contact_deleted">Fixed dialing number deleted.</string>
  <string name="pin2_invalid">FDN not updated: you entered an incorrect PIN.</string>
  <string name="fdn_invalid_number">FDN not updated: number cannot exceed 20 digits.</string>
  <string name="simContacts_emptyLoading">Reading from SIM card…</string>
  <string name="simContacts_empty">No contacts on your SIM card.</string>
  <string name="simContacts_title">Select contacts to import</string>
  <string name="enable_pin">Enable/disable SIM PIN</string>
  <string name="change_pin">Change SIM PIN</string>
  <string name="enter_pin_text">SIM PIN:</string>
  <string name="oldPinLabel">Old PIN</string>
  <string name="newPinLabel">New PIN</string>
  <string name="confirmPinLabel">Confirm new PIN</string>
  <string name="badPin">The old PIN you typed is not correct. Please try again.</string>
  <string name="mismatchPin">The PINs you entered do not match. Please try again.</string>
  <string name="invalidPin">Type a PIN that is 4 to 8 numbers.</string>
  <string name="disable_sim_pin">Disable SIM PIN</string>
  <string name="enable_sim_pin">Enable SIM PIN</string>
  <string name="enable_in_progress">Please wait…</string>
  <string name="enable_pin_ok">SIM PIN enabled</string>
  <string name="disable_pin_ok">SIM PIN disabled</string>
  <string name="pin_failed">The PIN you typed was incorrect</string>
  <string name="pin_changed">SIM PIN changed successfully</string>
  <string name="puk_requested">Password incorrect, SIM is locked! PUK2 requested.</string>
  <string name="enter_pin2_text">PIN2</string>
  <string name="oldPin2Label">Old PIN2</string>
  <string name="newPin2Label">New PIN2</string>
  <string name="confirmPin2Label">Confirm new PIN2</string>
  <string name="badPuk2">The PUK2 you typed is not correct. Please try again.</string>
  <string name="badPin2">The old PIN2 you typed is not correct. Please try again.</string>
  <string name="mismatchPin2">The PIN2s you entered do not match. Please try again.</string>
  <string name="invalidPin2">Type a PIN2 that is 4 to 8 numbers.</string>
  <string name="invalidPuk2">Type a PUK2 that is 8 numbers.</string>
  <string name="pin2_changed">PIN2 changed successfully</string>
  <string name="label_puk2_code">Type PUK2 code</string>
  <string name="fdn_enable_puk2_requested">Password incorrect, please change PIN2 and retry!</string>
  <string name="puk2_requested">Password incorrect, SIM is locked! PUK2 requested.</string>
  <string name="doneButton">Done</string>
  <string name="caller_manage_header">Conference call %s</string>
  <string name="caller_manage_manage_done_text">Back to call</string>
  <string name="fake_phone_activity_phoneNumber_text">(650) 555-1234</string>
  <string name="fake_phone_activity_infoText_text">Incoming phone number</string>
  <string name="fake_phone_activity_placeCall_text">Fake Incoming Call</string>
  <string name="sim_missing_continueView_text">Continue without SIM card</string>
  <string name="sim_missing_msg_text">No SIM card found. Please insert a SIM card into the phone.</string>
  <string name="sim_unlock_dismiss_text">Dismiss</string>
  <string name="sim_unlock_unlock_text">Unlock</string>
  <string name="sim_unlock_status_text">Authenticating PIN…</string>
  <string name="voicemail_settings_number_label">Voicemail number</string>
  <string name="card_title_dialing">Dialing</string>
  <string name="card_title_redialing">Retrying</string>
  <string name="card_title_in_progress">Current call</string>
  <string name="card_title_conf_call">Conference call</string>
  <string name="card_title_incoming_call">Incoming call</string>
  <string name="card_title_cdma_call_waiting">Cdma callwaiting</string>
  <string name="card_title_call_ended">Call ended</string>
  <string name="card_title_on_hold">On hold</string>
  <string name="card_title_hanging_up">Hanging up</string>
  <string name="card_title_in_call">In call</string>
  <string name="notification_missedCallTitle">Missed call</string>
  <string name="notification_missedCallsTitle">Missed calls</string>
  <string name="notification_missedCallsMsg">%s missed calls</string>
  <string name="notification_missedCallTicker">Missed call from %s</string>
  <string name="notification_ongoing_call_format">Current call (%s)</string>
  <string name="notification_on_hold">On hold</string>
  <string name="notification_voicemail_title">New voicemail</string>
  <string name="notification_voicemail_title_count">New voicemail (%d)</string>
  <string name="notification_voicemail_text_format">Dial %s</string>
  <string name="notification_voicemail_no_vm_number">Voicemail number unknown</string>
  <string name="notification_network_selection_title">No service</string>
  <string name="notification_network_selection_text">Selected network (%s) unavailable</string>
  <string name="incall_error_power_off">To place a call, first turn off Airplane mode.</string>
  <string name="incall_error_emergency_only">Not registered on network.</string>
  <string name="incall_error_out_of_service">Mobile network not available.</string>
  <string name="incall_error_no_phone_number_supplied">Call not sent, no valid number entered.</string>
  <string name="incall_error_call_failed">Call not sent.</string>
  <string name="incall_status_dialed_mmi">Starting MMI sequence…</string>
  <string name="incall_status_dialed_fc">Starting feature code sequence…</string>
  <string name="incall_error_supp_service_unknown">Unsupported service.</string>
  <string name="incall_error_supp_service_switch">Unable to switch calls.</string>
  <string name="incall_error_supp_service_separate">Unable to separate call.</string>
  <string name="incall_error_supp_service_transfer">Unable to transfer call.</string>
  <string name="incall_error_supp_service_conference">Unable to conference calls.</string>
  <string name="incall_error_supp_service_reject">Unable to reject call.</string>
  <string name="incall_error_supp_service_hangup">Unable to release call(s).</string>
  <string name="emergency_enable_radio_dialog_title">Emergency call</string>
  <string name="emergency_enable_radio_dialog_message">Turning on radio…</string>
  <string name="emergency_enable_radio_dialog_retry">Out of service area, retrying…</string>
  <string name="dial_emergency_error">Call not sent, %s is not an emergency number!</string>
  <string name="dial_emergency_empty_error">Call not sent, please dial an emergency number!</string>
  <string name="dialerKeyboardHintText">Use keyboard to dial</string>
  <string name="dtmfDialpadHintText">Touch tone keypad</string>
  <string name="dtmfDialpadHandleLabel">Dialpad</string>
  <string name="touchLockText">Double-tap\nto unlock</string>
  <string name="onscreenAnswerText">Double-tap\nto answer</string>
  <string name="onscreenRejectText">Double-tap\nto decline</string>
  <string name="onscreenHoldText">Hold</string>
  <string name="onscreenUnholdText">Unhold</string>
  <string name="onscreenEndCallText">End</string>
  <string name="onscreenShowDialpadText">Dialpad</string>
  <string name="onscreenHideDialpadText">Hide</string>
  <string name="onscreenSpeakerText">Speaker</string>
  <string name="onscreenMuteText">Mute</string>
  <string name="onscreenBluetoothText">Bluetooth</string>
  <string name="onscreenAddCallText">Add call</string>
  <string name="onscreenMergeCallsText">Merge calls</string>
  <string name="onscreenSwapCallsText">Swap</string>
  <string name="onscreenManageCallsText">Manage calls</string>
  <string name="onscreenManageConferenceText">Manage</string>
  <string name="importSimEntry">Import</string>
  <string name="importAllSimEntries">Import all</string>
  <string name="importingSimContacts">Importing SIM contacts</string>
  <string name="importToFDNfromContacts">Import from contacts</string>
  <string name="hac_mode_title">Hearing aids</string>
  <string name="hac_mode_summary">Turn on hearing aid compatibility</string>
  <string name="eri_text_label">ERI text</string>
  <string name="dtmf_tones_title">DTMF Tones</string>
  <string name="dtmf_tones_summary">Set the length of DTMF tones</string>
  <string name="network_message">Network Message</string>
  <string name="ota_title_activate">Activate your phone</string>
  <string name="ota_touch_activate">A special call needs to be made to activate your phone service. \n\nAfter pressing “Activate”, listen to the instructions provided to activate your phone.</string>
  <string name="ota_touch_activate_new">Touch “Activate” to place a special call that activates your phone on your carrier\'s mobile network, so you can place calls and connect to mobile data networks.</string>
  <string name="ota_skip_activation_dialog_title">Skip activation?</string>
  <string name="ota_skip_activation_dialog_message">If you skip activation, you can\'t place calls or connect to mobile data networks (though you can connect to Wi-Fi networks). Until you activate your phone, you are asked to activate it each time you turn it on.</string>
  <string name="ota_skip_activation_dialog_skip_label">Skip</string>
  <string name="ota_skip_activation_dialog_continue_label">Activate</string>
  <string name="ota_activate">Activate</string>
  <string name="ota_title_activate_success">Phone is activated!</string>
  <string name="ota_title_problem_with_activation">Problem with activation</string>
  <string name="ota_listen">Follow the spoken instructions until you hear that activation is complete.</string>
  <string name="ota_dialpad">Keypad</string>
  <string name="ota_speaker">Speaker</string>
  <string name="ota_progress">Please wait while your phone is being programmed.</string>
  <string name="ota_failure">Programming Unsuccessful</string>
  <string name="ota_successful">Your phone is now activated. It may take up to 15 minutes for service to start.</string>
  <string name="ota_unsuccessful">Your phone did not activate. \nYou may need to find an area with better coverage (near a window, or outside). \n\nTry again or call customer service for more options.</string>
  <string name="ota_spc_failure">EXCESS SPC FAILURES</string>
  <string name="ota_call_end">Back</string>
  <string name="ota_try_again">Try again</string>
  <string name="ota_next">Next</string>
  <string name="ota_back">Back</string>
  <string name="ecm_exit_dialog">EcmExitDialog</string>
  <string name="phone_entered_ecm_text">Entered Emergency Callback Mode</string>
  <string name="phone_in_ecm_notification_title">Emergency Callback Mode</string>
  <string name="phone_in_ecm_call_notification_text">Data connection disabled</string>
  <string name="alert_dialog_in_ecm_call">The selected action is not available while in an emergency call</string>
  <string name="progress_dialog_exiting_ecm">Exiting Emergency Callback Mode</string>
  <string name="alert_dialog_yes">Yes</string>
  <string name="alert_dialog_no">No</string>
  <string name="alert_dialog_dismiss">Dismiss</string>
  <string name="absent_num">ABSENT NUMBER</string>
  <string name="voicemail_settings">تنظیمات پست صوتی</string>
  <string name="voicemail_number_not_set"><not set></string>
  <string name="voicemail_provider">سرویس پست صوتی</string>
  <string name="voicemail_settings_for">Settings for %s</string>
  <string name="other_settings">Other call settings</string>
  <string name="dial_button_label">Dial</string>
  <string name="calling_via_template">Calling via ^1\n</string>
  <string name="slide_to_answer">Drag right to answer</string>
  <string name="slide_to_silence">Drag left to silence ringer</string>
  <string name="slide_to_decline">Drag left to decline</string>
  <string name="slide_to_answer_and_hold">Drag right to answer and\nhold active call</string>
  <string name="slide_to_answer_and_end_active">Drag right to answer and\nend active call</string>
  <string name="slide_to_answer_and_end_onhold">Drag right to answer and\nend call on hold</string>
  <string name="slide_to_answer_hint">Answer</string>
  <string name="slide_to_decline_hint">رد کردن</string>
  <string name="notification_ongoing_calling_format">正在呼叫 (%s)</string>
  <string name="advanced_setting">高级设置</string>
  <string name="call_reject_hint">رد تماس</string>
  <string name="hangup_sms">按“菜单”键拒接并回复短信</string>
  <string name="hangup_sms_body">现在不方便接听，稍后回电</string>
  <string name="onscreenNoteText">记录</string>
  <string name="query_telocation_title">查询号码归属地</string>
  <string name="query_telocation_sum">可查询手机或固话号码的归属地信息</string>
  <string name="button_query_hint">请输入手机或者固话号码</string>
  <string name="button_query">查询</string>
  <string name="button_clear">清空</string>
  <string name="text_location">归属地:</string>
  <string name="text_areacode">区号:</string>
  <string name="unknown_location">没有查询到相关信息</string>
  <string name="autoip">智能IP拨号</string>
  <string name="autoip_sum">为异地呼叫号码自动添加IP号码前缀，需要在下面输入当前固话区号</string>
  <string name="ip_prefix">IP号码前缀</string>
  <string name="ip_prefix_sum">运营商的IP拨号前缀:%s</string>
  <string name="current_areacode">当前固话区号</string>
  <string name="current_areacode_sum">当前所在地区号，若漫游则应为漫游地区号。例如:010</string>
  <string name="always_enable_mms">始终接收彩信</string>
  <string name="always_enable_mms_summary">在禁用数据时依然接收彩信, 在国内不会发生任何费用</string>
  <string name="dialer_click_pref_title">单击联系人列表</string>
  <string name="dialer_click_pref_summary">自定义联系人列表单击动作</string>
  <string name="auto_dialpad_pref_title">自动弹出拨号键盘</string>
  <string name="auto_dialpad_pref_summary">每次启动拨号时，自动弹出拨号键盘</string>
  <string name="anti_disturb_settings">免打扰设置</string>
  <string name="incoming_call_limit_title">محدود کردن تماس ورودی</string>
  <string name="incoming_call_limit_summary">فقط اجازه دسترسی به تلفن واجد شرایط</string>
</resources>
