<?xml version="1.0" encoding="utf-8"?>
<!--Generated by crowdin.net-->
<resources>
  <string name="app_name">سیستم به روز رسانی</string>
  <string name="apply_now_button_text">بروز رسانی</string>
  <string name="apply_later_button_text">بعدا بروز رسانی کن</string>
  <string name="apply_update_button_text">بروز رسانی برنامه</string>
  <string name="apply_title_textview_text">{0} این تعداد در حال حاضر موجود می باشد</string>
  <string name="apply_subtitle_textview_text">اطلاعات نسخه منتشر شده</string>
  <string name="apply_unable_to_reboot_toast">در حالت پشتیبانی امکان راه اندازی مجدد وجود ندارد</string>
  <string name="apply_trying_to_get_root_access">تلاش برای بدست آوردن مجوز دسترسی ریشه به راه اندازی مجدد به بازیابی حالت</string>
  <string name="available_updates_text">لطفا رام را برای بارگذاری انتخاب کنید :</string>
  <string name="choose_available_update_text">بروز رسانی</string>
  <string name="no_updates_found_instructions">نسخه های اخیر در حال حاضر \ نفر را کلیک کنید \ \'بررسی کن \' چک کردن دوباره برای به روز رسانی</string>
  <string name="check_error_instructions">بررسی برای به روز رسانی ناموفق \ نفر را کلیک کنید \ \'بررسی کن \' چک کردن دوباره برای به روز رسانی</string>
  <string name="downloaded_update_found_text">فایل بروز رسانی موجود بر روی کارت حافظه:</string>
  <string name="checking_for_updates">بررسی برای بروز رسانی</string>
  <string name="downloading_update">در حال بارگذاری فابل بروز رسانی</string>
  <string name="sdcard_is_not_present_dialog_body">شما نیاز به یک کارت اس دی نوشته شده است را می توان برای دانلود بروز رسانی</string>
  <string name="sdcard_is_not_present_dialog_title">کارت حافظه یافت نشد</string>
  <string name="sdcard_is_not_present_dialog_ok_button">تأیید</string>
  <string name="current_version_text">نسخه فعلی :{0}ا</string>
  <string name="delete_updates_text">پاک کردن فایل به روز رسانی</string>
  <string name="delete_updates_success_message">فایل بروز رسانی با موفقیت پاک شد.</string>
  <string name="delete_updates_failure_message">ایراد در پاک کردن فایل بروز رسانی </string>
  <string name="delete_updates_noFolder_message">بروز رسانی موجود نمی باشد</string>
  <string name="apply_update_dialog_title">لطفا تائید کنید</string>
  <string name="apply_update_dialog_text">در مورد به کار بردن این فایل بروز رسانی : {0} \ اگر بر روی "به روز رسانی" کلیک کنید، گوشی به طور خودکار به حالت ریکاوری برای نصب به روز رسانی میرود</string>
  <string name="apply_update_dialog_update_button">به‌روزرسانی</string>
  <string name="apply_update_dialog_backup_and_update_button">پشتیبانی و بروز رسانی برنامه ها</string>
  <string name="apply_update_dialog_cancel_button">انصراف</string>
  <string name="check_now">بررسی برای بروز رسانی</string>
  <string name="menu_config">اعمال کردن</string>
  <string name="menu_about">درباره</string>
  <string name="menu_changelog">گزارش بروز رسانی</string>
  <string name="cancel_download_buton_text">لغو بارگذاری</string>
  <string name="confirm_download_cancelation_dialog_message">آیا شما مطمئن هستید که میخواهید بارگزاری را لغو کنید؟</string>
  <string name="confirm_download_cancelation_dialog_yes">بله</string>
  <string name="confirm_download_cancelation_dialog_no">خیر</string>
  <string name="download_canceled_toast_message">بارگزاری متوقف شد</string>
  <string name="verify_and_apply_dialog_title">فایل را برای اعمال تائید کنید</string>
  <string name="verify_and_apply_dialog_message">کد ام دی 5 تائید میشود</string>
  <string name="apply_existing_update_md5error_message">خطا: کد ام دی 5 فایل صحیح نیست </string>
  <string name="file_not_found_error_message">فایل موجود نیست یا شما به آن دسترسی ندارید</string>
  <string name="apply_upload_info_message">بر روی "بروز رسانی" کلیک کنید، دستگاه شما به صورت خودکار ریستارت شده و بروز رسانی را اعمال میکند. اگر میخواهید فایل پشتیبانی تهیه کنید، به سیستم برگشته و بعد از گرفتن فایل پشتیبانی بروز رسانی کنید.</string>
  <string name="notes_about_recovery">(لطفا توجه داشته باشید که به منظور حمایت از آینده ارتقاء طریق شبکه، شما باید سازگار با بازیابی رام استفاده کنید. به منظور حصول اطمینان از سازگاری بازیابی، شما می توانید از طریق آیتم منو "بازیابی قلم مو سنگین" برای استفاده توصیه می شود ما را بازیابی.)</string>
  <string name="last_update_check_text">آخرین بررسی برای بروز رسانی</string>
  <string name="overwrite_update_title">بروز رسانی موجود</string>
  <string name="overwrite_update_summary">بروز رسانی انتخابی شما موجود میباشد، \nآیا میخواهید دوباره آن را بارگزاری کنید؟</string>
  <string name="overwrite_update_positive">بارگزاری مجدد</string>
  <string name="overwrite_update_negative">استفاده از حاضر</string>
  <string name="no_md5_found_summary">در این بروز رسانی کد امنیتی md5 یافت نشد، آیا شما مطمئن هستید که میخواهید این بروز رسانی را انجام دهید؟</string>
  <string name="no_md5_found_positive">بروز رسانی برنامه</string>
  <string name="no_md5_found_negative">انصراف</string>
  <string name="notification_tickertext">در حال بارگذاری فابل بروز رسانی</string>
  <string name="notification_finished">اتمام بارگزاری </string>
  <string name="stable_description">= پایدار</string>
  <string name="experimental_description">= نسخه آزمایشی</string>
  <string name="changelog_button_text">تغییرات</string>
  <string name="changelog_title_rom">لیست تغییرات رام</string>
  <string name="md5_check_cancelled">کد ام دی 5 باطل شده است</string>
  <string name="title_running">نسخه فعلی</string>
  <string name="no_updatecheck_executed">بروز رسانی انجام چک نشد</string>
  <string name="about_dialog_title">درباره</string>
  <string name="no_updates_found">بروز رسانی یافت نشد</string>
  <string name="not_new_updates_found_title">جستجوی بروزسانی!</string>
  <string name="exception_while_downloading">خظا در باگزاری فایل بروزرسانی</string>
  <string name="not_update_check_error_title">امکان بررسی برای بروز رسانی وجود ندارد</string>
  <string name="not_update_download_error_title">خظا در بارگزاری فایل بروزرسانی</string>
  <string name="not_update_downloaded_title">فایل بروز رسانی بار گزاری شد</string>
  <string name="not_update_downloaded_body">{0}آماده جهت نصب</string>
  <string name="download_info_filename">نام فایل:</string>
  <string name="download_info_mirror">سرور جایگزین : </string>
  <string name="download_info_downloading">در حال بارگزاری ...</string>
  <string name="download_info_speed">سرعت دانلود:</string>
  <string name="download_info_remaining_time">زمان باقیمانده:</string>
  <string name="md5_verification_failed">MD5校验失败</string>
  <string name="not_new_updates_found_body">جستجو نسخه جدید</string>
  <string name="not_network_error">无法连接，请确认网络正常</string>
  <string name="version_description">版本说明</string>
  <string name="acknowledge">تصدیق نامه</string>
  <string name="pleasea_check_update">چک کنید(update)لطفا برای به روز رسانی</string>
  <string name="already_applied">نصب شد</string>
  <string name="stable_version">نسخه پایدار</string>
  <string name="test_version">ورژن امتحانی</string>
  <string name="wifi_not_available_title">WIFIنبوداتصال </string>
  <string name="wifi_not_available_body">WIFI نبود اتصال </string>
  <string name="widget_title">من MIUI</string>
  <string name="widget_feedback">想对我们说什么？</string>
  <string name="unable_to_flash_recovery">قادر به فلش رکاوری نیست</string>
  <string name="flash_recovery_successfully">刷新recovery成功</string>
  <string name="reflash_recovery">重刷recovery</string>
  <string name="boot_recovery">رفتن به ریکاوری</string>
  <string name="flash_recovery_dialog_message">در حال فلش زدن رکاوری</string>
  <string name="applying_rom_message">در خواست ROM</string>
  <string name="loading">اتصال به MIUI</string>
  <string name="page_error_title">دسترسی وجود ندارد</string>
  <string name="page_error">无法访问MIUI，可能是手机网络有问题，也可能是服务器挂了</string>
  <string name="page_reload">مجدد</string>
  <string name="install_rom_from_sd">انتخاب نصب رام</string>
</resources>
