<?xml version="1.0" encoding="utf-8"?>
<!--Generated by crowdin.net-->
<resources>
  <string name="config_import_vcard_type">défaut</string>
  <string name="config_export_vcard_type">défaut</string>
  <string name="config_export_dir">/sdcard</string>
  <string name="config_export_file_prefix">préfixe défini pour le fichier d\'exportation</string>
  <string name="config_export_file_suffix">Suffixe défini pour le fichier d\'exportation</string>
  <string name="config_export_file_extension">vcf</string>
  <string name="config_export_extensions_to_consider">Extension défini pour le fichier d\'exportation</string>
  <string name="contactsList">Contacts</string>
  <string name="launcherDialer">Téléphone</string>
  <string name="shortcutContact">Contact</string>
  <string name="shortcutDialContact">Appel Direct</string>
  <string name="shortcutMessageContact">Raccourci message</string>
  <string name="shortcutActivityTitle">Choisir un raccourci pour le contact</string>
  <string name="callShortcutActivityTitle">Sélectionner le numéro à appeler</string>
  <string name="messageShortcutActivityTitle">Choisissez un numéro pour l\'envoi du SMS</string>
  <string name="starredList">Favoris</string>
  <string name="frequentList">Fréquents</string>
  <string name="strequentList">Favoris</string>
  <string name="viewContactTitle">Détails du contact</string>
  <string name="viewContactDesription">Voir le contact</string>
  <string name="editContactDescription">Editer le contact</string>
  <string name="insertContactDescription">Créer un contact</string>
  <string name="searchHint">Rechercher les contacts</string>
  <string name="menu_search">Rechercher</string>
  <string name="menu_newContact">Nouveau contact</string>
  <string name="menu_viewContact">Voir le contact</string>
  <string name="menu_callNumber">Appeler %s</string>
  <string name="menu_addStar">Ajouter aux favoris</string>
  <string name="menu_removeStar">Supprimer des favoris</string>
  <string name="menu_editContact">Editer le contact</string>
  <string name="menu_deleteContact">Supprimer le contact</string>
  <string name="menu_call">Appeler le contact</string>
  <string name="menu_sendSMS">Envoyer un message</string>
  <string name="menu_sendEmail">Envoyer un e-mail</string>
  <string name="menu_viewAddress">Adresse</string>
  <string name="menu_makeDefaultNumber">Choisir comme numéro par défaut</string>
  <string name="menu_makeDefaultEmail">Choisir comme email par défaut</string>
  <string name="menu_splitAggregate">Séparer</string>
  <string name="contactsSplitMessage">Contacts séparés</string>
  <string name="splitConfirmation_title">Séparer Contact</string>
  <string name="splitConfirmation">Êtes-vous sûr de vouloir séparer ce contact unique en contacts multiples: un pour chaque ensemble d\'informations de contact qui enregistrer?</string>
  <string name="menu_joinAggregate">Joindre</string>
  <string name="titleJoinContactDataWith">Joindre contacts</string>
  <string name="blurbJoinContactDataWith">Sélectionner le contact que vous voulez joindre avec %s.</string>
  <string name="showAllContactsJoinItem">Montrer tous les contacts</string>
  <string name="separatorJoinAggregateSuggestions">Contacts suggérés</string>
  <string name="separatorJoinAggregateAll">Tous les contacts</string>
  <string name="contactsJoinedMessage">Contacts joints</string>
  <string name="menu_contactOptions">Options</string>
  <string name="contactOptionsTitle">Options</string>
  <string name="deleteConfirmation_title">Supprimer</string>
  <string name="readOnlyContactWarning">Vous ne pouvez pas supprimer des contacts depuis des comptes en lecture seule, mais vous pouvez les cacher de votre liste de contacts.</string>
  <string name="readOnlyContactDeleteConfirmation">Ce contact contient des informations de plusieurs comptes. Les informations provenant de comptes en lecture seule seront cachés de votre liste de contacts, mais pas supprimés.</string>
  <string name="multipleContactDeleteConfirmation">Supprimer ce contact supprimera des informations venant de plusieurs comptes.</string>
  <string name="deleteConfirmation">Ce contact sera supprimé.</string>
  <string name="menu_done">Effectué</string>
  <string name="menu_doNotSave">Annuler</string>
  <string name="editContact_title_edit">Modifier contact</string>
  <string name="editContact_title_insert">Nouveau contact</string>
  <string name="label_phonetic_name">phonétique</string>
  <string name="label_notes">Notes</string>
  <string name="label_ringtone">Sonnerie</string>
  <string name="ghostData_name">Prénom et nom de famille</string>
  <string name="ghostData_phonetic_name">nom phonétique</string>
  <string name="ghostData_company">Entreprise</string>
  <string name="ghostData_title">Titre</string>
  <string name="invalidContactMessage">Le contact n\'existe pas.</string>
  <string name="pickerNewContactHeader">Créer un nouveau contact</string>
  <string name="selectLabel">Sélectionner un label</string>
  <string name="phoneLabelsGroup">Téléphone</string>
  <string name="emailLabelsGroup">E-mail</string>
  <string name="imLabelsGroup">IM</string>
  <string name="postalLabelsGroup">Adresse postale</string>
  <string name="photoPickerNotFoundText">Aucune photo n\'est disponible sur le téléphone.</string>
  <string name="attachToContact">Icone de contact</string>
  <string name="customLabelPickerTitle">Nom de libellé</string>
  <string name="send_to_voicemail_checkbox">Rediriger les appels directement vers le répondeur</string>
  <string name="default_ringtone">Défaut</string>
  <string name="changePicture">Changer l\'icone</string>
  <string name="removePicture">Supprimer l\'icone</string>
  <string name="noContacts">Aucun contact.</string>
  <string name="noMatchingContacts">Aucun contact trouvé.</string>
  <string name="noContactsWithPhoneNumbers">Aucun contact avec des numéros de téléphone.</string>
  <string name="savingContact">Sauvegarder le contact</string>
  <string name="contactSavedToast">Contact sauvegardé.</string>
  <string name="contactSavedErrorToast">Erreur, changements non sauvegardés.</string>
  <string name="listTotalPhoneContactsZero">Aucun contact avec un numéro de téléphone</string>
  <string name="listTotalAllContactsZero">Aucun contact</string>
  <string name="listFoundAllContactsZero">Contact non trouvé</string>
  <string name="contactsIconLabel">Contacts</string>
  <string name="contactsFavoritesLabel">Favoris</string>
  <string name="dialerIconLabel">Téléphone</string>
  <string name="recentCallsIconLabel">Journal d\'appel</string>
  <string name="liveFolderAll">Tous les contacts</string>
  <string name="liveFolderFavorites">Contacts sauvegardés</string>
  <string name="liveFolderPhone">Contact possédant un numéro de téléphone</string>
  <string name="menu_sendTextMessage">Envoyer SMS</string>
  <string name="recentCalls_callNumber">Appeler %s</string>
  <string name="recentCalls_editNumberBeforeCall">Changer le numéro avant appel</string>
  <string name="recentCalls_addToContact">Ajouter aux contacts</string>
  <string name="recentCalls_removeFromRecentList">Supprimer du journal d\'appel</string>
  <string name="recentCalls_deleteAll">Remettre a zéro le journal d\'appel</string>
  <string name="recentCalls_empty">Journal d\'appel vide.</string>
  <string name="clearCallLogConfirmation_title">Remettre à zéro le journal d\'appel</string>
  <string name="clearCallLogConfirmation">Etes-vous sur de vouloir effacer le journal d\'appel?</string>
  <string name="imei">IMEI</string>
  <string name="meid">MEID</string>
  <string name="voicemail">Répondeur</string>
  <string name="unknown">Inconnu</string>
  <string name="private_num">Numéro privé</string>
  <string name="payphone">Cabine téléphonique</string>
  <string name="dialerKeyboardHintText">Utiliser le clavier pour composer le numéro</string>
  <string name="dialerDialpadHintText">Composer le numéro pour ajouter un appel</string>
  <string name="simContacts_emptyLoading">Chargement depuis la carte sim</string>
  <string name="simContacts_title">Contacts de la carte SIM</string>
  <string name="liveFolder_all_label">Tous les contacts</string>
  <string name="liveFolder_favorites_label">Suivis</string>
  <string name="liveFolder_phones_label">Téléphones</string>
  <string name="callDetailTitle">Détails de l\'appel</string>
  <string name="toast_call_detail_error">Erreur lors de la lecture des détails de l\'appel.</string>
  <string name="type_incoming">Appel entrant</string>
  <string name="type_outgoing">Appel sortant</string>
  <string name="type_missed">Appel manqué</string>
  <string name="actionIncomingCall">Appels entrants</string>
  <string name="callBack">Rappeler</string>
  <string name="callAgain">Renouveler l\'appel</string>
  <string name="returnCall">Rappeler</string>
  <string name="callDetailsDurationFormat">%1$s min %2$s s</string>
  <string name="favoritesFrquentSeparator">Fréquemment appelés</string>
  <string name="add_contact_dlg_title">Ajouter contact</string>
  <string name="add_contact_dlg_message_fmt">Ajouter \"%s\" aux contacts?</string>
  <string name="all_tab_label">Tout</string>
  <string name="description_image_button_one">un</string>
  <string name="description_image_button_two">deux</string>
  <string name="description_image_button_three">trois</string>
  <string name="description_image_button_four">quatre</string>
  <string name="description_image_button_five">cinq</string>
  <string name="description_image_button_six">six</string>
  <string name="description_image_button_seven">sept</string>
  <string name="description_image_button_eight">huit</string>
  <string name="description_image_button_nine">neuf</string>
  <string name="description_image_button_star">étoile</string>
  <string name="description_image_button_delete">supprimer</string>
  <string name="description_image_button_zero">zéro</string>
  <string name="description_image_button_pound">#</string>
  <string name="description_voicemail_button">répondeur</string>
  <string name="description_dial_button">composer un numéro</string>
  <string name="description_delete_button">effacer</string>
  <string name="description_digits_edittext">Numéro à composer</string>
  <string name="description_contact_photo">Photo du contact</string>
  <string name="description_minus_button">Moins</string>
  <string name="description_plus_button">Plus</string>
  <string name="no_sdcard_title">Pas de carte SD</string>
  <string name="no_sdcard_message">Aucune carte SD détectée</string>
  <string name="searching_vcard_title">Recherche de vCard</string>
  <string name="import_from_sim">Importer depuis la carte SIM</string>
  <string name="import_from_sdcard">Importer depuis la carte SD</string>
  <string name="export_to_sdcard">Exporter vers la carte SD</string>
  <string name="share_visible_contacts">Partager les contacts visibles</string>
  <string name="import_one_vcard_string">Importer un fichier vCard</string>
  <string name="import_multiple_vcard_string">Importer plusieurs fichiers vCard</string>
  <string name="import_all_vcard_string">Importer tous les fichiers vCard</string>
  <string name="searching_vcard_message">Recherche de donnée vCard sur la carte SD</string>
  <string name="scanning_sdcard_failed_title">Scan de la carte SD échoué</string>
  <string name="scanning_sdcard_failed_message">Scan de la carte SD échoué (Raison: \"%s\")</string>
  <string name="fail_reason_io_error">E/S Erreur</string>
  <string name="fail_reason_vcard_parse_error">Impossible d\'analyser la vCard pour des raisons inconnues</string>
  <string name="fail_reason_vcard_not_supported_error">Impossible d\'analyser la vCard bien qu\'il semble être dans le bon format, car l\'implémentation actuelle ne le prend pas en charge</string>
  <string name="fail_reason_no_vcard_file">Aucune vCard trouver sur la carte SD</string>
  <string name="fail_reason_failed_to_read_files">Un ou plusieurs fichiers n\'ont pas pu être importés(%s).</string>
  <string name="fail_reason_unknown">Erreur inconnue</string>
  <string name="select_vcard_title">Sélectionnez le fichier vCard</string>
  <string name="progress_shower_message">%1$s\n%2$s</string>
  <string name="reading_vcard_title">Lecture de la vCard</string>
  <string name="reading_vcard_message">Lecture du fichier vCard</string>
  <string name="reading_vcard_failed_title">Lecture des données vCard a échoué</string>
  <string name="reading_vcard_contacts">%1$s de %2$s contacts lu</string>
  <string name="reading_vcard_files">%1$s de %2$s fichiers lu</string>
  <string name="confirm_export_title">Confirmer l\'export</string>
  <string name="confirm_export_message">Etes-vous sûr de vouloir exporter votre liste de contacts vers  \"%s\"?</string>
  <string name="exporting_contact_failed_title">Échec de l\'exportation des contacts</string>
  <string name="exporting_contact_failed_message">Échec de l\'exportation des contacts.\nRaison de l\'échec.:\"%s\"</string>
  <string name="fail_reason_no_exportable_contact">Aucun contact à exporter</string>
  <string name="fail_reason_too_many_vcard">Trop de fichiers vCard sur la carte SD</string>
  <string name="fail_reason_too_long_filename">Nom de fichier trop long (\"%s\")</string>
  <string name="exporting_contact_list_title">Export des données du contact</string>
  <string name="exporting_contact_list_message">Exportation des contacts vers\"%s\"</string>
  <string name="fail_reason_could_not_initialize_exporter">impossible d\'initialiser l\'exportation: \"%s\"</string>
  <string name="fail_reason_error_occurred_during_export">Une erreur est survenue durant l\'exportation: \"%s\"</string>
  <string name="composer_failed_to_get_database_infomation">Impossible d\'obtenir les informations concernant la base de données</string>
  <string name="composer_has_no_exportable_contact">Il n\'y a pas de contact exportable. Si vous avez actuellement des contacts dans votre téléphone, tous les contacts doivent être interdit d\'exportation en dehors du téléphone par des données de votre opérateur.</string>
  <string name="composer_not_initialized">Le système de composition vCard n\'est pas correctement initialisé.</string>
  <string name="fail_reason_could_not_open_file">Impossible d\'ouvrir \"%1$s\": %2$s</string>
  <string name="exporting_contact_list_progress">%1$s sur %2$s contacts</string>
  <string name="search_settings_description">Noms de vos contacts</string>
  <string name="add_2sec_pause">Ajouter une pause de 2s</string>
  <string name="add_wait">Ajouter une pause</string>
  <string name="call_disambig_title">Appeler via</string>
  <string name="sms_disambig_title">Envoyer un SMS via</string>
  <string name="make_primary">Mémoriser ce choix</string>
  <string name="quickcontact_missing_app">Aucune application pour gérer cette action</string>
  <string name="quickcontact_remember_choice">Mémoriser ce choix</string>
  <string name="quickcontact_missing_name">Inconnu</string>
  <string name="menu_accounts">Comptes</string>
  <string name="menu_import_export">Importer/Exporter</string>
  <string name="dialog_import_export">Importer/Exporter les contacts</string>
  <string name="menu_share">Partager</string>
  <string name="share_via">Partager contact via</string>
  <string name="share_error">Ce contact ne peut pas être partagé.</string>
  <string name="nameLabelsGroup">Nom</string>
  <string name="nicknameLabelsGroup">Pseudo</string>
  <string name="organizationLabelsGroup">Organisation</string>
  <string name="websiteLabelsGroup">Site Web</string>
  <string name="eventLabelsGroup">Événement</string>
  <string name="type_short_home">D</string>
  <string name="type_short_mobile">M</string>
  <string name="type_short_work">B</string>
  <string name="type_short_pager">T</string>
  <string name="type_short_other">A</string>
  <string name="edit_read_only">Ce contact est en lecture seule.</string>
  <string name="edit_secondary_collapse">Plus</string>
  <string name="dialog_primary_name">Nom principal</string>
  <string name="dialog_new_contact_account">Créer un contact sous le compte</string>
  <string name="account_phone">Téléphone uniquement (sans synchronisation)</string>
  <string name="call_custom">Appeler %s</string>
  <string name="call_home">Appeler domicile</string>
  <string name="call_mobile">Appeler le mobile</string>
  <string name="call_work">Appeler bureau</string>
  <string name="call_fax_work">Composer télécopie (bureau)</string>
  <string name="call_fax_home">Composer fax (domicile)</string>
  <string name="call_pager">Appeler téléavertisseur</string>
  <string name="call_other">Appeler autre</string>
  <string name="call_callback">Appeler le numéro de rappel</string>
  <string name="call_car">Appeler voiture</string>
  <string name="call_company_main">Appeler société (principal)</string>
  <string name="call_isdn">Appeler le numéro RNIS</string>
  <string name="call_main">Appeler le numéro principal</string>
  <string name="call_other_fax">Composer numéro autre fax</string>
  <string name="call_radio">Appeler par signal radio</string>
  <string name="call_telex">Appeler par télex</string>
  <string name="call_tty_tdd">Appeler TTY/TTD (malentendants)</string>
  <string name="call_work_mobile">Appeler sur le mobile professionnel</string>
  <string name="call_work_pager">Appeler sur le téléavertisseur professionnel</string>
  <string name="call_assistant">Appeler %s</string>
  <string name="call_mms">Appeler MMS</string>
  <string name="sms_custom">Envoyer un SMS à %s</string>
  <string name="sms_home">Envoyer un SMS au domicile</string>
  <string name="sms_mobile">Envoyer un SMS vers mobile</string>
  <string name="sms_work">Envoyer un SMS au bureau</string>
  <string name="sms_fax_work">Envoyer un SMS vers télécopie (bureau)</string>
  <string name="sms_fax_home">Envoyer un SMS vers télécopie (domicile)</string>
  <string name="sms_pager">Envoyer un SMS vers téléavertisseur</string>
  <string name="sms_other">Envoyer un SMS à autre</string>
  <string name="sms_callback">Envoyer un SMS au numéro de rappel</string>
  <string name="sms_car">Envoyer un SMS vers voiture</string>
  <string name="sms_company_main">Envoyer un SMS à société (principal)</string>
  <string name="sms_isdn">Envoyer un SMS vers numéro RNIS</string>
  <string name="sms_main">Envoyer un SMS au numéro principal</string>
  <string name="sms_other_fax">Envoyer un SMS sur autre numéro de fax</string>
  <string name="sms_radio">Envoyer un SMS vers radio</string>
  <string name="sms_telex">Envoyer un SMS par télex</string>
  <string name="sms_tty_tdd">Envoyer SMS vers numéro TTY/TTD (malentendants)</string>
  <string name="sms_work_mobile">Envoyer un SMS sur le mobile professionnel</string>
  <string name="sms_work_pager">Envoyer un SMS sur le mobile professionnel</string>
  <string name="sms_assistant">Envoyer un message texte à %s</string>
  <string name="sms_mms">Envoyer un MMS</string>
  <string name="email_home">Env. e-mail domicile</string>
  <string name="email_mobile">Envoyer un e-mail sur le mobile</string>
  <string name="email_work">Env. e-mail bureau</string>
  <string name="email_other">Envoyer un e-mail à autre adresse</string>
  <string name="email_custom">Env. e-mail à %s</string>
  <string name="email">Envoyer un e-mail</string>
  <string name="map_home">Afficher adresse perso</string>
  <string name="map_work">Afficher adresse prof.</string>
  <string name="map_other">Afficher autre adresse</string>
  <string name="map_custom">Afficher adresse %s</string>
  <string name="chat_aim">Chatter via AIM</string>
  <string name="chat_msn">Chatter via Windows Live</string>
  <string name="chat_yahoo">Chatter via Yahoo</string>
  <string name="chat_skype">Chatter via Skype</string>
  <string name="chat_qq">Chatter via QQ</string>
  <string name="chat_gtalk">Chatter via Google Talk</string>
  <string name="chat_icq">Chatter via ICQ</string>
  <string name="chat_jabber">Chatter via Jabber</string>
  <string name="chat">Chat</string>
  <string name="postal_street">Rue</string>
  <string name="postal_pobox">Boîte postale</string>
  <string name="postal_neighborhood">Voisinage</string>
  <string name="postal_city">Ville</string>
  <string name="postal_region">État/Région</string>
  <string name="postal_postcode">Code postal</string>
  <string name="postal_country">Pays</string>
  <string name="name_given">Prénom</string>
  <string name="name_family">Nom de famille<</string>
  <string name="name_prefix">Préfixe du nom</string>
  <string name="name_middle">2e prénom</string>
  <string name="name_suffix">Suffixe du nom</string>
  <string name="name_phonetic_given">Phonétique du prénom</string>
  <string name="name_phonetic_middle">Phonétique 2e prénom</string>
  <string name="name_phonetic_family">Phonétique du nom de famille</string>
  <string name="account_type_format">Contact %1$s</string>
  <string name="from_account_format">de %1$s</string>
  <string name="use_photo_as_primary">Utiliser cette photo</string>
  <string name="contact_read_only">Vous ne pouvez pas modifier les informations du contact %1$s sur cet appareil.</string>
  <string name="no_contact_details">Aucune autre information pour ce contact</string>
  <string name="search_bar_hint">Rechercher contacts</string>
  <string name="search_for_all_contacts">Rechercher dans tous les contacts</string>
  <string name="take_photo">Prendre une photo</string>
  <string name="pick_photo">Sélectionner une photo depuis la galerie</string>
  <string name="locale_change_in_progress">La liste des contacts est en cours de mise à jour pour prendre en compte le changement de langue.\n\nMerci de patienter...</string>
  <string name="upgrade_in_progress">La liste des contacts est en cours de mise à jour.\n\nMerci de patienter...</string>
  <string name="upgrade_out_of_memory">Les contacts sont sur le point d\'être mise à jour.\n\nLe prcessus de mise à jour requiert environ %dMb de mémoire sur le téléphone.\n\nSélectionner une des options suivantes:</string>
  <string name="upgrade_out_of_memory_uninstall">Désinstaller des applications</string>
  <string name="upgrade_out_of_memory_retry">Réessayer</string>
  <string name="search_results_for">Résultats pour: %s</string>
  <string name="search_results_searching">Recherche en cours...</string>
  <string name="callNoAnswerTimeFormat">%s sonnerie(s)</string>
  <string name="numberCountFormat">%s numéro(s)</string>
  <string name="menu_display_all">Afficher tous les contacts</string>
  <string name="menu_display_only_phones">Afficher uniquement les contacts avec un numéro de téléphone</string>
  <string name="contactsGroupsLabel">Groupes</string>
  <string name="group_summary_format">%s membres</string>
  <string name="no_member">Ce groupe est vide</string>
  <string name="applyGroupsSelection">Mise à jour des paramètres...</string>
  <string name="no_availablePhone">Pas de numéro de téléphone renseigné pour ce contact</string>
  <string name="add_group_member">Nouveau contact</string>
  <string name="group_name_contacts">Contacts</string>
  <string name="group_name_friends">Amis</string>
  <string name="group_name_family">Famille</string>
  <string name="group_name_coworkers">Collègues</string>
  <string name="group_name_important">Important</string>
  <string name="group_name_life_info">Style de vie</string>
  <string name="group_name_white_list">Liste blanche</string>
  <string name="group_name_black_list">Liste noire</string>
  <string name="button_manage_groups">Gérer les groupes</string>
  <string name="button_back">Retour</string>
  <string name="button_remove_contacts">Supprimer</string>
  <string name="duplicatedGroupNameHelpText">Ce nom de groupe existe déjà, merci d\'en choisir un autre</string>
  <string name="system_groups_unchangable">Ce groupe est un groupe définit par défaut, il ne peut être renommé ou supprimé.</string>
  <string name="menu_add">Ajouter</string>
  <string name="menu_remove">Supprimer</string>
  <string name="create_new_group">Nouveau Groupe</string>
  <string name="manage_groups">Editer le groupe</string>
  <string name="menu_viewGroup">Voir le groupe</string>
  <string name="menu_deleteGroup">Supprimer le groupe</string>
  <string name="menu_editGroupName">Changer le nom du groupe</string>
  <string name="input_group_name_hint">Nom du groupe</string>
  <string name="notification_invalid_group_name">Nom invalide</string>
  <string name="add_to_group_format">Ajouter à %s</string>
  <string name="name_full">Nom complet</string>
  <string name="add_more_items">Ajouter d\'autres champs</string>
  <string name="saveConfirmationTitle">Enregistrer le contact</string>
  <string name="saveConfirmationBody">Enregistrer les modifications apportées à ce contact?</string>
  <string name="saveConfirmationYes">Enregistrer</string>
  <string name="saveConfirmationNo">Ne pas enregistrer</string>
  <string name="import_from_account">Importer</string>
  <string name="select_account_import_from">Sélectionner le compte à partir duquel importer</string>
  <string name="importing_from_account">Importation</string>
  <string name="fail_message_account_needed">Merci de configurer votre compte MIUI dans un premier temps</string>
  <string name="success_message_import_from_account">Contacts importés avec succès</string>
  <string name="date_day">Jour</string>
  <string name="fast_scroll_alphabet">\#ABCDEFGHIJKLMNOPQRSTUVWXYZ</string>
  <string name="belong_no_group">N\'appartient à aucun groupe</string>
  <string name="menu_remove_member">Supprimer</string>
  <string name="removeConfirmation_title">Supprimer</string>
  <string name="menu_add_favorite_contact">Ajouter un favori</string>
  <string name="menu_group_sms">SMS</string>
  <string name="menu_group_ringtone">Sonnerie</string>
  <string name="menu_add_member">Ajouter un contact</string>
  <string name="menu_callIpNumber">Appels téléphoniques sur IP (appels%s)</string>
  <string name="menu_clearDefaultNumber">Annuler le numéro par défaut</string>
  <string name="menu_clearDefaultEmail">Annuler les paramètres de messagerie par défaut</string>
  <string name="favoriteContactDescription">Ajouter aux Favoris</string>
  <string name="unfavoriteContactDescription">Supprimer des favoris</string>
  <string name="shareContactDescription">Partage de contacts</string>
  <string name="titlePickOrCreateNewContact">Choisissez un contact existant ou en créer un nouveaux</string>
  <string name="titlePickContactNumber">Sélectionner un numéro de téléphone</string>
  <string name="fixedPhoneLabel">Numéro de téléphone fixe</string>
  <string name="fixedFaxLabel">Télécopieur</string>
  <string name="goto_album">Galerie</string>
  <string name="recommneded_photos">Photo recommandée</string>
  <string name="downloading_photos">Télécharger les photos</string>
  <string name="callButtonText">Appeler</string>
  <string name="callrecordview_menu_phone_all">Afficher tous les appels</string>
  <string name="callrecordview_menu_phone_missed">Afficher seulement les appels manqués</string>
  <string name="callrecordview_menu_delete_one">Supprimer</string>
  <string name="callrecordview_menu_delete_stranger">Supprimer les numéros inconnus</string>
  <string name="callrecordview_menu_delete_all">Supprimer tout l\'historique</string>
  <string name="callrecordview_menu_set">Paramètres</string>
  <string name="callrecordview_more">Plus</string>
  <string name="callrecordview_more_title">%s appels</string>
  <string name="callrecordview_item_calls">%d appels</string>
  <string name="callrecordview_item_op_time_missed">Appels manqués</string>
  <string name="callrecordview_item_op_time_short_incoming">Appel entrant de %d secondes</string>
  <string name="callrecordview_item_op_time_short_outgoing">Appel de %d secondes</string>
  <string name="callDetailsDurationFormat_incoming">Détails des appels entrants</string>
  <string name="callDetailsDurationFormat_outgoing">Détails des appels sortants</string>
  <string name="group_delete_confirmation">Confirmer la suppression</string>
  <string name="no_sms_availabe_contact_in_group">Aucun contacts dans ce groupe à qui envoyer un SMS</string>
  <string name="showDialpadTip">Afficher le clavier</string>
  <string name="set_ringtone_for_group_members_success">Sonnerie définie avec succès</string>
  <string name="noContactHelpText">Il n\'y a aucun contact, vous pouvez :</string>
  <string name="noFavoriteHelpText">Il n\'y a pas de collection, vous pouvez :</string>
  <string name="noGroupMemberHelpText">Ce groupe est actuellement vide.\n\nPour ajouter un contact, appuyer sur menu et sélectionner un contact.\n</string>
  <string name="noContactHelpTextAccounts">Configuration des comptes pour la synchronisation</string>
  <string name="noContactHelpTextImportSim">Importer des contacts de la carte SIM</string>
  <string name="noContactHelpTextImportSD">Importer à partir de la carte SD</string>
  <string name="noContactHelpTextAddContact">Ajouter un contact</string>
  <string name="noContactHelpTextAddStarred">Ajouter favoris</string>
  <string name="noContactHelpTextAddMember">Ajouter les membres du groupe</string>
</resources>
