<?xml version="1.0" encoding="utf-8"?>
<!--Generated by crowdin.net-->
<resources>
  <string name="cancel">Annuler</string>
  <string name="copy">Copier</string>
  <string name="copyUrl">Copier l\'URL</string>
  <string name="cut">Couper</string>
  <string name="defaultVoiceMailAlphaTag">Messagerie vocale</string>
  <string name="defaultMsisdnAlphaTag">MSISDN1</string>
  <string name="emptyPhoneNumber">(Aucun numéro de téléphone)</string>
  <string name="httpErrorBadUrl">La page n\'a pas pu être ouvert car l\'URL n\'est pas valide.</string>
  <string name="httpErrorUnsupportedScheme">Le protocole n\'est pas supporté..</string>
  <string name="no">Annuler</string>
  <string name="ok">Ok</string>
  <string name="paste">Coller</string>
  <string name="search_go">Rechercher</string>
  <string name="selectAll">Tout sélectioner</string>
  <string name="unknownName">(Inconnu)</string>
  <string name="untitled">sans titre</string>
  <string name="VideoView_error_button">Ok</string>
  <string name="VideoView_error_text_unknown">Désolé, cette vidéo ne peut pas être lue</string>
  <string name="VideoView_error_title">Impossible de lire une vidéo</string>
  <string name="yes">Oui</string>
  <string name="dialog_alert_title">Attention</string>
  <string name="VideoView_error_text_invalid_progressive_playback">Désolé, cette vidéo n\'est pas valable pour la diffusion de cet appareil</string>
  <string name="config_tether_apndata"> </string>
  <string name="config_networkLocationProvider">com.google.android.location.NetworkLocationProvider</string>
  <string name="config_geocodeProvider">com.google.android.location.GeocodeProvider</string>
  <string name="config_datause_iface">rmnet0</string>
  <string name="month_long_standalone_january">Janvier</string>
  <string name="month_long_standalone_february">Février</string>
  <string name="month_long_standalone_march">Mars</string>
  <string name="month_long_standalone_april">Avril</string>
  <string name="month_long_standalone_may">Mai</string>
  <string name="month_long_standalone_june">Juin</string>
  <string name="month_long_standalone_july">Juillet</string>
  <string name="month_long_standalone_august">Aout</string>
  <string name="month_long_standalone_september">Septembre</string>
  <string name="month_long_standalone_october">Octobre</string>
  <string name="month_long_standalone_november">Novembre</string>
  <string name="month_long_standalone_december">Decembre</string>
  <string name="month_long_january">Janvier</string>
  <string name="month_long_february">Fevrier</string>
  <string name="month_long_march">Mars</string>
  <string name="month_long_april">Avril</string>
  <string name="month_long_may">Mai</string>
  <string name="month_long_june">Juin</string>
  <string name="month_long_july">Juillet</string>
  <string name="month_long_august">Aout</string>
  <string name="month_long_september">Septembre</string>
  <string name="month_long_october">Octobre</string>
  <string name="month_long_november">Novembre</string>
  <string name="month_long_december">Decembre</string>
  <string name="month_medium_january">Jan</string>
  <string name="month_medium_february">Fev</string>
  <string name="month_medium_march">Mar</string>
  <string name="month_medium_april">Avr</string>
  <string name="month_medium_may">Mai</string>
  <string name="month_medium_june">Jun</string>
  <string name="month_medium_july">Jul</string>
  <string name="month_medium_august">Aout</string>
  <string name="month_medium_september">Sep</string>
  <string name="month_medium_october">Oct</string>
  <string name="month_medium_november">Nov</string>
  <string name="month_medium_december">Dec</string>
  <string name="month_shortest_january">J</string>
  <string name="month_shortest_february">F</string>
  <string name="month_shortest_march">M</string>
  <string name="month_shortest_april">A</string>
  <string name="month_shortest_may">M</string>
  <string name="month_shortest_june">J</string>
  <string name="month_shortest_july">J</string>
  <string name="month_shortest_august">A</string>
  <string name="month_shortest_september">S</string>
  <string name="month_shortest_october">O</string>
  <string name="month_shortest_november">N</string>
  <string name="month_shortest_december">D</string>
  <string name="day_of_week_long_sunday">Dimanche</string>
  <string name="day_of_week_long_monday">Lundi</string>
  <string name="day_of_week_long_tuesday">Mardi</string>
  <string name="day_of_week_long_wednesday">Mercredi</string>
  <string name="day_of_week_long_thursday">Jeudi</string>
  <string name="day_of_week_long_friday">Vendredi</string>
  <string name="day_of_week_long_saturday">Samedi</string>
  <string name="day_of_week_medium_sunday">Dim</string>
  <string name="day_of_week_medium_monday">Lun</string>
  <string name="day_of_week_medium_tuesday">Mar</string>
  <string name="day_of_week_medium_wednesday">Mer</string>
  <string name="day_of_week_medium_thursday">Jeu</string>
  <string name="day_of_week_medium_friday">Ven</string>
  <string name="day_of_week_medium_saturday">Sam</string>
  <string name="day_of_week_short_sunday">Di</string>
  <string name="day_of_week_short_monday">Lu</string>
  <string name="day_of_week_short_tuesday">Ma</string>
  <string name="day_of_week_short_wednesday">Me</string>
  <string name="day_of_week_short_thursday">Je</string>
  <string name="day_of_week_short_friday">Ve</string>
  <string name="day_of_week_short_saturday">Sa</string>
  <string name="day_of_week_shortest_sunday">D</string>
  <string name="day_of_week_shortest_monday">L</string>
  <string name="day_of_week_shortest_tuesday">M</string>
  <string name="day_of_week_shortest_wednesday">M</string>
  <string name="day_of_week_shortest_thursday">J</string>
  <string name="day_of_week_shortest_friday">V</string>
  <string name="day_of_week_shortest_saturday">S</string>
  <string name="am">am</string>
  <string name="pm">pm</string>
  <string name="yesterday">Hier</string>
  <string name="today">Aujourd\'hui</string>
  <string name="tomorrow">Demain</string>
  <string name="hour_minute_24">%H:%M</string>
  <string name="hour_minute_ampm">%-l:%M%p</string>
  <string name="hour_minute_cap_ampm">%-l:%M%^p</string>
  <string name="twelve_hour_time_format">h:mm a</string>
  <string name="twenty_four_hour_time_format">HH:mm</string>
  <string name="numeric_date">%-m/%-e/%Y</string>
  <string name="numeric_date_format">d/M/yyyy</string>
  <string name="numeric_date_template">%s/%s/%s</string>
  <string name="month_day_year">%B %-e, %Y</string>
  <string name="time_of_day">%-l:%M:%S %p</string>
  <string name="date_and_time">%b %-e, %Y, %-l:%M:%S %p</string>
  <string name="date_time">%1$s, %2$s</string>
  <string name="time_date">%1$s, %3$s</string>
  <string name="abbrev_month_day_year">%b %-e, %Y</string>
  <string name="month_day">%B %-e</string>
  <string name="month">%-B</string>
  <string name="month_year">%B %Y</string>
  <string name="abbrev_month_day">%b %-e</string>
  <string name="abbrev_month">%-b</string>
  <string name="abbrev_month_year">%b %Y</string>
  <string name="time1_time2">%1$s – %2$s</string>
  <string name="date1_date2">%2$s – %5$s</string>
  <string name="numeric_md1_md2">%2$s/%3$s – %7$s/%8$s</string>
  <string name="numeric_wday1_md1_wday2_md2">%1$s, %2$s/%3$s – %6$s, %7$s/%8$s</string>
  <string name="numeric_mdy1_mdy2">%2$s/%3$s/%4$s – %7$s/%8$s/%9$s</string>
  <string name="numeric_wday1_mdy1_wday2_mdy2">%1$s, %2$s/%3$s/%4$s – %6$s, %7$s/%8$s/%9$s</string>
  <string name="numeric_wday1_mdy1_time1_wday2_mdy2_time2">%1$s, %2$s/%3$s/%4$s, %5$s – %6$s, %7$s/%8$s/%9$s, %10$s</string>
  <string name="numeric_md1_time1_md2_time2">%2$s/%3$s, %5$s – %7$s/%8$s, %10$s</string>
  <string name="numeric_wday1_md1_time1_wday2_md2_time2">%1$s, %2$s/%3$s, %5$s – %6$s, %7$s/%8$s, %10$s</string>
  <string name="numeric_mdy1_time1_mdy2_time2">%2$s/%3$s/%4$s, %5$s – %7$s/%8$s/%9$s, %10$s</string>
  <string name="wday1_date1_time1_wday2_date2_time2">%1$s, %2$s, %3$s – %4$s, %5$s, %6$s</string>
  <string name="wday1_date1_wday2_date2">%1$s, %2$s – %4$s, %5$s</string>
  <string name="date1_time1_date2_time2">%2$s, %3$s – %5$s, %6$s</string>
  <string name="time_wday_date">%1$s, %2$s, %3$s</string>
  <string name="wday_date">%2$s, %3$s</string>
  <string name="time_wday">%1$s, %2$s</string>
  <string name="same_year_md1_md2">%2$s %3$s – %7$s %8$s</string>
  <string name="same_year_wday1_md1_wday2_md2">%1$s, %2$s %3$s – %6$s, %7$s %8$s</string>
  <string name="same_year_md1_time1_md2_time2">%2$s %3$s, %5$s – %7$s %8$s, %10$s</string>
  <string name="same_month_md1_time1_md2_time2">%2$s %3$s, %5$s – %7$s %8$s, %10$s</string>
  <string name="same_year_wday1_md1_time1_wday2_md2_time2">%1$s, %2$s %3$s, %5$s – %6$s, %7$s %8$s, %10$s</string>
  <string name="same_month_wday1_md1_time1_wday2_md2_time2">%1$s, %2$s %3$s, %5$s – %6$s, %7$s %8$s, %10$s</string>
  <string name="same_year_mdy1_time1_mdy2_time2">%2$s %3$s, %4$s, %5$s – %7$s %8$s, %9$s, %10$s</string>
  <string name="same_month_mdy1_time1_mdy2_time2">%2$s %3$s, %4$s, %5$s – %7$s %8$s, %9$s, %10$s</string>
  <string name="same_year_wday1_mdy1_time1_wday2_mdy2_time2">%1$s, %2$s %3$s, %4$s, %5$s – %6$s, %7$s %8$s, %9$s, %10$s</string>
  <string name="same_month_wday1_mdy1_time1_wday2_mdy2_time2">%1$s, %2$s %3$s, %4$s, %5$s – %6$s, %7$s %8$s, %9$s, %10$s</string>
  <string name="same_month_wday1_mdy1_wday2_mdy2">%1$s, %2$s %3$s, %4$s – %6$s, %7$s %8$s, %9$s</string>
  <string name="same_month_md1_md2">%2$s %3$s – %8$s</string>
  <string name="same_month_wday1_md1_wday2_md2">%1$s, %2$s %3$s – %6$s, %7$s %8$s</string>
  <string name="same_year_mdy1_mdy2">%2$s %3$s – %7$s %8$s, %9$s</string>
  <string name="same_month_mdy1_mdy2">%2$s %3$s – %8$s, %9$s</string>
  <string name="same_year_wday1_mdy1_wday2_mdy2">%1$s, %2$s %3$s – %6$s, %7$s %8$s, %9$s</string>
  <string name="short_format_month">%b</string>
  <string name="full_wday_month_day_no_year">EEEE d MMMM </string>
  <string name="abbrev_wday_month_day_year">EEE d MMM yyyy</string>
  <string name="common_name_prefixes"> </string>
  <string name="common_name_suffixes"> </string>
  <string name="common_last_name_prefixes"> </string>
  <string name="common_name_conjunctions"> </string>
  <string name="default_text_encoding">Latin-1</string>
  <string name="lock_pattern_view_aspect">carré</string>
  <string name="byteShort">B</string>
  <string name="kilobyteShort">KB</string>
  <string name="megabyteShort">MB</string>
  <string name="gigabyteShort">GB</string>
  <string name="terabyteShort">TB</string>
  <string name="petabyteShort">PB</string>
  <string name="fileSizeSuffix">%1$s%2$s</string>
  <string name="ellipsis">...</string>
  <string name="mmiError">Problème de connexion ou de code invalide MM.</string>
  <string name="serviceEnabled">Service a été activé.</string>
  <string name="serviceEnabledFor">Service a été activé pour:</string>
  <string name="serviceDisabled">Service a été désactivé.</string>
  <string name="serviceRegistered">l\'enregistrement est réussi.</string>
  <string name="serviceErased">Suppression réussi.</string>
  <string name="passwordIncorrect">Mot de passe incorrect.</string>
  <string name="mmiComplete">MMI complété.</string>
  <string name="badPin">l\'ancien code PIN que vous avez saisi n\'est pas correct.</string>
  <string name="badPuk">Le code PUK que vous avez saisi n\'est pas correct.</string>
  <string name="mismatchPin">Les codes PIN que vous avez saisi ne correspondent pas</string>
  <string name="invalidPin">Tapez un code PIN qui est de 4 à 8 chiffres.</string>
  <string name="needPuk">Votre carte SIM est verrouillée PUK. Tapez le code PUK pour le déverrouiller.</string>
  <string name="needPuk2">Tapez le code PUK2 pour débloquer la carte SIM.</string>
  <string name="ClipMmi">Identité d\'appel entrants</string>
  <string name="ClirMmi">Indentité d\'appel sortants</string>
  <string name="CfMmi">Renvoi d\'appel</string>
  <string name="CwMmi">Appel en attente</string>
  <string name="BaMmi">Limitation des appels</string>
  <string name="PwdMmi">Changer le mot de passe</string>
  <string name="PinMmi">Changer le code PIN</string>
  <string name="CnipMmi">Numéro d\'appel affiché</string>
  <string name="CnirMmi">Numéro d\'appel masqué</string>
  <string name="ThreeWCMmi">Conférence vocale</string>
  <string name="RuacMmi">Rejet des appels indésirables</string>
  <string name="CndMmi">Livraison du numéro d\'appel</string>
  <string name="DndMmi">Ne pas déranger</string>
  <string name="CLIRDefaultOnNextCallOn">Par défaut, les numéros des appelants ne sont pas restreints. Appel suivant : restreint</string>
  <string name="CLIRDefaultOnNextCallOff">Par défaut, les numéros des appelants ne sont pas restreints. Appel suivant : non restreint</string>
  <string name="CLIRDefaultOffNextCallOn">Par défaut, les numéros des appelants ne sont pas restreints. Appel suivant : restreint</string>
  <string name="CLIRDefaultOffNextCallOff">Par défaut, les numéros des appelants ne sont pas restreints. Appel suivant : non restreint</string>
  <string name="serviceNotProvisioned">Ce service n\'est pas pris en charge.</string>
  <string name="CLIRPermanent">Le paramètre Numéro de l\'appelant ne peut pas être modifié.</string>
  <string name="RestrictedChangedTitle">L\'accès limité a été modifié.</string>
  <string name="RestrictedOnData">Le service de données est bloqué.</string>
  <string name="RestrictedOnEmergency">Le service d\'appel d\'urgence est bloqué.</string>
  <string name="RestrictedOnNormal">Le service vocal est bloqué.</string>
  <string name="RestrictedOnAllVoice">Tous les services vocaux sont bloqués.</string>
  <string name="RestrictedOnSms">Le service SMS est bloqué.</string>
  <string name="RestrictedOnVoiceData">Les services vocaux/de données sont bloqués.</string>
  <string name="RestrictedOnVoiceSms">Les services vocaux/SMS sont bloqués.</string>
  <string name="RestrictedOnAll">Tous les services vocaux/de données/SMS sont bloqués.</string>
  <string name="serviceClassVoice">Voix</string>
  <string name="serviceClassData">Données</string>
  <string name="serviceClassFAX">FAX</string>
  <string name="serviceClassSMS">SMS</string>
  <string name="serviceClassDataAsync">Async</string>
  <string name="serviceClassDataSync">Synchro</string>
  <string name="serviceClassPacket">Paquet</string>
  <string name="serviceClassPAD">PAD</string>
  <string name="roamingText0">Itinérance activée</string>
  <string name="roamingText1">Itinérance désactivée</string>
  <string name="roamingText2">Indicateur d\'itinérance clignotant</string>
  <string name="roamingText3">Hors zone</string>
  <string name="roamingText4">Hors du bâtiment</string>
  <string name="roamingText5">Itinérance - Système préférés</string>
  <string name="roamingText6">Itinérance - Système Disponible</string>
  <string name="roamingText7">Itinérance - Alliance Partner</string>
  <string name="roamingText8">Itinérance - Partenaire Premium</string>
  <string name="roamingText9">Itinérance - Fonctionnalité service complet</string>
  <string name="roamingText10">Itinérance - Fonctionnalité de service partielle</string>
  <string name="roamingText11">Bannière d\'itinérance activée</string>
  <string name="roamingText12">Bannière d\'itinérance désactivée</string>
  <string name="roamingTextSearching">Recherche de service</string>
  <string name="cfTemplateNotForwarded">{0}:  Non communiqué</string>
  <string name="cfTemplateForwarded">{0}: {1}</string>
  <string name="cfTemplateForwardedTime">{0}: {1} apres {2} secondes</string>
  <string name="cfTemplateRegistered">{0}: Non communiqué</string>
  <string name="cfTemplateRegisteredTime">{0}: Non communiqué</string>
  <string name="fcComplete">Entité code complet.</string>
  <string name="fcError">Problème de connexion ou le code fonction non valide.</string>
  <string name="httpErrorOk">OK</string>
  <string name="httpError">La page Web contient une erreur.</string>
  <string name="httpErrorLookup">L\'URL est introuvable.</string>
  <string name="httpErrorUnsupportedAuthScheme">Le schéma d\'authentification site n\'est pas supporté.</string>
  <string name="httpErrorAuth">L\'authentification a échoué.</string>
  <string name="httpErrorProxyAuth">L\'authentification via le serveur proxy a échoué.</string>
  <string name="httpErrorConnect">La connexion au serveur a échoué.</string>
  <string name="httpErrorIO">Communication avec le serveur impossible. Réessayez plus tard.</string>
  <string name="httpErrorTimeout">Communication avec le serveur impossible.</string>
  <string name="httpErrorRedirectLoop">La page contient trop de redirections.</string>
  <string name="httpErrorFailedSslHandshake">Impossible d\'établir une connexion sécurisée.</string>
  <string name="httpErrorFile">Le fichier demandé est inaccessible.</string>
  <string name="httpErrorFileNotFound">Le fichier demandé est introuvable.</string>
  <string name="httpErrorTooManyRequests">Trop d\'essais effectués. Réessayez plus tard.</string>
  <string name="notification_title">Erreur de connection pour %1$s</string>
  <string name="contentServiceSync">Synchro</string>
  <string name="contentServiceSyncNotificationTitle">Synchro</string>
  <string name="contentServiceTooManyDeletesNotificationDesc">Trop de %s à supprimer.</string>
  <string name="low_memory">La mémoire interne est pleine! Supprimer des fichier pour libérer de l\'espace.</string>
  <string name="me">Moi</string>
  <string name="power_dialog">Options du téléphone</string>
  <string name="silent_mode">Mode silencieux</string>
  <string name="turn_on_radio">Activer les connexions sans fil</string>
  <string name="turn_off_radio">Désactiver les connexions sans fil</string>
  <string name="screen_lock">Verrouillage écran</string>
  <string name="power_off">Eteindre</string>
  <string name="shutdown_progress">Fermeture...</string>
  <string name="shutdown_confirm">Votre téléphone va redémarrer.</string>
  <string name="recent_tasks_title">Récent</string>
  <string name="no_recent_tasks">Aucune application récente.</string>
  <string name="global_actions">Option du Téléphone</string>
  <string name="global_action_lock">Verrouillage écran</string>
  <string name="global_action_power_off">Eteindre</string>
  <string name="global_action_toggle_silent_mode">Mode silencieux</string>
  <string name="global_action_silent_mode_on_status">Sonnerie désactivée</string>
  <string name="global_action_silent_mode_off_status">Sonneries activé</string>
  <string name="global_actions_toggle_airplane_mode">Mode avion</string>
  <string name="global_actions_airplane_mode_on_status">Mode avion activé</string>
  <string name="global_actions_airplane_mode_off_status">Mode avion désactivé</string>
  <string name="safeMode">Mode sans échec</string>
  <string name="android_system_label">Système Android</string>
  <string name="permgrouplab_costMoney">Services payant</string>
  <string name="permgroupdesc_costMoney">Autoriser les application a effectuer des action pouvant être payante.</string>
  <string name="permgrouplab_messages">Vos messages</string>
  <string name="permgroupdesc_messages">Permet de lire et rédiger vos SMS, e-mails et autres messages.</string>
  <string name="permgrouplab_personalInfo">Vos informations personnelles</string>
  <string name="permgroupdesc_personalInfo">Accédez directement aux contacts et à l\'agenda enregistrés sur votre téléphone.</string>
  <string name="permgrouplab_location">Votre position</string>
  <string name="permgroupdesc_location">Suivre votre position géographique</string>
  <string name="permgrouplab_network">Communications réseau</string>
  <string name="permgroupdesc_network">Permet à des applications d\'accéder à différentes fonctionnalités du réseau.</string>
  <string name="permgrouplab_accounts">Vos comptes</string>
  <string name="permgroupdesc_accounts">Accéder aux comptes disponibles</string>
  <string name="permgrouplab_hardwareControls">Commandes du matériel</string>
  <string name="permgroupdesc_hardwareControls">Permet d\'accéder directement au matériel de l\'appareil.</string>
  <string name="permgrouplab_phoneCalls">Appels</string>
  <string name="permgroupdesc_phoneCalls">Suivre, enregistrer et traiter les appels téléphoniques</string>
  <string name="permgrouplab_systemTools">Outils système</string>
  <string name="permgroupdesc_systemTools">Accès et contrôle de faible niveau du système.</string>
  <string name="permgrouplab_developmentTools">Outils de développement</string>
  <string name="permgroupdesc_developmentTools">Ces fonctionnalités sont réservées aux développeurs d\'applications.</string>
  <string name="permgrouplab_storage">Stockage</string>
  <string name="permgroupdesc_storage">Accès à la carte SD</string>
  <string name="permlab_statusBar">Désactivation ou modification de la barre d\'état</string>
  <string name="permdesc_statusBar">Permet à une application de désactiver la barre d\'état ou d\'ajouter/supprimer des icônes système.</string>
  <string name="permlab_expandStatusBar">Agrandir/réduire la barre d\'état</string>
  <string name="permdesc_expandStatusBar">Permet à l\'application de réduire ou d\'agrandir la barre d\'état.</string>
  <string name="permlab_processOutgoingCalls">Interception d\'appels sortants</string>
  <string name="permdesc_processOutgoingCalls">Permet à l\'application de traiter des appels en cours et de modifier le numéro à composer. Des applications malveillantes peuvent suivre, rediriger ou empêcher des appels sortants.</string>
  <string name="permlab_receiveSms">Réception de SMS</string>
  <string name="permdesc_receiveSms">Permet à une application de recevoir et traiter des messages SMS. Des applications malveillantes peuvent surveiller ou effacer vos messages sans que vous les ayez lus.</string>
  <string name="permlab_receiveMms">Réception des MMS</string>
  <string name="permdesc_receiveMms">Permet à une application de recevoir et traiter des messages MMS. Des applications malveillantes peuvent utiliser cette fonctionnalité pour surveiller ou effacer vos messages sans que vous les ayez lus.</string>
  <string name="permlab_sendSms">Envoi de messages SMS</string>
  <string name="permdesc_sendSms">Permet aux applications d\'envoyer des messages SMS. Des applications malveillantes peuvent entraîner des frais en envoyant des messages sans vous en demander la confirmation.</string>
  <string name="permlab_readSms">Lecture des SMS ou MMS</string>
  <string name="permdesc_readSms">Permet à l\'application de lire les SMS enregistrés dans la mémoire de votre téléphone ou sur votre carte SIM. Des applications malveillantes peuvent lire vos messages confidentiels.</string>
  <string name="permlab_writeSms">Modification de SMS ou de MMS</string>
  <string name="permdesc_writeSms">Permet à une application de modifier des messages SMS enregistrés sur votre téléphone ou sur votre carte SIM. Des applications malveillantes peuvent ainsi supprimer vos messages.</string>
  <string name="permlab_receiveWapPush">Réception de WAP</string>
  <string name="permdesc_receiveWapPush">Permet à l\'application de recevoir et de traiter des messages WAP. Des applications malveillantes peuvent ainsi surveiller vos messages ou les effacer sans que vous en ayez pris connaissance.</string>
  <string name="permlab_getTasks">Récupération des applications en cours d\'exécution</string>
  <string name="permdesc_getTasks">Permet à l\'application de récupérer des informations sur des tâches en cours d\'exécution ou récemment utilisées. Des applications malveillantes peuvent ainsi obtenir des informations d\'ordre privé concernant d\'autres applications.</string>
  <string name="permlab_reorderTasks">Réorganisation des applications en cours d\'exécution</string>
  <string name="permdesc_reorderTasks">Permet à une application de placer des tâches au premier plan ou en arrière-plan. Des applications malveillantes peuvent se placer inopinément au premier plan sans votre autorisation.</string>
  <string name="permlab_setDebugApp">Activation du débogage de l\'application</string>
  <string name="permdesc_setDebugApp">Permet à une application d\'activer le mode de débogage d\'une autre application. Des applications malveillantes peuvent utiliser cette fonctionnalité pour interrompre d\'autres applications de façon inopinée.</string>
  <string name="permlab_changeConfiguration">Modification des paramètres de l\'IU</string>
  <string name="permdesc_changeConfiguration">Permet à une application de modifier la configuration actuelle (par ex. : la taille de la police générale ou des paramètres régionaux).</string>
  <string name="permlab_enableCarMode">activer le mode voiture</string>
  <string name="permdesc_enableCarMode">Permet à une application d\'activer le mode voiture.</string>
  <string name="permlab_killBackgroundProcesses">arrêter les processus en arrière-plan</string>
  <string name="permdesc_killBackgroundProcesses">Permet à une application d\'arrêter les processus en arrière-plan d\'autres d\'applications, même lorsqu\'il n\'y a pas de problème de mémoire.</string>
  <string name="permlab_forceStopPackages">forcer l\'arrêt d\'autres applications</string>
  <string name="permdesc_forceStopPackages">Permet à une application de forcer l\'arrêt d\'autres applications.</string>
  <string name="permlab_forceBack">Fermeture forcée de l\'application</string>
  <string name="permdesc_forceBack">Permet à une application de forcer une autre application exécutée au premier plan à se fermer et à passer en arrière-plan. Les applications normales ne devraient jamais avoir recours à cette fonctionnalité.</string>
  <string name="permlab_dump">Vérification de l\'état interne du système</string>
  <string name="permdesc_dump">Permet à l\'application de récupérer l\'état interne du système. Des applications malveillantes peuvent obtenir de nombreuses informations personnelles et sécurisées auxquelles elles ne devraient pas avoir accès.</string>
  <string name="permlab_shutdown">arrêt partiel</string>
  <string name="permdesc_shutdown">Place le gestionnaire d\'activités en état d\'arrêt. N\'effectue pas un arrêt complet.</string>
  <string name="permlab_stopAppSwitches">empêcher les changements d\'applications</string>
  <string name="permdesc_stopAppSwitches">Empêche l\'utilisateur de changer d\'application.</string>
  <string name="permlab_runSetActivityWatcher">Contrôle du lancement des applications</string>
  <string name="permdesc_runSetActivityWatcher">Permet à une application de suivre et de contrôler la façon dont le système lance des activités. Des applications malveillantes peuvent entièrement déstabiliser le système. Cette autorisation est uniquement nécessaire au développement et non pour l\'utilisation normale du téléphone.</string>
  <string name="permlab_broadcastPackageRemoved">Envoyer une diffusion sans paquet</string>
  <string name="permdesc_broadcastPackageRemoved">Permet à une application de diffuser une notification lorsqu\'un paquet d\'application a été supprimé. Des applications malveillantes peuvent utiliser cette fonctionnalité pour interrompre d\'autres applications en cours d\'exécution.</string>
  <string name="permlab_broadcastSmsReceived">Envoyer une diffusion reçue par SMS</string>
  <string name="permdesc_broadcastSmsReceived">Permet à une application de diffuser une notification lors de la réception d\'un message SMS. Des applications malveillantes peuvent utiliser cette fonctionnalité pour falsifier des messages SMS entrants.</string>
  <string name="permlab_broadcastWapPush">Envoi de diffusion de réception de WAP PUSH</string>
  <string name="permdesc_broadcastWapPush">Permet à une application d\'envoyer une notification lors de la réception d\'un message WAP PUSH. Des applications malveillantes peuvent utiliser cette fonctionnalité pour créer de faux accusés de réception de MMS ou remplacer le contenu de toute page Web par des données malveillantes.</string>
  <string name="permlab_setProcessLimit">Nombre maximal de processus en cours d\'exécution</string>
  <string name="permdesc_setProcessLimit">Permet à une application de contrôler le nombre de processus maximal exécutés en même temps. Les applications normales n\'ont jamais recours à cette fonctionnalité.</string>
  <string name="permlab_setAlwaysFinish">Fermeture de toutes les applications en tâche de fond</string>
  <string name="permdesc_setAlwaysFinish">Permet à une application de vérifier si des activités sont systématiquement interrompues lorsqu\'elles sont placées en tâche de fond. Cette fonctionnalité n\'est jamais utilisée par les applications normales.</string>
  <string name="permlab_batteryStats">Modification des statistiques de la batterie</string>
  <string name="permdesc_batteryStats">Autoriser la modification des statistiques de la batterie. Les applications normales n\'utilisent pas cette fonctionnalité.</string>
  <string name="permlab_backup">contrôler la sauvegarde et la restauration du système</string>
  <string name="permdesc_backup">Autorise l\'application à contrôler le mécanisme de sauvegarde et de restauration du système. Ne pas utiliser pour les applications standard.</string>
  <string name="permlab_internalSystemWindow">Affichage de fenêtres non autorisées</string>
  <string name="permdesc_internalSystemWindow">Permet de créer des fenêtres conçues pour l\'interface utilisateur du système interne. Les applications normales n\'utilisent pas cette fonctionnalité.</string>
  <string name="permlab_systemAlertWindow">Affichage d\'alertes système</string>
  <string name="permdesc_systemAlertWindow">Permet à une application d\'afficher des fenêtres d\'alerte système. Des applications malveillantes peuvent masquer la totalité de l\'écran du téléphone.</string>
  <string name="permlab_setAnimationScale">Réglage de la vitesse des animations</string>
  <string name="permdesc_setAnimationScale">Permet à une application de modifier à tout moment la vitesse générale des animations (pour les rendre plus lentes ou plus rapides).</string>
  <string name="permlab_manageAppTokens">Gestion des repères des applications</string>
  <string name="permdesc_manageAppTokens">Permet à des applications de créer et gérer leurs propres jetons en ignorant leur ordre de plan normal. Les applications normales ne devraient jamais avoir recours à cette fonctionnalité.</string>
  <string name="permlab_injectEvents">Utilisation des touches ou contrôle des commandes</string>
  <string name="permdesc_injectEvents">Permet à une application de fournir ses propres commandes (touches enfoncées, etc.) à d\'autres applications. Des applications malveillantes peuvent utiliser cette fonctionnalité pour prendre le contrôle de votre téléphone.</string>
  <string name="permlab_readInputState">Enregistrer le texte saisi et les actions effectuées</string>
  <string name="permdesc_readInputState">Permet à des applications d\'identifier les touches sur lesquelles vous appuyez même lorsque vous utilisez une autre application (lors de la saisie d\'un mot de passe, par exemple). Les applications normales ne devraient jamais avoir recours à cette fonctionnalité.</string>
  <string name="permlab_bindInputMethod">Association à un mode de saisie</string>
  <string name="permdesc_bindInputMethod">Permet au support de se connecter à l\'interface de plus haut niveau d\'un mode de saisie. Les applications normales ne devraient jamais avoir recours à cette fonctionnalité.</string>
  <string name="permlab_bindWallpaper">Se fixer sur un fond d\'écran</string>
  <string name="permdesc_bindWallpaper">Permet au support de se fixer sur l\'interface de plus haut niveau d\'un fond d\'écran. Les applications normales ne devraient jamais avoir recours à cette fonctionnalité.</string>
  <string name="permlab_bindDeviceAdmin">interagir avec l\'administrateur du périphérique</string>
  <string name="permdesc_bindDeviceAdmin">Permet à l\'application d\'envoyer des intentions à l\'administrateur du périphérique. Les applications standard ne devraient jamais avoir recours à cette fonctionnalité.</string>
  <string name="permlab_setOrientation">Changement d\'orientation de l\'écran</string>
  <string name="permdesc_setOrientation">Permet à une application de modifier la rotation de l\'écran à tout moment. Les applications normales ne devraient jamais avoir recours à cette fonctionnalité.</string>
  <string name="permlab_signalPersistentProcesses">Envoi de signaux Linux aux applications</string>
  <string name="permdesc_signalPersistentProcesses">Permet à une application de demander que le signal fourni soit envoyé à tous les processus persistants.</string>
  <string name="permlab_persistentActivity">Exécution de l\'application en continu</string>
  <string name="permdesc_persistentActivity">Permet à une application de perdurer en partie afin que le système ne puisse pas l\'utiliser pour d\'autres applications.</string>
  <string name="permlab_deletePackages">Supprimer des applications</string>
  <string name="permdesc_deletePackages">Permet à une application de supprimer des paquets de données Android. Des applications malveillantes peuvent utiliser cette fonctionnalité pour supprimer des applications importantes.</string>
  <string name="permlab_clearAppUserData">Suppression des données d\'autres applications</string>
  <string name="permdesc_clearAppUserData">Permet à une application d\'effacer les données de l\'utilisateur.</string>
  <string name="permlab_deleteCacheFiles">Suppression du cache d\'autres applications</string>
  <string name="permdesc_deleteCacheFiles">Permet à une application de supprimer des fichiers du cache.</string>
  <string name="permlab_getPackageSize">Évaluation de l\'espace de stockage de l\'application</string>
  <string name="permdesc_getPackageSize">Permet à une application de récupérer la taille de son code, de ses données et de son cache.</string>
  <string name="permlab_installPackages">Installation directe d\'applications</string>
  <string name="permdesc_installPackages">Permet à une application d\'installer des nouveaux paquets de données ou des mises à jour Android. Des applications malveillantes peuvent utiliser cette fonctionnalité pour ajouter de nouvelles applications disposant d\'autorisations anormalement élevées.</string>
  <string name="permlab_clearAppCache">Suppression des données du cache de toutes les applications</string>
  <string name="permdesc_clearAppCache">Permet à une application de libérer de l\'espace dans la mémoire du téléphone en supprimant des fichiers du répertoire du cache des applications. Cet accès est en général limité aux processus système.</string>
  <string name="permlab_movePackage">Déplacer des ressources d\'application</string>
  <string name="permdesc_movePackage">Autorise l\'application à déplacer des ressources d\'application d\'un support interne à un support externe et inversement.</string>
  <string name="permlab_readLogs">Lecture des fichiers journaux du système</string>
  <string name="permdesc_readLogs">Permet à une application de lire les différents fichiers journaux du système afin d\'obtenir des informations générales sur la façon dont vous utilisez votre téléphone, \u0020sans pour autant récupérer des informations d\'ordre personnel ou privé.</string>
  <string name="permlab_diagnostic">Lecture/écriture dans les ressources appartenant aux diagnostics</string>
  <string name="permdesc_diagnostic">Permet à une application de lire et d\'éditer toute ressource appartenant au groupe de diagnostics (par exemple, les fichiers in/dev). Ceci peut affecter la stabilité et la sécurité du système. Cette fonctionnalité est UNIQUEMENT réservée aux diagnostics matériels effectués par le fabricant ou l\'opérateur.</string>
  <string name="permlab_changeComponentState">Activer ou désactiver des éléments de l\'application</string>
  <string name="permdesc_changeComponentState">Permet à une application d\'envoyer une notification lors de la réception d\'un message WAP PUSH. Des applications malveillantes peuvent utiliser cette fonctionnalité pour créer de faux accusés de réception de MMS ou remplacer le contenu de toute page Web par des données malveillantes.</string>
  <string name="permlab_setPreferredApplications">Définition des applications préférées</string>
  <string name="permdesc_setPreferredApplications">Permet à une application de modifier vos applications préférées. Des applications malveillantes peuvent utiliser cette fonctionnalité pour modifier discrètement les applications en cours d\'exécution, en imitant vos applications existantes afin de récupérer des données personnelles vous concernant.</string>
  <string name="permlab_writeSettings">Modification des paramètres généraux du système</string>
  <string name="permdesc_writeSettings">Permet à une application de modifier les données des paramètres système. Des applications malveillantes peuvent utiliser cette fonctionnalité pour endommager la configuration de votre système.</string>
  <string name="permlab_writeSecureSettings">Modifier les paramètres de sécurité du système</string>
  <string name="permdesc_writeSecureSettings">Permet à une application de modifier les données des paramètres de sécurité du système. Cette fonction ne peut être utilisée par une application standard.</string>
  <string name="permlab_writeGservices">Modification de la carte des services Google</string>
  <string name="permdesc_writeGservices">Permet à une application de modifier la carte des services Google. Les applications normales n\'utilisent pas cette fonctionnalité.</string>
  <string name="permlab_receiveBootCompleted">démarre automatiquement au démarrage</string>
  <string name="permdesc_receiveBootCompleted">Autorise une application à se lancer dès que le système est démarrer. Ceci peut rallonger le démarrage du téléphone et autoriser l\'application à ralentir globalement le téléphone en fonctionnant continuellement.</string>
  <string name="permlab_broadcastSticky">Envoi d\'une diffusion persistante</string>
  <string name="permdesc_broadcastSticky">Permet à une application d\'envoyer des diffusions \"persistantes\", qui perdurent après la fin de la diffusion. Des applications malveillantes peuvent ainsi ralentir le téléphone ou le rendre instable en l\'obligeant à utiliser trop de mémoire.</string>
  <string name="permlab_readContacts">Accès aux données des contacts</string>
  <string name="permdesc_readContacts">Permet à une application de lire toutes les données des contacts (adresses) enregistrées sur votre téléphone. Des applications malveillantes peuvent utiliser cette fonctionnalité pour envoyer vos données à d\'autres personnes.</string>
  <string name="permlab_writeContacts">Édition des données d\'un contact</string>
  <string name="permdesc_writeContacts">Permet à une application de modifier toutes les données de contact (adresses) enregistrées sur le téléphone. Des applications malveillantes peuvent utiliser cette fonctionnalité pour effacer ou modifier vos données de contact.</string>
  <string name="permlab_writeOwnerData">Édition les données du propriétaire</string>
  <string name="permdesc_writeOwnerData">Permet à une application de modifier les données du propriétaire du téléphone enregistrées sur votre appareil. Des applications malveillantes peuvent utiliser cette fonctionnalité pour effacer ou modifier ces données.</string>
  <string name="permlab_readOwnerData">Lecture des données du propriétaire</string>
  <string name="permdesc_readOwnerData">Permet à une application de lire les données du propriétaire du téléphone enregistrées sur votre appareil. Des applications malveillantes peuvent utiliser cette fonctionnalité pour lire ces données.</string>
  <string name="permlab_readCalendar">lire des événements de l\'agenda</string>
  <string name="permdesc_readCalendar">Permet à une application de lire tous les événements de l\'agenda enregistrés sur votre téléphone. Des applications malveillantes peuvent utiliser cette fonctionnalité pour envoyer les événements de votre agenda à d\'autres personnes.</string>
  <string name="permlab_writeCalendar">ajouter ou modifier des événements d\'agenda et envoyer des e-mails aux invités</string>
  <string name="permdesc_writeCalendar">Autorise les applications à ajouter ou à modifier des événements dans votre agenda, qui pourra envoyer des e-mails aux invités. Des logiciels malveillants peuvent utiliser cette fonctionnalité pour supprimer ou modifier des événements de l\'agenda ou envoyer des e-mails aux invités.</string>
  <string name="permlab_accessMockLocation">Création de sources de localisation fictives à des fins de test</string>
  <string name="permdesc_accessMockLocation">Permet de créer des sources de localisation fictives à des fins de test. Des applications malveillantes peuvent utiliser cette fonctionnalité pour remplacer la position géographique et/ou l\'état fournis par des sources réelles comme le GPS ou les fournisseurs d\'accès.</string>
  <string name="permlab_accessLocationExtraCommands">Accès aux commandes de fournisseur de position géographique supplémentaires</string>
  <string name="permdesc_accessLocationExtraCommands">Permet d\'accéder à des commandes de fournisseur de position géographique supplémentaires. Des applications malveillantes peuvent utiliser cette fonctionnalité pour interférer avec l\'utilisation du GPS ou d\'autres sources de localisation géographique.</string>
  <string name="permlab_installLocationProvider">autoriser l\'installation d\'un fournisseur de services de localisation</string>
  <string name="permdesc_installLocationProvider">Créer un faux emplacement à des fins de test. Des applications malveillantes peuvent l\'utiliser pour remplacer l\'emplacement et / ou le statut retourné par des sources emplacement réel comme le GPS ou les fournisseurs de réseau ou de surveiller et de signaler votre position à une source externe.</string>
  <string name="permlab_accessFineLocation">Bonne localisation (GPS)</string>
  <string name="permdesc_accessFineLocation">sources d\'accès où se trouve le noyau du système de positionnement global sur le téléphone, le cas échéant. Des applications malveillantes peuvent l\'utiliser pour déterminer où vous êtes, et peut consommer la batterie supplémentaire.</string>
  <string name="permlab_accessCoarseLocation">localisation approximative (basée sur le réseau)</string>
  <string name="permdesc_accessCoarseLocation">Accéder aux sources secondaires telles que l\'emplacement de la base de données du réseau cellulaire pour déterminer un emplacement approximatif de téléphone, le cas échéant. Des applications malveillantes peuvent l\'utiliser pour déterminer approximativement où vous vous trouvez.</string>
  <string name="permlab_accessSurfaceFlinger">access SurfaceFlinger</string>
  <string name="permdesc_accessSurfaceFlinger">Allows application to use SurfaceFlinger low-level features.</string>
  <string name="permlab_readFrameBuffer">lecture de la mémoire tampon</string>
  <string name="permdesc_readFrameBuffer">Permet à l\'application de lire le contenu de la mémoire tampon.</string>
  <string name="permlab_modifyAudioSettings">changer vos paramètres son</string>
  <string name="permdesc_modifyAudioSettings">Permet à l\'application de modifier les paramètres globaux tels que le volume audio et le routage.</string>
  <string name="permlab_recordAudio">enregistrer l\'audio</string>
  <string name="permdesc_recordAudio">Permet à l\'application d\'enregistrer de l\'audio.</string>
  <string name="permlab_camera">prendre des photos</string>
  <string name="permdesc_camera">Permet a l\'application de prendre des photos avec l\'appareil photo. Cela permet à l\'application de recueillir des images que la caméra voit.</string>
  <string name="permlab_brick">désactiver le téléphone définitivement</string>
  <string name="permdesc_brick">Permet à l\'application de désactiver le téléphone définitivement. Ceci est très dangereux.</string>
  <string name="permlab_reboot">force le téléphone à redémarrer</string>
  <string name="permdesc_reboot">Autorise une application à forcer le téléphone à redémarrer.</string>
  <string name="permlab_mount_unmount_filesystems">monter et démonter les fichiers système</string>
  <string name="permdesc_mount_unmount_filesystems">Permet à l\'application de monter et démonter le stockage amovible.</string>
  <string name="permlab_mount_format_filesystems">Formater le stockage externe</string>
  <string name="permdesc_mount_format_filesystems">Permet à l\'application de formater le stockage amovible.</string>
  <string name="permlab_asec_access">obtenir des informations sur le stockage sécurisé</string>
  <string name="permdesc_asec_access">Permet à l\'application d\'obtenir des informations sur le stockage sécurisé.</string>
  <string name="permlab_asec_create">Créer un stockage sécurisé</string>
  <string name="permdesc_asec_create">Permet à l\'application de créer un stockage sécurisé.</string>
  <string name="permlab_asec_destroy">Détruire le stockage sécurisé</string>
  <string name="permdesc_asec_destroy">Permet à l\'application de détruire le stockage sécurisé.</string>
  <string name="permlab_asec_mount_unmount">monter / démonter le stockage sécurisé </string>
  <string name="permdesc_asec_mount_unmount">Permet à l\'application de monter/démonter le stockage sécurisé.</string>
  <string name="permlab_asec_rename">renommer le stockage sécurisé</string>
  <string name="permdesc_asec_rename">Permet à l\'application de renommer le stockage sécurisé.</string>
  <string name="permlab_vibrate">Contrôler les vibrations</string>
  <string name="permdesc_vibrate">Autorise l\'application à contrôler la fonction de vibration.</string>
  <string name="permlab_flashlight">Contrôler le flash</string>
  <string name="permdesc_flashlight">Autorise l\'application à contrôler le flash.</string>
  <string name="permlab_hardware_test">Tester le matériel</string>
  <string name="permdesc_hardware_test">Permet à l\'application de contrôler les périphériques dans le but de tester le matériel.</string>
  <string name="permlab_callPhone">Appeler directement des numéros de téléphone</string>
  <string name="permdesc_callPhone">Autorise une application à émettre des appels sans votre intervention. Des applications malicieuses pourraient faire augmenter le prix de vos factures téléphoniques. Notez toutefois que cela ne permet pas de passer des appels d\'urgence.</string>
  <string name="permlab_callPrivileged">Appeler directement n\'importe quel numéro de téléphone</string>
  <string name="permdesc_callPrivileged">Autorise l\'application à appeler n\'importe quel numéro de téléphone, en incluant le numéro d\'urgence, sans votre intervention. Des applications malicieuses pourraient passer des appels d\'urgence non nécessaires et illégaux.</string>
  <string name="permlab_performCdmaProvisioning">commencer directement la configuration du téléphone CDMA</string>
  <string name="permdesc_performCdmaProvisioning">Permet l\'application à démarrer CDMA provisionnement. Des applications malveillantes peuvent lancer inutilement CDMA provisionnement</string>
  <string name="permlab_locationUpdates">notifications de contrôle de localisation</string>
  <string name="permdesc_locationUpdates">Permet d\'activer / désactiver les notifications de mise à jour de la radio. Ne pas utiliser par des applications normales.</string>
  <string name="permlab_checkinProperties">propriétés checkin</string>
  <string name="permdesc_checkinProperties">Permet la lecture / écriture et l\'accés aux propriétés transféré par le service checkin. Ne pas utiliser par des applications normales.</string>
  <string name="permlab_bindGadget">Choisir le widget</string>
  <string name="permdesc_bindGadget">Autorise une application à imposer au système quel widget doit être utilisé par une application. Avec cette permission, les applications peuvent donner accès aux données personnelles aux autres applications. Ne doit pas être utilisé avec les applications normales.</string>
  <string name="permlab_modifyPhoneState">Modifier l\'état du téléphone</string>
  <string name="permdesc_modifyPhoneState">Autorise une application à contrôler les fonctionnalités téléphoniques de l\'appareil. Une application avec cette permission peut changer de réseau, allumer ou éteindre la radio sans vous le notifier.</string>
  <string name="permlab_readPhoneState">Lire l\'état du téléphone et son identité</string>
  <string name="permdesc_readPhoneState">Autorise une application à accèder aux fonctionnalites téléphoniques de l\'appareil. Une application avec cette permission peut retrouver le numéro de téléphone, le numéro de série, savoir si un appel est en route, connaître le numéro appelé.</string>
  <string name="permlab_wakeLock">Empêcher le téléphone de se mettre en veille</string>
  <string name="permdesc_wakeLock">Autorise une application à empêcher le téléphone de se mettre en veille.</string>
  <string name="permlab_devicePower">Éteindre ou allumer le téléphone</string>
  <string name="permdesc_devicePower">Autorise l\'application à allumer ou éteindre le téléphone.</string>
  <string name="permlab_factoryTest">Utiliser en mode de test d\'usine</string>
  <string name="permdesc_factoryTest">Exécuter en tant que fabricant un test de bas niveau, permettant un accès complet au matériel téléphonique. Uniquement disponible lorsque le téléphone est en mode essai du constructeur.</string>
  <string name="permlab_setWallpaper">Définir le fond d\'écran</string>
  <string name="permdesc_setWallpaper">Autoriser l\'application à changer le fond d\'écran.</string>
  <string name="permlab_setWallpaperHints">Définir la taille du fond d\'écran</string>
  <string name="permdesc_setWallpaperHints">Autoriser l\'application à changer la taille du fond d\'écran.</string>
  <string name="permlab_masterClear">Restaurer les paramètres d\'usine</string>
  <string name="permdesc_masterClear">Autorise une application à réinitialiser le système à ses paramètres d\'usine, en effaçant toutes les données, configurations, et les applications installées.</string>
  <string name="permlab_setTime">Définir l\'heure</string>
  <string name="permdesc_setTime">Autorise une application à changer l\'heure de l\'horloge du téléphone.</string>
  <string name="permlab_setTimeZone">Paramètrer le fuseau horaire</string>
  <string name="permdesc_setTimeZone">Autorise une application à changer le fuseau horaire du téléphone.</string>
  <string name="permlab_accountManagerService">agir en tant que Gestionnaire de compte</string>
  <string name="permdesc_accountManagerService">Autorise une application à émettre des appels a l\'authentification des compte</string>
  <string name="permlab_getAccounts">Découvrir les comptes connus</string>
  <string name="permdesc_getAccounts">Autorise une application à consulter la liste des comptes connus du téléphone.</string>
  <string name="permlab_authenticateAccounts">Agir comme un authetificateur de compte</string>
  <string name="permdesc_authenticateAccounts">Autorise une application à utiliser les fonctionnalités d\'authentification du gestionnaire de compte, en incluant la création de comptes et le paramétrage des mots de passe.</string>
  <string name="permlab_manageAccounts">Gérer la liste des comptes</string>
  <string name="permdesc_manageAccounts">Autorise une application à réaliser des opérations comme l\'ajout, et la suppression des comptes, en supprimant leur mots de passe.</string>
  <string name="permlab_useCredentials">utiliser les informations d\'authentification d\'un compte</string>
  <string name="permdesc_useCredentials">Permet à une application la demande d\'authentification.</string>
  <string name="permlab_accessNetworkState">Voir l\'état du réseau</string>
  <string name="permdesc_accessNetworkState">Autorise une application à voir l\'état de tous les réseaux.</string>
  <string name="permlab_createNetworkSockets">Accès internet total</string>
  <string name="permdesc_createNetworkSockets">Permet à une application pour créer des sockets réseau.</string>
  <string name="permlab_writeApnSettings">Mémoriser les paramètres du point d\’accès</string>
  <string name="permdesc_writeApnSettings">Autorise une application à modifier les paramètres de l\'APN, comme le proxy, le port, ou tout autre APN.</string>
  <string name="permlab_changeNetworkState">Changer le type de réseau</string>
  <string name="permdesc_changeNetworkState">Permet à une application de modifier l\'état de la connectivité réseau.</string>
  <string name="permlab_changeTetherState">Changer la connectivité via Tether</string>
  <string name="permdesc_changeTetherState">Permet une a une application de modifier l\'état de la connectivité réseau.</string>
  <string name="permlab_changeBackgroundDataSetting">Changer les paramètres d\'usage des données d\'arrière-plan</string>
  <string name="permdesc_changeBackgroundDataSetting">Autorise une application à changer les paramètres de l\'utilisation des données d\'arrière-plan.</string>
  <string name="permlab_accessWifiState">Lire l\'état du Wi-Fi</string>
  <string name="permdesc_accessWifiState">Autorise une application à lire les informations à propos de l\'état du Wi-Fi.</string>
  <string name="permlab_changeWifiState">Changer l\'état du Wi-Fi</string>
  <string name="permdesc_changeWifiState">Autorise une application à se connecter et se déconnecter d\'un point d\'accès Wi-Fi, et à changer la configuration de réseau Wi-Fi.</string>
  <string name="permlab_changeWifiMulticastState">Autorise la réception Wi-Fi multisession</string>
  <string name="permdesc_changeWifiMulticastState">Autorise une application à recevoir des paquets qui ne sont pas directement adressés à votre appareil. Ceci peut être utile afin de pour découvrir des services proposés à proximité. Cela consomme plus d\'énergie que le mode non-multidiffusion.</string>
  <string name="permlab_bluetoothAdmin">administration bluetooth</string>
  <string name="permdesc_bluetoothAdmin">Autorise une application à configurer le Bluetooth du téléphone, et à découvrir et à s\'associer avec des appareils sans fil.</string>
  <string name="permlab_bluetooth">créer des connexions Bluetooth</string>
  <string name="permdesc_bluetooth">Autorise une application à lire la configuration Bluetooth locale du téléphone, et à démarrer et accepter des connexions avec des appareils associés.</string>
  <string name="permlab_disableKeyguard">désactiver le verrouillage</string>
  <string name="permdesc_disableKeyguard">Autorise une application à désactiver le verrouillage et tout cryptage de sécurité y étant associé. Un exemple approprié peut être le cas où le téléphone désactive le verrouillage lors d\'un appel entrant, et le réactive lorsque l\'appel est terminé.</string>
  <string name="permlab_readSyncSettings">Lecture des paramètres de synchronisation</string>
  <string name="permdesc_readSyncSettings">Autorise une application à lire les paramètres de synchronisation, tel que l\'activation de la synchronisation pour les Contacts.</string>
  <string name="permlab_writeSyncSettings">écriture des paramètres de synchronisation</string>
  <string name="permdesc_writeSyncSettings">Autorise une application à lire les paramètres de synchronisation, tel que l\'activation de la synchronisation pour les Contacts.</string>
  <string name="permlab_readSyncStats">lire les statistiques de synchronisation</string>
  <string name="permdesc_readSyncStats">Permet à une application pour lire les stats de synchronisation, par exemple, l\'historique de synchronisation.</string>
  <string name="permlab_subscribedFeedsRead">lire les souscriptions RSS</string>
  <string name="permdesc_subscribedFeedsRead">Permet à une application d\'obtenir des renseignements sur les flux actuellement synchronisés.</string>
  <string name="permlab_subscribedFeedsWrite">Mémoriser les souscription RSS</string>
  <string name="permdesc_subscribedFeedsWrite">Permet à une application de modifier votre synchronisation RSS. Cela pourrait permettre à une application malveillante de changer votre synchronisation.</string>
  <string name="permlab_readDictionary">Lire le dictionnaire défini pas l\'utilisateur</string>
  <string name="permdesc_readDictionary">Autorise une application à lire n\'importe quel mots, noms et phrases privés que l\'utilisateur peut avoir inclue dans le dictionnaire utilisateur.</string>
  <string name="permlab_writeDictionary">Écrire dans le dictionnaire défini par l\'utilisateur</string>
  <string name="permdesc_writeDictionary">Autorise une application à écrire de nouveaux mots dans le dictionnaire de l\'utilisateur.</string>
  <string name="permlab_sdcardWrite">Modifiez/supprimez un élément sur la carte SD</string>
  <string name="permdesc_sdcardWrite">Autorise une application à écrire sur la carte SD.</string>
  <string name="permlab_cache_filesystem">Accédez au cache</string>
  <string name="permdesc_cache_filesystem">Autorise une application à lire et écrire sur le cache.</string>
  <string name="policylab_limitPassword">Limitez les mots de passes</string>
  <string name="policydesc_limitPassword">Restreignez les types de mots de passes autorisés.</string>
  <string name="policylab_watchLogin">Surveille les tentatives de connexion</string>
  <string name="policydesc_watchLogin">Surveiller les tentatives cd connections infructueuses à l\'appareil, pour accomplir une action.</string>
  <string name="policylab_resetPassword">Réinitialiser le mot de passe</string>
  <string name="policydesc_resetPassword">Force le changement de votre mot de passe, exigeant que l\'administrateur vous l\'ai donné avant que vous pouvez vous connecter.</string>
  <string name="policylab_forceLock">Verrouillage forcé</string>
  <string name="policydesc_forceLock">Contrôle le verrouillage de l\'appareil, requiert que vous rentriez de nouveau le mot de passe.</string>
  <string name="policylab_wipeData">Effacer toutes les données</string>
  <string name="policydesc_wipeData">Restauration des valeurs d\'usine, suppression de toutes les données.</string>
  <string name="phoneTypeCustom">Personnalisé</string>
  <string name="phoneTypeHome">Domicile</string>
  <string name="phoneTypeMobile">Mobile</string>
  <string name="phoneTypeWork">Travail</string>
  <string name="phoneTypeFaxWork">Fax travail</string>
  <string name="phoneTypeFaxHome">Fax personnel</string>
  <string name="phoneTypePager">Pager</string>
  <string name="phoneTypeOther">Autre</string>
  <string name="phoneTypeCallback">Rappeler</string>
  <string name="phoneTypeCar">Voiture</string>
  <string name="phoneTypeCompanyMain">Société principale</string>
  <string name="phoneTypeIsdn">RNIS</string>
  <string name="phoneTypeMain">Principal</string>
  <string name="phoneTypeOtherFax">Autre fax</string>
  <string name="phoneTypeRadio">Radio</string>
  <string name="phoneTypeTelex">Télex</string>
  <string name="phoneTypeTtyTdd">TTY TDD</string>
  <string name="phoneTypeWorkMobile">Mobile Travail</string>
  <string name="phoneTypeWorkPager">Pager</string>
  <string name="phoneTypeAssistant">Assistant</string>
  <string name="phoneTypeMms">SMS</string>
  <string name="eventTypeBirthday">Anniversaire</string>
  <string name="eventTypeAnniversary">Anniversaire</string>
  <string name="eventTypeOther">Évènement</string>
  <string name="emailTypeCustom">Personnalisé</string>
  <string name="emailTypeHome">Domicile</string>
  <string name="emailTypeWork">Travail</string>
  <string name="emailTypeOther">Autre</string>
  <string name="emailTypeMobile">Mobile</string>
  <string name="postalTypeCustom">Personnalisé</string>
  <string name="postalTypeHome">Domicile</string>
  <string name="postalTypeWork">Travail</string>
  <string name="postalTypeOther">Autre</string>
  <string name="imTypeCustom">Personnalisé</string>
  <string name="imTypeHome">Domicile</string>
  <string name="imTypeWork">Travail</string>
  <string name="imTypeOther">Autre</string>
  <string name="imProtocolCustom">Personnalisé</string>
  <string name="imProtocolAim">AIM</string>
  <string name="imProtocolMsn">Windows Live</string>
  <string name="imProtocolYahoo">Yahoo</string>
  <string name="imProtocolSkype">Skype</string>
  <string name="imProtocolQq">QQ</string>
  <string name="imProtocolGoogleTalk">Google Talk</string>
  <string name="imProtocolIcq">ICQ</string>
  <string name="imProtocolJabber">Jabber</string>
  <string name="imProtocolNetMeeting">NetMeeting</string>
  <string name="orgTypeWork">Travail</string>
  <string name="orgTypeOther">Autre</string>
  <string name="orgTypeCustom">Personalisé</string>
  <string name="contact_status_update_attribution">via %1$s</string>
  <string name="contact_status_update_attribution_with_date">%1$s via %2$s</string>
  <string name="keyguard_password_enter_pin_code">Saisissez le code PIN</string>
  <string name="keyguard_password_enter_password_code">Entrez votre mot de passe pour débloquer</string>
  <string name="keyguard_password_wrong_pin_code">Code PIN incorrect!</string>
  <string name="keyguard_label_text">Pour débloquer, appuyer sur Menu puis 0.</string>
  <string name="emergency_call_dialog_number_for_display">Appel d\'urgence</string>
  <string name="lockscreen_carrier_default">(Pas de réseau)</string>
  <string name="lockscreen_screen_locked">Ecran verrouillé.</string>
  <string name="lockscreen_instructions_when_pattern_enabled">Appuyer sur Menu pour débloquer ou composer un appel d\'urgence.</string>
  <string name="lockscreen_instructions_when_pattern_disabled">Appuyer sur Menu pour débloquer.</string>
  <string name="lockscreen_pattern_instructions">Dessinez votre schéma de déverrouillage</string>
  <string name="lockscreen_emergency_call">Appel d\'urgence</string>
  <string name="lockscreen_return_to_call">Retourner sur l\'appel</string>
  <string name="lockscreen_pattern_correct">OK!</string>
  <string name="lockscreen_pattern_wrong">Désolé, réessayez</string>
  <string name="lockscreen_plugged_in">Chargement (%d%%)</string>
  <string name="lockscreen_charged">Chargé.</string>
  <string name="lockscreen_battery_short">%d%%</string>
  <string name="lockscreen_low_battery">Connectez votre chargeur.</string>
  <string name="lockscreen_missing_sim_message_short">Pas de carte SIM.</string>
  <string name="lockscreen_missing_sim_message">Aucune carte SIM dans le téléphone.</string>
  <string name="lockscreen_missing_sim_instructions">Insérez une carte SIM.</string>
  <string name="emergency_calls_only">Appels d\'urgence uniquement</string>
  <string name="lockscreen_network_locked_message">Réseau bloqué</string>
  <string name="lockscreen_sim_puk_locked_message">Carte SIM bloquée (PUK).</string>
  <string name="lockscreen_sim_puk_locked_instructions">Consultez l\'aide ou contactez le fabriquant.</string>
  <string name="lockscreen_sim_locked_message">Carte SIM verrouillée.</string>
  <string name="lockscreen_sim_unlock_progress_dialog_message">Déverrouillage de la carte SIM</string>
  <string name="lockscreen_too_many_failed_attempts_dialog_message">Vous avez mal dessiné votre schéma %d fois. \n\nVeuillez réessayer dans %d secondes.</string>
  <string name="lockscreen_failed_attempts_almost_glogin">Vous n\'avez pas correctement dessiné votre schéma %d fois. Après %d nouvelles erreurs, vous devrez déverrouiller votre téléphone avec votre identifiant Google.\n\n Veuillez réessayer dans %d secondes.</string>
  <string name="lockscreen_too_many_failed_attempts_countdown">Réessayez dans %d secondes.</string>
  <string name="lockscreen_forgot_pattern_button_text">Schéma de déverrouillage oublié?</string>
  <string name="lockscreen_glogin_forgot_pattern">Compte bloqué</string>
  <string name="lockscreen_glogin_too_many_attempts">Trop d\'essais échoués!</string>
  <string name="lockscreen_glogin_instructions">Pour déverrouiller, connectez vous à votre compte Google</string>
  <string name="lockscreen_glogin_username_hint">Nom d\'utilisateur (email)</string>
  <string name="lockscreen_glogin_password_hint">Mot de passe</string>
  <string name="lockscreen_glogin_submit_button">Connexion</string>
  <string name="lockscreen_glogin_invalid_input">Nom d\'utilisateur ou mot de passe invalide.</string>
  <string name="lockscreen_glogin_checking_password">Vérification...</string>
  <string name="lockscreen_unlock_label">Déverrouiller</string>
  <string name="lockscreen_sound_on_label">Son activé</string>
  <string name="lockscreen_sound_off_label">Silencieux</string>
  <string name="password_keyboard_label_symbol_key">\?123</string>
  <string name="password_keyboard_label_alpha_key">ABC</string>
  <string name="password_keyboard_label_alt_key">Alt</string>
  <string name="hour_ampm">%-l%P</string>
  <string name="hour_cap_ampm">%-l%p</string>
  <string name="status_bar_clear_all_button">Effacer</string>
  <string name="status_bar_no_notifications_title">Aucune notification</string>
  <string name="status_bar_ongoing_events_title">Entrant</string>
  <string name="status_bar_latest_events_title">Notifications</string>
  <string name="battery_status_text_percent_format">%d%%</string>
  <string name="battery_status_charging">En charge...</string>
  <string name="battery_low_title">Branchez votre chargeur</string>
  <string name="battery_low_subtitle">Batterie faible:</string>
  <string name="battery_low_percent_format">%d%% ou moins restant.</string>
  <string name="battery_low_why">Utilisation de la batterie</string>
  <string name="factorytest_failed">Le test de réinitialisation d\'usine a échoué</string>
  <string name="factorytest_not_system">Le FACTORY_TEST est uniquement supporté par les application installées dans /system/app.</string>
  <string name="factorytest_no_action">Aucun paquet trouver pour effectuer le FACTORY_TEST.</string>
  <string name="factorytest_reboot">Redémarrer</string>
  <string name="web_user_agent">Mozilla/5.0 (Linux; U; Android %s) AppleWebKit/533.1 (KHTML, like Gecko) Version/4.0 Mobile Safari/533.1</string>
  <string name="js_dialog_title">La page à \'%s\' dit:</string>
  <string name="js_dialog_title_default">JavaScript</string>
  <string name="js_dialog_before_unload">Quittez cette page?\n\n%s\n\nSélectionnez OK pour continuer ou Annuler pour rester sur la page en cours.</string>
  <string name="save_password_label">Confirmer</string>
  <string name="double_tap_toast">Astuce: toucher 2 fois pour zoomer.</string>
  <string name="permlab_readHistoryBookmarks">Lire l\'historique et les signet du navigateur</string>
  <string name="permdesc_readHistoryBookmarks">Autoriser une application à lire toutes les URL que le navigateur a visité, ainsi que tout les signets.</string>
  <string name="permlab_writeHistoryBookmarks">Autoriser la modification de l\'historique ou des signet du navigateur</string>
  <string name="permdesc_writeHistoryBookmarks">Permet à une modification de l\'historique ou des signets du navigateur enregistrés sur votre téléphone. Des applications malveillantes peuvent utiliser cet élément pour effacer ou modifier les données de votre navigateur.</string>
  <string name="permlab_writeGeolocationPermissions">Modifier les autorisations de géolocalisation du navigateur</string>
  <string name="permdesc_writeGeolocationPermissions">Permet à une application de modifier le navigateur de l \ \'autoriser a vous géolocaliser. Des applications malveillantes peuvent utiliser cette option pour permettre l\'envoi d\'informations de localisation de sites web arbitraire.</string>
  <string name="save_password_message">Voulez-vous mémoriser le mot de passe?</string>
  <string name="save_password_notnow">Pas Maintenant</string>
  <string name="save_password_remember">Mémoriser</string>
  <string name="save_password_never">Jamais</string>
  <string name="open_permission_deny">Vous n\'avez pas la permission d\'ouvrir cette page.</string>
  <string name="text_copied">Copier dans le presse-papier.</string>
  <string name="more_item_label">Plus</string>
  <string name="prepend_shortcut_label">Menu+</string>
  <string name="menu_space_shortcut_label">Espace</string>
  <string name="menu_enter_shortcut_label">Entrer</string>
  <string name="menu_delete_shortcut_label">Supprimer</string>
  <string name="oneMonthDurationPast">il y a 1 mois</string>
  <string name="beforeOneMonthDurationPast">il y a plus d\'1 mois</string>
  <string name="last_month">Le mois dernier</string>
  <string name="older">Plus ancien</string>
  <string name="preposition_for_date">le %s</string>
  <string name="preposition_for_time">à %s</string>
  <string name="preposition_for_year">dans %s</string>
  <string name="day">jour</string>
  <string name="days">jours</string>
  <string name="hour">heure</string>
  <string name="hours">heures</string>
  <string name="minute">min</string>
  <string name="minutes">mins</string>
  <string name="second">sec</string>
  <string name="seconds">secs</string>
  <string name="week">semaine</string>
  <string name="weeks">semaines</string>
  <string name="year">année</string>
  <string name="years">années</string>
  <string name="relative_time">%1$s, %2$s</string>
  <string name="noon">midi</string>
  <string name="Noon">Midi</string>
  <string name="midnight">minuit</string>
  <string name="Midnight">Minuit</string>
  <string name="elapsed_time_short_format_mm_ss">%1$02d:%2$02d</string>
  <string name="elapsed_time_short_format_h_mm_ss">%1$d:%2$02d:%3$02d</string>
  <string name="selectText">Selectioner le text</string>
  <string name="stopSelectingText">Stop selecting text</string>
  <string name="cutAll">Couper tout</string>
  <string name="copyAll">Copier tout</string>
  <string name="inputMethod">Méthode de saisie</string>
  <string name="addToDictionary">ajouter \"%s\" au dictionaire</string>
  <string name="editTextMenuTitle">Editer le text</string>
  <string name="low_internal_storage_view_title">Espace disque faible</string>
  <string name="low_internal_storage_view_text">La mémoire interne du téléphone est presque pleine.</string>
  <string name="capital_on">ON</string>
  <string name="capital_off">OFF</string>
  <string name="whichApplication">Sélectionner une application</string>
  <string name="alwaysUse">Utiliser par défaut pour cette action.</string>
  <string name="clearDefaultHintMsg">Désactiver les paramètres par défaut dans Paramètres > Applications > Gérer les applications.</string>
  <string name="chooseActivity">Sélectionner une action</string>
  <string name="noApplications">Aucune application disponible pour cette action.</string>
  <string name="aerr_title">Désolé!</string>
  <string name="aerr_application">L\'application %1$s (du processus %2$s) s\'est arrêter de manière inattendue, veuillez réessayer.</string>
  <string name="aerr_process">Le processus %1$s s\'est arrêter de manière inattendue, veuillez réessayer.</string>
  <string name="anr_title">Désolé!</string>
  <string name="anr_activity_application">L\'activité %1$s (de l\'application %2$s) ne répond pas.</string>
  <string name="anr_activity_process">L\'activité %1$s (du processus %2$s) ne répond pas.</string>
  <string name="anr_application_process">L\'application %1$s (du processus %2$s) ne répond pas.</string>
  <string name="anr_process">Le processus %1$ ne répond pas.</string>
  <string name="force_close">Forcer la fermeture</string>
  <string name="report">Rapport</string>
  <string name="wait">Attendre</string>
  <string name="sendText">Sélectionner une action pour ce texte</string>
  <string name="volume_ringtone">Volume de la sonnerie d\'appel</string>
  <string name="volume_music">Volume du média</string>
  <string name="volume_music_hint_playing_through_bluetooth">Lecture via Bluetooth</string>
  <string name="volume_music_hint_silent_ringtone_selected">Silencieux sélectionné</string>
  <string name="volume_call">Volume des appels</string>
  <string name="volume_bluetooth_call">Volume d\'entrée Bluetooth</string>
  <string name="volume_alarm">Volume de l\'alarme</string>
  <string name="volume_notification">Volume des notifications</string>
  <string name="volume_unknown">Volume</string>
  <string name="ringtone_default">Sonnerie par défaut</string>
  <string name="ringtone_default_with_actual">Sonnerie par défaut actuelle : (%1$s)</string>
  <string name="ringtone_silent">Silencieux</string>
  <string name="ringtone_picker_title">Sonneries</string>
  <string name="ringtone_unknown">Sonnerie inconnue</string>
  <string name="wifi_tether_configure_ssid_default">AndroidAP</string>
  <string name="select_character">Insérer un caractère</string>
  <string name="sms_control_default_app_name">Application inconnue</string>
  <string name="sms_control_title">Envois du SMS</string>
  <string name="sms_control_message">Un très grand nombre de SMS ont été envoyés. Choisissez \"OK\" pour continuer, ou \"Annuler\" pour arrêter l\'envoi.</string>
  <string name="sms_control_yes">Ok</string>
  <string name="sms_control_no">Annuler</string>
  <string name="date_time_set">Définir</string>
  <string name="default_permission_group">Défaut</string>
  <string name="permissions_format">%1$s, %2$s</string>
  <string name="no_permissions">Aucune permission requise</string>
  <string name="perms_hide"> </string>
  <string name="perms_show_all"> </string>
  <string name="usb_storage_activity_title">Stockage de masse USB</string>
  <string name="usb_storage_title">Câble USB connecté</string>
  <string name="usb_storage_message">Vous avez connecté votre téléphone à votre ordinateur à l\'aide d\'un câble USB. Sélectionnez le bouton ci-dessous pour copier des fichiers de votre ordinateur vers la carte SD de votre Android, ou inversement.</string>
  <string name="usb_storage_button_mount">Activer le périphérique de stockage USB</string>
  <string name="usb_storage_error_message">Un problème a été rencontré pour utiliser votre carte SD comme stockage USB.</string>
  <string name="usb_storage_notification_title">USB connecté</string>
  <string name="usb_storage_notification_message">Sélectionner pour copier des fichiers vers/depuis votre ordinateur.</string>
  <string name="usb_storage_stop_notification_title">Eteindre le stockage USB</string>
  <string name="usb_storage_stop_notification_message">Sélectionner pour éteindre le périphérique de stockage USB.</string>
  <string name="usb_storage_stop_title">Stockage USB en cours d\'utilisation</string>
  <string name="usb_storage_stop_message">Avant de mettre hors tension le stockage USB, assurez-vous d\'avoir désactivé ("éjecté") la carte SD de votre téléphone Android à partir de votre ordinateur.</string>
  <string name="usb_storage_stop_button_mount">Arrêter le stockage de masse USB</string>
  <string name="usb_storage_stop_error_message">Un problème a été rencontré à l\'extinction du stockage USB. Vérifiez que vous avez déconnecté sur votre PC, puis réessayez.</string>
  <string name="dlg_confirm_kill_storage_users_title">Activer le stockage de masse USB</string>
  <string name="dlg_confirm_kill_storage_users_text">Si vous allumer le stockage de masse USB, certaines applications que vous utilisez actuellement seront arrêtées et seront inutilisables tant que vous ne l\'éteindrez pas.</string>
  <string name="dlg_error_title">Erreur de l\'opération USB</string>
  <string name="dlg_ok">OK</string>
  <string name="extmedia_format_title">Formater la carte SD</string>
  <string name="extmedia_format_message">Etes vous sur de vouloir formater la carte SD? Toutes vos données seront perdues.</string>
  <string name="extmedia_format_button_format">Formater</string>
  <string name="adb_active_notification_title">Débogage USB connecté</string>
  <string name="adb_active_notification_message">Sélectionner cette option pour désactiver le débogage USB.</string>
  <string name="locale_replacement"> </string>
  <string name="select_input_method">Sélectionner la Méthode de saisie</string>
  <string name="fast_scroll_alphabet">\u0020ABCDEFGHIJKLMNOPQRSTUVWXYZ</string>
  <string name="fast_scroll_numeric_alphabet">\u00200123456789ABCDEFGHIJKLMNOPQRSTUVWXYZ</string>
  <string name="candidates_style"> </string>
  <string name="ext_media_checking_notification_title">Préparation de la carte SD</string>
  <string name="ext_media_checking_notification_message">Vérification des erreurs.</string>
  <string name="ext_media_nofs_notification_title">La carte SD est vierge</string>
  <string name="ext_media_nofs_notification_message">La carte SD est vide ou système de fichier non supporté.</string>
  <string name="ext_media_unmountable_notification_title">La carte SD est endommagée</string>
  <string name="ext_media_unmountable_notification_message">La carte SD est endommagée. Vous devriez la formater de nouveau.</string>
  <string name="ext_media_badremoval_notification_title">Carte SD retirée de manière inattendue</string>
  <string name="ext_media_badremoval_notification_message">Démonter la carte SD avant de l\'enlever pour éviter la perte de données.</string>
  <string name="ext_media_safe_unmount_notification_title">Désactiver la carte SD pour la retirer en toute sécurité</string>
  <string name="ext_media_safe_unmount_notification_message">Vous pouvez retirer la carte SD en toute sécurité.</string>
  <string name="ext_media_nomedia_notification_title">Carte SD retirée</string>
  <string name="ext_media_nomedia_notification_message">Carte SD retirée, insérez en une autres.</string>
  <string name="activity_list_empty">Aucune activité trouvée</string>
  <string name="permlab_pkgUsageStats">mise à jour des statistiques d\'utilisation des composants</string>
  <string name="permdesc_pkgUsageStats">Permet la modification de la collecte des statistiques d\'utilisation du composant. Ne pas utiliser avec des applications normales.</string>
  <string name="permlab_copyProtectedData">Permet d\'invoquer le service conteneur par défaut pour copier le contenu. Ne doit pas être utilisé par des applications normales.</string>
  <string name="permdesc_copyProtectedData">Permet d\'invoquer le service conteneur par défaut pour copier le contenu. Ne doit pas être utilisé par des applications normales.</string>
  <string name="tutorial_double_tap_to_zoom_message_short">Tapez deux fois pour zoomer</string>
  <string name="gadget_host_error_inflating">Erreur de Widget</string>
  <string name="ime_action_go">Aller</string>
  <string name="ime_action_search">Recherche</string>
  <string name="ime_action_send">Envoyé</string>
  <string name="ime_action_next">Suivant</string>
  <string name="ime_action_done">Effectué</string>
  <string name="ime_action_default">Démarrer</string>
  <string name="dial_number_using">Composer le numéro\n en utilisant %s</string>
  <string name="create_contact_using">Créer le contact\n en utilisant %s</string>
  <string name="accessibility_compound_button_selected">coché</string>
  <string name="accessibility_compound_button_unselected">pas coché</string>
  <string name="grant_credentials_permission_message_header">Une ou plusieurs applications demandent la permission d\'accéder à votre compte, maintenant et dans l\'avenir.</string>
  <string name="grant_credentials_permission_message_footer">Voulez-vous autoriser cette demande ?</string>
  <string name="grant_permissions_header_text">Accès requis</string>
  <string name="allow">Autoriser</string>
  <string name="deny">Refuser</string>
  <string name="permission_request_notification_title">Permission requise</string>
  <string name="permission_request_notification_with_subtitle">Permission requise\npour le compte %s</string>
  <string name="input_method_binding_label">Méthode de saisie</string>
  <string name="sync_binding_label">Synchro</string>
  <string name="accessibility_binding_label">Accessibilité</string>
  <string name="wallpaper_binding_label">Fond d\'écran</string>
  <string name="chooser_wallpaper">Modifier le fond d\'écran</string>
  <string name="alternate_eri_file">/data/eri.xml</string>
  <string name="pptp_vpn_description">Protocole du tunnel point à point</string>
  <string name="l2tp_vpn_description">Couche 2 du protocole du Tunnel</string>
  <string name="l2tp_ipsec_psk_vpn_description">Clé partagée VPN L2TP/IPSec</string>
  <string name="l2tp_ipsec_crt_vpn_description">Certificat VPN L2TP/IPSec</string>
  <string name="upload_file">Choisir un fichier</string>
  <string name="reset">réinitialiser</string>
  <string name="submit">Envoyer</string>
  <string name="description_star">favori</string>
  <string name="car_mode_disable_notification_title">Mode voiture activé</string>
  <string name="car_mode_disable_notification_message">Sélectionnez pour sortir du mode voiture.</string>
  <string name="tethered_notification_title">Partage de la connexion ou hotspot activé</string>
  <string name="tethered_notification_message">Touchez pour configurer</string>
  <string name="throttle_warning_notification_title">Utilisation importante de données</string>
  <string name="throttle_warning_notification_message">Touchez pour en savoir plus sur l\'utilisation des données mobiles</string>
  <string name="throttled_notification_title">Quota des données mobiles dépassé</string>
  <string name="throttled_notification_message">Touchez pour en savoir plus sur l\'utilisation des données mobiles</string>
  <string name="openvpn_vpn_description">OpenVPN SSL VPN</string>
  <string name="lockscreen_dial_label">Appel</string>
  <string name="lockscreen_mms_label">SMS</string>
  <string name="status_bar_back_to_call">Revenir à l\'appel</string>
  <string name="lockscreen_bottom_hint">Glisser vers le bas ou le haut</string>
  <string name="lockscreen_unlock_hint">Déverouiller</string>
  <string name="unknown">Inconnu</string>
  <string name="private_num">Appel masqué</string>
  <string name="payphone">Téléphone public</string>
  <string name="callNoAnswerTimeFormat">%s sonnerie(s)</string>
  <string name="callDetailsDurationFormat">%1$s minutes %2$s secondes</string>
  <string name="date_day">Date</string>
  <string name="status_bar_battery_low_notification">Batterie faible</string>
  <string name="status_bar_battery_low_notification_button">Veuillez connecter le chargeur</string>
  <string name="status_bar_button_wifi">WiFi</string>
  <string name="status_bar_button_apn">APN</string>
  <string name="status_bar_button_bluetooth">BT</string>
  <string name="status_bar_button_rotate">Rotation</string>
  <string name="status_bar_button_brightness">Luminosité</string>
  <string name="status_bar_button_ringer_normal">Normal</string>
  <string name="status_bar_button_ringer_vibrate">Vibreur</string>
  <string name="status_bar_button_ringer_mute">muet</string>
  <string name="status_bar_button_gps">GPS</string>
  <string name="status_bar_button_sync">Synchro</string>
  <string name="status_bar_button_cpu">CPU</string>
  <string name="status_bar_button_vibrate">Vibreur</string>
  <string name="status_bar_button_flight_mode">Mode avion</string>
  <string name="status_bar_button_reboot">Reboot</string>
  <string name="status_bar_button_shutdown">Eteindre</string>
  <string name="recent_dialog_buttonAppKiller_summary">MIUI libère votre mémoire de %1 \n Mémoire actuellement disponibles: %2</string>
  <string name="recent_dialog_buttonAppKiller">Tuer les processus</string>
  <string name="recent_dialog_buttonTaskManager">Gestion. de taches</string>
  <string name="theme_changing_dialog_title">Préparation des nouvelles icônes du style</string>
  <string name="theme_changed_dialog_title">Votre thème à été changé avec succès !</string>
  <string name="theme_changed_dialog_message">Thème installé. Redémarrez votre téléphone afin d\'assurer une mise à jour global</string>
</resources>
