<?xml version="1.0" encoding="utf-8"?>
<!--Generated by crowdin.net-->
<resources>
  <string name="app_name">Galerie</string>
  <string name="gadget_title">Cadre de l\'image</string>
  <string name="details_ms">%1$02d:%2$02d</string>
  <string name="details_hms">%1$d:%2$02d:%3$02d</string>
  <string name="movie_view_label">Vidéos</string>
  <string name="loading_video">Chargement de la vidéo</string>
  <string name="resume_playing_title">Reprendre la lecture de la vidéo</string>
  <string name="resume_playing_message">Reprendre la lecture à partir de %s ?</string>
  <string name="resume_playing_resume">Reprendre la lecture</string>
  <string name="resume_playing_restart">Recommencer</string>
  <string name="camera">Caméra</string>
  <string name="crop_save_text">Sauvegarder</string>
  <string name="crop_discard_text">Annuler</string>
  <string name="multiface_crop_help">Toucher l\’écran pour commencer.</string>
  <string name="saving_image">Enregistrement de l\'image</string>
  <string name="crop_label">Recadrer l\'image</string>
  <string name="running_face_detection">Veuillez patienter...</string>
  <string name="set_image">Définir l\'image comme</string>
  <string name="wallpaper">Configuration du fond d\'écran en cours, veuillez patienter...</string>
  <string name="camera_setas_wallpaper">Fond d’écran</string>
  <string name="details_ok">Valider</string>
  <string name="loading_new">Chargement des nouveaux éléments</string>
  <string name="initializing">Chargement</string>
  <string name="pick_prompt">Choisir un élément dans votre collection</string>
  <string name="no_items">Il n\'y a aucun élément dans votre collection</string>
  <string name="pick">Choisir</string>
  <string name="delete">Supprimer</string>
  <string name="confirm_delete">Confirmer la suppression</string>
  <string name="cancel">Annuler</string>
  <string name="share">Partager</string>
  <string name="no_sd_card">Carte SD inaccessible ou pas présente</string>
  <string name="more">Plus</string>
  <string name="select_all">Tout sélectionner</string>
  <string name="deselect_all">Annuler la sélection</string>
  <string name="slideshow">Diaporama</string>
  <string name="menu">Menu</string>
  <string name="details">Détails</string>
  <string name="album_selected">Album sélectionné</string>
  <string name="item_selected">Elément sélectionné</string>
  <string name="albums_selected">Albums sélectionnés</string>
  <string name="items_selected">Eléments sélectionnés</string>
  <string name="album">Album</string>
  <string name="start">Début</string>
  <string name="end">Fin</string>
  <string name="location">Emplacement</string>
  <string name="location_unknown">Emplacement inconnu</string>
  <string name="title">Titre</string>
  <string name="type">Genre</string>
  <string name="taken_on">Enregistrer le</string>
  <string name="added_on">Ajouter le</string>
  <string name="show_on_map">Montrer sur la carte</string>
  <string name="rotate_left">Pivoter sur la gauche</string>
  <string name="rotate_right">Pivoter sur la droite</string>
  <string name="crop">Recadrer</string>
  <string name="set_as">Définir comme</string>
  <string name="set_as_wallpaper">Définir comme fond d\’écran</string>
  <string name="item">Élément</string>
  <string name="items">Éléments</string>
  <string name="around">autour de</string>
  <string name="date_unknown">Date inconnue</string>
  <string name="video_err">Impossible de lire la vidéo</string>
  <string name="lockscreen_wallpaper">Enregistrement du fond d\’écran de verrouillage, veuillez patienter...</string>
  <string name="wallpaper_set">Galerie de fond d\’écran</string>
  <string name="lockscreen_set">Galerie de fond d\’écran de verrouillage</string>
  <string name="miui_screenshot">MIUI Screenshots</string>
</resources>
