<?xml version="1.0" encoding="utf-8"?>
<!--Generated by crowdin.net-->
<resources>
  <string name="contactsIconLabel">Contacts</string>
  <string name="contactsFavoritesLabel">Favoris</string>
  <string name="dialerIconLabel">Appel</string>
  <string name="emergencyDialerIconLabel">Appel d\'urgence</string>
  <string name="phoneIconLabel">Téléphone</string>
  <string name="recentCallsIconLabel">Journal d\'appels</string>
  <string name="fdnListLabel">Liste FDN</string>
  <string name="unknown">Inconnu</string>
  <string name="private_num">Numéro privé</string>
  <string name="payphone">Téléphone public</string>
  <string name="onHold">En attente</string>
  <string name="ongoing">Appel en cours</string>
  <string name="callFailed_userBusy">Ligne occupée</string>
  <string name="callFailed_congestion">Réseau occupé</string>
  <string name="callFailed_noSignal">Aucun signal</string>
  <string name="callFailed_limitExceeded">Limite ACM dépassée</string>
  <string name="callFailed_powerOff">Radio éteinte</string>
  <string name="callFailed_simError">Aucune carte SIM, ou erreur de la carte SIM </string>
  <string name="callFailed_outOfService">En dehors de la zone de couverture</string>
  <string name="callFailed_fdn_only">Les appels sortants sont restreints par le FDN</string>
  <string name="callFailed_cb_enabled">Les appels ne sont pas autorisés si l\'interdiction d\'appel est activée.</string>
  <string name="callFailed_dsac_restricted">Tous les appels sont limités par le contrôle d\'accès.</string>
  <string name="callFailed_dsac_restricted_emergency">Les appels d\'urgence sont limités par le contrôle d\'accès.</string>
  <string name="callFailed_dsac_restricted_normal">Les appels normaux sont limités par le contrôle d\'accès.</string>
  <string name="callFailed_cdma_lockedUntilPowerCycle">CDMA: Téléphone verrouillé jusqu\'au redémarrage</string>
  <string name="callFailed_cdma_drop">CDMA: appel interrompu.</string>
  <string name="callFailed_cdma_intercept">CDMA: Appel reçu.</string>
  <string name="callFailed_cdma_reorder">CDMA: réorganiser.</string>
  <string name="callFailed_cdma_SO_reject">CDMA: Option Service Rejeté.</string>
  <string name="callFailed_cdma_retryOrder">CDMA: nouvelle tentative de commande.</string>
  <string name="callFailed_cdma_accessFailure">CDMA: Erreur d\'accès.</string>
  <string name="callFailed_cdma_preempted">CDMA: Anticipé.</string>
  <string name="callFailed_cdma_notEmergency">Appels d\'urgence uniquement.</string>
  <string name="confCall">Conférence téléphonique</string>
  <string name="call_lost">L\'appel a été interrompu.</string>
  <string name="retry">Réessayer</string>
  <string name="call_lost_title">Appel interrompu</string>
  <string name="mmiStarted">Envoi du code MMI</string>
  <string name="ussdRunning">USSD en cours d\'exécution...</string>
  <string name="mmiCancelled">Code MMI annulé</string>
  <string name="cancel">Annuler</string>
  <string name="menu_rejectCallAndSms">Rejeter l\'appel et répondre par SMS</string>
  <string name="menu_speaker">Haut-parleur</string>
  <string name="menu_bluetooth">Bluetooth</string>
  <string name="menu_mute">Muet</string>
  <string name="menu_hold">Suspendre</string>
  <string name="menu_endCall">Fin d\'appel</string>
  <string name="menu_swapCalls">Double appel</string>
  <string name="menu_mergeCalls">Combiner les appels</string>
  <string name="menu_addCall">Ajouter un appel</string>
  <string name="menu_manageConference">Gérer la conférence téléphonique</string>
  <string name="menu_showDialpad">Afficher le clavier</string>
  <string name="menu_hideDialpad">Masquer le clavier</string>
  <string name="menu_answerAndHold">Suspendre l\'appel\net répondre</string>
  <string name="menu_answerAndEnd">Terminer l\'appel\net répondre</string>
  <string name="ok">OK</string>
  <string name="menuButtonKeyboardDialHint">Appuyez sur \"Menu\" pour afficher les options d\'appel • Utilisez le clavier pour composer un numéro</string>
  <string name="menu_answer">Répondre</string>
  <string name="menu_ignore">Ignorer</string>
  <string name="wait_prompt_str">Envoyer les tonalités suivantes ?\n</string>
  <string name="pause_prompt_str">Envoi des tonalités\n</string>
  <string name="send_button">Envoyer</string>
  <string name="pause_prompt_yes">Oui</string>
  <string name="pause_prompt_no">Non</string>
  <string name="wild_prompt_str">Remplacer le caractère générique par</string>
  <string name="no_vm_number">Numéro de messagerie vocale manquant</string>
  <string name="no_vm_number_msg">Aucun numéro de messagerie vocale n\'est enregistré sur la carte SIM.</string>
  <string name="add_vm_number_str">Ajouter numéro</string>
  <string name="dialer_emptyListWorking">Chargement...</string>
  <string name="enterPin">Saisissez un code PIN pour débloquer la carte SIM.</string>
  <string name="pinUnlocked">Carte SIM déverrouillée</string>
  <string name="enterNewPin">Nouveau code PIN de la carte SIM</string>
  <string name="verifyNewPin">Saisissez une nouvelle fois le nouveau code PIN de la carte SIM pour le confirmer</string>
  <string name="verifyFailed">Les codes PIN de la carte SIM saisis ne correspondent pas. Veuillez réessayer.</string>
  <string name="enterPuk">Saisissez la clé PUK pour débloquer la carte SIM</string>
  <string name="badPuk">La clé PUK est incorrecte !</string>
  <string name="buttonTxtContinue">Continuer</string>
  <string name="puk_unlocked">Votre carte SIM a été déverrouillée. Votre téléphone est en cours de déverrouillage...</string>
  <string name="label_ndp">Code PIN de déblocage du réseau SIM</string>
  <string name="sim_ndp_unlock_text">Débloquer</string>
  <string name="sim_ndp_dismiss_text">Rejeter</string>
  <string name="requesting_unlock">Demande de déblocage du réseau…</string>
  <string name="unlock_failed">Échec de la demande de déblocage du réseau.</string>
  <string name="unlock_success">Le réseau a bien été débloqué.</string>
  <string name="imei">Code IMEI</string>
  <string name="meid">MEID</string>
  <string name="labelGSMMore">Paramètres d\'appel GSM</string>
  <string name="labelCDMAMore">Paramètres d\'appel CDMA</string>
  <string name="apn_settings">Noms des points d\'accès</string>
  <string name="settings_label">Paramètres du réseau</string>
  <string name="voicemail">Messagerie vocale</string>
  <string name="voicemail_abbreviated">MV :</string>
  <string name="networks">Opérateur de réseau</string>
  <string name="call_settings">Paramètres d\'appel</string>
  <string name="additional_gsm_call_settings">Autres paramètres</string>
  <string name="sum_gsm_call_settings">Autres paramètres d\'appel \"GSM uniquement\"</string>
  <string name="additional_cdma_call_settings">Autres paramètres d\'appel CDMA</string>
  <string name="sum_cdma_call_settings">Autres paramètres d\'appel \"CDMA uniquement\"</string>
  <string name="labelNwService">Paramètres du service réseau</string>
  <string name="labelCallerId">Identification de l\'appelant</string>
  <string name="sum_hide_caller_id">Cacher le numéro pour les appels sortants</string>
  <string name="sum_show_caller_id">Afficher le numéro pour les appels sortants</string>
  <string name="sum_default_caller_id">Utilisez les paramètres de l\'opérateur par défaut pour afficher mon numéro pour les appels sortants</string>
  <string name="labelCW">Appel en attente</string>
  <string name="sum_cw_enabled">Pendant un appel, me prévenir des appels entrants</string>
  <string name="sum_cw_disabled">Pendant un appel, ne pas me prévenir des appels entrants</string>
  <string name="call_forwarding_settings">Paramètres de transfert d\'appel</string>
  <string name="labelCF">Transfert d\'appel</string>
  <string name="labelCFU">Renvois d\'appel</string>
  <string name="messageCFU">Toujours utiliser ce numéro</string>
  <string name="sum_cfu_enabled_indicator">Renvoyer tous les appels</string>
  <string name="sum_cfu_enabled">Renvoyer tous les appels vers {0}</string>
  <string name="sum_cfu_enabled_no_number">Numéro indisponible</string>
  <string name="sum_cfu_disabled">Désactivé</string>
  <string name="labelCFB">Transférer si occupé</string>
  <string name="messageCFB">Numéro si occupé</string>
  <string name="sum_cfb_enabled">Renvoyer vers {0}</string>
  <string name="sum_cfb_disabled">Désactivé</string>
  <string name="disable_cfb_forbidden">Votre opérateur ne supporte pas la désactivation de transferts d\'appels lorsque votre téléphone est occupé.</string>
  <string name="labelCFNRy">Transférer si pas de réponse</string>
  <string name="messageCFNRy">Numéro si pas de réponse</string>
  <string name="sum_cfnry_enabled">Renvoyer vers {0}</string>
  <string name="sum_cfnry_disabled">Désactivé</string>
  <string name="disable_cfnry_forbidden">Votre opérateur ne prend pas en charge pas la désactivation de transferts d\'appels lorsque votre téléphone ne répond pas.</string>
  <string name="labelCFNRc">Transférer quand inaccessible</string>
  <string name="messageCFNRc">Numéro quand inaccessible</string>
  <string name="sum_cfnrc_enabled">Renvoyer vers {0}</string>
  <string name="sum_cfnrc_disabled">Désactivé</string>
  <string name="disable_cfnrc_forbidden">Votre opérateur ne prend pas en charge la désactivation du transfert d\'appels lorsque votre téléphone est inaccessible.</string>
  <string name="updating_title">Paramètres d\'appel</string>
  <string name="error_updating_title">Erreur des paramètres d\'appel</string>
  <string name="reading_settings">Lecture des paramètres...</string>
  <string name="updating_settings">Mise à jour des paramètres...</string>
  <string name="reverting_settings">Rétablissement des paramètres...</string>
  <string name="response_error">Réponse inattendue du réseau.</string>
  <string name="exception_error">Erreur réseau ou de la carte SIM.</string>
  <string name="radio_off_error">Veuillez allumer la radio avant de voir ces paramètres.</string>
  <string name="close_dialog">Ok</string>
  <string name="enable">Activer</string>
  <string name="disable">Désactiver</string>
  <string name="change_num">Mise à jour</string>
  <string name="vm_save_number">Sauvegarder le numéro de messagerie vocale</string>
  <string name="vm_changed">Numéro de messagerie vocale changé.</string>
  <string name="vm_change_failed">Changement du numéro de la boîte vocale échoué.\nVeuillez contactez votre opérateur si ce problème persiste.</string>
  <string name="fw_change_failed">Changement du numéro de transfert d\'\appel échoué.\nVeuillez contacter votre opérateur si le problème persiste.</string>
  <string name="fw_get_in_vm_failed">Impossible de récupérer et de sauvegarder les paramètres de l\'actuel numéro de transfert d\'appel.\nVoulez-vous changer de fournisseur quand même?</string>
  <string name="no_change">Aucuns changements effectués.</string>
  <string name="sum_voicemail_choose_provider">Choisir le service de messagerie vocale</string>
  <string name="voicemail_default">Mon opérateur</string>
  <string name="mobile_networks">Paramètres du réseau mobile</string>
  <string name="label_available">Réseaux disponibles</string>
  <string name="load_networks_progress">Recherche...</string>
  <string name="empty_networks_list">Aucun réseau trouvé.</string>
  <string name="search_networks">Rechercher les réseaux</string>
  <string name="network_query_error">Une erreur s\'est produite lors de la recherche de réseaux.</string>
  <string name="register_on_network">Enregistrement sur %s...</string>
  <string name="not_allowed">Votre carte SIM ne vous autorise pas à vous connecter à ce réseau.</string>
  <string name="connect_later">Impossible de se connecter au réseau pour l\'instant. Veuillez réessayer ultérieurement.</string>
  <string name="registration_done">Enregistré avec succès</string>
  <string name="sum_carrier_select">Choisir un opérateur réseau</string>
  <string name="sum_search_networks">Chercher tous les réseaux disponibles</string>
  <string name="select_automatically">Sélection automatique</string>
  <string name="sum_select_automatically">Sélectionner automatiquement le réseau favori</string>
  <string name="register_automatically">Enregistrement automatique...</string>
  <string name="preferred_network_mode_title">Mode réseau</string>
  <string name="preferred_network_mode_summary">Changer le mode de fonctionnement du réseau</string>
  <string name="preferred_network_mode_dialogtitle">Mode réseau préféré</string>
  <string name="data_enabled">Données activées</string>
  <string name="data_enable_summary">Activer l\'accès aux données sur le réseau mobile</string>
  <string name="roaming">Itinérance des données</string>
  <string name="roaming_enable">Se connecter aux services de données lors de l\'itinérance</string>
  <string name="roaming_disable">Se connecter aux services de données lors de l\'itinérance</string>
  <string name="roaming_reenable_message">Vous avez été déconnecté car vous avez quitté votre réseau alors que l\'itinérance des données était désactivée</string>
  <string name="roaming_warning">Autoriser l\'itinérance des données? Des frais d\'itinérance importants peuvent s\'appliquer !</string>
  <string name="gsm_umts_options">Options GSM/UMTS</string>
  <string name="cdma_options">Options CDMA</string>
  <string name="throttle_data_usage">Utilisation des données</string>
  <string name="throttle_settings_title">Règles de l\'opérateur en matière de données</string>
  <string name="throttle_current_usage">Données utilisées sur la période en cours</string>
  <string name="throttle_time_frame">Période d\'utilisation des données</string>
  <string name="throttle_rate">Règles relatives au taux de transfert des données</string>
  <string name="throttle_help">En savoir plus</string>
  <string name="throttle_status_subtext">%1$s sur %3$s - (%2$d ٪) du maximum par période\nLa prochaine période démarre dans %4$d jours (%5$s).</string>
  <string name="throttle_data_usage_subtext">%1$s sur %3$s - (%2$d ٪) du maximum par période</string>
  <string name="throttle_data_rate_reduced_subtext">%1$s maximum dépassé\nTaux de transfert des données réduit à %2$d Ko/s</string>
  <string name="throttle_time_frame_subtext">%1$d ٪ du cycle écoulé\nLa prochaine période démarre dans %2$d jours (%3$s)</string>
  <string name="throttle_rate_subtext">Taux de transfert des données réduit à %1$d Ko/s si le plafond d\'utilisation est dépassé</string>
  <string name="throttle_help_subtext">Plus d\'informations sur les règles de votre opérateur mobile concernant l\'utilisation des données sur son réseau</string>
  <string name="cdma_cell_broadcast_sms">Diffusion cellulaire par SMS</string>
  <string name="cell_broadcast_sms">Diffusion cellulaire par SMS</string>
  <string name="enable_disable_cell_bc_sms">Cell Broadcast SMS</string>
  <string name="cell_bc_sms_enable">Option \"Diffusion cellulaire par SMS\" activée</string>
  <string name="cell_bc_sms_disable">Option \"Diffusion cellulaire par SMS\" désactivée</string>
  <string name="cb_sms_settings">Paramètres de la diffusion cellulaire par SMS</string>
  <string name="enable_disable_emergency_broadcast">Diffusion des services d\'urgence</string>
  <string name="emergency_broadcast_enable">Option \"Diffusion des services d\'urgence\" activée</string>
  <string name="emergency_broadcast_disable">Option \"Diffusion des services d\'urgence\" désactivée</string>
  <string name="enable_disable_administrative">Administration</string>
  <string name="administrative_enable">Administration activée</string>
  <string name="administrative_disable">Administration désactivée</string>
  <string name="enable_disable_maintenance">Maintenance</string>
  <string name="maintenance_enable">Maintenance activée</string>
  <string name="maintenance_disable">Maintenance désactivée</string>
  <string name="general_news_settings">A la une</string>
  <string name="bf_news_settings">Affaire et finances</string>
  <string name="sports_news_settings">Sports</string>
  <string name="entertainment_news_settings">Divertissements</string>
  <string name="enable_disable_local">Locales</string>
  <string name="local_enable">Option \"Actualités locales\" activée</string>
  <string name="local_disable">Option \"Actualités locales\" désactivée</string>
  <string name="enable_disable_regional">Régionales</string>
  <string name="regional_enable">Option \"Actualités régionales\" activée</string>
  <string name="regional_disable">Option \"Actualités régionales\" désactivée</string>
  <string name="enable_disable_national">Nationales</string>
  <string name="national_enable">Option \"Actualités nationales\" activée</string>
  <string name="national_disable">Option \"Actualités nationales\" désactivée</string>
  <string name="enable_disable_international">Internationales</string>
  <string name="international_enable">Option \"Actualités internationales\" activée</string>
  <string name="international_disable">Option \"Actualités internationales\" désactivée</string>
  <string name="list_language_title">Langue</string>
  <string name="list_language_summary">Sélectionner la langue des actualités</string>
  <string name="list_language_dtitle">Langues</string>
  <string name="enable_disable_local_weather">Météo locale</string>
  <string name="local_weather_enable">Option \"Météo locale\" activée</string>
  <string name="local_weather_disable">Option \"Météo locale\" désactivée</string>
  <string name="enable_disable_atr">Infos trafic locales</string>
  <string name="atr_enable">Option \"Infos trafic locales\" activée</string>
  <string name="atr_disable">Option \"Infos trafic locales\" désactivée</string>
  <string name="enable_disable_lafs">Horaires des vols des aéroports à proximité</string>
  <string name="lafs_enable">Option \"Horaires des vols des aéroports à proximité\" activée</string>
  <string name="lafs_disable">Option \"Horaires des vols des aéroports à proximité\" désactivée</string>
  <string name="enable_disable_restaurants">Restaurants</string>
  <string name="restaurants_enable">Option \"Restaurants\" activée</string>
  <string name="restaurants_disable">Option \"Restaurants\" désactivée</string>
  <string name="enable_disable_lodgings">Hébergements</string>
  <string name="lodgings_enable">Option \"Hébergements\" activée</string>
  <string name="lodgings_disable">Option \"Hébergements\" désactivée</string>
  <string name="enable_disable_retail_directory">Annuaire des commerces</string>
  <string name="retail_directory_enable">Option \"Annuaire des commerces\" activée</string>
  <string name="retail_directory_disable">Option \"Annuaire des commerces\" désactivée</string>
  <string name="enable_disable_advertisements">Annonces</string>
  <string name="advertisements_enable">Option \"Annonces\" activée</string>
  <string name="advertisements_disable">Option \"Annonces\" désactivée</string>
  <string name="enable_disable_stock_quotes">Cours de bourse</string>
  <string name="stock_quotes_enable">Option \"Cours de bourse\" activée</string>
  <string name="stock_quotes_disable">Option \"Cours de bourse\" désactivée</string>
  <string name="enable_disable_eo">Offres d\'emploi</string>
  <string name="eo_enable">Option \"Offres d\'emploi\" activée</string>
  <string name="eo_disable">Option \"Offres d\'emploi\" désactivée</string>
  <string name="enable_disable_mhh">Médecine, services de santé et hôpitaux</string>
  <string name="mhh_enable">Option \"Médecine, services de santé et hôpitaux\" activée</string>
  <string name="mhh_disable">Option \"Médecine, services de santé et hôpitaux\" désactivée</string>
  <string name="enable_disable_technology_news">Actualités technologiques</string>
  <string name="technology_news_enable">Option \"Actualités technologiques\" activée</string>
  <string name="technology_news_disable">Option \"Actualité technologiques\" désactivée</string>
  <string name="enable_disable_multi_category">Catégories multiples</string>
  <string name="multi_category_enable">Option \"Catégories multiples\" activée</string>
  <string name="multi_category_disable">Option \"Catégories multiples\" désactivée</string>
  <string name="gsm_umts_network_preferences_title">Préférences réseau GSM/UMTS</string>
  <string name="gsm_umts_network_preferneces_summary">Pas encore implémenté!</string>
  <string name="gsm_umts_network_preferences_dialogtitle">Préférences réseau GSM/UMTS</string>
  <string name="prefer_2g">Utiliser uniquement les réseaux 2G</string>
  <string name="prefer_2g_summary">Économise la batterie</string>
  <string name="cdma_system_select_title">Sélection système</string>
  <string name="cdma_system_select_summary">Modifier le mode d\'itinérance CDMA</string>
  <string name="cdma_system_select_dialogtitle">Sélection système</string>
  <string name="cdma_roaming_mode_title">Mode d\'itinérance CDMA</string>
  <string name="cdma_roaming_mode_summary">Modifier le mode d\'itinérance CDMA</string>
  <string name="cdma_roaming_mode_dialogtitle">Mode d\'itinérance CDMA</string>
  <string name="cdma_network_preferences_title">Préférences réseau CDMA</string>
  <string name="cdma_network_preferneces_summary">Pas encore implémenté!</string>
  <string name="cdma_network_preferences_dialogtitle">Préférences réseau CDMA</string>
  <string name="subscription_title">Test d\'enregistrement CDMA</string>
  <string name="subscription_summary">Basculer entre les cartes RUIM/SIM et NV</string>
  <string name="subscription_dialogtitle">abonnement</string>
  <string name="fdn">Numéros autorisés</string>
  <string name="manage_fdn_list">Liste de numéros autorisés</string>
  <string name="fdn_activation">Activation des numéros autorisés</string>
  <string name="fdn_enabled">La liste de numéros autorisés est activée.</string>
  <string name="fdn_disabled">La liste de numéros autorisés est désactivée</string>
  <string name="enable_fdn">Activer numéros autorisés</string>
  <string name="disable_fdn">Désactiver numéros autorisés</string>
  <string name="change_pin2">Modifier le code PIN2</string>
  <string name="enable_fdn_ok">Désactiver numéros autorisés</string>
  <string name="disable_fdn_ok">Activer</string>
  <string name="sum_fdn">Gérer la liste de numéros autorisés</string>
  <string name="sum_fdn_change_pin">Modifier le code PIN pour l\'accès aux numéros autorisés</string>
  <string name="sum_fdn_manage_list">Gérer la liste des numéros de téléphone</string>
  <string name="voice_privacy">Confidentialité vocale</string>
  <string name="voice_privacy_summary">Activer le mode de confidentialité amélioré</string>
  <string name="tty_mode_title">Mode TTY</string>
  <string name="tty_mode_summary">Activer le mode TTY</string>
  <string name="tty_mode_option_title">Mode TTY</string>
  <string name="tty_mode_option_summary">Définir le mode TTY</string>
  <string name="auto_retry_mode_title">Réessayer automatiquement</string>
  <string name="auto_retry_mode_summary">Activer le mode Réessayer automatiquement</string>
  <string name="menu_add">Ajouter un contact</string>
  <string name="menu_edit">Modifier le contact</string>
  <string name="menu_delete">Supprimer le contact</string>
  <string name="get_pin2">Saisir le code PIN2</string>
  <string name="name">Nom</string>
  <string name="number">Numéro</string>
  <string name="save">Enregistrer</string>
  <string name="add_fdn_contact">Ajouter un numéro autorisé</string>
  <string name="adding_fdn_contact">Ajout du numéro autorisé...</string>
  <string name="fdn_contact_added">Numéro autorisé ajouté</string>
  <string name="edit_fdn_contact">Modifier le numéro autorisé</string>
  <string name="updating_fdn_contact">Mise à jour du numéro autorisé…</string>
  <string name="fdn_contact_updated">Mise à jour du numéro autorisé effectuée</string>
  <string name="delete_fdn_contact">Supprimer un numéro autorisé</string>
  <string name="deleting_fdn_contact">Suppression du numéro autorisé…</string>
  <string name="fdn_contact_deleted">Numéro autorisé supprimé</string>
  <string name="pin2_invalid">Impossible de mettre à jour le numéro autorisé : le code PIN que vous avez saisi est incorrect.</string>
  <string name="fdn_invalid_number">Impossible de mettre à jour le numéro autorisé : ce type de numéro ne peut pas comporter plus de 20 chiffres.</string>
  <string name="simContacts_emptyLoading">Lecture de la carte SIM…</string>
  <string name="simContacts_empty">Aucun contact n\'a été trouvé sur votre carte SIM.</string>
  <string name="simContacts_title">Sélectionner les contacts à importer</string>
  <string name="enable_pin">Activer/désactiver le code PIN de la carte SIM</string>
  <string name="change_pin">Modifier le code PIN de la carte SIM</string>
  <string name="enter_pin_text">Code PIN de la carte SIM :</string>
  <string name="oldPinLabel">Ancien code PIN</string>
  <string name="newPinLabel">Nouveau code PIN</string>
  <string name="confirmPinLabel">Confirmer le nouveau code PIN</string>
  <string name="badPin">L\'ancien code PIN saisi est incorrect. Veuillez réessayer.</string>
  <string name="mismatchPin">Les codes PIN saisis ne correspondent pas. Veuillez réessayer.</string>
  <string name="invalidPin">Saisissez un code PIN comprenant 4 à 8 chiffres.</string>
  <string name="disable_sim_pin">Désactiver le code PIN de la carte SIM</string>
  <string name="enable_sim_pin">Activer le code PIN de la carte SIM</string>
  <string name="enable_in_progress">Veuillez patienter...</string>
  <string name="enable_pin_ok">Code PIN de la carte SIM activé</string>
  <string name="disable_pin_ok">Code PIN de la carte SIM désactivé</string>
  <string name="pin_failed">Le code PIN saisi était incorrect.</string>
  <string name="pin_changed">Le code PIN de la carte SIM a bien été modifié.</string>
  <string name="puk_requested">Mot de passe incorrect. La carte SIM est verrouillée! Clé PUK2 requise.</string>
  <string name="enter_pin2_text">PIN2</string>
  <string name="oldPin2Label">Ancien code PIN2</string>
  <string name="newPin2Label">Nouveau code PIN2</string>
  <string name="confirmPin2Label">Confirmer le nouveau code PIN2</string>
  <string name="badPuk2">Le code PIN2 saisi est incorrect. Veuillez réessayer.</string>
  <string name="badPin2">L\'ancien code PIN2 saisi est incorrect. Veuillez réessayer.</string>
  <string name="mismatchPin2">Les codes PIN2 saisis ne correspondent pas. Merci de réessayer.</string>
  <string name="invalidPin2">Saisissez un code PIN2 comprenant 4 à 8 chiffres.</string>
  <string name="invalidPuk2">Saisissez une clé PUK2 à 8 chiffres.</string>
  <string name="pin2_changed">Le code PIN2 a été modifié.</string>
  <string name="label_puk2_code">Saisissez la clé PUK2</string>
  <string name="fdn_enable_puk2_requested">Le mot de passe est incorrect. Veuillez modifier le code PIN2 et réessayez</string>
  <string name="puk2_requested">Mot de passe incorrect. La carte SIM est verrouillée! Clé PUK2 requise.</string>
  <string name="doneButton">Ok</string>
  <string name="caller_manage_header">Conférence téléphonique à %s</string>
  <string name="caller_manage_manage_done_text">Retour à l\'appel</string>
  <string name="fake_phone_activity_phoneNumber_text">(650) 555-1234</string>
  <string name="fake_phone_activity_infoText_text">Numéro entrant</string>
  <string name="fake_phone_activity_placeCall_text">Faux appel entrant</string>
  <string name="sim_missing_continueView_text">Continuer sans carte SIM</string>
  <string name="sim_missing_msg_text">Aucune carte SIM n\'a été trouvée. Veuillez insérer une carte SIM dans le téléphone.</string>
  <string name="sim_unlock_dismiss_text">Rejeter</string>
  <string name="sim_unlock_unlock_text">Débloquer</string>
  <string name="sim_unlock_status_text">Authentification du code PIN...</string>
  <string name="voicemail_settings_number_label">N° messagerie vocale</string>
  <string name="card_title_dialing">Appel en cours…</string>
  <string name="card_title_redialing">Nouvelle tentative</string>
  <string name="card_title_in_progress">Appel en cours</string>
  <string name="card_title_conf_call">Conférence téléphonique</string>
  <string name="card_title_incoming_call">Appel entrant</string>
  <string name="card_title_cdma_call_waiting">Appel CDMA en attente</string>
  <string name="card_title_call_ended">Fin de l\'appel</string>
  <string name="card_title_on_hold">En attente</string>
  <string name="card_title_hanging_up">Fin d\'appel</string>
  <string name="card_title_in_call">Appel en cours</string>
  <string name="notification_missedCallTitle">Appel manqué</string>
  <string name="notification_missedCallsTitle">Appels manqués</string>
  <string name="notification_missedCallsMsg">%s appels manqués</string>
  <string name="notification_missedCallTicker">Appel manqué de %s</string>
  <string name="notification_ongoing_call_format">Appel en cours (%s)</string>
  <string name="notification_on_hold">En attente</string>
  <string name="notification_voicemail_title">Nouvelle messagerie vocale</string>
  <string name="notification_voicemail_title_count">Nouveaux messages vocaux (%d)</string>
  <string name="notification_voicemail_text_format">Composer le %s</string>
  <string name="notification_voicemail_no_vm_number">Numéro de messagerie vocale inconnu</string>
  <string name="notification_network_selection_title">Aucun service</string>
  <string name="notification_network_selection_text">Réseau sélectionné (%s) non disponible</string>
  <string name="incall_error_power_off">Veuillez d\'abord désactiver le mode Avion afin d\'effectuer un appel.</string>
  <string name="incall_error_emergency_only">Non enregistré sur le réseau</string>
  <string name="incall_error_out_of_service">Réseau mobile non disponible</string>
  <string name="incall_error_no_phone_number_supplied">L\'appel n\'a pas été effectué. Le numéro composé n\'est pas valide.</string>
  <string name="incall_error_call_failed">L\'appel n\'a pas été effectué.</string>
  <string name="incall_status_dialed_mmi">Lancement de la séquence IHM...</string>
  <string name="incall_status_dialed_fc">Lancement de la séquence de codes de service...</string>
  <string name="incall_error_supp_service_unknown">Ce service n\'est pas pris en charge.</string>
  <string name="incall_error_supp_service_switch">Impossible de changer d\'appel.</string>
  <string name="incall_error_supp_service_separate">Impossible de dissocier l\'appel.</string>
  <string name="incall_error_supp_service_transfer">Impossible de transférer l\'appel.</string>
  <string name="incall_error_supp_service_conference">Impossible d\'effectuer des conférences téléphoniques.</string>
  <string name="incall_error_supp_service_reject">Impossible de rejeter l\'appel.</string>
  <string name="incall_error_supp_service_hangup">Impossible de libérer le(s) appel(s).</string>
  <string name="emergency_enable_radio_dialog_title">Appel d\'urgence</string>
  <string name="emergency_enable_radio_dialog_message">Activation du signal radio...</string>
  <string name="emergency_enable_radio_dialog_retry">Hors zone de couverture. Nouvelle tentative...</string>
  <string name="dial_emergency_error">L\'appel n\'a pas été effectué. %s n\'est pas un numéro d\'urgence !</string>
  <string name="dial_emergency_empty_error">L\'appel n\'a pas été effectué. Veuillez composer un numéro d\'urgence !</string>
  <string name="dialerKeyboardHintText">Utilisez le clavier pour composer un numéro</string>
  <string name="dtmfDialpadHintText">Touches sonores</string>
  <string name="dtmfDialpadHandleLabel">Clavier</string>
  <string name="touchLockText">Appuyez deux fois\npour déverrouiller</string>
  <string name="onscreenAnswerText">Appuyez deux fois\npour répondre</string>
  <string name="onscreenRejectText">Appuyez deux fois\npour refuser</string>
  <string name="onscreenHoldText">Suspendre</string>
  <string name="onscreenUnholdText">Reprendre</string>
  <string name="onscreenEndCallText">Raccrocher</string>
  <string name="onscreenShowDialpadText">Clavier</string>
  <string name="onscreenHideDialpadText">Masquer</string>
  <string name="onscreenSpeakerText">Haut-parleur</string>
  <string name="onscreenMuteText">Muet</string>
  <string name="onscreenBluetoothText">Bluetooth</string>
  <string name="onscreenAddCallText">Autre appel</string>
  <string name="onscreenMergeCallsText">Fusionner les appels</string>
  <string name="onscreenSwapCallsText">Permuter</string>
  <string name="onscreenManageCallsText">Gérer les appels</string>
  <string name="onscreenManageConferenceText">Gérer</string>
  <string name="importSimEntry">Importer</string>
  <string name="importAllSimEntries">Tout importer</string>
  <string name="importingSimContacts">Importation des contacts SIM</string>
  <string name="importToFDNfromContacts">Importer à partir des contacts</string>
  <string name="hac_mode_title">Assistance auditive</string>
  <string name="hac_mode_summary">Activer la compatibilité du service d\'assistance auditive</string>
  <string name="eri_text_label">Texte ERI</string>
  <string name="dtmf_tones_title">Tonalités DTMF</string>
  <string name="dtmf_tones_summary">Définir la durée des tonalités DTMF</string>
  <string name="network_message">Message réseau</string>
  <string name="ota_title_activate">Activer votre téléphone</string>
  <string name="ota_touch_activate">Vous devez passer un appel spécial pour activer le service de téléphonie. \n\nAprès avoir appuyé sur \"Activer\", écoutez les instructions qui vous permettront d\'activer votre téléphone</string>
  <string name="ota_touch_activate_new">Touchez Activer pour passer un appel spécial qui activera votre téléphone sur le réseau mobile de votre opérateur. Vous pourrez ensuite téléphoner et vous connecter à des réseaux de données mobiles</string>
  <string name="ota_skip_activation_dialog_title">Ignorer l\'activation ?</string>
  <string name="ota_skip_activation_dialog_message">Si vous poursuivez sans activer votre mobile, vous ne pourrez ni téléphoner, ni vous connecter à des réseaux de données mobiles. La connexion à un réseau Wi-Fi reste possible. Vous serez invité à effectuer l\'activation à chaque démarrage du téléphone</string>
  <string name="ota_skip_activation_dialog_skip_label">Ignorer</string>
  <string name="ota_skip_activation_dialog_continue_label">Activer</string>
  <string name="ota_activate">Activer</string>
  <string name="ota_title_activate_success">Votre téléphone est activé !</string>
  <string name="ota_title_problem_with_activation">Problème lors de l\'activation</string>
  <string name="ota_listen">Suivez les instructions orales jusqu\'au bout de la procédure d\'activation</string>
  <string name="ota_dialpad">Clavier</string>
  <string name="ota_speaker">Haut-parleur</string>
  <string name="ota_progress">Veuillez patienter pendant la programmation de votre téléphone</string>
  <string name="ota_failure">Échec de la programmation</string>
  <string name="ota_successful">Votre téléphone est désormais activé. Un délai de 15 minutes peut être nécessaire avant de démarrer le service</string>
  <string name="ota_unsuccessful">Votre téléphone n\'a pas pu être activé. \nVous devez peut-être vous déplacer vers une zone disposant d\'une meilleure couverture (près d\'une fenêtre ou à l\'extérieur). \n\nRéessayez ou appelez le service clientèle pour plus d\'options</string>
  <string name="ota_spc_failure">NOMBRE EXCESSIF D\'ÉCHECS SPC</string>
  <string name="ota_call_end">Retour</string>
  <string name="ota_try_again">Réessayer</string>
  <string name="ota_next">Suivant</string>
  <string name="ota_back">Précédent</string>
  <string name="ecm_exit_dialog">EcmExitDialog</string>
  <string name="phone_entered_ecm_text">Mode de rappel d\'urgence activé</string>
  <string name="phone_in_ecm_notification_title">Mode de rappel d\'urgence</string>
  <string name="phone_in_ecm_call_notification_text">Connexion des données désactivée</string>
  <string name="alert_dialog_in_ecm_call">L\'action sélectionnée n\'est pas disponible pendant un appel d\'urgence</string>
  <string name="progress_dialog_exiting_ecm">Sortie du mode de rappel d\'urgence</string>
  <string name="alert_dialog_yes">Oui</string>
  <string name="alert_dialog_no">Non</string>
  <string name="alert_dialog_dismiss">Ignorer</string>
  <string name="absent_num">NUMERO ABSENT</string>
  <string name="voicemail_settings">Paramètres de la messagerie vocale</string>
  <string name="voicemail_number_not_set"><non configuré></string>
  <string name="voicemail_provider">Service de messagerie vocale</string>
  <string name="voicemail_settings_for">Paramètres pour %s</string>
  <string name="other_settings">Autres paramètres d\'appel</string>
  <string name="dial_button_label">Composer</string>
  <string name="calling_via_template">Appel via ^1\n</string>
  <string name="slide_to_answer">Faire glisser vers la droite pour répondre</string>
  <string name="slide_to_silence">Faire glisser vers la gauche pour passer en mode silencieux</string>
  <string name="slide_to_decline">Faire glisser vers la gauche pour refuser</string>
  <string name="slide_to_answer_and_hold">Faire glisser vers la droite pour répondre et\nmettre l\'appel en cours en attente</string>
  <string name="slide_to_answer_and_end_active">Faire glisser vers la droite pour répondre et\nterminer l\'appel en cours</string>
  <string name="slide_to_answer_and_end_onhold">Faire glisser vers la droite pour répondre et\nterminer l\'appel en attente</string>
  <string name="slide_to_answer_hint">Répondre</string>
  <string name="slide_to_decline_hint">Refuser</string>
  <string name="notification_ongoing_calling_format">Appels entrants (%s)</string>
  <string name="advanced_setting">Paramètres avancés</string>
  <string name="call_reject_hint">Glissez pour raccrocher</string>
  <string name="hangup_sms">Utiliser la touche "Menu" pour l\'appel et répondre par SMS</string>
  <string name="hangup_sms_body">Je suis actuellement occupé(e), je te/vous rappelle plus tard</string>
  <string name="onscreenNoteText">Historique</string>
  <string name="query_telocation_title">Localiser le numéro de téléphone</string>
  <string name="query_telocation_sum">Rechercher l\'endroit d\'où provient l\'appel</string>
  <string name="button_query_hint">Merci d\'indiquer un numéro de téléphone</string>
  <string name="button_query">Localiser</string>
  <string name="button_clear">Vider</string>
  <string name="text_location">Localisation:</string>
  <string name="text_areacode">Indicatif régional:</string>
  <string name="unknown_location">Impossible de récupérer les informations</string>
  <string name="autoip">Numérotation IP automatique</string>
  <string name="autoip_sum">Préfixe pour les appels à l\'étranger</string>
  <string name="ip_prefix">Préfixe</string>
  <string name="ip_prefix_sum">Préfixe opérateur:%s</string>
  <string name="current_areacode">Indicatif régional actuel</string>
  <string name="current_areacode_sum">Code pour l\'emplacement actuel, ou de la zone d\'itinérance. Par exemple:010</string>
  <string name="always_enable_mms">Toujours recevoir les MMS</string>
  <string name="always_enable_mms_summary">Toujours recevoir les MMS, même si la connexion DATA est désactivée</string>
  <string name="dialer_click_pref_title">Simple clic sur la liste de contacts</string>
  <string name="dialer_click_pref_summary">Choisir une action pour le clic simple sur la liste de contacts</string>
  <string name="auto_dialpad_pref_title">Afficher automatiquement le clavier numérique</string>
  <string name="auto_dialpad_pref_summary">Afficher le clavier numérique pendant un appel</string>
  <string name="anti_disturb_settings">Paramètres "Ne pas dérangé"</string>
  <string name="incoming_call_limit_title">Bloquer des appels entrants</string>
  <string name="incoming_call_limit_summary">Rejeter automatiquement les appels entrants de numéros bloqués</string>
</resources>
