<?xml version="1.0" encoding="utf-8"?>
<!--Generated by crowdin.net-->
<resources>
  <string name="app_name">Mise à jour système</string>
  <string name="apply_now_button_text">Mettre à jour</string>
  <string name="apply_later_button_text">Mettre à jour plus tard</string>
  <string name="apply_update_button_text">Appliquer les Mises à jour</string>
  <string name="apply_title_textview_text">{0} est déjà disponible</string>
  <string name="apply_subtitle_textview_text">Notes:</string>
  <string name="apply_unable_to_reboot_toast">Impossible de redémarrer en mode recovery</string>
  <string name="apply_trying_to_get_root_access">Obtention les privilèges root pour redémarrer en mode recovery</string>
  <string name="available_updates_text">Choisir la ROM à télécharger</string>
  <string name="choose_available_update_text">Choisir la mise à jour</string>
  <string name="no_updates_found_instructions">Vous avez la dernière version\n Cliquez sur \'Verifier\' pour effectuer une double vérification des mises à jour</string>
  <string name="check_error_instructions">La vérification des mises à jour a échouée\nCliquez sur \'Vérifier\' pour effectuer une double vérification des mises à jour</string>
  <string name="downloaded_update_found_text">La mise à jour a été téléchargée sur la Carte SD</string>
  <string name="checking_for_updates">Vérification des mises à jour</string>
  <string name="downloading_update">Téléchargement de la mise à jour</string>
  <string name="sdcard_is_not_present_dialog_body">Vous avez besoin d\'une carte SD pour télécharger cette mise à jour</string>
  <string name="sdcard_is_not_present_dialog_title">Carte SD non présente</string>
  <string name="sdcard_is_not_present_dialog_ok_button">Ok</string>
  <string name="current_version_text">Version actuelle: {0}</string>
  <string name="delete_updates_text">Supprimer la Mise à jour</string>
  <string name="delete_updates_success_message">La mise à jour a été supprimé</string>
  <string name="delete_updates_failure_message">Erreur de Suppression de la mise à jour</string>
  <string name="delete_updates_noFolder_message">La mise à jour n\'a pas été trouvé</string>
  <string name="apply_update_dialog_title">Veuillez confirmer</string>
  <string name="apply_update_dialog_text">Vous devez immédiatement appliquer cette mise à jour: (0).\n Si vous cliquez sur le bouton "Mettre à jour", le téléphone redémarrera automatiquement en mode de recovery pour installer les mises à jour.</string>
  <string name="apply_update_dialog_update_button">Mettre à jour</string>
  <string name="apply_update_dialog_backup_and_update_button">Sauvegarde et mise à jour des applications</string>
  <string name="apply_update_dialog_cancel_button">Annuler</string>
  <string name="check_now">Vérifier les mises à jour</string>
  <string name="menu_config">Paramètre</string>
  <string name="menu_about">A propos</string>
  <string name="menu_changelog">Changelog</string>
  <string name="cancel_download_buton_text">Annuler le téléchargement</string>
  <string name="confirm_download_cancelation_dialog_message">Voulez-vous vraiment annuler le téléchargement en cours?</string>
  <string name="confirm_download_cancelation_dialog_yes">Oui</string>
  <string name="confirm_download_cancelation_dialog_no">Non</string>
  <string name="download_canceled_toast_message">Le téléchargement a été annulé</string>
  <string name="verify_and_apply_dialog_title">L\'intégrité du fichier est confirmée</string>
  <string name="verify_and_apply_dialog_message">Vérification de l’intégrité du fichier MD5</string>
  <string name="apply_existing_update_md5error_message">Erreur. Le fichier MD5 ne correspond pas.</string>
  <string name="file_not_found_error_message">Le fichier n\'existe pas ou l\'accès est impossible</string>
  <string name="apply_upload_info_message">Cliquez sur "Mettre à jour maintenant", le téléphone redémarrera automatiquement afin d\'appliquer la mise à jour. Si vous souhaitez sauvegarder le travail, revenez dans le système de sauvegarde après la mise à jour.</string>
  <string name="notes_about_recovery">(Veuillez noter que pour obtenir les mises à jour futures par OTA, vous devez utiliser un Recovery compatible avec la ROM.)</string>
  <string name="last_update_check_text">Dernière vérification des mises à jour</string>
  <string name="overwrite_update_title">Mise à jour</string>
  <string name="overwrite_update_summary">La mise à jour choisie existe déjà, \n faut-il la re-télécharger?</string>
  <string name="overwrite_update_positive">Re-télécharger</string>
  <string name="overwrite_update_negative">retour</string>
  <string name="no_md5_found_summary">Vérification du checksum MD5 de la mise à jour impossible, n\ Voulez-vous vraiment à appliquer cette mise à jour sans le vérifier?</string>
  <string name="no_md5_found_positive">Appliquer les Mises à jour</string>
  <string name="no_md5_found_negative">Annuler</string>
  <string name="notification_tickertext">Téléchargement de la mise à jour</string>
  <string name="notification_finished">Téléchargement terminé</string>
  <string name="stable_description">= Version stable</string>
  <string name="experimental_description">= Version beta</string>
  <string name="changelog_button_text">Suivant</string>
  <string name="changelog_title_rom">Changelog</string>
  <string name="md5_check_cancelled">La vérification MD5 a été annulé</string>
  <string name="title_running">Version actuelle</string>
  <string name="no_updatecheck_executed">Ne pas effectuer la vérification mise à jour</string>
  <string name="about_dialog_title">A propos</string>
  <string name="no_updates_found">Aucune mises à jour disponible</string>
  <string name="not_new_updates_found_title">Aucune mises à jour disponible!</string>
  <string name="exception_while_downloading">Erreur dans le téléchargement de la mises à jour</string>
  <string name="not_update_check_error_title">Impossible de vérifier les mises à jour</string>
  <string name="not_update_download_error_title">Erreur dans le téléchargement de la mises à jour</string>
  <string name="not_update_downloaded_title">Téléchargement de la mise à jour terminé</string>
  <string name="not_update_downloaded_body">{0} est prêt à installer</string>
  <string name="download_info_filename">Nom du fichier:</string>
  <string name="download_info_mirror">Serveur miroir:</string>
  <string name="download_info_downloading">Téléchargement en cours ...</string>
  <string name="download_info_speed">Vitesse de téléchargement:</string>
  <string name="download_info_remaining_time">Durée restante:</string>
  <string name="md5_verification_failed">Erreur checksum MD5</string>
  <string name="not_new_updates_found_body">Aucune mise à jour disponible</string>
  <string name="not_network_error">Impossible de se connecter, assurez-vous que le réseau est disponible</string>
  <string name="version_description">Description</string>
  <string name="acknowledge">Remerciement</string>
  <string name="pleasea_check_update">Veuillez vérifier les mises à jour</string>
  <string name="already_applied">Déjà Installé</string>
  <string name="stable_version">Version stable</string>
  <string name="test_version">Version Bêta</string>
  <string name="wifi_not_available_title">Le WIFI n\'est pas connecté</string>
  <string name="wifi_not_available_body">Les fichiers sont volumineux, vous pouvez les télécharger en WIFI. Actuellement, vous n\'êtes connecté aucun réseau Wi-Fi, télécharger quand même? Ceci utilisera le réseau mobiles avec un risque de surfacturation (Veuillez vérifier vos option d\'abonnement avant de commencer!).</string>
  <string name="widget_title">Mon MIUI</string>
  <string name="widget_feedback">Feedback</string>
  <string name="unable_to_flash_recovery">Impossible de flasher le recovery</string>
  <string name="flash_recovery_successfully">Flash du recovery correctement effectué</string>
  <string name="reflash_recovery">Reflasher le recovery</string>
  <string name="boot_recovery">Redémarrer en mode recovery</string>
  <string name="flash_recovery_dialog_message">Flasher le recovery</string>
  <string name="applying_rom_message">ROM installée</string>
  <string name="loading">Connexion a MIUI</string>
  <string name="page_error_title">Impossible d\'accéder à</string>
  <string name="page_error">Impossible d\'accéder à MIUI, le réseaux de téléphonie mobile peut être le problème, ou il peut être lié au serveur.</string>
  <string name="page_reload">Recharger</string>
  <string name="install_rom_from_sd">Sélectionner la ROM a installer</string>
</resources>
