<?xml version="1.0" encoding="utf-8"?>
<!--Generated by crowdin.net-->
<resources>
  <string name="app_name">Gallery</string>
  <string name="gadget_title">Picture frame</string>
  <string name="details_ms">%1$02d:%2$02d</string>
  <string name="details_hms">%1$d:%2$02d:%3$02d</string>
  <string name="movie_view_label">Movies</string>
  <string name="loading_video">Учитавање видеа…</string>
  <string name="resume_playing_title">Resume video</string>
  <string name="resume_playing_message">Наставити репродукцију од %s ?</string>
  <string name="resume_playing_resume">Resume playing</string>
  <string name="resume_playing_restart">Start over</string>
  <string name="camera">Camera</string>
  <string name="crop_save_text">Save</string>
  <string name="crop_discard_text">Discard</string>
  <string name="multiface_crop_help">Tap a face to begin.</string>
  <string name="saving_image">Чување слику ...</string>
  <string name="crop_label">Crop picture</string>
  <string name="running_face_detection">Молим сачекајте...</string>
  <string name="set_image">Set picture as</string>
  <string name="wallpaper">Постављање тапета, молим сачекајте…</string>
  <string name="camera_setas_wallpaper">Wallpaper</string>
  <string name="details_ok">OK</string>
  <string name="loading_new">Учитавање нових албума и фотографија</string>
  <string name="initializing">Учитавање</string>
  <string name="pick_prompt">Изаберите ставку из ваше колекције</string>
  <string name="no_items">Нема ставки у вашој колекцији</string>
  <string name="pick">Одабрати</string>
  <string name="delete">Delete</string>
  <string name="confirm_delete">Потврди Брисање</string>
  <string name="cancel">Cancel</string>
  <string name="share">Share</string>
  <string name="no_sd_card">СД картица, немонтирани или није присутан</string>
  <string name="more">More</string>
  <string name="select_all">Select All</string>
  <string name="deselect_all">Поништите све</string>
  <string name="slideshow">Slideshow</string>
  <string name="menu">Мени</string>
  <string name="details">Details</string>
  <string name="album_selected">албум изабран</string>
  <string name="item_selected">ставка изабрана</string>
  <string name="albums_selected">албума изабрано</string>
  <string name="items_selected">ставки изабрано</string>
  <string name="album">Album</string>
  <string name="start">Почетак</string>
  <string name="end">End</string>
  <string name="location">Location</string>
  <string name="location_unknown">Непозната локација</string>
  <string name="title">Title</string>
  <string name="type">Тип</string>
  <string name="taken_on">Сликано</string>
  <string name="added_on">Додата</string>
  <string name="show_on_map">Прикажи на мапи</string>
  <string name="rotate_left">Окрени налево</string>
  <string name="rotate_right">Окрени надесно</string>
  <string name="crop">Crop</string>
  <string name="set_as">Set as</string>
  <string name="set_as_wallpaper">Set as wallpaper</string>
  <string name="item">ставка</string>
  <string name="items">ставке</string>
  <string name="around">Око</string>
  <string name="date_unknown">Датум непознат</string>
  <string name="video_err">Не могу да пустим видео запис</string>
  <string name="lockscreen_wallpaper">Је да подесите позадину блокаде екрана, плеасе ваит ...</string>
  <string name="wallpaper_set">Галерија валлпапер опционо</string>
  <string name="lockscreen_set">Галерија опционо брава екран валлпапер</string>
  <string name="miui_screenshot">МИУИ Снимак екрана</string>
</resources>
