<?xml version="1.0" encoding="utf-8"?>
<!--Generated by crowdin.net-->
<resources>
  <string name="application_name">Launcher</string>
  <string name="uid_name">Android Core Apps</string>
  <string name="folder_name">Folder</string>
  <string name="chooser_wallpaper">Select wallpaper from</string>
  <string name="wallpaper_instructions">Set wallpaper</string>
  <string name="pick_wallpaper">Wallpapers</string>
  <string name="activity_not_found">Application is not installed on your phone.</string>
  <string name="configure_wallpaper">Configure...</string>
  <string name="rename_folder_label">Folder name</string>
  <string name="rename_folder_title">Rename folder</string>
  <string name="rename_action">OK</string>
  <string name="cancel_action">Cancel</string>
  <string name="menu_item_add_item">Add to Home screen</string>
  <string name="group_applications">Applications</string>
  <string name="group_shortcuts">Shortcuts</string>
  <string name="group_folder">New folder</string>
  <string name="group_live_folders">Folders</string>
  <string name="group_widgets">Widgets</string>
  <string name="group_wallpapers">Wallpapers</string>
  <string name="add_folder">Folder</string>
  <string name="add_clock">Clock</string>
  <string name="add_photo_frame">Picture frame</string>
  <string name="out_of_space">No more room on this Home screen.</string>
  <string name="shortcut_installed">Пречица \"%s\" направљена.</string>
  <string name="shortcut_uninstalled">Пречица \"%s\" је уклоњена.</string>
  <string name="shortcut_duplicate">Пречица \"%s\" већ постоји.</string>
  <string name="title_select_shortcut">Select shortcut</string>
  <string name="title_select_live_folder">Select folder</string>
  <string name="all_apps_button_label">Све апликације</string>
  <string name="all_apps_home_button_label">Home</string>
  <string name="menu_add">Add</string>
  <string name="menu_wallpaper">Wallpaper</string>
  <string name="menu_search">Search</string>
  <string name="menu_notifications">Notifications</string>
  <string name="menu_gestures">Gestures</string>
  <string name="menu_settings">Settings</string>
  <string name="permlab_install_shortcut">install shortcuts</string>
  <string name="permdesc_install_shortcut">Дозволи апликацији да додаје пречице без питања корисника.</string>
  <string name="permlab_uninstall_shortcut">uninstall shortcuts</string>
  <string name="permdesc_uninstall_shortcut">Дозволити апликацији да брише пречице без питања корисника.</string>
  <string name="permlab_read_settings">read Home settings and shortcuts</string>
  <string name="permdesc_read_settings">Дозволити апликација за читање поставке и пречице ин Хоме.</string>
  <string name="permlab_write_settings">write Home settings and shortcuts</string>
  <string name="permdesc_write_settings">Дозволи апликацији на мења поставке и пречице на Почетној.</string>
  <string name="gadget_error_text">Problem loading widget</string>
  <string name="menu_edit">Уреди модул</string>
  <string name="cant_remove_system_app">Систем долази са миссион-цритицал апликације не могу деинсталирати</string>
  <string name="uninstall_body_format">Деинсталирате апликацију\"%s\?</string>
  <string name="uninstall">Деинсталирај</string>
  <string name="cant_remove_folder">Ви не можете избрисати не-празан фолдер</string>
  <string name="pick_lockscreenwallpaper">Закључај екран валлпапер</string>
  <string name="lockscreenwallpaper_instructions">Подесите позадину за закључавање екрана</string>
  <string name="failed_to_drop">Потез не успе, икону назад у оригиналну позицију</string>
  <string name="failed_to_drop_widget">Овај екран немају довољно простора</string>
  <string name="widget_box_usage_hint">Притисните и држите превуците и испустите гаџета циљној екрану</string>
  <string name="widget_favorite_contacts_lable">Најчешће се користе контакти</string>
  <string name="widget_favorite_contacts_edit">Уредник</string>
  <string name="widget_favorite_contacts_style">Пребацити</string>
</resources>
