<?xml version="1.0" encoding="utf-8"?>
<!--Generated by crowdin.net-->
<resources>
  <string name="config_import_vcard_type">standaard</string>
  <string name="config_export_vcard_type">standaard</string>
  <string name="config_export_dir">/sdcard</string>
  <string name="config_export_file_prefix">config_export_file_prefix</string>
  <string name="config_export_file_suffix">Bestandsextensie</string>
  <string name="config_export_file_extension">vcf</string>
  <string name="config_export_extensions_to_consider">config_export_extensions_to_consider</string>
  <string name="contactsList">Contacten</string>
  <string name="launcherDialer">Telefoon</string>
  <string name="shortcutContact">Contact</string>
  <string name="shortcutDialContact">Snel bellen</string>
  <string name="shortcutMessageContact">Direct bericht</string>
  <string name="shortcutActivityTitle">Kies snelkoppeling voor contact</string>
  <string name="callShortcutActivityTitle">Kies een nummer om te bellen</string>
  <string name="messageShortcutActivityTitle">Kies nummer om een bericht te sturen</string>
  <string name="starredList">Met ster</string>
  <string name="frequentList">Vaak</string>
  <string name="strequentList">Favorieten</string>
  <string name="viewContactTitle">Contactdetails</string>
  <string name="viewContactDesription">Bekijk contact</string>
  <string name="editContactDescription">Bewerk contact</string>
  <string name="insertContactDescription">Nieuw contactpersoon</string>
  <string name="searchHint">Doorzoek contacten</string>
  <string name="menu_search">Zoeken</string>
  <string name="menu_newContact">Nieuw contactpersoon</string>
  <string name="menu_viewContact">Bekijk contactpersoon</string>
  <string name="menu_callNumber">Oproep %s</string>
  <string name="menu_addStar">Toevoegen aan favorieten</string>
  <string name="menu_removeStar">Verwijderen uit favorieten</string>
  <string name="menu_editContact">Bewerk contact</string>
  <string name="menu_deleteContact">Contactpersoon verwijderen</string>
  <string name="menu_call">Contact bellen</string>
  <string name="menu_sendSMS">Sms contact</string>
  <string name="menu_sendEmail">E-mail verzenden</string>
  <string name="menu_viewAddress">Adres</string>
  <string name="menu_makeDefaultNumber">Selecteer standaardnummer</string>
  <string name="menu_makeDefaultEmail">Selecteer standaarde-mail</string>
  <string name="menu_splitAggregate">Scheiden</string>
  <string name="contactsSplitMessage">Contacten gescheiden</string>
  <string name="splitConfirmation_title">Scheid contacten</string>
  <string name="splitConfirmation">Weet u zeker dat u deze contactpersoon wilt opdelen in meerdere contactpersonen: één voor elk afzonderlijk deel van de contactinformatie waaruit deze bestaat?</string>
  <string name="menu_joinAggregate">Deelnemen</string>
  <string name="titleJoinContactDataWith">Voeg contacten samen</string>
  <string name="blurbJoinContactDataWith">Selecteer het contact waarmee je wilt synchroniseren %s.</string>
  <string name="showAllContactsJoinItem">Toon alle contacten</string>
  <string name="separatorJoinAggregateSuggestions">Mogelijke contactpersonen</string>
  <string name="separatorJoinAggregateAll">Alle contactpersonen</string>
  <string name="contactsJoinedMessage">Contacten samengevoegd</string>
  <string name="menu_contactOptions">Opties</string>
  <string name="contactOptionsTitle">Opties</string>
  <string name="deleteConfirmation_title">Verwijder</string>
  <string name="readOnlyContactWarning">U kunt geen contacten verwijderen van accounts met alleen-lezen, maar u kunt deze wel onzichtbaar maken in de lijst met contactpersonen.</string>
  <string name="readOnlyContactDeleteConfirmation">Deze contactinformatie bevat informatie van meerdere accounts. Informatie van alleen-lezen accounts zullen worden verborgen in uw lijst met contactpersonen, niet verwijderd.</string>
  <string name="multipleContactDeleteConfirmation">Door deze contactpersoon te verwijderen, verwijder je informatie van meerdere accounts.</string>
  <string name="deleteConfirmation">Deze contactpersoon zal worden verwijderd.</string>
  <string name="menu_done">Klaar</string>
  <string name="menu_doNotSave">Terugdraaien</string>
  <string name="editContact_title_edit">Contact bewerken</string>
  <string name="editContact_title_insert">Nieuw contactpersoon</string>
  <string name="label_phonetic_name">Fonetisch</string>
  <string name="label_notes">Notities</string>
  <string name="label_ringtone">Beltoon</string>
  <string name="ghostData_name">Eerste en laatste</string>
  <string name="ghostData_phonetic_name">Fonetische naam</string>
  <string name="ghostData_company">Bedrijf</string>
  <string name="ghostData_title">Titel</string>
  <string name="invalidContactMessage">De contactpersoon bestaat niet.</string>
  <string name="pickerNewContactHeader">Nieuw contact aanmaken</string>
  <string name="selectLabel">Selecteer een label</string>
  <string name="phoneLabelsGroup">Telefoon</string>
  <string name="emailLabelsGroup">E-mail</string>
  <string name="imLabelsGroup">IM</string>
  <string name="postalLabelsGroup">Postadres</string>
  <string name="photoPickerNotFoundText">Er zijn geen foto\'s beschikbaar op de telefoon.</string>
  <string name="attachToContact">Contact pictogram</string>
  <string name="customLabelPickerTitle">Aangepaste labelnaam</string>
  <string name="send_to_voicemail_checkbox">Stuur oproepen rechtstreeks naar de voicemail</string>
  <string name="default_ringtone">Standaard</string>
  <string name="changePicture">Pictogram wijzigen</string>
  <string name="removePicture">Verwijder pictogram</string>
  <string name="noContacts">Geen contacten.</string>
  <string name="noMatchingContacts">Geen overeenkomstige contacten gevonden.</string>
  <string name="noContactsWithPhoneNumbers">Geen contacten met telefoonnummers.</string>
  <string name="savingContact">Contact opslaan..</string>
  <string name="contactSavedToast">Contact opgeslagen.</string>
  <string name="contactSavedErrorToast">Fout, niet in staat om wijzigingen op te slaan.</string>
  <string name="listTotalPhoneContactsZero">Geen zichtbare contacten met telefoonnummers</string>
  <string name="listTotalAllContactsZero">Geen zichtbare contacten</string>
  <string name="listFoundAllContactsZero">Contact niet gevonden</string>
  <string name="contactsIconLabel">Contacten</string>
  <string name="contactsFavoritesLabel">Favorieten</string>
  <string name="dialerIconLabel">Telefoon</string>
  <string name="recentCallsIconLabel">Bellijst</string>
  <string name="liveFolderAll">Alle Contacten</string>
  <string name="liveFolderFavorites">Contacten met ster</string>
  <string name="liveFolderPhone">Contacten met telefoonnummers</string>
  <string name="menu_sendTextMessage">Tekst bericht verzenden</string>
  <string name="recentCalls_callNumber">Oproep %s</string>
  <string name="recentCalls_editNumberBeforeCall">Bewerk nummer voordat je belt</string>
  <string name="recentCalls_addToContact">Toevoegen aan contactpersonen</string>
  <string name="recentCalls_removeFromRecentList">Verwijderen uit bellijst</string>
  <string name="recentCalls_deleteAll">Wis oproep geschiedenis</string>
  <string name="recentCalls_empty">Bellijst is leeg.</string>
  <string name="clearCallLogConfirmation_title">Wis oproep geschiedenis</string>
  <string name="clearCallLogConfirmation">Weet je zeker dat je de gespek geschiedenis wilt wissen?</string>
  <string name="imei">IMEI</string>
  <string name="meid">MEID</string>
  <string name="voicemail">Voicemail</string>
  <string name="unknown">Onbekend</string>
  <string name="private_num">Prive-nummer</string>
  <string name="payphone">Munttelefoon</string>
  <string name="dialerKeyboardHintText">Gebruik het toetsenbord om te bellen</string>
  <string name="dialerDialpadHintText">Bel om een gesprek toe te voegen</string>
  <string name="simContacts_emptyLoading">Bezig met laden van SIM-kaart</string>
  <string name="simContacts_title">SIM-kaartcontacten</string>
  <string name="liveFolder_all_label">Alle Contacten</string>
  <string name="liveFolder_favorites_label">Met ster</string>
  <string name="liveFolder_phones_label">Telefoons</string>
  <string name="callDetailTitle">Oproep details</string>
  <string name="toast_call_detail_error">Kon geen details lezen voor het gevraagde gesprek.</string>
  <string name="type_incoming">Inkomende oproep</string>
  <string name="type_outgoing">Uitgaande oproep</string>
  <string name="type_missed">Gemiste oproep</string>
  <string name="actionIncomingCall">Inkomende gesprekken</string>
  <string name="callBack">Terugbellen</string>
  <string name="callAgain">Opnieuw bellen</string>
  <string name="returnCall">Terugbellen</string>
  <string name="callDetailsDurationFormat">%1$s min. %2$s sec</string>
  <string name="favoritesFrquentSeparator">Vaak gecontacteerd</string>
  <string name="add_contact_dlg_title">Contact toevoegen</string>
  <string name="add_contact_dlg_message_fmt">Voeg \"%s\" toe aan contactpersonen?</string>
  <string name="all_tab_label">Alles</string>
  <string name="description_image_button_one">één</string>
  <string name="description_image_button_two">twee</string>
  <string name="description_image_button_three">drie</string>
  <string name="description_image_button_four">vier</string>
  <string name="description_image_button_five">vijf</string>
  <string name="description_image_button_six">zes</string>
  <string name="description_image_button_seven">zeven</string>
  <string name="description_image_button_eight">acht</string>
  <string name="description_image_button_nine">negen</string>
  <string name="description_image_button_star">ster</string>
  <string name="description_image_button_delete">Verwijderen</string>
  <string name="description_image_button_zero">nul</string>
  <string name="description_image_button_pound">#</string>
  <string name="description_voicemail_button">Voicemail</string>
  <string name="description_dial_button">Kiezen</string>
  <string name="description_delete_button">Backspace</string>
  <string name="description_digits_edittext">Te bellen nummer</string>
  <string name="description_contact_photo">Contact foto</string>
  <string name="description_minus_button">min</string>
  <string name="description_plus_button">plus</string>
  <string name="no_sdcard_title">Geen SD-kaart</string>
  <string name="no_sdcard_message">Geen SD-kaart gedetecteerd</string>
  <string name="searching_vcard_title">Zoeken naar vCard</string>
  <string name="import_from_sim">Importeren van SIM</string>
  <string name="import_from_sdcard">Importeren van SD-kaart</string>
  <string name="export_to_sdcard">Exporteren naar SD-kaart</string>
  <string name="share_visible_contacts">Zichtbare contacten delen</string>
  <string name="import_one_vcard_string">Importeer één vCard-bestand</string>
  <string name="import_multiple_vcard_string">Meerdere vCard-bestanden importeren</string>
  <string name="import_all_vcard_string">Alle vCard-bestanden importeren</string>
  <string name="searching_vcard_message">Zoeken naar vCard-gegevens op SD-kaart</string>
  <string name="scanning_sdcard_failed_title">Scannen van microSD is mislukt</string>
  <string name="scanning_sdcard_failed_message">Scannen microSD is mislukt (reden:\"%s\")</string>
  <string name="fail_reason_io_error">I/O-fout</string>
  <string name="fail_reason_vcard_parse_error">Gefaald de vCard te ontleden wegens onverwachte reden</string>
  <string name="fail_reason_vcard_not_supported_error">vCard niet verwerkt, ondanks dat het in een geldig formaat is, dit omdat de huidige implentatie dit niet ondersteund</string>
  <string name="fail_reason_no_vcard_file">Geen vCard bestand gevonden op de SD-kaart</string>
  <string name="fail_reason_failed_to_read_files">Een of meer bestanden konden niet geïmporteerd worden (%s).</string>
  <string name="fail_reason_unknown">Onbekende fout</string>
  <string name="select_vcard_title">Selecteer vCard-bestand</string>
  <string name="progress_shower_message">%1$s\n%2$s</string>
  <string name="reading_vcard_title">Lezen vCard</string>
  <string name="reading_vcard_message">VCard-bestanden lezen</string>
  <string name="reading_vcard_failed_title">Lezen van vCard-gegevens is mislukt</string>
  <string name="reading_vcard_contacts">%1$S van %2$s contacten</string>
  <string name="reading_vcard_files">%1$ s van %2$s bestanden</string>
  <string name="confirm_export_title">Exporteren bevestigen</string>
  <string name="confirm_export_message">Weet u zeker dat u uw lijst met contactpersonen wil exporteren naar \"%s\"?</string>
  <string name="exporting_contact_failed_title">Mislukt om contactgegevens te exporteren</string>
  <string name="exporting_contact_failed_message">Exporteren van contactgegevens mislukt.\nReden:\"%s\"</string>
  <string name="fail_reason_no_exportable_contact">Er is geen contact exporteerbaar</string>
  <string name="fail_reason_too_many_vcard">Te veel vCard-bestanden op de SD-kaart</string>
  <string name="fail_reason_too_long_filename">Vereiste bestands naam is te lang (\"%s\")</string>
  <string name="exporting_contact_list_title">Contact gegevens exporteren</string>
  <string name="exporting_contact_list_message">Contactgegevens exporteren naar \"%s\"</string>
  <string name="fail_reason_could_not_initialize_exporter">De exporteur kon niet worden geïnitialiseerd: \"%s\"</string>
  <string name="fail_reason_error_occurred_during_export">Fout is opgetreden tijdens het exporteren: \"%s\"</string>
  <string name="composer_failed_to_get_database_infomation">Fout bij het ophalen van database gegevens</string>
  <string name="composer_has_no_exportable_contact">Er is geen contactpersoon om te exporteren. Als u daadwerkelijk contactpersonen op uw telefoon hebt, dan is het mogelijk dat het exporteren van uw contactpersonen geblokkeerd is door een dataprovider.</string>
  <string name="composer_not_initialized">De vCard componist is niet correct geïnitialiseerd</string>
  <string name="fail_reason_could_not_open_file">\"%1$S\" kan niet worden geopend: %2$s</string>
  <string name="exporting_contact_list_progress">%1$S van %2$s contacten</string>
  <string name="search_settings_description">Namen van je contactpersonen</string>
  <string name="add_2sec_pause">2-sec pauze toevoegen</string>
  <string name="add_wait">Wachten toevoegen</string>
  <string name="call_disambig_title">Bellen met behulp van</string>
  <string name="sms_disambig_title">SMS met behulp van</string>
  <string name="make_primary">Onthoud deze keuze</string>
  <string name="quickcontact_missing_app">Geen toepassing gevonden om deze actie te verwerken</string>
  <string name="quickcontact_remember_choice">Onthoud deze keuze</string>
  <string name="quickcontact_missing_name">Onbekend</string>
  <string name="menu_accounts">Accounts</string>
  <string name="menu_import_export">Importeren/exporteren</string>
  <string name="dialog_import_export">Importeer/exporteer contacten</string>
  <string name="menu_share">Delen</string>
  <string name="share_via">Contactpersoon delen via</string>
  <string name="share_error">Deze contactpersoon kan niet worden gedeeld.</string>
  <string name="nameLabelsGroup">Naam</string>
  <string name="nicknameLabelsGroup">Bijnaam</string>
  <string name="organizationLabelsGroup">Organisatie</string>
  <string name="websiteLabelsGroup">Website</string>
  <string name="eventLabelsGroup">Gebeurtenis</string>
  <string name="type_short_home">H</string>
  <string name="type_short_mobile">M</string>
  <string name="type_short_work">W</string>
  <string name="type_short_pager">P</string>
  <string name="type_short_other">O</string>
  <string name="edit_read_only">Deze contactpersoon kunt u alleen lezen</string>
  <string name="edit_secondary_collapse">Meer</string>
  <string name="dialog_primary_name">Primaire naam</string>
  <string name="dialog_new_contact_account">Contact persoon onder account maken</string>
  <string name="account_phone">Alleen telefoon (niet gesynchroniseerd)</string>
  <string name="call_custom">Bellen naar %s</string>
  <string name="call_home">Bellen naar huis</string>
  <string name="call_mobile">Bellen naar mobiel</string>
  <string name="call_work">Bellen naar werk</string>
  <string name="call_fax_work">Bellen naar werkfax</string>
  <string name="call_fax_home">Bellen naar thuisfax</string>
  <string name="call_pager">Bellen naar pager</string>
  <string name="call_other">Oproep</string>
  <string name="call_callback">Bellen naar callback</string>
  <string name="call_car">Bellen naar auto</string>
  <string name="call_company_main">Bellen naar standaardnummer werk</string>
  <string name="call_isdn">Bellen naar ISDN</string>
  <string name="call_main">Bellen naar standaardnummer</string>
  <string name="call_other_fax">Bellen naar fax</string>
  <string name="call_radio">Bellen naar radio</string>
  <string name="call_telex">Telex bellen</string>
  <string name="call_tty_tdd">Bel TTY/TDD</string>
  <string name="call_work_mobile">Bellen naar werkmobiel</string>
  <string name="call_work_pager">Bellen naar werkpager</string>
  <string name="call_assistant">Bellen naar %s</string>
  <string name="call_mms">Bellen naar MMS</string>
  <string name="sms_custom">SMS %s</string>
  <string name="sms_home">SMS-en naar huis</string>
  <string name="sms_mobile">SMS-en naar mobiel</string>
  <string name="sms_work">SMS-en naar werk</string>
  <string name="sms_fax_work">SMS naar werkfax</string>
  <string name="sms_fax_home">SMS naar thuisfax</string>
  <string name="sms_pager">SMS naar pager</string>
  <string name="sms_other">Tekst</string>
  <string name="sms_callback">Bericht callback</string>
  <string name="sms_car">Bericht auto</string>
  <string name="sms_company_main">Bericht bedrijf standaard</string>
  <string name="sms_isdn">Bericht ISDN</string>
  <string name="sms_main">Bericht standaard</string>
  <string name="sms_other_fax">Bericht fax</string>
  <string name="sms_radio">Bericht radio</string>
  <string name="sms_telex">Bericht telex</string>
  <string name="sms_tty_tdd">Bericht TTY/TDD</string>
  <string name="sms_work_mobile">Bericht werk mobiel</string>
  <string name="sms_work_pager">Bericht werk semafoon</string>
  <string name="sms_assistant">Bericht %s</string>
  <string name="sms_mms">Bericht MMS</string>
  <string name="email_home">E-mail thuis</string>
  <string name="email_mobile">E-mail mobiel</string>
  <string name="email_work">E-mail werk</string>
  <string name="email_other">Email</string>
  <string name="email_custom">Email %s</string>
  <string name="email">Email</string>
  <string name="map_home">Weergave thuis adres </string>
  <string name="map_work">Weergave werk adres </string>
  <string name="map_other">Weergave adres </string>
  <string name="map_custom">Weergave %s adres </string>
  <string name="chat_aim">Chatten via AIM</string>
  <string name="chat_msn">Chatten met Windows Live</string>
  <string name="chat_yahoo">Chatten met Yahoo</string>
  <string name="chat_skype">Chatten met Skype</string>
  <string name="chat_qq">Chatten met QQ</string>
  <string name="chat_gtalk">Chatten met Google Talk</string>
  <string name="chat_icq">Chatten met ICQ</string>
  <string name="chat_jabber">Chatten met Jabber</string>
  <string name="chat">Chatten</string>
  <string name="postal_street">Straat</string>
  <string name="postal_pobox">Postbus</string>
  <string name="postal_neighborhood">Wijk</string>
  <string name="postal_city">Plaats</string>
  <string name="postal_region">Staat</string>
  <string name="postal_postcode">Postcode</string>
  <string name="postal_country">Land</string>
  <string name="name_given">Voornaam</string>
  <string name="name_family">Achternaam</string>
  <string name="name_prefix">Voorvoegsel</string>
  <string name="name_middle">Tweede naam</string>
  <string name="name_suffix">Achtervoegsel</string>
  <string name="name_phonetic_given">Phonetisch gegeven naam</string>
  <string name="name_phonetic_middle">Fonetische middelste naam</string>
  <string name="name_phonetic_family">Phonetische familie naam</string>
  <string name="account_type_format">%1$s contact</string>
  <string name="from_account_format">van %1$s</string>
  <string name="use_photo_as_primary">Gebruik deze foto</string>
  <string name="contact_read_only">%1$s contact informatie kan niet worden bewerkt op dit apparaat.</string>
  <string name="no_contact_details">Geen aanvullende informatie voor dit contact</string>
  <string name="search_bar_hint">Zoek contacten</string>
  <string name="search_for_all_contacts">Zoek naar alle contacten</string>
  <string name="take_photo">Foto nemen</string>
  <string name="pick_photo">Selecteer een fotos uit de Galerij</string>
  <string name="locale_change_in_progress">Lijst met contactpersonen wordt bijgewerkt om de wijziging van de taal weer te geven.\N\n Wacht...</string>
  <string name="upgrade_in_progress">Lijst met contactpersonen wordt bijgewerkt. \n\nWacht aub...</string>
  <string name="upgrade_out_of_memory">Contacten zijn in het upgradeproces. \n\n Het upgrade proces vereist ongeveer %dMB van het interne telefoongeheugen \n\n Kies een van de volgende opties:</string>
  <string name="upgrade_out_of_memory_uninstall">Enkele toepassingen verwijderen</string>
  <string name="upgrade_out_of_memory_retry">Upgrade opnieuw proberen</string>
  <string name="search_results_for">Zoekresultaten voor: %s</string>
  <string name="search_results_searching">Bezig met zoeken...</string>
  <string name="callNoAnswerTimeFormat">Bel %s maal</string>
  <string name="numberCountFormat">%s nummers</string>
  <string name="menu_display_all">Alle contacten weergeven</string>
  <string name="menu_display_only_phones">Toon alleen contacten met telefoonnummers</string>
  <string name="contactsGroupsLabel">Groepen</string>
  <string name="group_summary_format">%s leden</string>
  <string name="no_member">Deze groep is leeg</string>
  <string name="applyGroupsSelection">Groepsinstellingen vernieuwen...</string>
  <string name="no_availablePhone">Dit lid heeft nog geen telefoonnummer</string>
  <string name="add_group_member">Nieuw lid</string>
  <string name="group_name_contacts">Contacten</string>
  <string name="group_name_friends">Vrienden</string>
  <string name="group_name_family">familie</string>
  <string name="group_name_coworkers">Collega\'s</string>
  <string name="group_name_important">Belangrijk</string>
  <string name="group_name_life_info">leven 100 banden</string>
  <string name="group_name_white_list">witte lijst</string>
  <string name="group_name_black_list">zwarte lijst</string>
  <string name="button_manage_groups">Groepen beheren</string>
  <string name="button_back">Terug</string>
  <string name="button_remove_contacts">Contactpersonen verwijderen</string>
  <string name="duplicatedGroupNameHelpText">Nieuwe groepsnaam mag niet hetzelfde zijn als een bestaande groepsnaam</string>
  <string name="system_groups_unchangable">Deze groep is een standaard groep en kan niet worden hernoemd of verwijderd.</string>
  <string name="menu_add">Toevoegen</string>
  <string name="menu_remove">Verwijderen</string>
  <string name="create_new_group">Nieuwe Groep</string>
  <string name="manage_groups">Groepen beheren</string>
  <string name="menu_viewGroup">Bekijk groep</string>
  <string name="menu_deleteGroup">Verwijder groep</string>
  <string name="menu_editGroupName">Wijzig groep naam</string>
  <string name="input_group_name_hint">Groepsnaam invoeren</string>
  <string name="notification_invalid_group_name">Groepsnaam mag niet leeg zijn</string>
  <string name="add_to_group_format">Voeg toe aan %s</string>
  <string name="name_full">Naam</string>
  <string name="add_more_items">Meer toevoegen</string>
  <string name="saveConfirmationTitle">Contact opslaan</string>
  <string name="saveConfirmationBody">Wijzigingen opslaan?</string>
  <string name="saveConfirmationYes">Opgeslagen</string>
  <string name="saveConfirmationNo">Niet opgeslagen</string>
  <string name="import_from_account">Importeer uit account</string>
  <string name="select_account_import_from">Selecteer een account om uit te importeren</string>
  <string name="importing_from_account">Importeren</string>
  <string name="fail_message_account_needed">Gelieve eerst uw MIUI account op te zetten</string>
  <string name="success_message_import_from_account">Importeren succesvol</string>
  <string name="date_day">Dag</string>
  <string name="fast_scroll_alphabet">\ # ABCDEFGHIJKLMNOPQRSTUVWXYZ</string>
  <string name="belong_no_group">Niet in de groep</string>
  <string name="menu_remove_member">Groepslid verwijderen</string>
  <string name="removeConfirmation_title">verwijderen</string>
  <string name="menu_add_favorite_contact">Contact toevoegen aan favorieten</string>
  <string name="menu_group_sms">Stuur groepsbericht</string>
  <string name="menu_group_ringtone">Beltoon voor de groep</string>
  <string name="menu_add_member">Lid toevoegen</string>
  <string name="menu_callIpNumber">Oproep IP-telefoon (Dial %s)</string>
  <string name="menu_clearDefaultNumber">Verwijder standaard nummer</string>
  <string name="menu_clearDefaultEmail">Annuleer standaard emailinstellingen</string>
  <string name="favoriteContactDescription">Voeg favoriet toe</string>
  <string name="unfavoriteContactDescription">Verwijder favoriet</string>
  <string name="shareContactDescription">Delen van contacten
</string>
  <string name="titlePickOrCreateNewContact">Kies een bestaande of maak nieuw contact aan</string>
  <string name="titlePickContactNumber">Selecteer een telefoonnummer
</string>
  <string name="fixedPhoneLabel">Vaste lijn</string>
  <string name="fixedFaxLabel">Fax</string>
  <string name="goto_album">Ga naar Galerij</string>
  <string name="recommneded_photos">Aanbevolen contact foto\'s</string>
  <string name="downloading_photos">downloaden foto\'s</string>
  <string name="callButtonText">Bellen</string>
  <string name="callrecordview_menu_phone_all">Alle oproepen weergeven</string>
  <string name="callrecordview_menu_phone_missed">Alleen gemiste oproepen weergeven</string>
  <string name="callrecordview_menu_delete_one">Gesprek verwijderen</string>
  <string name="callrecordview_menu_delete_stranger">Verwijder oproep geschiedenis met onbekende nummers</string>
  <string name="callrecordview_menu_delete_all">Wis alle belgeschiedenis</string>
  <string name="callrecordview_menu_set">Instellingen</string>
  <string name="callrecordview_more">Meer</string>
  <string name="callrecordview_more_title">%s totaal aantal oproepen</string>
  <string name="callrecordview_item_calls">%d oproepen</string>
  <string name="callrecordview_item_op_time_missed">Gemiste oproep</string>
  <string name="callrecordview_item_op_time_short_incoming">Inhales %d second</string>
  <string name="callrecordview_item_op_time_short_outgoing">Exhales %d second</string>
  <string name="callDetailsDurationFormat_incoming">Inhales %1$s to divide the %2$s second</string>
  <string name="callDetailsDurationFormat_outgoing">Exhales %1$s to divide the %2$s second</string>
  <string name="group_delete_confirmation">Bevestiging voor verwijderen van deze groep</string>
  <string name="no_sms_availabe_contact_in_group">De contacten in deze groep kunnen geen berichten ontvangen</string>
  <string name="showDialpadTip">Tik op om cijferblok te laten zien </string>
  <string name="set_ringtone_for_group_members_success">Ringtone instellen</string>
  <string name="noContactHelpText">U heeft geen contacten om weer te geven.\n\nAls u contacten wilt toevoegen, drukt u op</string>
  <string name="noFavoriteHelpText">U heeft geen favorieten.\n\nU kunt als volgt een contact toevoegen aan uw lijst met favorieten:\n\n \u0020\u0020\u0020\u0020\u0020\u0020\u0020</string>
  <string name="noGroupMemberHelpText">Deze groep is momenteel leeg.\n\nOm een nieuw contactpersoon toe te voegen drukt u op, en selecteert u de gewenste contactpersonen.\n</string>
  <string name="noContactHelpTextAccounts">Disposition synchronization account number</string>
  <string name="noContactHelpTextImportSim">Inducts the SIM card contact person</string>
  <string name="noContactHelpTextImportSD">Inducts the SD card contact person</string>
  <string name="noContactHelpTextAddContact">Nieuw contacpersoon toevoegen</string>
  <string name="noContactHelpTextAddStarred">Increase collection</string>
  <string name="noContactHelpTextAddMember">Increase group component member</string>
</resources>
