<?xml version="1.0" encoding="utf-8"?>
<!--Generated by crowdin.net-->
<resources>
  <string name="app_label">Contactenopslag</string>
  <string name="provider_label">Contacten</string>
  <string name="upgrade_out_of_memory_notification_ticker">Contact bijwerken heeft meer geheugen nodig</string>
  <string name="upgrade_out_of_memory_notification_title">Bijwerken van contact opslag</string>
  <string name="upgrade_out_of_memory_notification_text">Selecteer om de upgrade te voltooien.</string>
  <string name="edit_contact">Aan bestaande contactpersoon toevoegen</string>
  <string name="create_contact">Nieuw contact maken</string>
</resources>
