<?xml version="1.0" encoding="utf-8"?>
<!--Generated by crowdin.net-->
<resources>
  <string name="app_name">FM Radio</string>
  <string name="tx_app_name">FM Radio starten</string>
  <string name="preset_delete">Voorkeuze instellingen verwijderen</string>
  <string name="stat_notif_frequency">Radio MHz FM%1$s</string>
  <string name="sel_band_menu">Frequentieband selecteren</string>
  <string name="settings_menu">Instellingen</string>
  <string name="regional_band">Frequentieband</string>
  <string name="aud_output_mode">Audio Output Mode</string>
  <string name="sel_audio_output">Selecteer audioformaat</string>
  <string name="record_dur">Opnameduur</string>
  <string name="sel_rec_dur">Opnameduur selecteren</string>
  <string name="auto_select_af">Frequentie wijzigen</string>
  <string name="auto_select_af_enabled">Automatisch kiezen aan</string>
  <string name="auto_select_af_disabled">Automatisch kiezen uit</string>
  <string name="fac_defaults">Standaardinstellingen</string>
  <string name="revert_to_fac">Standaardinstellingen terugzetten</string>
  <string name="settings_back">Terug</string>
  <string name="settings_revert_confirm_title">Bevestig het terugzetten van standaardinstellingen</string>
  <string name="settings_revert_confirm_msg">Dit zal alle settings, inclusief voorkeuren, verwijderen</string>
  <string name="settings_back_summary">Terug naar vorig scherm</string>
  <string name="settings_revert_defaults_title">Standaardinstellingen terugzetten</string>
  <string name="settings_revert_defaults_summary">Alle standaardinstellingen herstellen</string>
  <string name="alert_dialog_ok">Ok</string>
  <string name="alert_dialog_cancel">Annuleren</string>
  <string name="preset_search">Zoeken %1$s</string>
  <string name="fm_command_failed_title">FM bewerking is mislukt</string>
  <string name="fm_cmd_failed_msg">De bewerking is mislukt. Mogelijke oorzaken zijn: headset is niet aangesloten als antenne, Bluetooth is niet ingeschakeld of is in gebruik als radio. Probeer het opnieuw met de aan/uit knop aan de bovenkant en druk vervolgens op de aan/uit knop opnieuw om te beginnen de radio</string>
  <string name="durationformat">%2$d:%5$02d</string>
  <string name="frequency_string">Frequentie</string>
  <string name="stat_no_fm">FM Radio is niet ingeschakeld</string>
  <string name="need_headset_for_antenna">Fout! Sluit de headset als antenne aan</string>
  <string name="init_FM">Even geduld AUB, Blue-tooth FM wordt gestart...</string>
  <string name="need_bluetooth">Fout! Start de Blue-tooth AUB</string>
</resources>
