<?xml version="1.0" encoding="utf-8"?>
<!--Generated by crowdin.net-->
<resources>
  <string name="cancel">Annuleer</string>
  <string name="copy">kopiëren</string>
  <string name="copyUrl">URL kopiëren</string>
  <string name="cut">Knippen</string>
  <string name="defaultVoiceMailAlphaTag">Voicemail</string>
  <string name="defaultMsisdnAlphaTag">MSISDN1</string>
  <string name="emptyPhoneNumber">(Geen telefoonnummer)</string>
  <string name="httpErrorBadUrl">De pagina kan niet worden geopend omdat de URL ongeldig is.</string>
  <string name="httpErrorUnsupportedScheme">Het protocol wordt niet ondersteund.</string>
  <string name="no">Annuleer</string>
  <string name="ok">Ok</string>
  <string name="paste">Plakken</string>
  <string name="search_go">Zoeken</string>
  <string name="selectAll">Alles selecteren</string>
  <string name="unknownName">(onbekend)</string>
  <string name="untitled"><untitled></string>
  <string name="VideoView_error_button">Ok</string>
  <string name="VideoView_error_text_unknown">Sorry, kan deze video niet afspelen.</string>
  <string name="VideoView_error_title">Kan video niet afspelen</string>
  <string name="yes">Ok</string>
  <string name="dialog_alert_title">Attentie</string>
  <string name="VideoView_error_text_invalid_progressive_playback">Sorry, deze video is niet geldig voor het streamen van dit apparaat.</string>
  <string name="config_tether_apndata">Stel de APN voor internet delen
</string>
  <string name="config_networkLocationProvider">com.google.android.location.NetworkLocationProvider</string>
  <string name="config_geocodeProvider">com.google.android.location.GeocodeProvider</string>
  <string name="config_datause_iface">rmnet0</string>
  <string name="month_long_standalone_january">Januari</string>
  <string name="month_long_standalone_february">Februari</string>
  <string name="month_long_standalone_march">Maart</string>
  <string name="month_long_standalone_april">April</string>
  <string name="month_long_standalone_may">Mei</string>
  <string name="month_long_standalone_june">Juni</string>
  <string name="month_long_standalone_july">Juli</string>
  <string name="month_long_standalone_august">Augustus</string>
  <string name="month_long_standalone_september">September</string>
  <string name="month_long_standalone_october">Oktober</string>
  <string name="month_long_standalone_november">November</string>
  <string name="month_long_standalone_december">December</string>
  <string name="month_long_january">Januari</string>
  <string name="month_long_february">Februari</string>
  <string name="month_long_march">Maart</string>
  <string name="month_long_april">April</string>
  <string name="month_long_may">Mei</string>
  <string name="month_long_june">Juni</string>
  <string name="month_long_july">Juli</string>
  <string name="month_long_august">Augustus</string>
  <string name="month_long_september">September</string>
  <string name="month_long_october">Oktober</string>
  <string name="month_long_november">November</string>
  <string name="month_long_december">December</string>
  <string name="month_medium_january">Jan</string>
  <string name="month_medium_february">Feb</string>
  <string name="month_medium_march">Mrt</string>
  <string name="month_medium_april">April</string>
  <string name="month_medium_may">Mei</string>
  <string name="month_medium_june">Jun</string>
  <string name="month_medium_july">Juli</string>
  <string name="month_medium_august">Aug</string>
  <string name="month_medium_september">Sept</string>
  <string name="month_medium_october">Okt</string>
  <string name="month_medium_november">Nov</string>
  <string name="month_medium_december">Dec</string>
  <string name="month_shortest_january">J</string>
  <string name="month_shortest_february">F</string>
  <string name="month_shortest_march">M</string>
  <string name="month_shortest_april">A</string>
  <string name="month_shortest_may">M</string>
  <string name="month_shortest_june">J</string>
  <string name="month_shortest_july">J</string>
  <string name="month_shortest_august">A</string>
  <string name="month_shortest_september">S</string>
  <string name="month_shortest_october">O</string>
  <string name="month_shortest_november">N</string>
  <string name="month_shortest_december">D</string>
  <string name="day_of_week_long_sunday">Zondag</string>
  <string name="day_of_week_long_monday">Maandag</string>
  <string name="day_of_week_long_tuesday">Dinsdag</string>
  <string name="day_of_week_long_wednesday">Woensdag</string>
  <string name="day_of_week_long_thursday">Donderdag</string>
  <string name="day_of_week_long_friday">Vrijdag</string>
  <string name="day_of_week_long_saturday">Zaterdag</string>
  <string name="day_of_week_medium_sunday">Zon</string>
  <string name="day_of_week_medium_monday">ma</string>
  <string name="day_of_week_medium_tuesday">Di</string>
  <string name="day_of_week_medium_wednesday">Wo</string>
  <string name="day_of_week_medium_thursday">Do</string>
  <string name="day_of_week_medium_friday">Vr</string>
  <string name="day_of_week_medium_saturday">Za</string>
  <string name="day_of_week_short_sunday">Zo</string>
  <string name="day_of_week_short_monday">Ma</string>
  <string name="day_of_week_short_tuesday">Di</string>
  <string name="day_of_week_short_wednesday">Wo</string>
  <string name="day_of_week_short_thursday">Do</string>
  <string name="day_of_week_short_friday">Vr</string>
  <string name="day_of_week_short_saturday">Za</string>
  <string name="day_of_week_shortest_sunday">Zo</string>
  <string name="day_of_week_shortest_monday">M</string>
  <string name="day_of_week_shortest_tuesday">Di</string>
  <string name="day_of_week_shortest_wednesday">W</string>
  <string name="day_of_week_shortest_thursday">Do</string>
  <string name="day_of_week_shortest_friday">V</string>
  <string name="day_of_week_shortest_saturday">Za</string>
  <string name="am">am</string>
  <string name="pm">pm</string>
  <string name="yesterday">Gisteren</string>
  <string name="today">Vandaag</string>
  <string name="tomorrow">Morgen</string>
  <string name="hour_minute_24">%H:%M</string>
  <string name="hour_minute_ampm">%-l:%M%p</string>
  <string name="hour_minute_cap_ampm">%-l:%M%^p</string>
  <string name="twelve_hour_time_format">u:mm a</string>
  <string name="twenty_four_hour_time_format">UU:mm</string>
  <string name="numeric_date">%-m/%-e/%Y</string>
  <string name="numeric_date_format">m/d/jjjj</string>
  <string name="numeric_date_template">%s/%s/%s</string>
  <string name="month_day_year">%B %-e, %Y</string>
  <string name="time_of_day">%-l:%M:%S %p</string>
  <string name="date_and_time">%b %-e, %Y, %-l:%M:%S %p</string>
  <string name="date_time">%1$s, %2$s</string>
  <string name="time_date">%1$s, %3$s</string>
  <string name="abbrev_month_day_year">%b %-e, %Y</string>
  <string name="month_day">%B %-e</string>
  <string name="month">%-B</string>
  <string name="month_year">%B %Y</string>
  <string name="abbrev_month_day">%b %-e</string>
  <string name="abbrev_month">%-b</string>
  <string name="abbrev_month_year">%b %Y</string>
  <string name="time1_time2">%1$s – %2$s</string>
  <string name="date1_date2">%2$s – %5$s</string>
  <string name="numeric_md1_md2">%2$s/%3$s-%7$s/%8$s</string>
  <string name="numeric_wday1_md1_wday2_md2">%1$ s, %2$s/%3$s – %6$ s, %7$s/%8$s</string>
  <string name="numeric_mdy1_mdy2">%2$s/%3$s/%4$s-%7$s/%8$s/%9$s</string>
  <string name="numeric_wday1_mdy1_wday2_mdy2">%1$s, %2$s/%3$s/%4$s – %6$s, %7$s/%8$s/%9$s</string>
  <string name="numeric_wday1_mdy1_time1_wday2_mdy2_time2">%1$s, %2$s/%3$s/%4$s, %5$s – %6$s, %7$s/%8$s/%9$s, %10$s</string>
  <string name="numeric_md1_time1_md2_time2">%2$s/%3$s, %5$s – %7$s/%8$s, %10$s</string>
  <string name="numeric_wday1_md1_time1_wday2_md2_time2">%1$s, %2$s/%3$s, %5$s – %6$s, %7$s/%8$s, %10$s</string>
  <string name="numeric_mdy1_time1_mdy2_time2">%2$s/%3$s/%4$s, %5$s – %7$s/%8$s/%9$s, %10$s</string>
  <string name="wday1_date1_time1_wday2_date2_time2">%1$s, %2$s, %3$s – %4$s, %5$s, %6$s</string>
  <string name="wday1_date1_wday2_date2">%1$s, %2$s – %4$s, %5$s</string>
  <string name="date1_time1_date2_time2">%2$s, %3$s – %5$s, %6$s</string>
  <string name="time_wday_date">%1$s, %2$s, %3$s</string>
  <string name="wday_date">%2$s, %3$s</string>
  <string name="time_wday">%1$s, %2$s</string>
  <string name="same_year_md1_md2">%2$s %3$s – %7$s %8$s</string>
  <string name="same_year_wday1_md1_wday2_md2">%1$s, %2$s %3$s – %6$s, %7$s %8$s</string>
  <string name="same_year_md1_time1_md2_time2">%2$s %3$s, %5$s – %7$s %8$s, %10$s</string>
  <string name="same_month_md1_time1_md2_time2">%2$s %3$s, %5$s – %7$s %8$s, %10$s</string>
  <string name="same_year_wday1_md1_time1_wday2_md2_time2">%1$s, %2$s %3$s, %5$s – %6$s, %7$s %8$s, %10$s</string>
  <string name="same_month_wday1_md1_time1_wday2_md2_time2">%1$s, %2$s %3$s, %5$s – %6$s, %7$s %8$s, %10$s</string>
  <string name="same_year_mdy1_time1_mdy2_time2">%2$s %3$s, %4$s, %5$s – %7$s %8$s, %9$s, %10$s</string>
  <string name="same_month_mdy1_time1_mdy2_time2">%2$s %3$s, %4$s, %5$s – %7$s %8$s, %9$s, %10$s</string>
  <string name="same_year_wday1_mdy1_time1_wday2_mdy2_time2">%1$s, %2$s %3$s, %4$s, %5$s – %6$s, %7$s %8$s, %9$s, %10$s</string>
  <string name="same_month_wday1_mdy1_time1_wday2_mdy2_time2">%1$s, %2$s %3$s, %4$s, %5$s – %6$s, %7$s %8$s, %9$s, %10$s</string>
  <string name="same_month_wday1_mdy1_wday2_mdy2">%1$s, %2$s %3$s, %4$s – %6$s, %7$s %8$s, %9$s</string>
  <string name="same_month_md1_md2">%2$s %3$s – %8$s</string>
  <string name="same_month_wday1_md1_wday2_md2">%1$s, %2$s %3$s – %6$s, %7$s %8$s</string>
  <string name="same_year_mdy1_mdy2">%2$s %3$s – %7$s %8$s, %9$s</string>
  <string name="same_month_mdy1_mdy2">%2$s %3$s – %8$s, %9$s</string>
  <string name="same_year_wday1_mdy1_wday2_mdy2">%1$s, %2$s %3$s – %6$s, %7$s %8$s, %9$s</string>
  <string name="short_format_month">%b</string>
  <string name="full_wday_month_day_no_year">EEEE, MMMM d</string>
  <string name="abbrev_wday_month_day_year">EEE, MMM d, yyyy</string>
  <string name="common_name_prefixes">Veel voorkomende naam prefixes</string>
  <string name="common_name_suffixes">Veel voorkomende naam suffix</string>
  <string name="common_last_name_prefixes">Veel voorkomende achternaam prefixes</string>
  <string name="common_name_conjunctions">Veel voorkomende namen
</string>
  <string name="default_text_encoding">Latin-1</string>
  <string name="lock_pattern_view_aspect">vierkant</string>
  <string name="byteShort">B</string>
  <string name="kilobyteShort">kB</string>
  <string name="megabyteShort">MB</string>
  <string name="gigabyteShort">GB</string>
  <string name="terabyteShort">TB</string>
  <string name="petabyteShort">PB</string>
  <string name="fileSizeSuffix">%1$s%2$s</string>
  <string name="ellipsis">…</string>
  <string name="mmiError">Verbinding probleem of ongeldige MMI-code.</string>
  <string name="serviceEnabled">Service is ingeschakeld.</string>
  <string name="serviceEnabledFor">Dienst ingeschakeld voor:</string>
  <string name="serviceDisabled">Service is uitgeschakeld.</string>
  <string name="serviceRegistered">Registratie succesvol.</string>
  <string name="serviceErased">Erasure was succesvol.</string>
  <string name="passwordIncorrect">Onjuist wachtwoord.</string>
  <string name="mmiComplete">MMI voltooien.</string>
  <string name="badPin">De oude PIN die u heeft ingevoerd is niet correct.</string>
  <string name="badPuk">De PUK u hebt getypt is niet correct.</string>
  <string name="mismatchPin">De PIN-codes die u hebt ingevoerd, komen niet overeen.</string>
  <string name="invalidPin">Typ een PIN-code van 4 tot 8 cijfers.</string>
  <string name="needPuk">Uw SIM-kaart is PUK-locked. Typ de PUK-code om te ontgrendelen.</string>
  <string name="needPuk2">Type PUK2 om SIM-kaart te deblokkeren.</string>
  <string name="ClipMmi">Inkomende beller-ID</string>
  <string name="ClirMmi">Uitgaande nummerweergave</string>
  <string name="CfMmi">Oproep doorsturen</string>
  <string name="CwMmi">Oproep in wachtrij</string>
  <string name="BaMmi">Oproepen blokkeren</string>
  <string name="PwdMmi">Wachtwoord aanpassen</string>
  <string name="PinMmi">PIN-code wijzigen</string>
  <string name="CnipMmi">Bellen naar nummer aanwezig</string>
  <string name="CnirMmi">Bellen naar nummer beperkt</string>
  <string name="ThreeWCMmi">Driewegsbellen</string>
  <string name="RuacMmi">Afwijzing van ongewenste vervelende oproepen</string>
  <string name="CndMmi">Weergave van nummer van beller</string>
  <string name="DndMmi">Niet Storen</string>
  <string name="CLIRDefaultOnNextCallOn">Caller ID standaard beperkt. Volgende oproep: Beperkt</string>
  <string name="CLIRDefaultOnNextCallOff">Caller ID standaard beperkt. Volgende oproep: Niet beperkt</string>
  <string name="CLIRDefaultOffNextCallOn">Caller ID standaard niet beperkt. Volgende oproep: Beperkt</string>
  <string name="CLIRDefaultOffNextCallOff">Caller ID standaard niet beperkt. Volgende oproep: Niet beperkt</string>
  <string name="serviceNotProvisioned">Dienst niet geprovisioneerd.</string>
  <string name="CLIRPermanent">De beller-ID instelling kan niet worden veranderd.</string>
  <string name="RestrictedChangedTitle">Beperkte toegang veranderd</string>
  <string name="RestrictedOnData">Data service is geblokkeerd.</string>
  <string name="RestrictedOnEmergency">Hulpdienst is geblokkeerd.</string>
  <string name="RestrictedOnNormal">Voice service is geblokkeerd.</string>
  <string name="RestrictedOnAllVoice">Alle Voice diensten worden geblokkeerd.</string>
  <string name="RestrictedOnSms">SMS-dienst is geblokkeerd.</string>
  <string name="RestrictedOnVoiceData">Spraak/data diensten worden geblokkeerd.</string>
  <string name="RestrictedOnVoiceSms">Spraak/SMS-diensten worden geblokkeerd.</string>
  <string name="RestrictedOnAll">Alle Voice/Data/sms-diensten worden geblokkeerd.</string>
  <string name="serviceClassVoice">Spraak</string>
  <string name="serviceClassData">Data</string>
  <string name="serviceClassFAX">Fax</string>
  <string name="serviceClassSMS">SMS</string>
  <string name="serviceClassDataAsync">Async</string>
  <string name="serviceClassDataSync">Synchroniseren</string>
  <string name="serviceClassPacket">Pakket</string>
  <string name="serviceClassPAD">PAD</string>
  <string name="roamingText0">Roaming Indicator aan</string>
  <string name="roamingText1">Roaming Indicator uit</string>
  <string name="roamingText2">Roaming indicator knippert</string>
  <string name="roamingText3">Uit de omgeving</string>
  <string name="roamingText4">Buiten bereik</string>
  <string name="roamingText5">Roaming - voorkeurs systeem</string>
  <string name="roamingText6">Roaming - Beschikbaar Netwerk</string>
  <string name="roamingText7">Roaming - Alliantiepartner</string>
  <string name="roamingText8">Roaming - Premium partner</string>
  <string name="roamingText9">Roaming - Full Service Functionaliteit</string>
  <string name="roamingText10">Roaming - Gedeeltelijke Service Functionaliteit</string>
  <string name="roamingText11">Roaming banner aan</string>
  <string name="roamingText12">roaming banner uit</string>
  <string name="roamingTextSearching">Op zoek naar Service</string>
  <string name="cfTemplateNotForwarded">{0}: Niet doorgestuurd</string>
  <string name="cfTemplateForwarded">{0}: {1}</string>
  <string name="cfTemplateForwardedTime">{0}: {1} na {2} seconden</string>
  <string name="cfTemplateRegistered">{0}: Niet doorgestuurd</string>
  <string name="cfTemplateRegisteredTime">{0}: Niet doorgestuurd</string>
  <string name="fcComplete">Functie code voltooien.</string>
  <string name="fcError">Verbinding probleem of ongeldige functie-code.</string>
  <string name="httpErrorOk">Ok</string>
  <string name="httpError">De webpagina bevat een fout.</string>
  <string name="httpErrorLookup">De URL kon niet worden gevonden.</string>
  <string name="httpErrorUnsupportedAuthScheme">Het verificatieschema van de site wordt niet ondersteund.</string>
  <string name="httpErrorAuth">Authenticatie is mislukt.</string>
  <string name="httpErrorProxyAuth">Authenticatie via proxy-server is mislukt.</string>
  <string name="httpErrorConnect">De verbinding met de server is mislukt.</string>
  <string name="httpErrorIO">De server mislukt om te communiceren. Probeer het later opnieuw.</string>
  <string name="httpErrorTimeout">De verbinding met server time-out.</string>
  <string name="httpErrorRedirectLoop">De pagina bevat te veel server omleidingen.</string>
  <string name="httpErrorFailedSslHandshake">Een beveiligde verbinding kon niet worden vastgesteld.</string>
  <string name="httpErrorFile">Het bestand kan niet worden geopend.</string>
  <string name="httpErrorFileNotFound">Het gevraagde bestand is niet gevonden.</string>
  <string name="httpErrorTooManyRequests">Te veel aanvragen worden verwerkt. Probeer het later opnieuw.</string>
  <string name="notification_title">Aanmeldingsfout voor %1$s</string>
  <string name="contentServiceSync">Synchroniseren</string>
  <string name="contentServiceSyncNotificationTitle">Synchroniseren</string>
  <string name="contentServiceTooManyDeletesNotificationDesc">Teveel %s verwijderd.</string>
  <string name="low_memory">Telefoongeheugen is vol! Verwijder enkele bestanden om ruimte vrij te maken.</string>
  <string name="me">Ik</string>
  <string name="power_dialog">Telefoon opties</string>
  <string name="silent_mode">Stille modus</string>
  <string name="turn_on_radio">Inschakelen van draadloze verbinding</string>
  <string name="turn_off_radio">Uitschakelen draadloze verbinding</string>
  <string name="screen_lock">Scherm vergrendeling</string>
  <string name="power_off">Uitschakelen</string>
  <string name="shutdown_progress">Afsluiten ...</string>
  <string name="shutdown_confirm">Uw telefoon wordt uitgeschakeld.</string>
  <string name="recent_tasks_title">Recent</string>
  <string name="no_recent_tasks">Geen recente toepassingen.</string>
  <string name="global_actions">Telefoon opties</string>
  <string name="global_action_lock">Scherm vergrendeling</string>
  <string name="global_action_power_off">Uitschakelen</string>
  <string name="global_action_toggle_silent_mode">Stille modus</string>
  <string name="global_action_silent_mode_on_status">Geluid is UIT</string>
  <string name="global_action_silent_mode_off_status">Geluid is ingeschakeld</string>
  <string name="global_actions_toggle_airplane_mode">Vliegtuigmodus</string>
  <string name="global_actions_airplane_mode_on_status">Vliegtuigmodus is ingeschakeld</string>
  <string name="global_actions_airplane_mode_off_status">Vliegtuig modus is uitgeschakeld</string>
  <string name="safeMode">Veilige modus</string>
  <string name="android_system_label">Android-systeem</string>
  <string name="permgrouplab_costMoney">Diensten die u geld kosten</string>
  <string name="permgroupdesc_costMoney">Laat toepassingen toe om dingen die kunnen u geld kosten.</string>
  <string name="permgrouplab_messages">Je berichten</string>
  <string name="permgroupdesc_messages">Lees en schrijf uw SMS, e-mail en andere berichten.</string>
  <string name="permgrouplab_personalInfo">Uw persoonlijke gegevens</string>
  <string name="permgroupdesc_personalInfo">Directe toegang tot je contacten en agenda die zijn opgeslagen op de telefoon.</string>
  <string name="permgrouplab_location">Uw locatie</string>
  <string name="permgroupdesc_location">Bewaak uw fysieke locatie</string>
  <string name="permgrouplab_network">Netwerk communicatie</string>
  <string name="permgroupdesc_network">Toestaan dat toepassingen toegang krijgen tot verschillende net werk functies.</string>
  <string name="permgrouplab_accounts">Uw accounts</string>
  <string name="permgroupdesc_accounts">Toegang tot de beschikbare accounts.</string>
  <string name="permgrouplab_hardwareControls">Hardware besturingselementen</string>
  <string name="permgroupdesc_hardwareControls">Directe toegang tot hardware op de handset.</string>
  <string name="permgrouplab_phoneCalls">Telefoonlijst</string>
  <string name="permgroupdesc_phoneCalls">Controleren en registreren en verwerken van telefoongesprekken.</string>
  <string name="permgrouplab_systemTools">Systeemgereedschap</string>
  <string name="permgroupdesc_systemTools">Lager niveau toegang en besturing van het systeem.</string>
  <string name="permgrouplab_developmentTools">Ontwikkelingsprogrammas</string>
  <string name="permgroupdesc_developmentTools">Functies alleen nodig voor applicatie ontwikkelaars.</string>
  <string name="permgrouplab_storage">Opslag</string>
  <string name="permgroupdesc_storage">Toegang tot de SD-kaart.</string>
  <string name="permlab_statusBar">uitschakelen of wijzigen van statusbalk</string>
  <string name="permdesc_statusBar">Staat een applicatie toe om de status balk weg te halen of om systeem iconen toe te voegen of te verwijderen.</string>
  <string name="permlab_expandStatusBar">statusbalk uitvouwen/samen vouwen</string>
  <string name="permdesc_expandStatusBar">Toepassing kan uitvouwen of samen vouwen van de statusbalk.</string>
  <string name="permlab_processOutgoingCalls">onderscheppen van uitgaande oproepen</string>
  <string name="permdesc_processOutgoingCalls">Staat een applicatie toe om uitgaande gesprekken te verwerken en het gedraaide nummer te veranderen. Kwaadwillende applicaties kunnen uw uitgaande gesprekken beluisteren, omleiden of verhinderen.</string>
  <string name="permlab_receiveSms">ontvangen van SMS</string>
  <string name="permdesc_receiveSms">Allows application to receive and process WAP messages Malicious applications may monitor your messages or delete them without showing them to you.</string>
  <string name="permlab_receiveMms">Ontvangen MMS</string>
  <string name="permdesc_receiveMms">Allows application to receive and process WAP messages Malicious applications may monitor your messages or delete them without showing them to you.</string>
  <string name="permlab_sendSms">SMS-berichten verzenden</string>
  <string name="permdesc_sendSms">Staat een applicatie toe om SMS berichten te verzenden. Kwaadwillende applicaties kunnen u geld kosten door berichten te versturen zonder uw toestemming.</string>
  <string name="permlab_readSms">lees SMS of MMS</string>
  <string name="permdesc_readSms">Staat een applicatie toe om SMS berichten die zijn opgeslagen op de telefoon of SIM kaart te lezen. Kwaadwillende applicaties kunnen uw prive berichten lezen.</string>
  <string name="permlab_writeSms">edit SMS of MMS</string>
  <string name="permdesc_writeSms">Staat een applicatie toe om SMS berichten te bewerken die op de telefoon of SIM  kaart zijn opgeslagen. Kwaadwillende applicaties zouden uw berichten kunnen verwijderen.</string>
  <string name="permlab_receiveWapPush">ontvangt WAP</string>
  <string name="permdesc_receiveWapPush">Staat een applicatie toe om WAP berichten te versturen en te ontvangen. Kwaadwillende applicaties kunnen toezicht houden op uw berichten en ze verwijderen zonder ze aan u te laten zien.</string>
  <string name="permlab_getTasks">ophalen van actieve toepassingen</string>
  <string name="permdesc_getTasks">Staat een applicatie toe om informatie te verkrijgen over de nu draaiende taken en de taken die recentelijk zijn uitgevoerd. Het kan kwaadwillende applicaties de toestemming geven om prive informatie over andere applicaties te verkrijgen.</string>
  <string name="permlab_reorderTasks">volgorde van uitvoeren van toepassingen</string>
  <string name="permdesc_reorderTasks">Staat een applicatie toe om taken van de voorgrond naar de achtergrond te plaatsen en andersom. Kwaadwillende applicaties kunnen zichzelf naar de voorgrond zetten zonder dat u daar controle over heeft.</string>
  <string name="permlab_setDebugApp">foutopsporing inschakelen</string>
  <string name="permdesc_setDebugApp">Staat een app toe om foutopsporing voor een andere app aan te zetten. Kwaadaardige apps kunnen dit gebruiken om andere apps af te sluiten.</string>
  <string name="permlab_changeConfiguration">verander je UI instellingen</string>
  <string name="permdesc_changeConfiguration">Hiermee kan een toepassing de huidige configuratie, zoals de locale of algehele lettergrootte veranderen.</string>
  <string name="permlab_enableCarMode">Auto modus inschakelen</string>
  <string name="permdesc_enableCarMode">Hiermee kan een toepassing de automodus in schakelen.</string>
  <string name="permlab_killBackgroundProcesses">achtergrond processen stoppen</string>
  <string name="permdesc_killBackgroundProcesses">Hiermee kan een toepassing de achtergrond processen van andere toepassingen stoppen, zelfs als het geheugen laag is.</string>
  <string name="permlab_forceStopPackages">Geforceerd stoppen van andere toepassingen</string>
  <string name="permdesc_forceStopPackages">Kan een toepassing andere toepassingen geforceerd stoppen.</string>
  <string name="permlab_forceBack">forceer programma sluiten</string>
  <string name="permdesc_forceBack">Staat een applicatie toe om een activiteit die op de voorgrond staat te stoppen en op de achtergrond te plaatsen. Dit zou nooit nodig moeten zijn voor normale applicaties.</string>
  <string name="permlab_dump">ophalen van interne status van het systeem</string>
  <string name="permdesc_dump">Staat de applicatie toe om de interne staat van het besturingssysteem te verkrijgen. Kwaadwillende applicaties kunnen een wijd spectrum aan prive en beveiligde informatie verkrijgen wat zij normaal nooit nodig hebben.</string>
  <string name="permlab_shutdown">gedeeltelijk afsluiten</string>
  <string name="permdesc_shutdown">Zet de activiteit manager in een afsluit status. Niet uitvoeren van een volledige sluiting.</string>
  <string name="permlab_stopAppSwitches">voorkomen dat app schakelt</string>
  <string name="permdesc_stopAppSwitches">Voorkomt dat de gebruiker overschakelt naar een andere toepassing.</string>
  <string name="permlab_runSetActivityWatcher">bewaking en controle van alle toepassingen lanceren</string>
  <string name="permdesc_runSetActivityWatcher">Staat een applicatie toe om de manier waarop het besturingssysteem activiteiten start te bekijken en te controleren. Kwaadwillende applicaties kunnen het gehele besturingssysteem vernietigen. Deze toestemming is alleen nodig voor ontwikkelings doeleinden, nooit voor normaal telefoon gebruik.</string>
  <string name="permlab_broadcastPackageRemoved">melding verzenden dat pakket is verwijderd</string>
  <string name="permdesc_broadcastPackageRemoved">Staat een applicatie toe om een notificatie te laten zien dat een applicatie pakket verwijderd is. Kwaadwillende applicaties kunnen dit gebruiken om een andere draaiende applicatie te stoppen.</string>
  <string name="permlab_broadcastSmsReceived">melding over ontvangen SMS-bericht verzenden</string>
  <string name="permdesc_broadcastSmsReceived">Staat een applicatie toe om een notificatie te laten zien dat de SMS is ontvangen. Kwaadwillende applicaties kunnen dit gebruiken om inkomende berichten na te maken.</string>
  <string name="permlab_broadcastWapPush">melding over ontvangen WAP-PUSH-bericht verzenden</string>
  <string name="permdesc_broadcastWapPush">Staat een app toe om een notificatie te laten zien dat een WAP PUSH bericht is ontvangen. Kwaadaardige apps kunnen dit gebruiken om MMS berichten te vervalsen of de inhoud van een website vervangen met een kwaadaardige variant.</string>
  <string name="permlab_setProcessLimit">Beperk het aantal lopende processen</string>
  <string name="permdesc_setProcessLimit">Staat de app toe het maximum aantal draaiende processen te beheren. Niet gebruikt door normale apps.</string>
  <string name="permlab_setAlwaysFinish">alle achtergrond toepassingen sluiten</string>
  <string name="permdesc_setAlwaysFinish">Hiermee kan een toepassing bepalen of activiteiten altijd worden afgesloten zodra deze naar de achtergrond gaan. Nooit nodig voor normale toepassingen.</string>
  <string name="permlab_batteryStats">wijzigen van batterij statistieken</string>
  <string name="permdesc_batteryStats">Staat de verandering van batterijgebruiksgegevens toe. Niet voor gebruik door normale apps.</string>
  <string name="permlab_backup">controlesysteem backup en restore</string>
  <string name="permdesc_backup">Allows the application to control the system backup and restore mechanism. Not for use by normal applications.</string>
  <string name="permlab_internalSystemWindow">onbevoegde vensters weergeven</string>
  <string name="permdesc_internalSystemWindow">Hiermee kunnen vensters worden gemaakt die door de interne systeemgebruikersinterface worden gebruikt. Niet voor gebruik door normale toepassingen.</string>
  <string name="permlab_systemAlertWindow">Laat systeem errors zien</string>
  <string name="permdesc_systemAlertWindow">Laat een toepassing schermen met systeem meldingen zien. Kwaadaardige toepassingen kunnen het hele scherm van de telefoon overnemen.</string>
  <string name="permlab_setAnimationScale">de snelheid van de globale animatie aanpassen</string>
  <string name="permdesc_setAnimationScale">Staat de app toe om de animatiesnelheid (snellere of langzamere animaties) te veranderen.</string>
  <string name="permlab_manageAppTokens">beheren van toepassing tokens</string>
  <string name="permdesc_manageAppTokens">Hiermee kunnen toepassingen hun eigen tokens maken en beheren, waarbij de normale Z-volgorde wordt overgeslagen. Nooit nodig voor normale toepassingen.</string>
  <string name="permlab_injectEvents">Druk op de toetsen en bedieningsknoppen</string>
  <string name="permdesc_injectEvents">Staat de app toe om zelf invoer (toetsaanslagen, etc.) door te geven aan andere apps. Kwaadaardige applicates kunnen dit gebruiken om controle over je telefoon te nemen.</string>
  <string name="permlab_readInputState">registreren van wat je typt en acties die je onderneemt</string>
  <string name="permdesc_readInputState">Hiermee kan een toepassing uw toetsaanslagen registreren, zelfs tijdens de interactie met een andere toepassing (zoals de invoer van een wachtwoord). Nooit vereist voor normale toepassingen.</string>
  <string name="permlab_bindInputMethod">binden aan een invoermethode</string>
  <string name="permdesc_bindInputMethod">Hiermee staat u de houder toe zich te verbinden met de hoofdinterface van een invoermethode. Nooit vereist voor normale toepassingen.</string>
  <string name="permlab_bindWallpaper">binden aan een wallpaper</string>
  <string name="permdesc_bindWallpaper">Staat de houder toe om aan de top-level interface van de wallpaper te binden. Zou nooit voor normale toepassingen moeten worden vereist.</string>
  <string name="permlab_bindDeviceAdmin">interactie met een apparaat admin</string>
  <string name="permdesc_bindDeviceAdmin">Staat de houder toe om bedoelingen naar een apparatenbeheerder te verzenden. Nooit voor normale toepassingen vereist hoeven worden.</string>
  <string name="permlab_setOrientation">wijzigen oriëntatie van het scherm</string>
  <string name="permdesc_setOrientation">Staat een toepassing toe om de omwenteling van het scherm op elk ogenblik te veranderen. Zou nooit voor normale toepassingen moeten worden vereist.</string>
  <string name="permlab_signalPersistentProcesses">stuur Linux signalen naar applicaties</string>
  <string name="permdesc_signalPersistentProcesses">Staat toepassing toe om te verzoeken om het geleverde signaal dat wordt verzonden naar alle blijvende processen.</string>
  <string name="permlab_persistentActivity">altijd toepassing uitvoeren</string>
  <string name="permdesc_persistentActivity">Staat een toepassing toe om delen van zich blijvend te maken, zodat het systeem niet kan gebruiken voor andere toepassingen.</string>
  <string name="permlab_deletePackages">verwijder applicaties</string>
  <string name="permdesc_deletePackages">Staat een toepassing toe om Android pakketten te schrappen. Kwaadwillige toepassingen kunnen dit gebruiken om belangrijke toepassingen te schrappen.</string>
  <string name="permlab_clearAppUserData">verwijder andere toepassingen data</string>
  <string name="permdesc_clearAppUserData">Hiermee kan een toepassing gebruikersgegevens wissen.</string>
  <string name="permlab_deleteCacheFiles">verwijder andere toepassingen caches</string>
  <string name="permdesc_deleteCacheFiles">Hiermee kan een toepassing cache bestanden te verwijderen.</string>
  <string name="permlab_getPackageSize">maatregel toepassing opslag ruimte</string>
  <string name="permdesc_getPackageSize">Staat een toepassing toe om zijn code, gegevens, en voorgeheugengrootte terug te winnen</string>
  <string name="permlab_installPackages">rechtstreeks toepassingen installeren</string>
  <string name="permdesc_installPackages">Staat een toepassing toe om nieuwe of bijgewerkte Android pakketten te installeren. De kwaadwillige toepassingen kunnen dit gebruiken om nieuwe toepassingen met willekeurig krachtige toestemmingen toe te voegen.</string>
  <string name="permlab_clearAppCache">verwijder alle toepassingengegevens in de cache</string>
  <string name="permdesc_clearAppCache">Staat een toepassing aan vrije telefoonopslag toe door dossiers in de folder van het toepassingsgeheime voorgeheugen te schrappen. De toegang is gewoonlijk zeer beperkt tot systeemproces.</string>
  <string name="permlab_movePackage">Toepassingsbronnen verplaatsen</string>
  <string name="permdesc_movePackage">Hiermee kan een toepassing toepassingsmiddelen verplaatsen van interne naar externe media en vice versa.</string>
  <string name="permlab_readLogs">lees  systeem logbestanden</string>
  <string name="permdesc_readLogs">Hiermee kan een toepassing  verschillende logbestanden lezen uit het systeem. Dit maakt het mogelijk om algemene informatie te ontdekken over wat je doet met de telefoon, maar ze bevatten geen persoonlijke of prive-informatie.</string>
  <string name="permlab_diagnostic">lezen/schrijven middelen die eigendom zijn van diag</string>
  <string name="permdesc_diagnostic">Hiermee kan een toepassing voor het lezen en schrijven naar een bron in handen van de diag-groep, bijvoorbeeld bestanden in /dev. Dit zou eventueel van invloed hebben op stabiliteit van het systeem en de veiligheid. Dit moet worden uitsluitend gebruikt worden voor de hardware-specifieke diagnostiek door de fabrikant of exploitant.</string>
  <string name="permlab_changeComponentState">In- of uitschakelen van onderdelen van de toepassing</string>
  <string name="permdesc_changeComponentState">Hiermee kan een toepassing veranderen of een component van een andere toepassing is ingeschakeld of niet. Schadelijke toepassingen kunnen dit gebruiken om te schakelen belangrijke telefoon vermogens. Zorgvuldig moet worden gebruikt met toestemming, want het is mogelijk om componenten van een applicatie te krijgen in een onbruikbare, inconsistent of onstabiele toestand.</string>
  <string name="permlab_setPreferredApplications">Stel voorkeurstoepassingen in</string>
  <string name="permdesc_setPreferredApplications">Hiermee kan een toepassing naar de gewenste toepassingen wijzigen. Hierdoor kunnen kwaadaardige applicaties in stilte de toepassingen veranderen die worden uitgevoerd, spoofing uw bestaande toepassingen om prive-gegevens van u verzamelen.</string>
  <string name="permlab_writeSettings">globale systeeminstellingen wijzigen</string>
  <string name="permdesc_writeSettings">Hiermee kan een toepassing van systeeminstellingen gegevens wijzigen. Schadelijke toepassingen kunnen je systeemconfiguratie corrupt maken.</string>
  <string name="permlab_writeSecureSettings">beveiligde systeeminstellingen wijzigen</string>
  <string name="permdesc_writeSecureSettings">Hiermee kan een toepassing van het systeem beveiligde instellingen wijzigen. Niet voor gebruik door normale toepassingen.</string>
  <string name="permlab_writeGservices">Wijzig de Google-services map</string>
  <string name="permdesc_writeGservices">Hiermee kan een applicatie de Google-services kaart wijzigen. Niet voor gebruik door normale toepassingen.</string>
  <string name="permlab_receiveBootCompleted">automatisch starten bij het opstarten</string>
  <string name="permdesc_receiveBootCompleted">Staat de app toe om zichzelf te starten zodra het systeem klaar is met opstarten. Hierdoor kan het opstarten van de telefoon langer duren, en de app kan mogelijk het hele systeem vertragen omdat het altijd wordt uitgevoerd.</string>
  <string name="permlab_broadcastSticky">sticky broadcast verzenden</string>
  <string name="permdesc_broadcastSticky">Hiermee kan een toepassing sticky broadcasts, die na de uitzending eindigt sturen. Kwaadaardige toepassingen kan de telefoon traag of instabiel maken door te veel geheugen te gebruiken.</string>
  <string name="permlab_readContacts">lees contactgegevens</string>
  <string name="permdesc_readContacts">Hiermee kan een toepassing de contactpersoon (adres) gegevens opgeslagen op uw telefoon lezen. Kwaadaardige toepassingen kunnen dit gebruiken om uw gegevens te sturen naar andere mensen.</string>
  <string name="permlab_writeContacts">schrijf contactgegevens</string>
  <string name="permdesc_writeContacts">Staat een app toe om contactdata op je telefoon te bewerken. Kwaadaardige apps kunnen dit gebruiken om je contactdata te bewerken of wissen.</string>
  <string name="permlab_writeOwnerData">eigenaar gegevens schrijven</string>
  <string name="permdesc_writeOwnerData">Hiermee kan een toepassing op de telefoon eigenaar opgeslagen gegevens op uw telefoon te wijzigen. Schadelijke toepassingen kunnen dit gebruiken om te wissen of te wijzigen eigenaar gegevens.</string>
  <string name="permlab_readOwnerData">lees eigenaar gegevens</string>
  <string name="permdesc_readOwnerData">Hiermee kan een toepassing door de telefooneigenaar opgeslagen gegevens op je telefoon lezen. Schadelijke toepassingen kunnen dit gebruiken om gegevens van de telefooneigenaar te lezen.</string>
  <string name="permlab_readCalendar">lees agenda</string>
  <string name="permdesc_readCalendar">Hiermee kan een toepassing alle kalendergebeurtenissen die zijn opgeslagen op uw telefoon lezen. Kwaadaardige toepassingen kunnen dit gebruiken om uw agenda naar andere mensen te sturen.</string>
  <string name="permlab_writeCalendar">voeg toe of wijzig agenda-afspraken en stuur e-mail aan gasten</string>
  <string name="permdesc_writeCalendar">Hiermee kan een toepassing toevoegen of wijzigen van de gebeurtenissen in je agenda, die een e-mail sturen aan gasten. Kwaadaardige toepassingen kunnen dit gebruiken om je agenda te wissen of te wijzigen of een email te sturen naar gasten.</string>
  <string name="permlab_accessMockLocation">mock locatie bronnen voor het testen</string>
  <string name="permdesc_accessMockLocation">Maak mock locatie bronnen voor het testen. Schadelijke toepassingen kunnen dit gebruiken om de locatie en/of status teruggestuurd door de echte locatie bronnen zoals GPS of netwerk aanbieders te overschrijven.</string>
  <string name="permlab_accessLocationExtraCommands">toegang tot extra locatie provider opdrachten</string>
  <string name="permdesc_accessLocationExtraCommands">Toegang tot extra locatie provider opdrachten. Kwaadaardige toepassingen kunnen dit gebruiken om interfereren met de werking van de GPS of andere locatie bronnen.</string>
  <string name="permlab_installLocationProvider">toestemming om een locatie provider te installeren</string>
  <string name="permdesc_installLocationProvider">Maak mock locatie bronnen om te testen. Schadelijke toepassingen kunnen dit gebruiken om de locatie en / of status teruggestuurd door de echte locatie bronnen zoals GPS of netwerk providers of monitoring en rapportage van uw locatie naar een externe bron te overschrijven.</string>
  <string name="permlab_accessFineLocation">accurate (GPS) locatie</string>
  <string name="permdesc_accessFineLocation">Toegang tot accurate locatie bronnen, zoals het Global Positioning System op de telefoon, voor zover beschikbaar. Schadelijke toepassingen kunnen dit gebruiken om te bepalen waar je bent en kan extra accu stroom verbruiken.</string>
  <string name="permlab_accessCoarseLocation">grof (netwerk-gebaseerde) locatie</string>
  <string name="permdesc_accessCoarseLocation">Toegang tot grove locatie bronnen, zoals het mobiele netwerk database om een telefoon locatie, voor zover beschikbaar te bepalen. Schadelijke toepassingen kunnen dit gebruiken om ongeveer vast te stellen waar je bent.</string>
  <string name="permlab_accessSurfaceFlinger">toegang tot SurfaceFlinger</string>
  <string name="permdesc_accessSurfaceFlinger">Hiermee kan een toepassing SurfaceFlinger low-level functies gebruiken.</string>
  <string name="permlab_readFrameBuffer">lees frame buffer</string>
  <string name="permdesc_readFrameBuffer">Hiermee kan een toepassing op de inhoud van het frame buffer lezen.</string>
  <string name="permlab_modifyAudioSettings">verander je audio-instellingen</string>
  <string name="permdesc_modifyAudioSettings">Hiermee kan een toepassing wereldwijde audio-instellingen wijzigen, zoals volume en routing.</string>
  <string name="permlab_recordAudio">Audio opnemen</string>
  <string name="permdesc_recordAudio">Hiermee kan een toepassing toegang krijgen tot audio-opname pad.</string>
  <string name="permlab_camera">fotos nemen</string>
  <string name="permdesc_camera">Hiermee kan een toepassing fotos nemen met de camera. Dit maakt het mogelijk om op elk moment beelden te verzamelen die de camera ziet.</string>
  <string name="permlab_brick">permanent uitschakelen telefoon</string>
  <string name="permdesc_brick">Hiermee kan de toepassing in de gehele telefoon permanent uit schakelen. Dit is zeer gevaarlijk.</string>
  <string name="permlab_reboot">forceer telefoon om opnieuw op te starten</string>
  <string name="permdesc_reboot">Hiermee kan de toepassing de telefoon forceren om te herstarten.</string>
  <string name="permlab_mount_unmount_filesystems">koppelen en ontkoppelen van bestandssystemen</string>
  <string name="permdesc_mount_unmount_filesystems">Hiermee kan de toepassing koppelen en ontkoppelen van bestandssystemen voor verwijderbare opslag.</string>
  <string name="permlab_mount_format_filesystems">format externe opslag</string>
  <string name="permdesc_mount_format_filesystems">Hiermee kan de toepassing verwijderbare opslag formateren.</string>
  <string name="permlab_asec_access">informatie verkrijgen over veilige opslag</string>
  <string name="permdesc_asec_access">Hiermee kan de toepassing informatie krijgen over veilige opslag.</string>
  <string name="permlab_asec_create">creëren veilige opslag</string>
  <string name="permdesc_asec_create">Hiermee kan de toepassing veilige opslag creëren.</string>
  <string name="permlab_asec_destroy">vernietig veilige opslag</string>
  <string name="permdesc_asec_destroy">Hiermee kan de toepassing veilige opslag vernietigen.</string>
  <string name="permlab_asec_mount_unmount">koppel/ontkoppel veilige opslag</string>
  <string name="permdesc_asec_mount_unmount">Hiermee kan de toepassing veilige opslag koppelen en ontkoppelen.</string>
  <string name="permlab_asec_rename">hernoem veilige opslag</string>
  <string name="permdesc_asec_rename">Hiermee kan de toepassing veilige opslag wijzigen.</string>
  <string name="permlab_vibrate">Beheer trilfunctie</string>
  <string name="permdesc_vibrate">Hiermee kan de toepassing de vibrator controleren.</string>
  <string name="permlab_flashlight">controle zaklamp</string>
  <string name="permdesc_flashlight">Hiermee kan de toepassing de zaklamp controleren.</string>
  <string name="permlab_hardware_test">testen van hardware</string>
  <string name="permdesc_hardware_test">Hiermee kan de toepassing diverse randapparatuur controleren met het doel de hardware te testen.</string>
  <string name="permlab_callPhone">rechtstreeks bellen naar telefoonnummers</string>
  <string name="permdesc_callPhone">Hiermee kan de toepassing nummers bellen zonder uw tussenkomst. Kwaadaardige toepassingen kunnen leiden tot onverwachte gesprekken op uw telefoonrekening. Merk op dat dit niet toestaat om alarmnummers te bellen.</string>
  <string name="permlab_callPrivileged">rechtstreeks bellen naar alle telefoonnummers</string>
  <string name="permdesc_callPrivileged">Hiermee kan de toepassing een willekeurig telefoonnummer, inclusief noodnummers, zonder uw tussenkomst bellen. Schadelijke toepassingen kunnen onnodige en illegale oproepen naar hulpdiensten bellen.</string>
  <string name="permlab_performCdmaProvisioning">direct starten CDMA telefoon setup</string>
  <string name="permdesc_performCdmaProvisioning">Hiermee kan de toepassing CDMA provisioning starten. Kwaadaardige toepassingen kunnen onnodig beginnen met CDMA provisioning</string>
  <string name="permlab_locationUpdates">controle op locatie update meldingen</string>
  <string name="permdesc_locationUpdates">Staat in-/uitschakelen bijwerken mededelingen van de radio toe. Niet voor gebruik door normale toepassingen.</string>
  <string name="permlab_checkinProperties">toegang checkin eigenschappen</string>
  <string name="permdesc_checkinProperties">Toegang tot lees- en schrijftoegang eigenschappen geüpload door de checkin service. Niet voor gebruik door normale toepassingen.</string>
  <string name="permlab_bindGadget">Kies widgets</string>
  <string name="permdesc_bindGadget">Hiermee kan de toepassing van het systeem vertellen welke widgets gebruikt kunnen worden door welke applicatie. Met deze toestemming kunnen toepassingen 
toegang geven tot persoonlijke gegevens naar andere toepassingen. Niet voor gebruik door normale toepassingen.</string>
  <string name="permlab_modifyPhoneState">wijzigen van telefoonstatus</string>
  <string name="permdesc_modifyPhoneState">Hiermee kan de toepassing van de telefoonfuncties van het apparaat controleren. Een toepassing met deze toestemming kan schakelen tussen netwerken, de telefoon radio in- en uitschakelen en dergelijke, zonder ooit te melden.</string>
  <string name="permlab_readPhoneState">lees de telefoonstaat en identiteit</string>
  <string name="permdesc_readPhoneState">Staat de app toegang tot de telefoonfuncties van het apparaat toe. Een app met toegang hiertoe kan o.a. uitlezen: telefoonnummer, serienummer, of er gebeld wordt, wie er gebeld wordt, etc.</string>
  <string name="permlab_wakeLock">Voorkom dat de telefoon in slaapstand gaat</string>
  <string name="permdesc_wakeLock">Hiermee kan een toepassing voorkomen dat de telefoon in slaapstand gaat.</string>
  <string name="permlab_devicePower">Schakel telefoon aan of uit</string>
  <string name="permdesc_devicePower">Hiermee kan de toepassing de telefoon in-of uitschakelen.</string>
  <string name="permlab_factoryTest">uitvoeren in de fabrieks testmodus</string>
  <string name="permdesc_factoryTest">Voer uit als laag-niveau fabrikant-test, met volledige toegang tot de telefoonhardware. Alleen beschikbaar wanneer de telefoon in fabrikant-testmodus draait.</string>
  <string name="permlab_setWallpaper">Stel achtergrond in</string>
  <string name="permdesc_setWallpaper">Hiermee kan de toepassing de systeem wallpaper in stellen.</string>
  <string name="permlab_setWallpaperHints">grootte achtergrond instellen</string>
  <string name="permdesc_setWallpaperHints">Hiermee kan de toepassing van het systeem wallpaper formaat in stellen.</string>
  <string name="permlab_masterClear">reset het systeem naar fabrieksinstellingen</string>
  <string name="permdesc_masterClear">Hiermee kan een toepassing het systeem resetten naar fabrieksinstellingen, wissen van alle gegevens, configuratie en geïnstalleerde applicaties.</string>
  <string name="permlab_setTime">ingestelde tijd</string>
  <string name="permdesc_setTime">Hiermee kan een toepassing de tijd wijzigen op de telefoon.</string>
  <string name="permlab_setTimeZone">ingestelde tijdzone</string>
  <string name="permdesc_setTimeZone">Hiermee kan een toepassing de tijdzone van de telefoon veranderen.</string>
  <string name="permlab_accountManagerService">fungeren als AccountManagerService</string>
  <string name="permdesc_accountManagerService">Hiermee kan een toepassing oproepen naar AccountAuthenticators maken</string>
  <string name="permlab_getAccounts">ontdek bekende accounts</string>
  <string name="permdesc_getAccounts">Hiermee kan een toepassing de lijst van accounts bekend op de telefoon verkrijgen.</string>
  <string name="permlab_authenticateAccounts">fungeren als een account verificator</string>
  <string name="permdesc_authenticateAccounts">Hiermee kan een toepassing op het account verificator mogelijkheden van de Accountmanager, met inbegrip van het creëren van rekeningen en het vinden en vaststellen van hun wachtwoorden gebruiken.</string>
  <string name="permlab_manageAccounts">beheer van de account lijst</string>
  <string name="permdesc_manageAccounts">Hiermee kan een toepassing operaties uit voeren zoals het toevoegen en verwijderen van accounts en het verwijderen van hun wachtwoord.</string>
  <string name="permlab_useCredentials">gebruik de verificatie referenties van een account</string>
  <string name="permdesc_useCredentials">Hiermee kan een toepassing authenticatie tokens verzoeken.</string>
  <string name="permlab_accessNetworkState">Bekijk netwerk status</string>
  <string name="permdesc_accessNetworkState">Hiermee kan een toepassing de status van alle netwerken bekijken.</string>
  <string name="permlab_createNetworkSockets">volledige toegang tot internet</string>
  <string name="permdesc_createNetworkSockets">Hiermee kan een toepassing netwerk sockets maken.</string>
  <string name="permlab_writeApnSettings">Access Point Name instellingen invoeren</string>
  <string name="permdesc_writeApnSettings">Hiermee kan een toepassing de APN-instellingen, zoals Proxy en Port van APN wijzigen.</string>
  <string name="permlab_changeNetworkState">wijzigen netwerkconnectiviteit</string>
  <string name="permdesc_changeNetworkState">Hiermee kan een toepassing de toestand van het netwerk connectiviteit veranderen.</string>
  <string name="permlab_changeTetherState">Wijzig tether connectiviteit</string>
  <string name="permdesc_changeTetherState">Hiermee kan een toepassing de toestand van getetherde netwerkverbindingen wijzigen.</string>
  <string name="permlab_changeBackgroundDataSetting">Wijzig achtergrond datagebruik instellingen</string>
  <string name="permdesc_changeBackgroundDataSetting">Hiermee kan een toepassing op de achtergrond datagebruik instellingen wijzigen.</string>
  <string name="permlab_accessWifiState">Bekijk Wi-Fi status</string>
  <string name="permdesc_accessWifiState">Hiermee kan een toepassing informatie over de stand van Wifi bekijken.</string>
  <string name="permlab_changeWifiState">wijzigen Wi-Fi status</string>
  <string name="permdesc_changeWifiState">Hiermee kan een toepassing verbinding maken en los te koppelen van WiFi access points en om wijzigingen aan te brengen in geconfigureerde WiFi-netwerken.</string>
  <string name="permlab_changeWifiMulticastState">Maak Wi-Fi Multicast-ontvangst mogelijk</string>
  <string name="permdesc_changeWifiMulticastState">Hiermee kan een toepassing pakketten die niet direct gericht op je apparaat te ontvangen. Dit kan handig zijn om te ontdekken welke diensten worden aangeboden in de buurt. Het maakt gebruik van meer vermogen dan de niet-multicast-modus.</string>
  <string name="permlab_bluetoothAdmin">bluetooth administratie</string>
  <string name="permdesc_bluetoothAdmin">Hiermee kan een toepassing op de lokale Bluetooth-telefoon configureren en ontdekken en koppelen met externe apparaten.</string>
  <string name="permlab_bluetooth">Bluetooth-verbindingen creëren</string>
  <string name="permdesc_bluetooth">Hiermee kan een toepassing de configuratie van lokale Bluetooth-telefoon bekijken en maken en accepteren van verbindingen met gekoppelde apparaten.</string>
  <string name="permlab_disableKeyguard">uitschakelen keylock</string>
  <string name="permdesc_disableKeyguard">Hiermee kan een toepassing de blokkering en eventuele bijbehorende wachtwoord beveiliging uischakelen. Een legitiem voorbeeld hiervan is de telefoon uitschakelen van de blokkering bij een inkomend telefoongesprek, dan opnieuw inschakelen van de blokkering wanneer het gesprek is beëindigd.</string>
  <string name="permlab_readSyncSettings">lees synchronisatie-instellingen</string>
  <string name="permdesc_readSyncSettings">Hiermee kan een aanvraag bij de synchronisatie-instellingen, zoals de vraag of sync is ingeschakeld voor Contacten te wijzigen.</string>
  <string name="permlab_writeSyncSettings">bewerk synchronisatie-instellingen</string>
  <string name="permdesc_writeSyncSettings">Hiermee kan een aanvraag bij de synchronisatie-instellingen, zoals de vraag of sync is ingeschakeld voor Contacten te wijzigen.</string>
  <string name="permlab_readSyncStats">lees sync statistieken</string>
  <string name="permdesc_readSyncStats">Hiermee kan een toepassing op de sync-statistieken lezen bijvoorbeeld de geschiedenis van synchronisaties die zich hebben voorgedaan.</string>
  <string name="permlab_subscribedFeedsRead">lees geabonneerde feeds</string>
  <string name="permdesc_subscribedFeedsRead">Hiermee kan een toepassing details over de momenteel gesynchroniseerde feeds krijgen.</string>
  <string name="permlab_subscribedFeedsWrite">schrijf geabonneerde feeds</string>
  <string name="permdesc_subscribedFeedsWrite">Hiermee kan een toepassing  gesynchroniseerde feeds wijzigen. Dit zou een kwaadwillige applicatie kunnen zijn die je gesynchroniseerde feeds wijzigt.</string>
  <string name="permlab_readDictionary">lees door gebruiker gedefinieerd woordenboek</string>
  <string name="permdesc_readDictionary">Hiermee kan een toepassing op alle prive woorden, namen en zinnen die de gebruiker heeft opgeslagen in het gebruikerswoordenboek lezen.</string>
  <string name="permlab_writeDictionary">schrijven naar gebruiker gedefinieerd woordenboek</string>
  <string name="permdesc_writeDictionary">Hiermee kan een toepassing nieuwe woorden schrijven in het gebruikerswoordenboek.</string>
  <string name="permlab_sdcardWrite">Wijzig/Verwijder de inhoud van de SD-kaart</string>
  <string name="permdesc_sdcardWrite">Hiermee kan een toepassing naar de SD-kaart schrijven.</string>
  <string name="permlab_cache_filesystem">toegang tot het cache bestandssysteem</string>
  <string name="permdesc_cache_filesystem">Hiermee kan een toepassing het cache bestandssysteem lezen schrijven.</string>
  <string name="policylab_limitPassword">Limiteer paswoord</string>
  <string name="policydesc_limitPassword">De typen wacht woorden die u mag gebruiken beperken.</string>
  <string name="policylab_watchLogin">Bekijk login pogingen</string>
  <string name="policydesc_watchLogin">Monitor mislukte pogingen om in te loggen op het apparaat, om een actie uit te voeren.</string>
  <string name="policylab_resetPassword">Wachtwoord opnieuw instellen</string>
  <string name="policydesc_resetPassword">Forceer uw wachtwoord tot een nieuwe waarde, vereisend dat de beheerder het geeft aan u alvorens u kunt het programma openen.</string>
  <string name="policylab_forceLock">Forceer slot</string>
  <string name="policydesc_forceLock">Controle wanneer apparaat vergrendeld, waarbij je opnieuw het wachtwoord moet invoeren.</string>
  <string name="policylab_wipeData">Alle gegevens wissen</string>
  <string name="policydesc_wipeData">Voer een fabrieksreset uit, verwijder al je gegevens zonder bevestiging.</string>
  <string name="phoneTypeCustom">Aangepast</string>
  <string name="phoneTypeHome">Home</string>
  <string name="phoneTypeMobile">Mobiel</string>
  <string name="phoneTypeWork">Werk</string>
  <string name="phoneTypeFaxWork">Fax zakelijk</string>
  <string name="phoneTypeFaxHome">Fax thuis</string>
  <string name="phoneTypePager">Pieper</string>
  <string name="phoneTypeOther">Overig</string>
  <string name="phoneTypeCallback">Terugbellen</string>
  <string name="phoneTypeCar">Auto</string>
  <string name="phoneTypeCompanyMain">Bedrijf</string>
  <string name="phoneTypeIsdn">ISDN</string>
  <string name="phoneTypeMain">Belangrijkste</string>
  <string name="phoneTypeOtherFax">Andere Fax</string>
  <string name="phoneTypeRadio">Radio</string>
  <string name="phoneTypeTelex">Telex</string>
  <string name="phoneTypeTtyTdd">TTY TDD</string>
  <string name="phoneTypeWorkMobile">Werk Mobiel</string>
  <string name="phoneTypeWorkPager">Werk pieper</string>
  <string name="phoneTypeAssistant">Assistent</string>
  <string name="phoneTypeMms">MMS</string>
  <string name="eventTypeBirthday">Verjaardag</string>
  <string name="eventTypeAnniversary">Jubileum</string>
  <string name="eventTypeOther">Gebeurtenis</string>
  <string name="emailTypeCustom">Aangepast</string>
  <string name="emailTypeHome">Home</string>
  <string name="emailTypeWork">Werk</string>
  <string name="emailTypeOther">Overig</string>
  <string name="emailTypeMobile">Mobiel</string>
  <string name="postalTypeCustom">Aangepast</string>
  <string name="postalTypeHome">Home</string>
  <string name="postalTypeWork">Werk</string>
  <string name="postalTypeOther">Overig</string>
  <string name="imTypeCustom">Aangepast</string>
  <string name="imTypeHome">Home</string>
  <string name="imTypeWork">Werk</string>
  <string name="imTypeOther">Overig</string>
  <string name="imProtocolCustom">Aangepast</string>
  <string name="imProtocolAim">AIM</string>
  <string name="imProtocolMsn">Windows Live</string>
  <string name="imProtocolYahoo">Yahoo</string>
  <string name="imProtocolSkype">Skype</string>
  <string name="imProtocolQq">QQ</string>
  <string name="imProtocolGoogleTalk">Google Talk</string>
  <string name="imProtocolIcq">ICQ</string>
  <string name="imProtocolJabber">Jabber</string>
  <string name="imProtocolNetMeeting">Netmeeting</string>
  <string name="orgTypeWork">Werk</string>
  <string name="orgTypeOther">Overig</string>
  <string name="orgTypeCustom">Aangepast</string>
  <string name="contact_status_update_attribution">via %1$s</string>
  <string name="contact_status_update_attribution_with_date">%1$s via %2$s</string>
  <string name="keyguard_password_enter_pin_code">Voer PIN-code in</string>
  <string name="keyguard_password_enter_password_code">Voer wachtwoord in om te ontgrendeling</string>
  <string name="keyguard_password_wrong_pin_code">Verkeerde PIN-code!</string>
  <string name="keyguard_label_text">Om te ontgrendelen, drukt u op menu en vervolgens op 0.</string>
  <string name="emergency_call_dialog_number_for_display">Alarmnummer</string>
  <string name="lockscreen_carrier_default">(Geen service)</string>
  <string name="lockscreen_screen_locked">Scherm vergrendeld.</string>
  <string name="lockscreen_instructions_when_pattern_enabled">Druk op Menu om te ontgrendelen of plaats noodoproep.</string>
  <string name="lockscreen_instructions_when_pattern_disabled">Druk op Menu om te ontgrendelen.</string>
  <string name="lockscreen_pattern_instructions">Teken patroon om te ontgrendelen</string>
  <string name="lockscreen_emergency_call">Noodoproep</string>
  <string name="lockscreen_return_to_call">Terugkeren naar oproep</string>
  <string name="lockscreen_pattern_correct">Correct!</string>
  <string name="lockscreen_pattern_wrong">Sorry, probeer het opnieuw</string>
  <string name="lockscreen_plugged_in">Opladen (%d%%)</string>
  <string name="lockscreen_charged">Opgeladen.</string>
  <string name="lockscreen_battery_short">%d%%</string>
  <string name="lockscreen_low_battery">Sluit uw lader aan.</string>
  <string name="lockscreen_missing_sim_message_short">Geen SIM-kaart.</string>
  <string name="lockscreen_missing_sim_message">Geen SIM-kaart in de telefoon.</string>
  <string name="lockscreen_missing_sim_instructions">Gelieve een SIM-kaart.</string>
  <string name="emergency_calls_only">Alleen noodoproepen</string>
  <string name="lockscreen_network_locked_message">Netwerk geblokkeerd</string>
  <string name="lockscreen_sim_puk_locked_message">SIM-kaart is PUK-locked.</string>
  <string name="lockscreen_sim_puk_locked_instructions">Raadpleeg de gebruikershandleiding of neem contact op met Customer Care.</string>
  <string name="lockscreen_sim_locked_message">SIM-kaart is vergrendeld.</string>
  <string name="lockscreen_sim_unlock_progress_dialog_message">Ontgrendelen van de SIM-kaart</string>
  <string name="lockscreen_too_many_failed_attempts_dialog_message">Je hebt het unlock patroon %d keer niet goed ingevoerd. \n\nProbeer het opnieuw %d seconden.</string>
  <string name="lockscreen_failed_attempts_almost_glogin">Je hebt het unlockpatroon %d keer niet goed ingevoerd. Na %d mislukte pogingen, zal je worden gevraagd om je telefoon te ontgrendelen met je Google account.\n\n Probeer het opnieuw in %d seconden.</string>
  <string name="lockscreen_too_many_failed_attempts_countdown">Probeer het opnieuw in %d seconden.</string>
  <string name="lockscreen_forgot_pattern_button_text">Patroon vergeten?</string>
  <string name="lockscreen_glogin_forgot_pattern">Account ontgrendelen</string>
  <string name="lockscreen_glogin_too_many_attempts">Te veel patroon pogingen!</string>
  <string name="lockscreen_glogin_instructions">Om te ontgrendelen, meldt je aan met je Google-account</string>
  <string name="lockscreen_glogin_username_hint">Gebruikersnaam (e-mail)</string>
  <string name="lockscreen_glogin_password_hint">Wachtwoord</string>
  <string name="lockscreen_glogin_submit_button">Aanmelden</string>
  <string name="lockscreen_glogin_invalid_input">Ongeldige gebruikersnaam of wachtwoord.</string>
  <string name="lockscreen_glogin_checking_password">Controleren...</string>
  <string name="lockscreen_unlock_label">Ontgrendelen</string>
  <string name="lockscreen_sound_on_label">Geluid aan</string>
  <string name="lockscreen_sound_off_label">Geluid uit</string>
  <string name="password_keyboard_label_symbol_key">\?123</string>
  <string name="password_keyboard_label_alpha_key">ABC</string>
  <string name="password_keyboard_label_alt_key">ALT</string>
  <string name="hour_ampm">%-L%P</string>
  <string name="hour_cap_ampm">%-l%p</string>
  <string name="status_bar_clear_all_button">Wissen</string>
  <string name="status_bar_no_notifications_title">Geen notificaties</string>
  <string name="status_bar_ongoing_events_title">Lopende</string>
  <string name="status_bar_latest_events_title">Notificaties</string>
  <string name="battery_status_text_percent_format">%d%%</string>
  <string name="battery_status_charging">Opladen...</string>
  <string name="battery_low_title">Sluit de lader aan</string>
  <string name="battery_low_subtitle">De batterij is bijna leeg:</string>
  <string name="battery_low_percent_format">%d%% of minder resterende capaciteit.</string>
  <string name="battery_low_why">Batterij gebruik</string>
  <string name="factorytest_failed">Fabriekstest is mislukt</string>
  <string name="factorytest_not_system">De FACTORY_TEST actie is alleen ondersteund voor pakketten geïnstalleerd in /system/app.</string>
  <string name="factorytest_no_action">Geen pakket werd vastgesteld dat voorziet in de FACTORY_TEST actie.</string>
  <string name="factorytest_reboot">Herstarten</string>
  <string name="web_user_agent">Mozilla/5.0 (Linux; U; Android %s) AppleWebKit/533.1 (KHTML, zoals Gecko) Versie/4.0 Mobile Safari/533.1</string>
  <string name="js_dialog_title">De pagina op\'%s\&#39; zegt:</string>
  <string name="js_dialog_title_default">JavaScript</string>
  <string name="js_dialog_before_unload">Wil je navigeren vanaf deze pagina?\n\n%s\n\nSelect OK om door te gaan of klik op Annuleren om te verblijven op de huidige pagina.</string>
  <string name="save_password_label">Bevestigen</string>
  <string name="double_tap_toast">Tip: dubbel klik om in-en uitzoomen.</string>
  <string name="permlab_readHistoryBookmarks">Lees Browser geschiedenis en bladwijzers</string>
  <string name="permdesc_readHistoryBookmarks">Hiermee kan de toepassing alle URL\'s die de browser heeft bezocht en alle favorieten lezen.</string>
  <string name="permlab_writeHistoryBookmarks">Schrijf Browser geschiedenis en bladwijzers</string>
  <string name="permdesc_writeHistoryBookmarks">Hiermee sta je toe dat een toepassing de browser geschiedenis of favorieten wijzigt. Schadelijke toepassingen kunnen dit gebruiken om deze gegevens te wissen of te wijzigen.</string>
  <string name="permlab_writeGeolocationPermissions">Wijzig Browser geolocatie machtigingen</string>
  <string name="permdesc_writeGeolocationPermissions">Hiermee kan een aanvraag in bij de Browser te wijzigen geolocatie machtigingen. Schadelijke toepassingen kunnen dit gebruiken om het verzenden van informatie over de locatie van willekeurige websites.</string>
  <string name="save_password_message">Wilt u dat de browser dit wachtwoord te onthoudt?</string>
  <string name="save_password_notnow">Nu niet</string>
  <string name="save_password_remember">Onthouden</string>
  <string name="save_password_never">Nooit</string>
  <string name="open_permission_deny">Je hebt geen toestemming om deze pagina te openen.</string>
  <string name="text_copied">Tekst gekopieerd naar klembord.</string>
  <string name="more_item_label">Meer</string>
  <string name="prepend_shortcut_label">Menu+</string>
  <string name="menu_space_shortcut_label">Spatie</string>
  <string name="menu_enter_shortcut_label">enter</string>
  <string name="menu_delete_shortcut_label">Verwijderen</string>
  <string name="oneMonthDurationPast">1 maand geleden</string>
  <string name="beforeOneMonthDurationPast">Vóór 1 maand geleden</string>
  <string name="last_month">Vorige maand</string>
  <string name="older">Ouder</string>
  <string name="preposition_for_date">op %s</string>
  <string name="preposition_for_time">op %s</string>
  <string name="preposition_for_year">in %s</string>
  <string name="day">dag</string>
  <string name="days">dagen</string>
  <string name="hour">Uur</string>
  <string name="hours">Uren</string>
  <string name="minute">min</string>
  <string name="minutes">minuten</string>
  <string name="second">sec</string>
  <string name="seconds">seconden</string>
  <string name="week">week</string>
  <string name="weeks">Weken</string>
  <string name="year">Jaar</string>
  <string name="years">Jaren</string>
  <string name="relative_time">%1$s, %2$s</string>
  <string name="noon">Middag</string>
  <string name="Noon">Middag</string>
  <string name="midnight">Middernacht</string>
  <string name="Midnight">Middernacht</string>
  <string name="elapsed_time_short_format_mm_ss">%1$02d:%2$02d</string>
  <string name="elapsed_time_short_format_h_mm_ss">%1$d:%2$02d:%3$02d</string>
  <string name="selectText">Tekst selecteren</string>
  <string name="stopSelectingText">Stoppen met het selecteren van tekst</string>
  <string name="cutAll">Knip alle</string>
  <string name="copyAll">Kopieer Alles</string>
  <string name="inputMethod">Invoermethode</string>
  <string name="addToDictionary">Toevoegen\"%s\"aan woordenboek</string>
  <string name="editTextMenuTitle">Tekst bewerken</string>
  <string name="low_internal_storage_view_title">Weinig ruimte</string>
  <string name="low_internal_storage_view_text">Telefoon opslagruimte wordt laag.</string>
  <string name="capital_on">Aan</string>
  <string name="capital_off">Uit</string>
  <string name="whichApplication">Voltooi actie met</string>
  <string name="alwaysUse">Gebruik standaard voor deze actie.</string>
  <string name="clearDefaultHintMsg">Wis standaard in Home Instellingen&gt; Toepassingen&gt; Toepassingen beheren.</string>
  <string name="chooseActivity">Selecteer een actie</string>
  <string name="noApplications">Geen toepassingen om deze actie uitvoeren.</string>
  <string name="aerr_title">Helaas!</string>
  <string name="aerr_application">De toepassing %1$s (proces %2$s)is onverwachts gestopt. Probeer het opnieuw.</string>
  <string name="aerr_process">Het proces %1$s is onverwachts gestopt. Probeer het opnieuw.</string>
  <string name="anr_title">Helaas!</string>
  <string name="anr_activity_application">Activiteit %1$s (in toepassing %2$s) reageert niet.</string>
  <string name="anr_activity_process">Activity %1$s (in proces %2$s) reageert niet.</string>
  <string name="anr_application_process">Toepassing %1$s (in het proces %2$s) reageert niet.</string>
  <string name="anr_process">Proces %1$s reageert niet.</string>
  <string name="force_close">Geforceerd sluiten</string>
  <string name="report">Rapport</string>
  <string name="wait">Wachten</string>
  <string name="sendText">Selecteer een actie voor tekst</string>
  <string name="volume_ringtone">Belvolume</string>
  <string name="volume_music">Mediavolume</string>
  <string name="volume_music_hint_playing_through_bluetooth">Afspelen via Bluetooth</string>
  <string name="volume_music_hint_silent_ringtone_selected">Stille ringtone geselecteerd</string>
  <string name="volume_call">Inkomend gesprek volume</string>
  <string name="volume_bluetooth_call">Bluetooth belvolume</string>
  <string name="volume_alarm">Alarmvolume</string>
  <string name="volume_notification">Notificatie volume</string>
  <string name="volume_unknown">Volume</string>
  <string name="ringtone_default">Standaard ringtone</string>
  <string name="ringtone_default_with_actual">Standaard ringtone (%1$s)</string>
  <string name="ringtone_silent">Stil</string>
  <string name="ringtone_picker_title">Beltonen</string>
  <string name="ringtone_unknown">Onbekend ringtone</string>
  <string name="wifi_tether_configure_ssid_default">AndroidAP</string>
  <string name="select_character">Voer character in</string>
  <string name="sms_control_default_app_name">Onbekende toepassing</string>
  <string name="sms_control_title">Versturen van SMS berichten</string>
  <string name="sms_control_message">Een groot aantal SMS-berichten wordt verzonden. Selecteer\"OK\" om door te gaan, of\"Annuleren\"om stoppen met uitzenden.</string>
  <string name="sms_control_yes">确认</string>
  <string name="sms_control_no">Annuleren</string>
  <string name="date_time_set">设定</string>
  <string name="default_permission_group">Standaard</string>
  <string name="permissions_format">%1$s, %2$s</string>
  <string name="no_permissions">Geen machtigingen vereist</string>
  <string name="perms_hide">Verbergen</string>
  <string name="perms_show_all">Alles weergeven</string>
  <string name="usb_storage_activity_title">USB massaopslag</string>
  <string name="usb_storage_title">USB aangesloten</string>
  <string name="usb_storage_message">Je hebt je telefoon aan je computer via USB gekoppeld. Selecteer de knop hieronder als je bestanden wilt uitwisselen tussen je computer en je SD-kaart.</string>
  <string name="usb_storage_button_mount">USB-opslag uitschakelen</string>
  <string name="usb_storage_error_message">Er is een probleem met uw SD-kaart voor USB-opslag.</string>
  <string name="usb_storage_notification_title">USB aangesloten</string>
  <string name="usb_storage_notification_message">Selecteer deze optie om bestanden te kopiëren van/naar uw computer.</string>
  <string name="usb_storage_stop_notification_title">USB-opslag uitschakelen</string>
  <string name="usb_storage_stop_notification_message">Selecteer deze optie om USB-opslag uit te schakelen .</string>
  <string name="usb_storage_stop_title">USB-opslag in gebruik</string>
  <string name="usb_storage_stop_message">Voordat je USB-opslag uitschakelt, zorg ervoor dat je SD-kaart van je pc is ontkoppeld</string>
  <string name="usb_storage_stop_button_mount">USB-opslag uitschakelen</string>
  <string name="usb_storage_stop_error_message">Er was een probleem het uitschakelen van USB-opslag. Controleer of de USB-host onkoppeld is en probeer het opnieuw.</string>
  <string name="dlg_confirm_kill_storage_users_title">Inschakelen van USB-opslag</string>
  <string name="dlg_confirm_kill_storage_users_text">Als je USB-oplag inschakeld, zullen sommige toepassingen stoppen en niet beschikbaar zijn totdat je USB-oplag uitschakeld.</string>
  <string name="dlg_error_title">USB-bewerking is mislukt</string>
  <string name="dlg_ok">确认</string>
  <string name="extmedia_format_title">SD-kaart formatteren</string>
  <string name="extmedia_format_message">Weet je zeker dat je de SD-kaart wil formateren? Alle gegevens op uw kaart gaan verloren.</string>
  <string name="extmedia_format_button_format">Formateer</string>
  <string name="adb_active_notification_title">USB foutopsporing aangesloten</string>
  <string name="adb_active_notification_message">Uitschakelen van USB debugging.</string>
  <string name="locale_replacement">Taal veranderen</string>
  <string name="select_input_method">选择 输入 模式</string>
  <string name="fast_scroll_alphabet">\U0020ABCDEFGHIJKLMNOPQRSTUVWXYZ</string>
  <string name="fast_scroll_numeric_alphabet">\U00200123456789ABCDEFGHIJKLMNOPQRSTUVWXYZ</string>
  <string name="candidates_style">kandidaten</string>
  <string name="ext_media_checking_notification_title">Voorbereiden van SD-kaart</string>
  <string name="ext_media_checking_notification_message">检查 SD 卡</string>
  <string name="ext_media_nofs_notification_title">空白 SD 卡</string>
  <string name="ext_media_nofs_notification_message">SD 卡 无法 读取 或 无法 支援 其 档案 系统</string>
  <string name="ext_media_unmountable_notification_title">无法 读取 SD 卡</string>
  <string name="ext_media_unmountable_notification_message">无法 挂载 SD 档案 系统</string>
  <string name="ext_media_badremoval_notification_title">SD-kaart onverwachts verwijderd</string>
  <string name="ext_media_badremoval_notification_message">Ontkoppel SD-kaart voordat u verwijdert om gegevens verlies te voorkomen.</string>
  <string name="ext_media_safe_unmount_notification_title">SD-kaart kan veilig verwijderd worden</string>
  <string name="ext_media_safe_unmount_notification_message">SD 可以 安全 移除</string>
  <string name="ext_media_nomedia_notification_title">移除 SD 卡</string>
  <string name="ext_media_nomedia_notification_message">请 安装 SD 卡</string>
  <string name="activity_list_empty">Geen passende activiteiten gevonden</string>
  <string name="permlab_pkgUsageStats">component gebruik statistieken bijwerken</string>
  <string name="permdesc_pkgUsageStats">Hiermee kan de wijziging van de verzamelde onderdeel gebruiksstatistieken. Niet voor gebruik door normale toepassingen.</string>
  <string name="permlab_copyProtectedData">Maakt het mogelijk om standaard container service aan te roepen om de inhoud te kopiëren Niet voor gebruik door normale toepassingen.</string>
  <string name="permdesc_copyProtectedData">Maakt het mogelijk om standaard container service aan te roepen om de inhoud te kopiëren. Niet voor gebruik door normale toepassingen.</string>
  <string name="tutorial_double_tap_to_zoom_message_short">Tik tweemaal om in of uit te zoomen</string>
  <string name="gadget_host_error_inflating">Fout bij het opblazen van widget</string>
  <string name="ime_action_go">Ga</string>
  <string name="ime_action_search">Zoeken</string>
  <string name="ime_action_send">Verzenden</string>
  <string name="ime_action_next">Volgende</string>
  <string name="ime_action_done">Klaar</string>
  <string name="ime_action_default">Uitvoeren</string>
  <string name="dial_number_using">Bel nummer\ngebruik %s</string>
  <string name="create_contact_using">Maak contact\ngebruik %s</string>
  <string name="accessibility_compound_button_selected">Aangevinkt</string>
  <string name="accessibility_compound_button_unselected">niet aangevinkt</string>
  <string name="grant_credentials_permission_message_header">De volgende app(s) vragen toegang tot uw account, voor nu en in de toekomst.</string>
  <string name="grant_credentials_permission_message_footer">Wilt u dit verzoek toestaan?</string>
  <string name="grant_permissions_header_text">Toegangsaanvraag</string>
  <string name="allow">Toestaan</string>
  <string name="deny">Weigeren</string>
  <string name="permission_request_notification_title">Toestemming gevraagd</string>
  <string name="permission_request_notification_with_subtitle">Toestemming gevraagd\nvoor account %s</string>
  <string name="input_method_binding_label">Invoermethode</string>
  <string name="sync_binding_label">Synchroniseren</string>
  <string name="accessibility_binding_label">Toegankelijkheidsinstellingen</string>
  <string name="wallpaper_binding_label">Achtergrond</string>
  <string name="chooser_wallpaper">Achtergrond wijzigen</string>
  <string name="alternate_eri_file">/data/eri.xml</string>
  <string name="pptp_vpn_description">Point-to-Point Tunneling Protocol</string>
  <string name="l2tp_vpn_description">Layer 2 Tunneling Protocol</string>
  <string name="l2tp_ipsec_psk_vpn_description">Pre-shared key basis L2TP/IPSec VPN</string>
  <string name="l2tp_ipsec_crt_vpn_description">Certificaat op basis van L2TP/IPSec VPN</string>
  <string name="upload_file">Kies Bestand</string>
  <string name="reset">Opnieuw</string>
  <string name="submit">Klaar</string>
  <string name="description_star">Favoriet</string>
  <string name="car_mode_disable_notification_title">Auto modus ingeschakeld</string>
  <string name="car_mode_disable_notification_message">Selecteer om auto modus te verlaten.</string>
  <string name="tethered_notification_title">Tethering of hotspot actief</string>
  <string name="tethered_notification_message">Tik om te configureren</string>
  <string name="throttle_warning_notification_title">Hoog mobiel dataverbruik</string>
  <string name="throttle_warning_notification_message">Tik om meer te leren over mobiel datagebruik</string>
  <string name="throttled_notification_title">Mobiele datalimiet overschreden</string>
  <string name="throttled_notification_message">Tik om meer te leren over mobiel dataverbruik</string>
  <string name="openvpn_vpn_description">OpenVPN SSL VPN</string>
  <string name="lockscreen_dial_label">Kies dialer</string>
  <string name="lockscreen_mms_label">Berichten</string>
  <string name="status_bar_back_to_call">Tik hier om terug te bellen</string>
  <string name="lockscreen_bottom_hint">Schuif omlaag om te ontgrendelen</string>
  <string name="lockscreen_unlock_hint">Laat los om te ontgrendelen</string>
  <string name="unknown">Onbekend</string>
  <string name="private_num">Privénummer</string>
  <string name="payphone">Telefooncel</string>
  <string name="callNoAnswerTimeFormat">%s keer overgaan</string>
  <string name="callDetailsDurationFormat">%1$s minuten %2$s seconden</string>
  <string name="date_day">Dag</string>
  <string name="status_bar_battery_low_notification">Batterij raakt leeg</string>
  <string name="status_bar_battery_low_notification_button">Energieinstellingen</string>
  <string name="status_bar_button_wifi">Draadloos netwerk</string>
  <string name="status_bar_button_apn">2G/3G</string>
  <string name="status_bar_button_bluetooth">Bluetooth</string>
  <string name="status_bar_button_rotate">Roteren</string>
  <string name="status_bar_button_brightness">Helderheid</string>
  <string name="status_bar_button_ringer_normal">Geluid</string>
  <string name="status_bar_button_ringer_vibrate">Trillen</string>
  <string name="status_bar_button_ringer_mute">Stil</string>
  <string name="status_bar_button_gps">GPS</string>
  <string name="status_bar_button_sync">Synchroniseren</string>
  <string name="status_bar_button_cpu">CPU-frequentie verlagen</string>
  <string name="status_bar_button_vibrate">Trillen</string>
  <string name="status_bar_button_flight_mode">Vliegtuigmodus</string>
  <string name="status_bar_button_reboot">Herstarten</string>
  <string name="status_bar_button_shutdown">Afsluiten</string>
  <string name="recent_dialog_buttonAppKiller_summary">MIUI为您释放了 %1$s 内存。\n当前可用内存：%2$s</string>
  <string name="recent_dialog_buttonAppKiller">Geheugen vrijmaken</string>
  <string name="recent_dialog_buttonTaskManager">Taakbeheer</string>
  <string name="theme_changing_dialog_title">Voorbereiden van nieuwe stijl van icoon</string>
  <string name="theme_changed_dialog_title">Icoon Stijl</string>
  <string name="theme_changed_dialog_message">At present may in the tabletop preview effect, suggest that restarts the handset to guarantee the overall situation renewal</string>
</resources>
