<?xml version="1.0" encoding="utf-8"?>
<!--Generated by crowdin.net-->
<resources>
  <string name="contactsIconLabel">Contacten</string>
  <string name="contactsFavoritesLabel">Favorieten</string>
  <string name="dialerIconLabel">Beller</string>
  <string name="emergencyDialerIconLabel">Noodgeval</string>
  <string name="phoneIconLabel">Telefoon</string>
  <string name="recentCallsIconLabel">Oproeplogboek</string>
  <string name="fdnListLabel">FDN-lijst</string>
  <string name="unknown">Onbekend</string>
  <string name="private_num">Prive-nummer</string>
  <string name="payphone">Betaal telefoon</string>
  <string name="onHold">In de wacht</string>
  <string name="ongoing">Huidige gesprek</string>
  <string name="callFailed_userBusy">Bezet</string>
  <string name="callFailed_congestion">Netwerk bezet</string>
  <string name="callFailed_noSignal">Geen signaal</string>
  <string name="callFailed_limitExceeded">ACM overschreden</string>
  <string name="callFailed_powerOff">Radio uit</string>
  <string name="callFailed_simError">Geen SIM of SIM-fout</string>
  <string name="callFailed_outOfService">Buiten bereik</string>
  <string name="callFailed_fdn_only">Uitgaande oproepen worden beperkt door FDN.</string>
  <string name="callFailed_cb_enabled">U kunt uitgaande oproepen niet maken wanneer nummerblokkering ingeschakeld is.</string>
  <string name="callFailed_dsac_restricted">Alle oproepen worden beperkt door toegang te controle.</string>
  <string name="callFailed_dsac_restricted_emergency">Nood oproepen zijn beperkt door toegangsbeheer.</string>
  <string name="callFailed_dsac_restricted_normal">Normale oproepen worden beperkt door toegang controle.</string>
  <string name="callFailed_cdma_lockedUntilPowerCycle">CDMA: Telefoon geblokkeerd totdat de stroom cyclus.</string>
  <string name="callFailed_cdma_drop">CDMA: Verbinding verbroken.</string>
  <string name="callFailed_cdma_intercept">CDMA: Call onderschept.</string>
  <string name="callFailed_cdma_reorder">CDMA: volgorde wijzigen.</string>
  <string name="callFailed_cdma_SO_reject">CDMA: Service optie verwerpen.</string>
  <string name="callFailed_cdma_retryOrder">CDMA: retry order.</string>
  <string name="callFailed_cdma_accessFailure">CDMA: Toegang mislukt.</string>
  <string name="callFailed_cdma_preempted">CDMA: afgebroken.</string>
  <string name="callFailed_cdma_notEmergency">Alleen Noodoproepen zijn mogelijk.</string>
  <string name="confCall">Conference call</string>
  <string name="call_lost">Gesprek is verloren gegaan.</string>
  <string name="retry">Opnieuw proberen</string>
  <string name="call_lost_title">Verbinding verbroken</string>
  <string name="mmiStarted">MMI-code begonnen</string>
  <string name="ussdRunning">USSD code draait...</string>
  <string name="mmiCancelled">MMI-code geannuleerd</string>
  <string name="cancel">Annuleren</string>
  <string name="menu_rejectCallAndSms">Ophangen en beantwoorden met SMS</string>
  <string name="menu_speaker">Luidspreker</string>
  <string name="menu_bluetooth">Bluetooth</string>
  <string name="menu_mute">Dempen</string>
  <string name="menu_hold">Wacht</string>
  <string name="menu_endCall">Gesprek beëindigen</string>
  <string name="menu_swapCalls">Wisselen van gesprekken</string>
  <string name="menu_mergeCalls">Samenvoegen van gesprekken</string>
  <string name="menu_addCall">Voeg oproep toe</string>
  <string name="menu_manageConference">Beheren van conference call</string>
  <string name="menu_showDialpad">Toon dialpad</string>
  <string name="menu_hideDialpad">Verberg dialpad</string>
  <string name="menu_answerAndHold">Behoud het huidige gesprek en antwoord</string>
  <string name="menu_answerAndEnd">Einde huidige oproep en antwoord</string>
  <string name="ok">Ok</string>
  <string name="menuButtonKeyboardDialHint">Druk op menu voor opties \u0020• \u0020Gebruik keyboard om te bellen</string>
  <string name="menu_answer">Antwoord</string>
  <string name="menu_ignore">Negeren</string>
  <string name="wait_prompt_str">De volgende tonen verzenden?\n</string>
  <string name="pause_prompt_str">Stuur tonen\n</string>
  <string name="send_button">Verzenden</string>
  <string name="pause_prompt_yes">Ja</string>
  <string name="pause_prompt_no">Nee</string>
  <string name="wild_prompt_str">Vervang het wilde karakter met</string>
  <string name="no_vm_number">Ontbrekende voicemailnummer</string>
  <string name="no_vm_number_msg">Geen voicemailnummer is opgeslagen op de SIM-kaart.</string>
  <string name="add_vm_number_str">Nummer toevoegen</string>
  <string name="dialer_emptyListWorking">Laden...</string>
  <string name="enterPin">Typ PIN-code om te ontgrendelen van SIM-kaart.</string>
  <string name="pinUnlocked">SIM-unlocked</string>
  <string name="enterNewPin">Nieuwe SIM-PIN-code</string>
  <string name="verifyNewPin">Type nieuwe SIM-PIN-code nogmaals om te bevestigen</string>
  <string name="verifyFailed">De SIM PIN-codes die je hebt getypt komen niet overeen. Probeer het opnieuw.</string>
  <string name="enterPuk">Type PIN-code om te ontgrendelen van SIM-kaart</string>
  <string name="badPuk">Onjuiste PUK-code!</string>
  <string name="buttonTxtContinue">Doorgaan</string>
  <string name="puk_unlocked">Uw SIM-kaart is gedeblokkeerd. Je telefoon aan het ontgrendelen...</string>
  <string name="label_ndp">SIM-unlock-netwerk-PIN</string>
  <string name="sim_ndp_unlock_text">Vrijgeven</string>
  <string name="sim_ndp_dismiss_text">Afwijzen</string>
  <string name="requesting_unlock">Verzoeken netwerk unlock...</string>
  <string name="unlock_failed">Netwerk unlock verzoek afgewezen.</string>
  <string name="unlock_success">Netwerk ontgrendelen succesvol.</string>
  <string name="imei">IMEI</string>
  <string name="meid">MEID</string>
  <string name="labelGSMMore">GSM-oproep instellingen</string>
  <string name="labelCDMAMore">CDMA oproep instellingen</string>
  <string name="apn_settings">Access Point Namen</string>
  <string name="settings_label">Netwerkinstellingen</string>
  <string name="voicemail">Voicemail</string>
  <string name="voicemail_abbreviated">VM:</string>
  <string name="networks">Netbeheerders</string>
  <string name="call_settings">Oproepinstellingen</string>
  <string name="additional_gsm_call_settings">Aanvullende instellingen</string>
  <string name="sum_gsm_call_settings">Bijkomende GSM alleen bellen instellingen</string>
  <string name="additional_cdma_call_settings">Aanvullende CDMA oproep instellingen</string>
  <string name="sum_cdma_call_settings">Aanvullende CDMA alleen bellen instellingen</string>
  <string name="labelNwService">Netwerk service-instellingen</string>
  <string name="labelCallerId">Beller-ID</string>
  <string name="sum_hide_caller_id">Nummer verborgen in uitgaande oproepen</string>
  <string name="sum_show_caller_id">Nummer weergegeven bij uitgaande gesprekken</string>
  <string name="sum_default_caller_id">Gebruik standaard operator-instellingen om mijn nummer bij uitgaande gesprekken weer te geven</string>
  <string name="labelCW">Oproep in wachtrij</string>
  <string name="sum_cw_enabled">Tijdens een gesprek melden van inkomende oproepen</string>
  <string name="sum_cw_disabled">Tijdens een gesprek niet melden van inkomende oproepen</string>
  <string name="call_forwarding_settings">Doorschakel instellingen</string>
  <string name="labelCF">Oproepdoorschakeling</string>
  <string name="labelCFU">Altijd doorschakelen</string>
  <string name="messageCFU">Altijd gebruik maken van dit nummer</string>
  <string name="sum_cfu_enabled_indicator">Alle oproepen doorschakelen</string>
  <string name="sum_cfu_enabled">Alle gesprekken doorsturen naar {0}</string>
  <string name="sum_cfu_enabled_no_number">Nummer is niet beschikbaar</string>
  <string name="sum_cfu_disabled">Uitgeschakeld</string>
  <string name="labelCFB">Doorsturen indien in gesprek</string>
  <string name="messageCFB">Nummer bij bezet</string>
  <string name="sum_cfb_enabled">Doorsturen naar {0}</string>
  <string name="sum_cfb_disabled">Uitgeschakeld</string>
  <string name="disable_cfb_forbidden">Uw provider biedt geen ondersteuning voor het uitschakelen van het doorverbinden van gesprekken als uw telefoon bezet is.</string>
  <string name="labelCFNRy">Doorsturen indien onbeantwoord</string>
  <string name="messageCFNRy">Nummer wanneer onbeantwoord</string>
  <string name="sum_cfnry_enabled">Doorsturen naar {0}</string>
  <string name="sum_cfnry_disabled">Uitgeschakeld</string>
  <string name="disable_cfnry_forbidden">Uw provider biedt geen ondersteuning voor het uitschakelen van het doorverbinden van gesprekken wanneer uw telefoon niet antwoord.</string>
  <string name="labelCFNRc">Doorsturen indien onbereikbaar</string>
  <string name="messageCFNRc">Nummer indien onbereikbaar</string>
  <string name="sum_cfnrc_enabled">Doorsturen naar {0}</string>
  <string name="sum_cfnrc_disabled">Uitgeschakeld</string>
  <string name="disable_cfnrc_forbidden">Uw provider biedt geen ondersteuning voor het uitschakelen van het doorverbinden van gesprekken als uw telefoon onbereikbaar is.</string>
  <string name="updating_title">Oproepinstellingen</string>
  <string name="error_updating_title">Oproep-instellingen fout</string>
  <string name="reading_settings">Lezen van instellingen...</string>
  <string name="updating_settings">Bijwerken van instellingen...</string>
  <string name="reverting_settings">Terugdraaien instellingen...</string>
  <string name="response_error">Onverwachte reactie van netwerk.</string>
  <string name="exception_error">Netwerk of SIM-kaart fout.</string>
  <string name="radio_off_error">Gelievede radio aan te zetten voor het bekijken van deze instellingen.</string>
  <string name="close_dialog">Ok</string>
  <string name="enable">Inschakelen</string>
  <string name="disable">Uitschakelen</string>
  <string name="change_num">Update</string>
  <string name="vm_save_number">Voicemailnummer opslaan</string>
  <string name="vm_changed">Voicemailnummer veranderd.</string>
  <string name="vm_change_failed">Voicemailnummer wijzigen mislukt.\nneem contact op met uw vervoerder als dit probleem aanhoudt.</string>
  <string name="fw_change_failed">Doorschakelnummer wijzigen mislukt\nneem contact op met uw vervoerder als dit probleem aanhoudt.</string>
  <string name="fw_get_in_vm_failed">Mislukt om doorschakelfunctie op te halen en in te stellen.\nWilt u toch overschakelen naar de nieuwe provider?</string>
  <string name="no_change">Er zijn geen wijzigingen aangebracht.</string>
  <string name="sum_voicemail_choose_provider">Kies voicemail-service</string>
  <string name="voicemail_default">Mijn provider</string>
  <string name="mobile_networks">Mobiel netwerk instellingen</string>
  <string name="label_available">Beschikbare netwerken</string>
  <string name="load_networks_progress">Zoeken…</string>
  <string name="empty_networks_list">Geen netwerken gevonden.</string>
  <string name="search_networks">Zoek netwerken</string>
  <string name="network_query_error">Fout bij het zoeken naar netwerken.</string>
  <string name="register_on_network">Registreren op %s...</string>
  <string name="not_allowed">Je SIM-kaart kan geen verbinding maken met dit netwerk.</string>
  <string name="connect_later">Niet in staat om verbinding te maken met dit netwerk op dit moment. Probeer het later opnieuw.</string>
  <string name="registration_done">Geregistreerd op het netwerk.</string>
  <string name="sum_carrier_select">Selecteer een netbeheerder</string>
  <string name="sum_search_networks">Zoeken naar alle beschikbare netwerken</string>
  <string name="select_automatically">Automatisch selecteren</string>
  <string name="sum_select_automatically">Selecteert automatisch de voorkeursnetwerk</string>
  <string name="register_automatically">Automatische registratie ...</string>
  <string name="preferred_network_mode_title">Netwerkmodus</string>
  <string name="preferred_network_mode_summary">Verander het netwerk bedrijfsmodus</string>
  <string name="preferred_network_mode_dialogtitle">Aanbevolen netwerk modus</string>
  <string name="data_enabled">Data ingeschakeld</string>
  <string name="data_enable_summary">Data toegang via mobiele net erk inschakelen</string>
  <string name="roaming">Data roaming</string>
  <string name="roaming_enable">Verbinding maken met data services bij roaming</string>
  <string name="roaming_disable">Uitschakelen van data service tijdens roaming</string>
  <string name="roaming_reenable_message">Je hebt data connectie verloren, omdat je het thuisnetwerk hebt verlaten en data roaming is uitgeschakeld.</string>
  <string name="roaming_warning">Toestaan van dataroaming? Aanzienlijke roamingtarieven kunnen in rekening worden gebracht!</string>
  <string name="gsm_umts_options">GSM/UMTS opties</string>
  <string name="cdma_options">CDMA Opties</string>
  <string name="throttle_data_usage">Datagebruik</string>
  <string name="throttle_settings_title">Provider data policy</string>
  <string name="throttle_current_usage">Data verbruikt in de huidige periode</string>
  <string name="throttle_time_frame">Data gebruik periode</string>
  <string name="throttle_rate">Datasnelheid beleid</string>
  <string name="throttle_help">Meer informatie</string>
  <string name="throttle_status_subtext">%1$s (%2$d٪) of %3$s periode maximaal\nVolgende periode start in %4$d dagen (%5$s)</string>
  <string name="throttle_data_usage_subtext">%1$s (%2$d٪) of %3$s periode maximaal</string>
  <string name="throttle_data_rate_reduced_subtext">%1$s maximaal overschrijding van\nData verlaagd naar %2$d Kb/s</string>
  <string name="throttle_time_frame_subtext">%1$d% van de cyclus verstreken\nVolgende periode begint in %2$d dagen (%3$s)</string>
  <string name="throttle_rate_subtext">Datasnelheid verlaagd tot %1$d Kb/s als datalimiet is overschreden</string>
  <string name="throttle_help_subtext">Meer informatie over uw provider mobiele netwerk data use policy</string>
  <string name="cdma_cell_broadcast_sms">Cell Broadcast SMS</string>
  <string name="cell_broadcast_sms">Cell Broadcast SMS</string>
  <string name="enable_disable_cell_bc_sms">Cell Broadcast SMS</string>
  <string name="cell_bc_sms_enable">Cell Broadcast SMS-functie</string>
  <string name="cell_bc_sms_disable">Cel uitzending SMS uitgeschakeld</string>
  <string name="cb_sms_settings">Cell Broadcast SMS-instellingen</string>
  <string name="enable_disable_emergency_broadcast">Noodgeval Broadcast</string>
  <string name="emergency_broadcast_enable">Emergency Broadcast ingeschakeld</string>
  <string name="emergency_broadcast_disable">Nood broadcast uitgeschakeld</string>
  <string name="enable_disable_administrative">Administratief</string>
  <string name="administrative_enable">Administratie ingeschakeld</string>
  <string name="administrative_disable">Administratie uitgeschakeld</string>
  <string name="enable_disable_maintenance">Onderhoud</string>
  <string name="maintenance_enable">Onderhoud ingeschakeld</string>
  <string name="maintenance_disable">Onderhoud uitgeschakeld</string>
  <string name="general_news_settings">Algemeen Nieuws</string>
  <string name="bf_news_settings">Zakelijke en financieel nieuws</string>
  <string name="sports_news_settings">Sport Nieuws</string>
  <string name="entertainment_news_settings">Entertainment Nieuws</string>
  <string name="enable_disable_local">Lokaal</string>
  <string name="local_enable">Lokaal nieuws ingeschakeld</string>
  <string name="local_disable">Lokaal nieuws uitgeschakeld</string>
  <string name="enable_disable_regional">Regionaal</string>
  <string name="regional_enable">Regionaal nieuws ingeschakeld</string>
  <string name="regional_disable">Regionaal nieuws uitgeschakeld</string>
  <string name="enable_disable_national">Nationaal</string>
  <string name="national_enable">Nationaal nieuws ingeschakeld</string>
  <string name="national_disable">Nationaal nieuws uitgeschakeld</string>
  <string name="enable_disable_international">Internationaal</string>
  <string name="international_enable">Internationaal nieuws ingeschakeld</string>
  <string name="international_disable">Internationaal nieuws uitgeschakeld</string>
  <string name="list_language_title">Taal</string>
  <string name="list_language_summary">Selecteer taal voor nieuws</string>
  <string name="list_language_dtitle">Talen</string>
  <string name="enable_disable_local_weather">Lokaal weer</string>
  <string name="local_weather_enable">Lokaal weer ingeschakeld</string>
  <string name="local_weather_disable">Lokaal weer uitgeschakeld</string>
  <string name="enable_disable_atr">Verkeersberichten</string>
  <string name="atr_enable">Verkeersberichten ingeschakeld</string>
  <string name="atr_disable">Verkeersberichten uitgeschakeld</string>
  <string name="enable_disable_lafs">Vluchttijden voor lokaal vliegveld</string>
  <string name="lafs_enable">Lokale Airport Vlucht Schema\'s ingeschakeld</string>
  <string name="lafs_disable">Lokale Airport Vlucht Schema\'s uigeschakeld</string>
  <string name="enable_disable_restaurants">Restaurants</string>
  <string name="restaurants_enable">Restaurants ingeschakeld</string>
  <string name="restaurants_disable">Restaurants uitgeschakeld</string>
  <string name="enable_disable_lodgings">Lodgings</string>
  <string name="lodgings_enable">Lodgings ingeschakeld</string>
  <string name="lodgings_disable">Lodgings uitgeschakeld</string>
  <string name="enable_disable_retail_directory">Retail Gids</string>
  <string name="retail_directory_enable">Retail Directory is ingeschakeld</string>
  <string name="retail_directory_disable">Retail Directory uitgeschakeld</string>
  <string name="enable_disable_advertisements">Advertenties</string>
  <string name="advertisements_enable">Advertenties ingeschakeld</string>
  <string name="advertisements_disable">Advertenties uitgeschakeld</string>
  <string name="enable_disable_stock_quotes">Aandelenkoersen</string>
  <string name="stock_quotes_enable">Aandelenkoersen ingeschakeld</string>
  <string name="stock_quotes_disable">Aandelenkoersen uitgeschakeld</string>
  <string name="enable_disable_eo">Vacatures</string>
  <string name="eo_enable">Vacatures ingeschakeld</string>
  <string name="eo_disable">Vacatures uitgeschakeld</string>
  <string name="enable_disable_mhh">Medische, Volksgezondheid en Ziekenhuis</string>
  <string name="mhh_enable">Medisch, gezondheid en ziekenhuis ingeschakeld</string>
  <string name="mhh_disable">Medisch, gezondheid en ziekenhuis uitgeschakeld</string>
  <string name="enable_disable_technology_news">Technologie Nieuws</string>
  <string name="technology_news_enable">Technologie Nieuws ingeschakeld</string>
  <string name="technology_news_disable">Technologie nieuws uitgeschakeld</string>
  <string name="enable_disable_multi_category">Multi-categorie</string>
  <string name="multi_category_enable">Multi-categorie ingeschakeld</string>
  <string name="multi_category_disable">Multi-category uitgeschakeld</string>
  <string name="gsm_umts_network_preferences_title">GSM / UMTS-netwerk Voorkeuren</string>
  <string name="gsm_umts_network_preferneces_summary">Nog niet geïmplementeerd!</string>
  <string name="gsm_umts_network_preferences_dialogtitle">GSM / UMTS-netwerk voorkeuren</string>
  <string name="prefer_2g">Gebruik alleen 2G-netwerken</string>
  <string name="prefer_2g_summary">Spaart de batterij</string>
  <string name="cdma_system_select_title">Selecteer systeem</string>
  <string name="cdma_system_select_summary">Wijzig de CDMA roaming-modus</string>
  <string name="cdma_system_select_dialogtitle">Selecteer systeem</string>
  <string name="cdma_roaming_mode_title">CDMA Roaming Mode</string>
  <string name="cdma_roaming_mode_summary">Wijzig de CDMA roaming-modus</string>
  <string name="cdma_roaming_mode_dialogtitle">CDMA roaming-modus</string>
  <string name="cdma_network_preferences_title">CDMA-netwerk Voorkeuren</string>
  <string name="cdma_network_preferneces_summary">Nog niet ingeprogrammeerd!</string>
  <string name="cdma_network_preferences_dialogtitle">CDMA-netwerk voorkeuren</string>
  <string name="subscription_title">CDMA Abonnement TEST</string>
  <string name="subscription_summary">Wisselen tussen RUIM/SIM en NV</string>
  <string name="subscription_dialogtitle">Beschrijving</string>
  <string name="fdn">Vaste nummers</string>
  <string name="manage_fdn_list">FDN-lijst</string>
  <string name="fdn_activation">FDN-activatie</string>
  <string name="fdn_enabled">Vaste nummers zijn ingeschakeld</string>
  <string name="fdn_disabled">Vaste nummers zijn uitgeschakeld</string>
  <string name="enable_fdn">FDN inschakelen</string>
  <string name="disable_fdn">Uitschakelen van FDN</string>
  <string name="change_pin2">PIN2 wijzigen</string>
  <string name="enable_fdn_ok">Uitschakelen van FDN</string>
  <string name="disable_fdn_ok">FDN inschakelen</string>
  <string name="sum_fdn">Beheer vaste nummers</string>
  <string name="sum_fdn_change_pin">PIN wijzigen voor FDN-toegang</string>
  <string name="sum_fdn_manage_list">Beheren van lijst met telefoonnummers</string>
  <string name="voice_privacy">Gespreks privacy</string>
  <string name="voice_privacy_summary">Maak een betere privacy-modus</string>
  <string name="tty_mode_title">TTY-modus</string>
  <string name="tty_mode_summary">TTY-modus inschakelen</string>
  <string name="tty_mode_option_title">TTY-modus</string>
  <string name="tty_mode_option_summary">Stel TTY-modus</string>
  <string name="auto_retry_mode_title">Automatisch opnieuw proberen</string>
  <string name="auto_retry_mode_summary">Modus automatisch opnieuw inschakelen</string>
  <string name="menu_add">Contact toevoegen</string>
  <string name="menu_edit">Contactpersoon bewerken</string>
  <string name="menu_delete">Contactpersoon verwijderen</string>
  <string name="get_pin2">Voer PIN2</string>
  <string name="name">Naam</string>
  <string name="number">Nummer</string>
  <string name="save">Opslaan</string>
  <string name="add_fdn_contact">Toevoegen vaste nummers</string>
  <string name="adding_fdn_contact">Toevoegen van vaste nummers...</string>
  <string name="fdn_contact_added">Vaste nummers toegevoegd.</string>
  <string name="edit_fdn_contact">Edit vaste nummers</string>
  <string name="updating_fdn_contact">Actualisering van vaste nummers...</string>
  <string name="fdn_contact_updated">Vaste nummers bijgewerkt.</string>
  <string name="delete_fdn_contact">Verwijderen van vaste nummers</string>
  <string name="deleting_fdn_contact">Verwijderen van vaste nummers...</string>
  <string name="fdn_contact_deleted">Vaste nummers geschrapt.</string>
  <string name="pin2_invalid">FDN niet bijgewerkt: je hebt een onjuiste PIN-code ingegevens.</string>
  <string name="fdn_invalid_number">FDN niet bijgewerkt: nummer kan niet hoger zijn dan 20 cijfers.</string>
  <string name="simContacts_emptyLoading">Lezen van SIM-kaart...</string>
  <string name="simContacts_empty">Geen contacten op uw SIM-kaart.</string>
  <string name="simContacts_title">Selecteer contacten importeren</string>
  <string name="enable_pin">Inschakelen/uitschakelen SIM PIN-code</string>
  <string name="change_pin">SIM-pincode wijzigen</string>
  <string name="enter_pin_text">SIM-PIN:</string>
  <string name="oldPinLabel">Oude PIN-code</string>
  <string name="newPinLabel">Nieuwe PIN-code</string>
  <string name="confirmPinLabel">Bevestig nieuwe PIN-code</string>
  <string name="badPin">De oude PIN die u heeft ingevoerd is niet correct. Probeer het opnieuw.</string>
  <string name="mismatchPin">De PIN-codes die u hebt ingevoerd komen niet overeen. Probeer het opnieuw.</string>
  <string name="invalidPin">Typ een PIN-code van 4 tot 8 cijfers.</string>
  <string name="disable_sim_pin">Uitschakelen SIM PIN-code</string>
  <string name="enable_sim_pin">SIM-pincode inschakelen</string>
  <string name="enable_in_progress">Even geduld...</string>
  <string name="enable_pin_ok">SIM PIN is ingeschakeld</string>
  <string name="disable_pin_ok">SIM PIN-code uitgeschakeld</string>
  <string name="pin_failed">De PIN-code die u heeft ingevoerd is onjuist</string>
  <string name="pin_changed">SIM-PIN met succes gewijzigd</string>
  <string name="puk_requested">Wachtwoord onjuist, SIM-kaart is vergrendeld! PUK2 gevraagd.</string>
  <string name="enter_pin2_text">PIN2</string>
  <string name="oldPin2Label">Oude PIN2</string>
  <string name="newPin2Label">Nieuwe PIN2</string>
  <string name="confirmPin2Label">Bevestig de nieuwe PIN2</string>
  <string name="badPuk2">De PUK2 die je hebt ingevoerd is niet correct. Probeer het opnieuw.</string>
  <string name="badPin2">De oude PIN2 die je hebt getypt is niet correct. Probeer het opnieuw.</string>
  <string name="mismatchPin2">De PIN2s die u heeft opgegeven komen niet overeen. Probeer het opnieuw.</string>
  <string name="invalidPin2">Typ een PIN-code van 4 tot 8 cijfers.</string>
  <string name="invalidPuk2">Typ een PUK2 van 8 cijfers.</string>
  <string name="pin2_changed">PIN2 met succes gewijzigd</string>
  <string name="label_puk2_code">Type PUK2-code</string>
  <string name="fdn_enable_puk2_requested">Wachtwoord onjuist is, wijzig PIN2- en probeer het opnieuw!</string>
  <string name="puk2_requested">Wachtwoord onjuist, SIM-kaart is vergrendeld! PUK2 gevraagd.</string>
  <string name="doneButton">Gereed</string>
  <string name="caller_manage_header">Telefonische vergadering %s</string>
  <string name="caller_manage_manage_done_text">Terug naar oproep</string>
  <string name="fake_phone_activity_phoneNumber_text">(650) 555-1234</string>
  <string name="fake_phone_activity_infoText_text">Inkomend telefoonnummer</string>
  <string name="fake_phone_activity_placeCall_text">Nep inkomend gesprek</string>
  <string name="sim_missing_continueView_text">Doorgaan zonder SIM-kaart</string>
  <string name="sim_missing_msg_text">Geen SIM-kaart gevonden. Gelieve een SIM-kaart in de telefoon te plaatsen.</string>
  <string name="sim_unlock_dismiss_text">Afwijzen</string>
  <string name="sim_unlock_unlock_text">Ontgrendelen</string>
  <string name="sim_unlock_status_text">Verificatie PIN…</string>
  <string name="voicemail_settings_number_label">Voicemailnummer</string>
  <string name="card_title_dialing">Kies</string>
  <string name="card_title_redialing">Opnieuw proberen</string>
  <string name="card_title_in_progress">Huidige gesprek</string>
  <string name="card_title_conf_call">Telefonische vergadering </string>
  <string name="card_title_incoming_call">Inkomende oproep</string>
  <string name="card_title_cdma_call_waiting">CDMA Wachtfunctieopties</string>
  <string name="card_title_call_ended">Gesprek beëindigd</string>
  <string name="card_title_on_hold">In de wachtstand</string>
  <string name="card_title_hanging_up">Ophangen </string>
  <string name="card_title_in_call">In gesprek</string>
  <string name="notification_missedCallTitle">Gemiste oproep</string>
  <string name="notification_missedCallsTitle">Gemiste oproepen</string>
  <string name="notification_missedCallsMsg">%s gemiste oproepen</string>
  <string name="notification_missedCallTicker">Oproep gemist van %s</string>
  <string name="notification_ongoing_call_format">Huidige oproep (% s)</string>
  <string name="notification_on_hold">In de wachtstand</string>
  <string name="notification_voicemail_title">Nieuwe voicemail</string>
  <string name="notification_voicemail_title_count">Nieuwe voicemail (% d)</string>
  <string name="notification_voicemail_text_format">Bel %s</string>
  <string name="notification_voicemail_no_vm_number">Voicemailnummer onbekend</string>
  <string name="notification_network_selection_title">Geen dienst</string>
  <string name="notification_network_selection_text">Geselecteerde netwerk (% s) niet beschikbaar</string>
  <string name="incall_error_power_off">Om een gesprek te voeren, schakel eerst Airplane mode uit.</string>
  <string name="incall_error_emergency_only">Niet geregistreerd op het netwerk.</string>
  <string name="incall_error_out_of_service">Mobiele netwerk niet beschikbaar.</string>
  <string name="incall_error_no_phone_number_supplied">Belt niet verzonden, geen geldig nummer ingevoerd. </string>
  <string name="incall_error_call_failed">Oproep niet verzonden.</string>
  <string name="incall_status_dialed_mmi">Beginnen MMI-sequentie ...</string>
  <string name="incall_status_dialed_fc">Start functie code sequentie...</string>
  <string name="incall_error_supp_service_unknown">Niet-ondersteunde service. </string>
  <string name="incall_error_supp_service_switch">Niet in staat om over te schakelen van gesprekken. </string>
  <string name="incall_error_supp_service_separate">Niet in staat om te scheiden van de oproep. </string>
  <string name="incall_error_supp_service_transfer">Niet in staat om door te schakelen.</string>
  <string name="incall_error_supp_service_conference">Telefonische vergaderingen kan niet. </string>
  <string name="incall_error_supp_service_reject">Niet in staat om gesprek te weigeren.</string>
  <string name="incall_error_supp_service_hangup">Kan geen gesprekken vrijgeven.</string>
  <string name="emergency_enable_radio_dialog_title">Noodoproep</string>
  <string name="emergency_enable_radio_dialog_message">Radio inschakelen...</string>
  <string name="emergency_enable_radio_dialog_retry">Buiten dienstgebied, opnieuw proberen ...
</string>
  <string name="dial_emergency_error">Oproep niet verzonden, %s is geen noodnummer!</string>
  <string name="dial_emergency_empty_error">Oproep niet verzonden, bel een alarmnummer!</string>
  <string name="dialerKeyboardHintText">Gebruik het toetsenbord om te bellen</string>
  <string name="dtmfDialpadHintText">Toonkies toetsenbord</string>
  <string name="dtmfDialpadHandleLabel">Kiestoetsen</string>
  <string name="touchLockText">Dubbel tikken om te ontgrendelen</string>
  <string name="onscreenAnswerText">Dubbel tikken om te antwoorden</string>
  <string name="onscreenRejectText">Dubbel tikken om te weigeren</string>
  <string name="onscreenHoldText">Wacht</string>
  <string name="onscreenUnholdText">Uit standby</string>
  <string name="onscreenEndCallText">Einde</string>
  <string name="onscreenShowDialpadText">Kiestoetsen</string>
  <string name="onscreenHideDialpadText">Verberg</string>
  <string name="onscreenSpeakerText">Luidspreker</string>
  <string name="onscreenMuteText">Dempen</string>
  <string name="onscreenBluetoothText">Bluetooth</string>
  <string name="onscreenAddCallText">Voeg oproep toe</string>
  <string name="onscreenMergeCallsText">Samenvoegen van gesprekken </string>
  <string name="onscreenSwapCallsText">Omwisselen</string>
  <string name="onscreenManageCallsText">Gesprekken beheren</string>
  <string name="onscreenManageConferenceText">Beheren</string>
  <string name="importSimEntry">Importeren</string>
  <string name="importAllSimEntries">Alles importeren</string>
  <string name="importingSimContacts">SIM-contacten importeren</string>
  <string name="importToFDNfromContacts">Importeren van contactpersonen</string>
  <string name="hac_mode_title">Hoortoestellen</string>
  <string name="hac_mode_summary">Hoortoestel compatibiliteit inschakelen</string>
  <string name="eri_text_label">ERI tekst</string>
  <string name="dtmf_tones_title">DTMF tonen</string>
  <string name="dtmf_tones_summary">De lengte van DTMF-tonen instellen </string>
  <string name="network_message">Netwerk bericht</string>
  <string name="ota_title_activate">Activeer uw telefoon</string>
  <string name="ota_touch_activate">Een speciale oproep moet worden gemaakt voor het activeren van uw telefoon service. \ N \ nNa op "Activeren", luister naar de instructies om uw telefoon te activeren.</string>
  <string name="ota_touch_activate_new">Raak "Activeren" aan om een speciale gesprek uit te voeren dat de telefoon activeert op je operator zijn netwerk, zodat je kan bellen en verbinden naar mobiele data netwerken. </string>
  <string name="ota_skip_activation_dialog_title">Activering overslaan?</string>
  <string name="ota_skip_activation_dialog_message">Als je activering overslaat, kun je niet bellen of een verbinding met mobiele data netwerken maken (al kun je verbinding maken met Wi-Fi-netwerken). Totdat je je telefoon te activeerd, wordt je elke keer gevraagd om te activeren iedere keer dat je je telefoon aanzet.</string>
  <string name="ota_skip_activation_dialog_skip_label">Overslaan</string>
  <string name="ota_skip_activation_dialog_continue_label">Activeren</string>
  <string name="ota_activate">Activeren</string>
  <string name="ota_title_activate_success">Telefoon is geactiveerd!</string>
  <string name="ota_title_problem_with_activation">Probleem met activering </string>
  <string name="ota_listen">Volg de gesproken instructies totdat je hoort dat de activering voltooid is. </string>
  <string name="ota_dialpad">Toetsenblok</string>
  <string name="ota_speaker">Luidspreker</string>
  <string name="ota_progress">Gelieve te wachten terwijl uw telefoon wordt geprogrammeerd. </string>
  <string name="ota_failure">Programmeren mislukt</string>
  <string name="ota_successful">Uw telefoon is nu geactiveerd. Het kan maximaal 15 minuten duren voordat service wilt starten. </string>
  <string name="ota_unsuccessful">Je telefoon is niet geactiveerd. Het kan nodig zijn om een gebied te vinden met een betere dekking (de buurt van een raam, of buiten). \n\nProbeer opnieuw of bel de klantenservice voor meer opties.</string>
  <string name="ota_spc_failure">Teveel SPC storingen</string>
  <string name="ota_call_end">Terug</string>
  <string name="ota_try_again">Opnieuw proberen</string>
  <string name="ota_next">Volgende</string>
  <string name="ota_back">Terug</string>
  <string name="ecm_exit_dialog">EcmExitDialog</string>
  <string name="phone_entered_ecm_text">Ingevoerde Emergency Callback modus </string>
  <string name="phone_in_ecm_notification_title">Noodoproepmodus</string>
  <string name="phone_in_ecm_call_notification_text">Gegevensverbinding uitgeschakeld </string>
  <string name="alert_dialog_in_ecm_call">De geselecteerde actie is niet beschikbaar in een noodoproep</string>
  <string name="progress_dialog_exiting_ecm">Emergency Callback modus afsluiten </string>
  <string name="alert_dialog_yes">Ja</string>
  <string name="alert_dialog_no">Nee</string>
  <string name="alert_dialog_dismiss">Afwijzen</string>
  <string name="absent_num">AFWEZIG NUMMER </string>
  <string name="voicemail_settings">Voicemail instellingen </string>
  <string name="voicemail_number_not_set">< niet instellen > </string>
  <string name="voicemail_provider">Voicemail-service </string>
  <string name="voicemail_settings_for">Instellingen voor %1</string>
  <string name="other_settings">Andere oproep instellingen </string>
  <string name="dial_button_label">Bel</string>
  <string name="calling_via_template">Bellen via ^ 1 \ n</string>
  <string name="slide_to_answer">Sleep naar rechts om te beantwoorden </string>
  <string name="slide_to_silence">Sleep naar links voor stille beltoon</string>
  <string name="slide_to_decline">Sleep links om te weigeren </string>
  <string name="slide_to_answer_and_hold">Sleep naar rechts om de actieve gesprek and\nend</string>
  <string name="slide_to_answer_and_end_active">Sleep naar rechts om de actieve gesprek and\nend </string>
  <string name="slide_to_answer_and_end_onhold">Sleep naar rechts om and\nend oproep in de wachtstand te beantwoorden </string>
  <string name="slide_to_answer_hint">Antwoord</string>
  <string name="slide_to_decline_hint">Weigeren</string>
  <string name="notification_ongoing_calling_format">Bellen (% s) </string>
  <string name="advanced_setting">Geavanceerde instellingen</string>
  <string name="call_reject_hint">Ophangen</string>
  <string name="hangup_sms">Druk op "Menu" om te verwerpen en beantwoorden met SMS</string>
  <string name="hangup_sms_body">Op dit moment niet bereikbaar, bel later terug</string>
  <string name="onscreenNoteText">Geschiedenis</string>
  <string name="query_telocation_title">Opzoeken van nummer locatie </string>
  <string name="query_telocation_sum">Opzoeken locatie van mobiel of vast nummer</string>
  <string name="button_query_hint">Vul mobiel of vast nummer in</string>
  <string name="button_query">Opzoeken</string>
  <string name="button_clear">Wissen</string>
  <string name="text_location">Locatie:</string>
  <string name="text_areacode">Netnummer:</string>
  <string name="unknown_location">Niet in staat om de informatie op te vragen</string>
  <string name="autoip">Auto IP-dialing</string>
  <string name="autoip_sum">Voeg IP prefix toe aan vreemd nummer. Vul huidige plaatscode onder in.</string>
  <string name="ip_prefix">IP-prefix</string>
  <string name="ip_prefix_sum">Netwerkoperator IP-prefix:%s</string>
  <string name="current_areacode">Huidig netnummer</string>
  <string name="current_areacode_sum">Netnummer van de huidige locatie of roaming netnummer tijdens roaming. Bijvoorbeeld: 010</string>
  <string name="always_enable_mms">Ontvang MMS altijd</string>
  <string name="always_enable_mms_summary">Ontvang MMS altijd wanneer data uitgeschakeld is</string>
  <string name="dialer_click_pref_title">Enkele klik op de lijst met contactpersonen</string>
  <string name="dialer_click_pref_summary">Definieer actie van enkele klik op de lijst met contactpersonen</string>
  <string name="auto_dialpad_pref_title">Toon kiestoetsen automatisch</string>
  <string name="auto_dialpad_pref_summary">Toon kiestoetsen automatisch wanneer u belt</string>
  <string name="anti_disturb_settings">Niet Storen mode</string>
  <string name="incoming_call_limit_title">Blokkeren van inkomende oproepen
</string>
  <string name="incoming_call_limit_summary">Inkomende bellimiet samenvatting</string>
</resources>
