<?xml version="1.0" encoding="utf-8"?>
<!--Generated by crowdin.net-->
<resources>
  <string name="app_name">Systeemupdate</string>
  <string name="apply_now_button_text">Nu bijwerken</string>
  <string name="apply_later_button_text">Update later</string>
  <string name="apply_update_button_text">Update toepassen</string>
  <string name="apply_title_textview_text">Klaar voor gebruik</string>
  <string name="apply_subtitle_textview_text">Uitgavenotities:</string>
  <string name="apply_unable_to_reboot_toast">Kan niet herstarten in recovery modus</string>
  <string name="apply_trying_to_get_root_access">Proberen om root toegang te verkrijgen om te herstarten in recovery modus</string>
  <string name="available_updates_text">Gelieve te kiezen welk Rom te downloaden:</string>
  <string name="choose_available_update_text">Upgrade</string>
  <string name="no_updates_found_instructions">U heeft al de nieuwste update\klik \' Nu controleren\' opnieuw controleren op updates.</string>
  <string name="check_error_instructions">Controleren naar updates mislukt\ klik \ \'Controleer nu\'\ Opnieuw controleren naar updates.</string>
  <string name="downloaded_update_found_text">Gevonden SD-kaart update-bestand:</string>
  <string name="checking_for_updates">Controleren op updates</string>
  <string name="downloading_update">Update downloaden</string>
  <string name="sdcard_is_not_present_dialog_body">U hebt een SD-kaart nodig voor het gedownloade bestand</string>
  <string name="sdcard_is_not_present_dialog_title">SD-kaart niet gevonden</string>
  <string name="sdcard_is_not_present_dialog_ok_button">Ok</string>
  <string name="current_version_text">Huidige versie:</string>
  <string name="delete_updates_text">Verwijder update(s)</string>
  <string name="delete_updates_success_message">Deze update is verwijderd</string>
  <string name="delete_updates_failure_message">Verwijderen update(s) mislukt</string>
  <string name="delete_updates_noFolder_message">Plaatselijke update is niet gevonden</string>
  <string name="apply_update_dialog_title">Gelieve te bevestigen</string>
  <string name="apply_update_dialog_text">Wil je deze update meteen toepassen file: (0). \ N Als je op "Update" knop drukt, zal de telefoon automatisch opnieuw opstarten in herstelmode om update te installeren.</string>
  <string name="apply_update_dialog_update_button">Bijwerken</string>
  <string name="apply_update_dialog_backup_and_update_button">Back-up & toepassingen bijwerken</string>
  <string name="apply_update_dialog_cancel_button">Annuleer</string>
  <string name="check_now">Controleren op updates</string>
  <string name="menu_config">Instellingen</string>
  <string name="menu_about">Info</string>
  <string name="menu_changelog">Wijzigingen</string>
  <string name="cancel_download_buton_text">Annuleer</string>
  <string name="confirm_download_cancelation_dialog_message">Wil je echt met de huidige download annuleren?</string>
  <string name="confirm_download_cancelation_dialog_yes">Ja</string>
  <string name="confirm_download_cancelation_dialog_no">Nee</string>
  <string name="download_canceled_toast_message">Download geannuleerd</string>
  <string name="verify_and_apply_dialog_title">Bestand geverifieerd.</string>
  <string name="verify_and_apply_dialog_message">MD5 handtekeningen worden gecontroleerd</string>
  <string name="apply_existing_update_md5error_message">Fout: Bestand MD5 komt niet overeen.</string>
  <string name="file_not_found_error_message">Bestand bestaat niet of geen toegang hebben tot het bestand</string>
  <string name="apply_upload_info_message">Klik op "Update Now", de telefoon zal automatisch opnieuw opstarten om de update toe te passen. Als u wilt de back-up wilt, gaat u terug naar het back-up systeem na de update.</string>
  <string name="notes_about_recovery">(Let op om ondersteuning te bieden voor toekomstige OTA updates,  moet je ook ondersteuning hebben voor ROM recovery. Om er zeker van te zijn dat recovery werkt, kun je ook via het menu "heavy brush recovery" kiezen dit is onze voorgeschreven recovery methode.)</string>
  <string name="last_update_check_text">Laatste controle op updates</string>
  <string name="overwrite_update_title">Update bestaande</string>
  <string name="overwrite_update_summary">De Rom bestaat reeds. Wilt u opnieuw downloaden?</string>
  <string name="overwrite_update_positive">Opnieuw downloaden</string>
  <string name="overwrite_update_negative">Gebruik maken van de huidige rom</string>
  <string name="no_md5_found_summary">De update heeft geen MD5 sum. Wil je echt deze update toe passen zonder controle?</string>
  <string name="no_md5_found_positive">Update toepassen</string>
  <string name="no_md5_found_negative">Annuleer</string>
  <string name="notification_tickertext">Downloaden van update</string>
  <string name="notification_finished">Download voltooid</string>
  <string name="stable_description">Stabiel</string>
  <string name="experimental_description">Experimenteel</string>
  <string name="changelog_button_text">Wijzigingen</string>
  <string name="changelog_title_rom">ROM wijzigingen</string>
  <string name="md5_check_cancelled">MD5 checksum controleren is geannuleerd</string>
  <string name="title_running">Huidige versie</string>
  <string name="no_updatecheck_executed">Geen update-controle uitgevoerd</string>
  <string name="about_dialog_title">Info</string>
  <string name="no_updates_found">Geen updates gevonden</string>
  <string name="not_new_updates_found_title">Nieuwe updates gevonden!</string>
  <string name="exception_while_downloading">Fout tijdens het downloaden</string>
  <string name="not_update_check_error_title">Niet in staat om updates te controleren</string>
  <string name="not_update_download_error_title">Fout tijdens het downloaden van de update</string>
  <string name="not_update_downloaded_title">Downloaden van update voltooid</string>
  <string name="not_update_downloaded_body">{0} Klaar om te installeren</string>
  <string name="download_info_filename">Bestandsnaam:</string>
  <string name="download_info_mirror">Mirror server:</string>
  <string name="download_info_downloading">Downloaden...</string>
  <string name="download_info_speed">Download snelheid:</string>
  <string name="download_info_remaining_time">Resterende tijd:</string>
  <string name="md5_verification_failed">MD5 verificatie mislukt</string>
  <string name="not_new_updates_found_body">Nieuwe versie gevonden</string>
  <string name="not_network_error">Netwerk fout, Controleer uw internetverbinding</string>
  <string name="version_description">Versie beschrijving</string>
  <string name="acknowledge">Bevestiging</string>
  <string name="pleasea_check_update">Controleer op updates</string>
  <string name="already_applied">Toegepast</string>
  <string name="stable_version">Stabiele versie</string>
  <string name="test_version">Experimentele versie</string>
  <string name="wifi_not_available_title">Geen Wi-fi verbinding</string>
  <string name="wifi_not_available_body">De bestandsgrootte is groot, het is aanbevolen te downloaden via Wi-fi. Als Wi-fi niet is ingeschakeld of niet aangesloten, toch doorgaan?</string>
  <string name="widget_title">Mijn MIUI</string>
  <string name="widget_feedback">Geen feedback?</string>
  <string name="unable_to_flash_recovery">Niet in staat om recovery te flashen</string>
  <string name="flash_recovery_successfully">Recovery succesvol geflashed</string>
  <string name="reflash_recovery">Heavy brush recovery</string>
  <string name="boot_recovery">Reboot naar recovery</string>
  <string name="flash_recovery_dialog_message">Flashen van recovery</string>
  <string name="applying_rom_message">Toepassen van nieuwe rom</string>
  <string name="loading">Verbinden met MIUI</string>
  <string name="page_error_title">Geen toegang</string>
  <string name="page_error">Niet in staat toegang tot MIUI te krijgen. Er zijn mogelijk problemen met uw internetverbinding of onze server</string>
  <string name="page_reload">Nogmaals proberen</string>
  <string name="install_rom_from_sd">Installeer rom vanaf SD-kaart</string>
</resources>
