<?xml version="1.0" encoding="utf-8"?>
<!--Generated by crowdin.net-->
<resources>
  <string name="config_import_vcard_type">výchozí</string>
  <string name="config_export_vcard_type">výchozí</string>
  <string name="config_export_dir">/sdcard</string>
  <string name="config_export_file_prefix"> </string>
  <string name="config_export_file_suffix"> </string>
  <string name="config_export_file_extension">vcf</string>
  <string name="config_export_extensions_to_consider">Backup</string>
  <string name="contactsList">Kontakty</string>
  <string name="launcherDialer">Telefon</string>
  <string name="shortcutContact">Kontakt</string>
  <string name="shortcutDialContact">Přímé vytáčení</string>
  <string name="shortcutMessageContact">Přímá zpráva</string>
  <string name="shortcutActivityTitle">Výběr zkratky kontaktu</string>
  <string name="callShortcutActivityTitle">Výběr čísla pro hovor</string>
  <string name="messageShortcutActivityTitle">Výběr čísla pro zprávu</string>
  <string name="starredList">Označené hvězdičkou</string>
  <string name="frequentList">Časté</string>
  <string name="strequentList">Oblíbené</string>
  <string name="viewContactTitle">Kontaktní informace</string>
  <string name="viewContactDesription">Zobrazit kontakt</string>
  <string name="editContactDescription">Upravit kontakt</string>
  <string name="insertContactDescription">Vytvořit kontakt</string>
  <string name="searchHint">Vyhledat kontakty</string>
  <string name="menu_search">Hledat</string>
  <string name="menu_newContact">Nový kontakt</string>
  <string name="menu_viewContact">Zobrazit kontakt</string>
  <string name="menu_callNumber">Volat kontakt %s</string>
  <string name="menu_addStar">Přidat k oblíbeným položkám</string>
  <string name="menu_removeStar">Odebrat z oblíbených položek</string>
  <string name="menu_editContact">Upravit kontakt</string>
  <string name="menu_deleteContact">Smazat kontakt</string>
  <string name="menu_call">Volat kontakt</string>
  <string name="menu_sendSMS">Odeslat zprávu kontaktu</string>
  <string name="menu_sendEmail">Odeslat e-mail</string>
  <string name="menu_viewAddress">Adresa na mapě</string>
  <string name="menu_makeDefaultNumber">Nastavit jako výchozí číslo</string>
  <string name="menu_makeDefaultEmail">Nastavit jako výchozí e-mail</string>
  <string name="menu_splitAggregate">Oddělit</string>
  <string name="contactsSplitMessage">Kontakty byly odděleny</string>
  <string name="splitConfirmation_title">Oddělit kontakt</string>
  <string name="splitConfirmation">Opravdu chcete tento kontakt rozdělit do více kontaktů? Pro každou připojenou kontaktní informaci bude vytvořen samostatný kontakt?</string>
  <string name="menu_joinAggregate">Spojit</string>
  <string name="titleJoinContactDataWith">Spojit kontakty</string>
  <string name="blurbJoinContactDataWith">Vyberte kontakt, který chcete spojit s kontaktem %s.</string>
  <string name="showAllContactsJoinItem">Zobrazit všechny kontakty</string>
  <string name="separatorJoinAggregateSuggestions">Navrhované kontakty</string>
  <string name="separatorJoinAggregateAll">Všechny kontakty</string>
  <string name="contactsJoinedMessage">Kontakty byly spojeny</string>
  <string name="menu_contactOptions">Možnosti</string>
  <string name="contactOptionsTitle">Možnosti</string>
  <string name="deleteConfirmation_title">Smazat</string>
  <string name="readOnlyContactWarning">Z účtů pouze pro čtení není možné kontakty mazat, můžete je však v seznamech kontaktů skrýt.</string>
  <string name="readOnlyContactDeleteConfirmation">Tento kontakt obsahuje informace z několika účtů. Informace z účtů pouze pro čtení budou v seznamech kontaktů skryty, ale nebudou smazány.</string>
  <string name="multipleContactDeleteConfirmation">Smazáním tohoto kontaktu smažete informace z více účtů.</string>
  <string name="deleteConfirmation">Tento kontakt bude smazán.</string>
  <string name="menu_done">Hotovo</string>
  <string name="menu_doNotSave">Vrátit změny</string>
  <string name="editContact_title_edit">Upravit kontakt</string>
  <string name="editContact_title_insert">Nový kontakt</string>
  <string name="label_phonetic_name">Foneticky</string>
  <string name="label_notes">Poznámky</string>
  <string name="label_ringtone">Vyzváněcí tón</string>
  <string name="ghostData_name">Jméno a příjmení</string>
  <string name="ghostData_phonetic_name">Jméno (foneticky)</string>
  <string name="ghostData_company">Společnost</string>
  <string name="ghostData_title">Titulek</string>
  <string name="invalidContactMessage">Kontakt neexistuje.</string>
  <string name="pickerNewContactHeader">Vytvořit nový kontakt</string>
  <string name="selectLabel">Vybrat štítek</string>
  <string name="phoneLabelsGroup">Telefon</string>
  <string name="emailLabelsGroup">E-mail</string>
  <string name="imLabelsGroup">IM</string>
  <string name="postalLabelsGroup">Poštovní adresa</string>
  <string name="photoPickerNotFoundText">V telefonu nejsou k dispozici žádné obrázky.</string>
  <string name="attachToContact">Ikona kontaktu</string>
  <string name="customLabelPickerTitle">Vlastní jméno štítku</string>
  <string name="send_to_voicemail_checkbox">Přesměrovávat hovory do hlasove schránky automaticky</string>
  <string name="default_ringtone">Výchozí nastavení</string>
  <string name="changePicture">Změnit ikonu</string>
  <string name="removePicture">Odstranit ikonu</string>
  <string name="noContacts">Žádné kontakty.</string>
  <string name="noMatchingContacts">Nenalezeny žádné odpovídající kontatky.</string>
  <string name="noContactsWithPhoneNumbers">Žádné kontakty s telefonními čísly.</string>
  <string name="savingContact">Ukládám kontakt…</string>
  <string name="contactSavedToast">Kontakt uložen.</string>
  <string name="contactSavedErrorToast">Chyba, změny nelze uložit.</string>
  <string name="listTotalPhoneContactsZero">Žádné kontakty s telefonními čísly nejsou viditelné</string>
  <string name="listTotalAllContactsZero">Žádné kontakty nejsou viditelné</string>
  <string name="listFoundAllContactsZero">Kontakt nebyl nalezen</string>
  <string name="contactsIconLabel">Kontakty</string>
  <string name="contactsFavoritesLabel">Oblíbené</string>
  <string name="dialerIconLabel">Telefon</string>
  <string name="recentCallsIconLabel">Hovory</string>
  <string name="liveFolderAll">Všechny kontakty</string>
  <string name="liveFolderFavorites">Kontakty označené hvězdičkou</string>
  <string name="liveFolderPhone">Kontakty s telefonním číslem</string>
  <string name="menu_sendTextMessage">Odeslat textovou zprávu</string>
  <string name="recentCalls_callNumber">Volat kontakt %s</string>
  <string name="recentCalls_editNumberBeforeCall">Před voláním upravit číslo</string>
  <string name="recentCalls_addToContact">Přidat do kontaktů</string>
  <string name="recentCalls_removeFromRecentList">Odstranit z hovorů</string>
  <string name="recentCalls_deleteAll">Vymazat hovory</string>
  <string name="recentCalls_empty">Záznam hovorů je prázdný.</string>
  <string name="clearCallLogConfirmation_title">Vymazat hovory</string>
  <string name="clearCallLogConfirmation">Opravdu chcete vymazat hovory?</string>
  <string name="imei">IMEI</string>
  <string name="meid">MEID</string>
  <string name="voicemail">Hlasová schránka</string>
  <string name="unknown">Neznámé</string>
  <string name="private_num">Soukromé číslo</string>
  <string name="payphone">Veřejný telefon</string>
  <string name="dialerKeyboardHintText">Číslo vytočíte pomocí klávesnice</string>
  <string name="dialerDialpadHintText">Přidáváte hovor</string>
  <string name="simContacts_emptyLoading">Načítání z karty SIM...</string>
  <string name="simContacts_title">Kontakty na kartě SIM</string>
  <string name="liveFolder_all_label">Všechny kontakty</string>
  <string name="liveFolder_favorites_label">Označené hvězdičkou</string>
  <string name="liveFolder_phones_label">Telefony</string>
  <string name="callDetailTitle">Podrobnosti hovoru</string>
  <string name="toast_call_detail_error">Detaily požadovaného hovoru nelze načíst.</string>
  <string name="type_incoming">Příchozí hovor</string>
  <string name="type_outgoing">Odchozí volání</string>
  <string name="type_missed">Zmeškaný hovor</string>
  <string name="actionIncomingCall">Příchozí volání</string>
  <string name="callBack">Zavolat zpět</string>
  <string name="callAgain">Zavolat znovu</string>
  <string name="returnCall">Zpětné volání</string>
  <string name="callDetailsDurationFormat">%1$s min %2$s s</string>
  <string name="favoritesFrquentSeparator">Nejčastěji používané kontakty</string>
  <string name="add_contact_dlg_title">Přidat kontakt</string>
  <string name="add_contact_dlg_message_fmt">Chcete přidat „%s“ do kontaktů?</string>
  <string name="all_tab_label">Všechny</string>
  <string name="description_image_button_one">jedna</string>
  <string name="description_image_button_two">dvě</string>
  <string name="description_image_button_three">tři</string>
  <string name="description_image_button_four">čtyři</string>
  <string name="description_image_button_five">pět</string>
  <string name="description_image_button_six">šest</string>
  <string name="description_image_button_seven">sedm</string>
  <string name="description_image_button_eight">osm</string>
  <string name="description_image_button_nine">devět</string>
  <string name="description_image_button_star">hvězdička</string>
  <string name="description_image_button_delete">Odstranit</string>
  <string name="description_image_button_zero">nula</string>
  <string name="description_image_button_pound">libra</string>
  <string name="description_voicemail_button">hlasová schránka</string>
  <string name="description_dial_button">vytáčení</string>
  <string name="description_delete_button">backspace</string>
  <string name="description_digits_edittext">vytočit číslo</string>
  <string name="description_contact_photo">fotografie kontaktu</string>
  <string name="description_minus_button">mínus</string>
  <string name="description_plus_button">plus</string>
  <string name="no_sdcard_title">Žádná karta SD</string>
  <string name="no_sdcard_message">Nebyla zjištěna žádná karta SD</string>
  <string name="searching_vcard_title">Vyhledávání karty vCard</string>
  <string name="import_from_sim">Importovat z karty SIM</string>
  <string name="import_from_sdcard">Importovat z karty SD</string>
  <string name="export_to_sdcard">Exportovat na kartu SD</string>
  <string name="share_visible_contacts">Sdílet viditelné kontakty</string>
  <string name="import_one_vcard_string">Importovat jeden soubor vCard</string>
  <string name="import_multiple_vcard_string">Importovat několik souborů vCard</string>
  <string name="import_all_vcard_string">Importovat všechny soubory vCard</string>
  <string name="searching_vcard_message">Vyhledávání dat karty vCard na kartě SD</string>
  <string name="scanning_sdcard_failed_title">Vyhledávání na kartě SD se nezdařilo</string>
  <string name="scanning_sdcard_failed_message">Vyhledávání na kartě SD se nezdařilo. (Důvod: %s)</string>
  <string name="fail_reason_io_error">Chyba V/V</string>
  <string name="fail_reason_vcard_parse_error">Analýza karty vCard se z neznámého důvodu nezdařila</string>
  <string name="fail_reason_vcard_not_supported_error">Analýza karty vCard se nezdařila. Přestože se zřejmě jedná o správný formát, aktuální implementace jej nepodporuje</string>
  <string name="fail_reason_no_vcard_file">Na kartě SD nebyl nalezen žádný soubor vCard</string>
  <string name="fail_reason_failed_to_read_files">Import jednoho nebo více souborů se nezdařil (%s).</string>
  <string name="fail_reason_unknown">Neznámá chyba</string>
  <string name="select_vcard_title">Výběr souboru vCard</string>
  <string name="progress_shower_message">%1$s\n%2$s</string>
  <string name="reading_vcard_title">Čtení karty vCard</string>
  <string name="reading_vcard_message">Čtení souborů vCard</string>
  <string name="reading_vcard_failed_title">Čtení dat karty vCard se nezdařilo</string>
  <string name="reading_vcard_contacts">%1$s z %2$s kontaktů</string>
  <string name="reading_vcard_files">%1$s z %2$s souborů</string>
  <string name="confirm_export_title">Potvrdit export</string>
  <string name="confirm_export_message">Opravdu chcete exportovat seznam kontaktů do souboru %s?</string>
  <string name="exporting_contact_failed_title">Export dat kontaktů se nezdařil</string>
  <string name="exporting_contact_failed_message">Export dat kontaktů se nezdařil.\nPříčina chyby: %s</string>
  <string name="fail_reason_no_exportable_contact">Žádný kontakt nelze exportovat</string>
  <string name="fail_reason_too_many_vcard">Na kartě SD je příliš mnoho souborů vCard</string>
  <string name="fail_reason_too_long_filename">Požadovaný název souboru (%s) je příliš dlouhý</string>
  <string name="exporting_contact_list_title">Export dat kontaktů</string>
  <string name="exporting_contact_list_message">Probíhá export dat kontaktů do souboru %s</string>
  <string name="fail_reason_could_not_initialize_exporter">Nelze spustit exportní program: %s</string>
  <string name="fail_reason_error_occurred_during_export">Při exportu došlo k chybě: %s</string>
  <string name="composer_failed_to_get_database_infomation">Načtení informací z databáze se nezdařilo</string>
  <string name="composer_has_no_exportable_contact">Nelze exportovat žádné kontakty. Pokud máte v telefonu skutečně uložené kontakty, je možné, že některý poskytovatel datových služeb zakázal jejich export mimo telefon.</string>
  <string name="composer_not_initialized">Editor karty vCard není správně inicializován</string>
  <string name="fail_reason_could_not_open_file">Soubor %1$s nelze otevřít: %2$s</string>
  <string name="exporting_contact_list_progress">%1$s z %2$s kontaktů</string>
  <string name="search_settings_description">Jména vašich kontaktů</string>
  <string name="add_2sec_pause">Přidat 2s pauzu</string>
  <string name="add_wait">Přidat čekání</string>
  <string name="call_disambig_title">Volat pomocí</string>
  <string name="sms_disambig_title">Odeslat zprávu pomocí</string>
  <string name="make_primary">Zapamatovat tuto volbu</string>
  <string name="quickcontact_missing_app">Aplikace potřebná k provedení této akce nebyla nalezena</string>
  <string name="quickcontact_remember_choice">Zapamatovat tuto volbu</string>
  <string name="quickcontact_missing_name">Neznámé</string>
  <string name="menu_accounts">Účty</string>
  <string name="menu_import_export">Importovat/Exportovat</string>
  <string name="dialog_import_export">Importovat nebo exportovat kontakty</string>
  <string name="menu_share">Sdílet</string>
  <string name="share_via">Sdílet kontakt pomocí</string>
  <string name="share_error">Tento kontakt nelze sdílet.</string>
  <string name="nameLabelsGroup">Jméno</string>
  <string name="nicknameLabelsGroup">Přezdívka</string>
  <string name="organizationLabelsGroup">Organizace</string>
  <string name="websiteLabelsGroup">Webové stránky</string>
  <string name="eventLabelsGroup">Událost</string>
  <string name="type_short_home">D</string>
  <string name="type_short_mobile">M</string>
  <string name="type_short_work">P</string>
  <string name="type_short_pager">P</string>
  <string name="type_short_other">O</string>
  <string name="edit_read_only">Tento kontakt je pouze pro čtení</string>
  <string name="edit_secondary_collapse">Více</string>
  <string name="dialog_primary_name">Primární jméno</string>
  <string name="dialog_new_contact_account">Vytvořit kontakt na základě účtu</string>
  <string name="account_phone">Pouze v telefonu (nesynchronizováno)</string>
  <string name="call_custom">Volat kontakt %s</string>
  <string name="call_home">Volat domů</string>
  <string name="call_mobile">Volat mobil</string>
  <string name="call_work">Volat do práce</string>
  <string name="call_fax_work">Volat pracovní fax</string>
  <string name="call_fax_home">Volat domácí fax</string>
  <string name="call_pager">Volat pager</string>
  <string name="call_other">Volat</string>
  <string name="call_callback">Volat na číslo zpětného volání</string>
  <string name="call_car">Volat do auta</string>
  <string name="call_company_main">Volat firmu (hlavní)</string>
  <string name="call_isdn">Volat na číslo ISDN</string>
  <string name="call_main">Volat na hlavní číslo</string>
  <string name="call_other_fax">Volat fax</string>
  <string name="call_radio">Volat radiostanici</string>
  <string name="call_telex">Volat na číslo Telex</string>
  <string name="call_tty_tdd">Volat na číslo TTY/TDD</string>
  <string name="call_work_mobile">Volat na pracovní mobil</string>
  <string name="call_work_pager">Volat na pracovní pager</string>
  <string name="call_assistant">Volat na číslo %s</string>
  <string name="call_mms">Volat MMS</string>
  <string name="sms_custom">Poslat SMS na %s</string>
  <string name="sms_home">SMS domů</string>
  <string name="sms_mobile">SMS na mobil</string>
  <string name="sms_work">SMS do práce</string>
  <string name="sms_fax_work">SMS na pracovní fax</string>
  <string name="sms_fax_home">SMS na domácí fax</string>
  <string name="sms_pager">SMS na pager</string>
  <string name="sms_other">SMS</string>
  <string name="sms_callback">Odeslat zprávu na číslo zpětného volání</string>
  <string name="sms_car">SMS do auta</string>
  <string name="sms_company_main">SMS do firmy (hlavní)</string>
  <string name="sms_isdn">Odeslat zprávu na číslo ISDN</string>
  <string name="sms_main">Odeslat zprávu na hlavní číslo</string>
  <string name="sms_other_fax">SMS na fax</string>
  <string name="sms_radio">SMS na radiotelefon</string>
  <string name="sms_telex">Odeslat zprávu na číslo Telex</string>
  <string name="sms_tty_tdd">Odeslat zprávu na číslo TTY/TDD</string>
  <string name="sms_work_mobile">Odeslat zprávu na pracovní mobil</string>
  <string name="sms_work_pager">Odeslat zprávu na pracovní pager</string>
  <string name="sms_assistant">Odeslat zprávu asistentovi %s</string>
  <string name="sms_mms">SMS na číslo MMS</string>
  <string name="email_home">E-mail domů</string>
  <string name="email_mobile">E-mail na mobil</string>
  <string name="email_work">E-mail do práce</string>
  <string name="email_other">E-mail</string>
  <string name="email_custom">E-mail %s</string>
  <string name="email">E-mail</string>
  <string name="map_home">Zobrazit adresu domů</string>
  <string name="map_work">Zobrazit pracovní adresu</string>
  <string name="map_other">Zobrazit adresu</string>
  <string name="map_custom">Zobrazit adresu %s</string>
  <string name="chat_aim">Chatovat pomocí AIM</string>
  <string name="chat_msn">Chatovat pomocí Windows Live</string>
  <string name="chat_yahoo">Chatovat pomocí Yahoo</string>
  <string name="chat_skype">Chatovat pomocí Skype</string>
  <string name="chat_qq">Chatovat pomocí QQ</string>
  <string name="chat_gtalk">Chatovat pomocí Google Talk</string>
  <string name="chat_icq">Chatovat pomocí ICQ</string>
  <string name="chat_jabber">Chatovat pomocí Jabberu</string>
  <string name="chat">Chat</string>
  <string name="postal_street">Ulice</string>
  <string name="postal_pobox">Číslo poštovní schránky</string>
  <string name="postal_neighborhood">Čtvrť</string>
  <string name="postal_city">Město</string>
  <string name="postal_region">Stát</string>
  <string name="postal_postcode">PSČ</string>
  <string name="postal_country">Země</string>
  <string name="name_given">Křestní jméno</string>
  <string name="name_family">Příjmení</string>
  <string name="name_prefix">Titul před jménem</string>
  <string name="name_middle">Další jméno</string>
  <string name="name_suffix">Titul za jménem</string>
  <string name="name_phonetic_given">Křestní jméno (foneticky)</string>
  <string name="name_phonetic_middle">Druhé jméno (foneticky)</string>
  <string name="name_phonetic_family">Příjmení (foneticky)</string>
  <string name="account_type_format">Kontakt ze zdroje %1$s</string>
  <string name="from_account_format">z účtu %1$s</string>
  <string name="use_photo_as_primary">Použít tuto fotografii</string>
  <string name="contact_read_only">Kontaktní informace ze zdroje %1$s není možné na tomto zařízení upravit.</string>
  <string name="no_contact_details">U tohoto kontaktu nejsou uvedeny dodatečné informace</string>
  <string name="search_bar_hint">Vyhledat kontakty</string>
  <string name="search_for_all_contacts">Vyhledat všechny kontakty</string>
  <string name="take_photo">Vyfotit</string>
  <string name="pick_photo">Vybrat fotografii z galerie</string>
  <string name="locale_change_in_progress">V souvislosti se změnou jazyka probíhá aktualizace seznamu kontaktů.\n\nČekejte prosím...</string>
  <string name="upgrade_in_progress">Aktualizace seznamu kontaktů.\n\nČekejte prosím...</string>
  <string name="upgrade_out_of_memory">Probíhá upgrade kontaktů. \n\nUpgrade vyžaduje přibližně %d MB vnitřní paměti telefonu. \n\nZvolte jednu z následujících možností:</string>
  <string name="upgrade_out_of_memory_uninstall">Odinstalovat některé aplikace</string>
  <string name="upgrade_out_of_memory_retry">Zkusit upgradovat znovu</string>
  <string name="search_results_for">Výsledky vyhledávání pro dotaz: %s</string>
  <string name="search_results_searching">Vyhledávání...</string>
  <string name="callNoAnswerTimeFormat">Zvonit %s Krát</string>
  <string name="numberCountFormat">%s počty</string>
  <string name="menu_display_all">Zobrazit všechny kontakty</string>
  <string name="menu_display_only_phones">Zobrazit pouze kontakty s telefonními čísly</string>
  <string name="contactsGroupsLabel">Skupiny</string>
  <string name="group_summary_format">%s členi</string>
  <string name="no_member">Skupina je prázdná</string>
  <string name="applyGroupsSelection">Aktualizace nastavení skupin ...</string>
  <string name="no_availablePhone">Tento člen nemá telefonní číslo</string>
  <string name="add_group_member">Nový člen</string>
  <string name="group_name_contacts">Kontakty</string>
  <string name="group_name_friends">Přátelé</string>
  <string name="group_name_family">Rodina</string>
  <string name="group_name_coworkers">Spolupracovníci</string>
  <string name="group_name_important">Důležité</string>
  <string name="group_name_life_info">Životní styl</string>
  <string name="group_name_white_list">Bílá listina</string>
  <string name="group_name_black_list">Černá listina</string>
  <string name="button_manage_groups">Správa skupin</string>
  <string name="button_back">Zpět</string>
  <string name="button_remove_contacts">Smazat kontakty</string>
  <string name="duplicatedGroupNameHelpText">Nový název skupiny, nemůže být stejný jako existující název skupiny</string>
  <string name="system_groups_unchangable">Tato skupina je výchozí a nelze přejmenovat nebo odstranit.</string>
  <string name="menu_add">Přidat</string>
  <string name="menu_remove">Odebrat</string>
  <string name="create_new_group">Nová skupina</string>
  <string name="manage_groups">Správa skupin</string>
  <string name="menu_viewGroup">Zobrazit skupiny</string>
  <string name="menu_deleteGroup">Smazat skupinu</string>
  <string name="menu_editGroupName">Upravit názvy skupin</string>
  <string name="input_group_name_hint">Zadejte název skupiny</string>
  <string name="notification_invalid_group_name">Název skupiny nemůže být prázdný</string>
  <string name="add_to_group_format">přidat do skupiny</string>
  <string name="name_full">Jméno</string>
  <string name="add_more_items">Přidat další</string>
  <string name="saveConfirmationTitle">název uložen</string>
  <string name="saveConfirmationBody">uložit soubor ?</string>
  <string name="saveConfirmationYes">uložit</string>
  <string name="saveConfirmationNo">potvrdit uložení čísla</string>
  <string name="import_from_account">Import z jiného účtu</string>
  <string name="select_account_import_from">Vyberte účet pro import</string>
  <string name="importing_from_account">Import</string>
  <string name="fail_message_account_needed">Prosím, nastavte svůj MIUI učet jako první</string>
  <string name="success_message_import_from_account">Import byl úspěšný</string>
  <string name="date_day">Den</string>
  <string name="fast_scroll_alphabet">\#ABCDEFGHIJKLMNOPQRSTUVWXYZ</string>
  <string name="belong_no_group">Není ve skupině</string>
  <string name="menu_remove_member">Smazat kontakt</string>
  <string name="removeConfirmation_title">Odebrat</string>
  <string name="menu_add_favorite_contact">Přidat kontakt do oblíbených</string>
  <string name="menu_group_sms">Poslat skupinovou zprávu</string>
  <string name="menu_group_ringtone">Skupinové vyzvánění</string>
  <string name="menu_add_member">Přidat člena</string>
  <string name="menu_callIpNumber">Volát IP telefon (Číselník %s)</string>
  <string name="menu_clearDefaultNumber">Zrušit výchozí nastavené číslo</string>
  <string name="menu_clearDefaultEmail">Zrušit výchozí nastavení pošty</string>
  <string name="favoriteContactDescription">popis oblíbeného kontaktu</string>
  <string name="unfavoriteContactDescription">odhlásit</string>
  <string name="shareContactDescription">sdílené kontakty</string>
  <string name="titlePickOrCreateNewContact">vytvořit nový kontakt</string>
  <string name="titlePickContactNumber">vybrat telefonní číslo</string>
  <string name="fixedPhoneLabel">Pozemní</string>
  <string name="fixedFaxLabel">fax</string>
  <string name="goto_album">Jdi do Galerie</string>
  <string name="recommneded_photos">Doporučené obrázky kontaktů</string>
  <string name="downloading_photos">stáhnout obraz</string>
  <string name="callButtonText">Volat</string>
  <string name="callrecordview_menu_phone_all">Zobrazit všechny hovory</string>
  <string name="callrecordview_menu_phone_missed">Zobrazit pouze zmeškané hovory</string>
  <string name="callrecordview_menu_delete_one">Odstranit záznam hovoru</string>
  <string name="callrecordview_menu_delete_stranger">Vymazat historii volání s neznámými čísly</string>
  <string name="callrecordview_menu_delete_all">Vymazat celou historii volání</string>
  <string name="callrecordview_menu_set">Nastavení</string>
  <string name="callrecordview_more">Více</string>
  <string name="callrecordview_more_title">%s celkem volání</string>
  <string name="callrecordview_item_calls">%d volání</string>
  <string name="callrecordview_item_op_time_missed">Zmeškaný hovor</string>
  <string name="callrecordview_item_op_time_short_incoming">%d sekund do hovoru</string>
  <string name="callrecordview_item_op_time_short_outgoing">Hovor %d sekund</string>
  <string name="callDetailsDurationFormat_incoming">Minuta volání %1$s %2$s sekund</string>
  <string name="callDetailsDurationFormat_outgoing">Minuta volání %1$s %2$s sekund</string>
  <string name="group_delete_confirmation">Potvrdit smazání skupiny</string>
  <string name="no_sms_availabe_contact_in_group">Tato skupina nemá kontakty schopné dostaní zpráv</string>
  <string name="showDialpadTip">Klepnutím zobrazíte číselník</string>
  <string name="set_ringtone_for_group_members_success">Nastaveno skupinové vyzvánění</string>
  <string name="noContactHelpText">Není tam žádná sbírka, můžete:

</string>
  <string name="noFavoriteHelpText">Není tam žádná sbírka, můžete:</string>
  <string name="noGroupMemberHelpText">Tato skupina je v současné době prázdná.\n\nChcete-li přidat kontakt, prosím, stiskněte tlačítko a poté vyberte požadované kontakty.\n</string>
  <string name="noContactHelpTextAccounts">Konfigurace účtu pro synchronizaci</string>
  <string name="noContactHelpTextImportSim">Import kontaktů ze SIM karty</string>
  <string name="noContactHelpTextImportSD">Import kontaktů z SD karty</string>
  <string name="noContactHelpTextAddContact">Vytvoření nového kontaktu</string>
  <string name="noContactHelpTextAddStarred">Oblíbené</string>
  <string name="noContactHelpTextAddMember">Přidat člena skupiny</string>
</resources>
