<?xml version="1.0" encoding="utf-8"?>
<!--Generated by crowdin.net-->
<resources>
  <string name="cancel">Zrušit</string>
  <string name="copy">Kopírovat</string>
  <string name="copyUrl">Kopírovat adresu URL</string>
  <string name="cut">Vyjmout</string>
  <string name="defaultVoiceMailAlphaTag">Hlasová schránka</string>
  <string name="defaultMsisdnAlphaTag">MSISDN1</string>
  <string name="emptyPhoneNumber">(žádné telefonní číslo)</string>
  <string name="httpErrorBadUrl">Stránku nelze otevřít, protože adresa URL je neplatná.</string>
  <string name="httpErrorUnsupportedScheme">Protokol není podporován.</string>
  <string name="no">Zrušit</string>
  <string name="ok">OK</string>
  <string name="paste">Vložit</string>
  <string name="search_go">Hledat</string>
  <string name="selectAll">Vybrat vše</string>
  <string name="unknownName">(Neznámé)</string>
  <string name="untitled"><bez názvu></string>
  <string name="VideoView_error_button">OK</string>
  <string name="VideoView_error_text_unknown">Toto video bohužel nelze přehrát.</string>
  <string name="VideoView_error_title">Video nelze přehrát</string>
  <string name="yes">OK</string>
  <string name="dialog_alert_title">Upozornění</string>
  <string name="VideoView_error_text_invalid_progressive_playback">Omlouváme se, ale toto video nelze přenášet datovým proudem do tohoto zařízení.</string>
  <string name="config_tether_apndata"> </string>
  <string name="config_networkLocationProvider">com.google.android.location.NetworkLocationProvider</string>
  <string name="config_geocodeProvider">com.google.android.location.GeocodeProvider</string>
  <string name="config_datause_iface">rmnet0</string>
  <string name="month_long_standalone_january">leden</string>
  <string name="month_long_standalone_february">únor</string>
  <string name="month_long_standalone_march">březen</string>
  <string name="month_long_standalone_april">duben</string>
  <string name="month_long_standalone_may">květen</string>
  <string name="month_long_standalone_june">červen</string>
  <string name="month_long_standalone_july">červenec</string>
  <string name="month_long_standalone_august">srpen</string>
  <string name="month_long_standalone_september">září</string>
  <string name="month_long_standalone_october">říjen</string>
  <string name="month_long_standalone_november">listopad</string>
  <string name="month_long_standalone_december">prosinec</string>
  <string name="month_long_january">ledna</string>
  <string name="month_long_february">února</string>
  <string name="month_long_march">března</string>
  <string name="month_long_april">dubna</string>
  <string name="month_long_may">května</string>
  <string name="month_long_june">června</string>
  <string name="month_long_july">července</string>
  <string name="month_long_august">srpna</string>
  <string name="month_long_september">Září</string>
  <string name="month_long_october">Října</string>
  <string name="month_long_november">Listopadu</string>
  <string name="month_long_december">Prosince</string>
  <string name="month_medium_january">1.</string>
  <string name="month_medium_february">2.</string>
  <string name="month_medium_march">3.</string>
  <string name="month_medium_april">4.</string>
  <string name="month_medium_may">5.</string>
  <string name="month_medium_june">6.</string>
  <string name="month_medium_july">7.</string>
  <string name="month_medium_august">8.</string>
  <string name="month_medium_september">9.</string>
  <string name="month_medium_october">10.</string>
  <string name="month_medium_november">11.</string>
  <string name="month_medium_december">12.</string>
  <string name="month_shortest_january">l</string>
  <string name="month_shortest_february">ú</string>
  <string name="month_shortest_march">b</string>
  <string name="month_shortest_april">d</string>
  <string name="month_shortest_may">k</string>
  <string name="month_shortest_june">č</string>
  <string name="month_shortest_july">č</string>
  <string name="month_shortest_august">s</string>
  <string name="month_shortest_september">z</string>
  <string name="month_shortest_october">ř</string>
  <string name="month_shortest_november">l</string>
  <string name="month_shortest_december">p</string>
  <string name="day_of_week_long_sunday">Neděle</string>
  <string name="day_of_week_long_monday">Pondělí</string>
  <string name="day_of_week_long_tuesday">Úterý</string>
  <string name="day_of_week_long_wednesday">Středa</string>
  <string name="day_of_week_long_thursday">Čtvrtek</string>
  <string name="day_of_week_long_friday">Pátek</string>
  <string name="day_of_week_long_saturday">Sobota</string>
  <string name="day_of_week_medium_sunday">Ne</string>
  <string name="day_of_week_medium_monday">Po</string>
  <string name="day_of_week_medium_tuesday">Út</string>
  <string name="day_of_week_medium_wednesday">St</string>
  <string name="day_of_week_medium_thursday">Čt</string>
  <string name="day_of_week_medium_friday">Pá</string>
  <string name="day_of_week_medium_saturday">So</string>
  <string name="day_of_week_short_sunday">Ne</string>
  <string name="day_of_week_short_monday">Po</string>
  <string name="day_of_week_short_tuesday">Út</string>
  <string name="day_of_week_short_wednesday">St</string>
  <string name="day_of_week_short_thursday">Čt</string>
  <string name="day_of_week_short_friday">Pá</string>
  <string name="day_of_week_short_saturday">So</string>
  <string name="day_of_week_shortest_sunday">N</string>
  <string name="day_of_week_shortest_monday">P</string>
  <string name="day_of_week_shortest_tuesday">Ú</string>
  <string name="day_of_week_shortest_wednesday">S</string>
  <string name="day_of_week_shortest_thursday">Č</string>
  <string name="day_of_week_shortest_friday">P</string>
  <string name="day_of_week_shortest_saturday">S</string>
  <string name="am">dop.</string>
  <string name="pm">odp.</string>
  <string name="yesterday">Včera</string>
  <string name="today">Dnes</string>
  <string name="tomorrow">Zítra</string>
  <string name="hour_minute_24">%H:%M</string>
  <string name="hour_minute_ampm">%-l:%M%p</string>
  <string name="hour_minute_cap_ampm">%-l:%M%^p</string>
  <string name="twelve_hour_time_format">h:mm a</string>
  <string name="twenty_four_hour_time_format">HH:mm</string>
  <string name="numeric_date">%-e. %-m. %Y</string>
  <string name="numeric_date_format">d. M. yyyy</string>
  <string name="numeric_date_template">%s. %s. %s</string>
  <string name="month_day_year">%B %-e, %Y</string>
  <string name="time_of_day">%-l:%M:%S %p</string>
  <string name="date_and_time">%-k:%M:%S %-e. %-m. %Y</string>
  <string name="date_time">%1$s, %2$s</string>
  <string name="time_date">%1$s, %3$s</string>
  <string name="abbrev_month_day_year">%-e. %-m. %Y</string>
  <string name="month_day">%B %-e</string>
  <string name="month">%-B</string>
  <string name="month_year">%B %Y</string>
  <string name="abbrev_month_day">%-e. %-m.</string>
  <string name="abbrev_month">%-B</string>
  <string name="abbrev_month_year">%-B %Y</string>
  <string name="time1_time2">%1$s-%2$s</string>
  <string name="date1_date2">%2$s – %5$s</string>
  <string name="numeric_md1_md2">%3$s. %2$s. - %8$s. %7$s.</string>
  <string name="numeric_wday1_md1_wday2_md2">%1$s %3$s. %2$s. - %6$s %8$s. %7$s.</string>
  <string name="numeric_mdy1_mdy2">%3$s. %2$s. %4$s - %8$s. %7$s. %9$s</string>
  <string name="numeric_wday1_mdy1_wday2_mdy2">%1$s %3$s. %2$s. %4$s - %6$s %8$s. %7$s. %9$s</string>
  <string name="numeric_wday1_mdy1_time1_wday2_mdy2_time2">%5$s %1$s %3$s. %2$s. %4$s - %10$s %6$s %8$s. %7$s. %9$s</string>
  <string name="numeric_md1_time1_md2_time2">%5$s %3$s. %2$s. - %10$s %8$s. %7$s.</string>
  <string name="numeric_wday1_md1_time1_wday2_md2_time2">%5$s %1$s %3$s. %2$s. - %10$s %6$s %8$s. %7$s.</string>
  <string name="numeric_mdy1_time1_mdy2_time2">%5$s %3$s. %2$s. %4$s - %10$s %8$s. %7$s. %9$s</string>
  <string name="wday1_date1_time1_wday2_date2_time2">%3$s %1$s %2$s - %6$s %4$s %5$s</string>
  <string name="wday1_date1_wday2_date2">%1$s, %2$s – %4$s, %5$s</string>
  <string name="date1_time1_date2_time2">%2$s, %3$s – %5$s, %6$s</string>
  <string name="time_wday_date">%1$s, %2$s, %3$s</string>
  <string name="wday_date">%2$s, %3$s</string>
  <string name="time_wday">%1$s, %2$s</string>
  <string name="same_year_md1_md2">%2$s %3$s – %7$s %8$s</string>
  <string name="same_year_wday1_md1_wday2_md2">%1$s, %2$s %3$s – %6$s, %7$s %8$s</string>
  <string name="same_year_md1_time1_md2_time2">%5$s %3$s. %2$s - %10$s %8$s. %7$s</string>
  <string name="same_month_md1_time1_md2_time2">%5$s %3$s. %2$s - %10$s %8$s. %7$s</string>
  <string name="same_year_wday1_md1_time1_wday2_md2_time2">%5$s %1$s %3$s. %2$s - %10$s %6$s %8$s. %7$s</string>
  <string name="same_month_wday1_md1_time1_wday2_md2_time2">%5$s %1$s %3$s. %2$s - %10$s %6$s %8$s. %7$s</string>
  <string name="same_year_mdy1_time1_mdy2_time2">%5$s %3$s. %2$s %4$s - %10$s %8$s. %7$s %9$s</string>
  <string name="same_month_mdy1_time1_mdy2_time2">%5$s %3$s. %2$s %4$s - %10$s %8$s. %7$s %9$s</string>
  <string name="same_year_wday1_mdy1_time1_wday2_mdy2_time2">%5$s %1$s %3$s. %2$s %4$s - %10$s %6$s %8$s. %7$s %9$s</string>
  <string name="same_month_wday1_mdy1_time1_wday2_mdy2_time2">%5$s %1$s %3$s. %2$s %4$s - %10$s %6$s %8$s. %7$s %9$s</string>
  <string name="same_month_wday1_mdy1_wday2_mdy2">%1$s, %2$s %3$s, %4$s – %6$s, %7$s %8$s, %9$s</string>
  <string name="same_month_md1_md2">%2$s %3$s – %8$s</string>
  <string name="same_month_wday1_md1_wday2_md2">%1$s, %2$s %3$s – %6$s, %7$s %8$s</string>
  <string name="same_year_mdy1_mdy2">%2$s %3$s – %7$s %8$s, %9$s</string>
  <string name="same_month_mdy1_mdy2">%2$s %3$s – %8$s, %9$s</string>
  <string name="same_year_wday1_mdy1_wday2_mdy2">%1$s %3$s. %2$s - %6$s %8$s. %7$s %9$s</string>
  <string name="short_format_month">%b</string>
  <string name="full_wday_month_day_no_year">EEEE, MMMM d</string>
  <string name="abbrev_wday_month_day_year">E d. MMMM yyyy</string>
  <string name="common_name_prefixes"> </string>
  <string name="common_name_suffixes"> </string>
  <string name="common_last_name_prefixes"> </string>
  <string name="common_name_conjunctions"> </string>
  <string name="default_text_encoding">Latin-1</string>
  <string name="lock_pattern_view_aspect">pole</string>
  <string name="byteShort">B</string>
  <string name="kilobyteShort">KB</string>
  <string name="megabyteShort">MB</string>
  <string name="gigabyteShort">GB</string>
  <string name="terabyteShort">TB</string>
  <string name="petabyteShort">PB</string>
  <string name="fileSizeSuffix">%1$s%2$s</string>
  <string name="ellipsis">…</string>
  <string name="mmiError">Problém s připojením nebo neplatný kód MMI.</string>
  <string name="serviceEnabled">Služba byla zapnuta.</string>
  <string name="serviceEnabledFor">Služba byla zapnuta pro:</string>
  <string name="serviceDisabled">Služba byla vypnuta.</string>
  <string name="serviceRegistered">Registrace byla úspěšná.</string>
  <string name="serviceErased">Smazaní proběhlo úspěšně.</string>
  <string name="passwordIncorrect">Nesprávné heslo.</string>
  <string name="mmiComplete">Funkce MMI byla dokončena.</string>
  <string name="badPin">Původní kód PIN byl zadán nesprávně.</string>
  <string name="badPuk">Kód PUK byl zadán nesprávně.</string>
  <string name="mismatchPin">Zadané kódy PIN se neshodují.</string>
  <string name="invalidPin">Zadejte kód PIN o délce 4-8 číslic.</string>
  <string name="needPuk">Karta SIM je blokována pomocí kódu PUK. Odblokujete ji zadáním kódu PUK.</string>
  <string name="needPuk2">Chcete-li odblokovat kartu SIM, zadejte kód PUK2.</string>
  <string name="ClipMmi">Příchozí identifikace volajícího</string>
  <string name="ClirMmi">Odchozí identifikace volajícího</string>
  <string name="CfMmi">Přesměrování hovorů</string>
  <string name="CwMmi">Další hovor na lince</string>
  <string name="BaMmi">Blokování hovorů</string>
  <string name="PwdMmi">Změna hesla</string>
  <string name="PinMmi">Změna kódu PIN</string>
  <string name="CnipMmi">Volané číslo uvedeno</string>
  <string name="CnirMmi">Volání čísla omezeno</string>
  <string name="ThreeWCMmi">Konference tří účastníků</string>
  <string name="RuacMmi">Odmítnutí nevyžádaných obtěžujících hovorů</string>
  <string name="CndMmi">Doručení volaného čísla</string>
  <string name="DndMmi">Nerušit</string>
  <string name="CLIRDefaultOnNextCallOn">Ve výchozím nastavení je identifikace volajícího omezena. Příští hovor: Omezeno</string>
  <string name="CLIRDefaultOnNextCallOff">Ve výchozím nastavení je identifikace volajícího omezena. Příští hovor: Neomezeno</string>
  <string name="CLIRDefaultOffNextCallOn">Ve výchozím nastavení není identifikace volajícího omezena. Příští hovor: Omezeno</string>
  <string name="CLIRDefaultOffNextCallOff">Ve výchozím nastavení není identifikace volajícího omezena. Příští hovor: Neomezeno</string>
  <string name="serviceNotProvisioned">Služba není zřízena.</string>
  <string name="CLIRPermanent">Nelze změnit nastavení identifikace volajícího.</string>
  <string name="RestrictedChangedTitle">Omezený přístup byl změněn.</string>
  <string name="RestrictedOnData">Datová služba je zablokována.</string>
  <string name="RestrictedOnEmergency">Tísňová linka je zablokována.</string>
  <string name="RestrictedOnNormal">Hlasová služba je zablokována.</string>
  <string name="RestrictedOnAllVoice">Veškeré hlasové služby jsou zablokovány.</string>
  <string name="RestrictedOnSms">Služby SMS jsou zablokovány.</string>
  <string name="RestrictedOnVoiceData">Hlasové a datové služby jsou zablokovány.</string>
  <string name="RestrictedOnVoiceSms">Hlasové služby a služby SMS jsou zablokovány.</string>
  <string name="RestrictedOnAll">Veškeré hlasové a datové služby a služby SMS jsou zablokovány.</string>
  <string name="serviceClassVoice">Hlas</string>
  <string name="serviceClassData">Data</string>
  <string name="serviceClassFAX">FAX</string>
  <string name="serviceClassSMS">SMS</string>
  <string name="serviceClassDataAsync">Async</string>
  <string name="serviceClassDataSync">Synchronizace</string>
  <string name="serviceClassPacket">Pakety</string>
  <string name="serviceClassPAD">PAD</string>
  <string name="roamingText0">Indikátor roamingu svítí</string>
  <string name="roamingText1">Indikátor roamingu nesvítí</string>
  <string name="roamingText2">Indikátor roamingu bliká</string>
  <string name="roamingText3">Není v blízkosti</string>
  <string name="roamingText4">Mimo budovu</string>
  <string name="roamingText5">Roaming – preferovaný systém</string>
  <string name="roamingText6">Roaming – dostupný systém</string>
  <string name="roamingText7">Roaming – alianční partner</string>
  <string name="roamingText8">Roaming – prémiový partner</string>
  <string name="roamingText9">Roaming – úplná funkčnost služby</string>
  <string name="roamingText10">Roaming – částečná funkčnost služby</string>
  <string name="roamingText11">Banner roamingu je zapnutý</string>
  <string name="roamingText12">Banner roamingu je vypnutý</string>
  <string name="roamingTextSearching">Vyhledávání služby</string>
  <string name="cfTemplateNotForwarded">{0}: Nepřesměrováno</string>
  <string name="cfTemplateForwarded">{0}: {1}</string>
  <string name="cfTemplateForwardedTime">{0}: {1} po {2} sek.</string>
  <string name="cfTemplateRegistered">{0}: Nepřesměrováno</string>
  <string name="cfTemplateRegisteredTime">{0}: Nepřesměrováno</string>
  <string name="fcComplete">Požadavek zadaný pomocí kódu funkce byl úspěšně dokončen.</string>
  <string name="fcError">Problém s připojením nebo neplatný kód funkce.</string>
  <string name="httpErrorOk">OK</string>
  <string name="httpError">Webová stránka obsahuje chybu.</string>
  <string name="httpErrorLookup">Adresu URL nelze najít.</string>
  <string name="httpErrorUnsupportedAuthScheme">Schéma ověření webu není podporováno.</string>
  <string name="httpErrorAuth">Ověření nebylo úspěšné.</string>
  <string name="httpErrorProxyAuth">Ověření pomocí serveru proxy bylo neúspěšné.</string>
  <string name="httpErrorConnect">Připojení k serveru bylo neúspěšné.</string>
  <string name="httpErrorIO">Komunikace se serverem se nezdařila. Opakujte akci později.</string>
  <string name="httpErrorTimeout">Spojení se serverem vypršelo.</string>
  <string name="httpErrorRedirectLoop">Stránka obsahuje příliš mnoho přesměrování serveru.</string>
  <string name="httpErrorFailedSslHandshake">Nelze navázat zabezpečené spojení.</string>
  <string name="httpErrorFile">K souboru nelze získat přístup.</string>
  <string name="httpErrorFileNotFound">Požadovaný soubor nebyl nalezen.</string>
  <string name="httpErrorTooManyRequests">Je zpracováváno příliš mnoho požadavků. Opakujte akci později.</string>
  <string name="notification_title">Chyba přihlášení k účtu %1$s</string>
  <string name="contentServiceSync">Synchronizace</string>
  <string name="contentServiceSyncNotificationTitle">Synchronizace</string>
  <string name="contentServiceTooManyDeletesNotificationDesc">Příliš mnoho smazaných položek služby %s.</string>
  <string name="low_memory">Paměť telefonu je plná. Smažte některé soubory a uvolněte místo.</string>
  <string name="me">Já</string>
  <string name="power_dialog">Možnosti telefonu</string>
  <string name="silent_mode">Tichý režim</string>
  <string name="turn_on_radio">Zapnout bezdrátové připojení</string>
  <string name="turn_off_radio">Vypnout bezdrátové připojení</string>
  <string name="screen_lock">Zámek obrazovky</string>
  <string name="power_off">Vypnout</string>
  <string name="shutdown_progress">Vypínání...</string>
  <string name="shutdown_confirm">Váš telefon bude vypnut.</string>
  <string name="recent_tasks_title">Nejnovější</string>
  <string name="no_recent_tasks">Žádné nedávno použité aplikace.</string>
  <string name="global_actions">Možnosti telefonu</string>
  <string name="global_action_lock">Zámek obrazovky</string>
  <string name="global_action_power_off">Vypnout</string>
  <string name="global_action_toggle_silent_mode">Tichý režim</string>
  <string name="global_action_silent_mode_on_status">Zvuk je VYPNUTÝ.</string>
  <string name="global_action_silent_mode_off_status">Zvuk je zapnutý</string>
  <string name="global_actions_toggle_airplane_mode">Režim V letadle</string>
  <string name="global_actions_airplane_mode_on_status">Režim V letadle je ZAPNUTÝ</string>
  <string name="global_actions_airplane_mode_off_status">Režim V letadle je VYPNUTÝ</string>
  <string name="safeMode">Nouzový režim</string>
  <string name="android_system_label">Systém Android</string>
  <string name="permgrouplab_costMoney">Zpoplatněné služby</string>
  <string name="permgroupdesc_costMoney">Umožňuje aplikacím provádět činnosti, které vás mohou stát peníze.</string>
  <string name="permgrouplab_messages">Vaše zprávy</string>
  <string name="permgroupdesc_messages">Čtení a zápis zpráv SMS, e-mailů a dalších zpráv.</string>
  <string name="permgrouplab_personalInfo">Vaše osobní informace</string>
  <string name="permgroupdesc_personalInfo">Přímý přístup k vašim kontaktům a kalendáři v telefonu.</string>
  <string name="permgrouplab_location">Vaše poloha</string>
  <string name="permgroupdesc_location">Sleduje vaši fyzickou polohu</string>
  <string name="permgrouplab_network">Síťová komunikace</string>
  <string name="permgroupdesc_network">Umožňuje aplikacím získat přístup k různým funkcím sítě.</string>
  <string name="permgrouplab_accounts">Vaše účty</string>
  <string name="permgroupdesc_accounts">Přístup k dostupným účtům.</string>
  <string name="permgrouplab_hardwareControls">Řízení hardwaru</string>
  <string name="permgroupdesc_hardwareControls">Přímý přístup k hardwaru telefonu.</string>
  <string name="permgrouplab_phoneCalls">Telefonní hovory</string>
  <string name="permgroupdesc_phoneCalls">Sledování, záznam a zpracování telefonních hovorů.</string>
  <string name="permgrouplab_systemTools">Systémové nástroje</string>
  <string name="permgroupdesc_systemTools">Nízkoúrovňový přístup a kontrola nad systémem.</string>
  <string name="permgrouplab_developmentTools">Nástroje pro vývojáře</string>
  <string name="permgroupdesc_developmentTools">Funkce pouze pro vývojáře aplikací</string>
  <string name="permgrouplab_storage">Úložiště</string>
  <string name="permgroupdesc_storage">Přístup ke kartě SD.</string>
  <string name="permlab_statusBar">zakázání či změny stavového řádku</string>
  <string name="permdesc_statusBar">Umožňuje aplikaci zakázat stavový řádek nebo přidat či odebrat systémové ikony.</string>
  <string name="permlab_expandStatusBar">rozbalení a sbalení stavového řádku</string>
  <string name="permdesc_expandStatusBar">Umožňuje aplikaci rozbalit či sbalit stavový řádek.</string>
  <string name="permlab_processOutgoingCalls">zachycení odchozích hovorů</string>
  <string name="permdesc_processOutgoingCalls">Umožňuje aplikaci zpracovat odchozí hovory a změnit číslo, které má být vytočeno. Škodlivé aplikace mohou sledovat či přesměrovat odchozí hovory nebo jim zabránit.</string>
  <string name="permlab_receiveSms">příjem zpráv SMS</string>
  <string name="permdesc_receiveSms">Umožňuje aplikaci přijímat a zpracovávat zprávy SMS. Škodlivé aplikace mohou sledovat vaše zprávy nebo je smazat, aniž by vám byly zobrazeny.</string>
  <string name="permlab_receiveMms">příjem zpráv MMS</string>
  <string name="permdesc_receiveMms">Umožňuje aplikaci přijímat a zpracovávat zprávy MMS. Škodlivé aplikace mohou sledovat vaše zprávy nebo je smazat, aniž by vám byly zobrazeny.</string>
  <string name="permlab_sendSms">odesílaní zpráv SMS</string>
  <string name="permdesc_sendSms">Umožňuje aplikaci odesílat zprávy SMS. Škodlivé aplikace mohou bez vašeho potvrzení odesílat zpoplatněné zprávy.</string>
  <string name="permlab_readSms">čtení zpráv SMS a MMS</string>
  <string name="permdesc_readSms">Umožňuje aplikaci číst zprávy SMS uložené ve vašem telefonu nebo na kartě SIM. Škodlivé aplikace mohou načíst vaše soukromé zprávy.</string>
  <string name="permlab_writeSms">úprava zpráv SMS a MMS</string>
  <string name="permdesc_writeSms">Umožňuje aplikaci zapisovat do zpráv SMS uložených ve vašem telefonu nebo na kartě SIM. Škodlivé aplikace mohou smazat vaše zprávy.</string>
  <string name="permlab_receiveWapPush">příjem WAP</string>
  <string name="permdesc_receiveWapPush">Umožňuje aplikaci přijímat a zpracovávat zprávy WAP. Škodlivé aplikace mohou sledovat vaše zprávy nebo je smazat, aniž by vám byly zobrazeny.</string>
  <string name="permlab_getTasks">načtení spuštěných aplikací</string>
  <string name="permdesc_getTasks">Umožňuje aplikaci načíst informace o aktuálně a nedávno spuštěných úlohách. Toto nastavení může škodlivým aplikacím umožnit odhalení soukromých informací o jiných aplikacích.</string>
  <string name="permlab_reorderTasks">změna uspořádání spuštěných aplikací</string>
  <string name="permdesc_reorderTasks">Umožňuje aplikaci přesouvat úlohy do popředí či pozadí. Škodlivé aplikace mohou vynutit své přesunutí do popředí bez vašeho přičinění.</string>
  <string name="permlab_setDebugApp">povolit ladění aplikací</string>
  <string name="permdesc_setDebugApp">Umožňuje aplikaci povolit ladění jiné aplikace. Škodlivé aplikace mohou pomocí tohoto nastavení ukončit jiné aplikace.</string>
  <string name="permlab_changeConfiguration">změna vašeho nastavení uživatelského rozhraní</string>
  <string name="permdesc_changeConfiguration">Umožňuje aplikaci změnit aktuální konfiguraci, např. národní prostředí či obecnou velikost písma.</string>
  <string name="permlab_enableCarMode">aktivovat režim V autě</string>
  <string name="permdesc_enableCarMode">Umožňuje aplikaci aktivovat režim V autě.</string>
  <string name="permlab_killBackgroundProcesses">ukončit procesy na pozadí</string>
  <string name="permdesc_killBackgroundProcesses">Umožňuje aplikaci ukončit procesy jiných aplikací běžící na pozadí i v případě, kdy je dostatek paměti.</string>
  <string name="permlab_forceStopPackages">vynutit zastavení jiných aplikací</string>
  <string name="permdesc_forceStopPackages">Umožňuje aplikaci vynutit zastavení jiných aplikací.</string>
  <string name="permlab_forceBack">vynucení zavření aplikace</string>
  <string name="permdesc_forceBack">Umožňuje aplikaci vynutit zavření a přesunutí libovolné činnosti v popředí na pozadí. Běžné aplikace by toto nastavení neměly nikdy využívat.</string>
  <string name="permlab_dump">načtení interního stavu systému</string>
  <string name="permdesc_dump">Umožňuje aplikaci načíst interní stav systému. Škodlivé aplikace mohou načíst řádu soukromých a zabezpečených informací, které by nikdy neměly potřebovat.</string>
  <string name="permlab_shutdown">částečné vypnutí</string>
  <string name="permdesc_shutdown">Uvede správce činností do vypnutého stavu. Nedojde však k úplnému vypnutí.</string>
  <string name="permlab_stopAppSwitches">zabránění přepínání aplikací</string>
  <string name="permdesc_stopAppSwitches">Zabrání uživateli přepnout na jinou aplikaci.</string>
  <string name="permlab_runSetActivityWatcher">sledování a řízení spouštění všech aplikací</string>
  <string name="permdesc_runSetActivityWatcher">Umožňuje aplikaci sledovat a řídit spouštění činností systémem. Škodlivé aplikace mohou zcela ovládnout systém. Toto oprávnění je zapotřebí pouze pro účely vývoje, nikdy pro běžné použití telefonu.</string>
  <string name="permlab_broadcastPackageRemoved">odeslání vysílání o odstranění balíčku</string>
  <string name="permdesc_broadcastPackageRemoved">Umožňuje aplikaci vysílat oznámení o odstranění balíčku aplikace. Škodlivé aplikace mohou pomocí tohoto nastavení ukončit libovolnou další spuštěnou aplikaci.</string>
  <string name="permlab_broadcastSmsReceived">odeslání vysílání o přijaté zprávě SMS</string>
  <string name="permdesc_broadcastSmsReceived">Umožňuje aplikaci vysílat oznámení o přijetí zprávy SMS. Škodlivé aplikace mohou pomocí tohoto nastavení falšovat příchozí zprávy SMS.</string>
  <string name="permlab_broadcastWapPush">odeslání vysílání typu WAP-PUSH-received</string>
  <string name="permdesc_broadcastWapPush">Umožňuje aplikaci vysílat oznámení o přijetí zprávy WAP PUSH. Škodlivé aplikace mohou pomocí tohoto nastavení zfalšovat výpis o doručení zprávy MMS nebo nepozorovaně nahradit obsah jakékoli webové stránky škodlivým obsahem.</string>
  <string name="permlab_setProcessLimit">omezení počtu spuštěných procesů</string>
  <string name="permdesc_setProcessLimit">Umožňuje aplikaci řídit maximální počet spuštěných procesů. Běžné aplikace toto nastavení nikdy nevyužívají.</string>
  <string name="permlab_setAlwaysFinish">zavření všech aplikací na pozadí</string>
  <string name="permdesc_setAlwaysFinish">Umožňuje aplikaci ovládat, zda jsou činnosti vždy dokončeny po přesunutí do pozadí. Běžné aplikace toto nastavení nikdy nevyužívají.</string>
  <string name="permlab_batteryStats">změna statistických údajů o baterii</string>
  <string name="permdesc_batteryStats">Umožňuje změnu shromážděných statistických údajů o baterii. Není určeno pro běžné aplikace.</string>
  <string name="permlab_backup">ovládání zálohování a obnovy systému</string>
  <string name="permdesc_backup">Umožňuje aplikaci ovládat systémový mechanizmus pro zálohování a obnovu dat. Není určeno pro běžné aplikace.</string>
  <string name="permlab_internalSystemWindow">zobrazení nepovolených oken</string>
  <string name="permdesc_internalSystemWindow">Umožňuje vytvoření oken, která mají být použita interním systémem uživatelského rozhraní. Běžné aplikace toto nastavení nepoužívají.</string>
  <string name="permlab_systemAlertWindow">zobrazení upozornění systémové úrovně</string>
  <string name="permdesc_systemAlertWindow">Umožňuje aplikaci zobrazit okna s výstrahami systému. Škodlivé aplikace mohou převzít kontrolu nad celou obrazovkou telefonu.</string>
  <string name="permlab_setAnimationScale">změna globální rychlosti animace</string>
  <string name="permdesc_setAnimationScale">Umožňuje aplikaci kdykoli globálně změnit rychlost animace (rychlejší či pomalejší animace).</string>
  <string name="permlab_manageAppTokens">správa tokenů aplikací</string>
  <string name="permdesc_manageAppTokens">Umožňuje aplikaci vytvořit a spravovat své vlastní tokeny a obejít jejich obvyklé řazení typu Z. Toto nastavení by nikdy nemělo být potřeba pro běžné aplikace.</string>
  <string name="permlab_injectEvents">používání kláves a tlačítek</string>
  <string name="permdesc_injectEvents">Umožňuje aplikaci doručit své vlastní vstupní události (stisknutí tlačítek, apod.) dalším aplikacím. Škodlivé aplikace mohou pomocí tohoto nastavení převzít kontrolu nad telefonem.</string>
  <string name="permlab_readInputState">zaznamenání psaného textu a prováděných činností</string>
  <string name="permdesc_readInputState">Umožňuje aplikacím sledovat, které klávesy používáte, a to i při práci s jinými aplikacemi (například při zadávání hesla). Běžné aplikace by toto nastavení nikdy neměly vyžadovat.</string>
  <string name="permlab_bindInputMethod">vazba k metodě zadávání dat</string>
  <string name="permdesc_bindInputMethod">Umožňuje držiteli vázat se na nejvyšší úroveň rozhraní pro zadávání dat. Běžné aplikace by toto nastavení nikdy neměly využívat.</string>
  <string name="permlab_bindWallpaper">vazba na tapetu</string>
  <string name="permdesc_bindWallpaper">Umožňuje držiteli navázat se na nejvyšší úroveň rozhraní tapety. Běžné aplikace by toto oprávnění nikdy neměly potřebovat.</string>
  <string name="permlab_bindDeviceAdmin">komunikovat se správcem zařízení</string>
  <string name="permdesc_bindDeviceAdmin">Umožňuje držiteli oprávnění odesílat informace správci zařízení. Běžné aplikace by toto oprávnění nikdy neměly požadovat.</string>
  <string name="permlab_setOrientation">změna orientace obrazovky</string>
  <string name="permdesc_setOrientation">Umožňuje aplikaci kdykoli změnit orientaci obrazovky. Běžné aplikace by toto nastavení nikdy neměly využívat.</string>
  <string name="permlab_signalPersistentProcesses">odeslání signálů Linux aplikacím</string>
  <string name="permdesc_signalPersistentProcesses">Umožňuje aplikaci vyžádat zaslání poskytnutého signálu všem trvalým procesům.</string>
  <string name="permlab_persistentActivity">trvalé spuštění aplikace</string>
  <string name="permdesc_persistentActivity">Umožňuje aplikaci učinit své části trvalými, takže je systém nemůže použít pro jiné aplikace.</string>
  <string name="permlab_deletePackages">smazání aplikací</string>
  <string name="permdesc_deletePackages">Umožňuje aplikaci smazat balíčky systému Android. Škodlivé aplikace mohou pomocí tohoto nastavení smazat důležité aplikace.</string>
  <string name="permlab_clearAppUserData">smazání dat ostatních aplikací</string>
  <string name="permdesc_clearAppUserData">Umožňuje aplikaci smazat data uživatele.</string>
  <string name="permlab_deleteCacheFiles">smazání mezipaměti ostatních aplikací</string>
  <string name="permdesc_deleteCacheFiles">Umožňuje aplikaci smazat soubory v mezipaměti.</string>
  <string name="permlab_getPackageSize">výpočet místa pro ukládání aplikací</string>
  <string name="permdesc_getPackageSize">Umožňuje aplikaci načtení svého kódu, dat a velikostí mezipaměti</string>
  <string name="permlab_installPackages">přímá instalace aplikací</string>
  <string name="permdesc_installPackages">Umožňuje aplikaci nainstalovat nové či aktualizované balíčky systému Android. Škodlivé aplikace mohou pomocí tohoto nastavení přidat nové aplikace s libovolnými oprávněními.</string>
  <string name="permlab_clearAppCache">smazání všech dat v mezipaměti aplikace</string>
  <string name="permdesc_clearAppCache">Umožňuje aplikaci uvolnit paměť telefonu smazáním souborů v adresáři mezipaměti aplikace. Přístup je velmi omezený, většinou pouze pro systémové procesy.</string>
  <string name="permlab_movePackage">Přesun zdrojů aplikace</string>
  <string name="permdesc_movePackage">Umožňuje aplikaci přesunout své zdroje z interní paměti na externí médium a opačně.</string>
  <string name="permlab_readLogs">čtení systémových souborů protokolu</string>
  <string name="permdesc_readLogs">Umožňuje aplikaci číst různé systémové soubory protokolů. Toto nastavení aplikaci umožní získat obecné informace o činnostech s telefonem, ale neměly by obsahovat žádné osobní či soukromé informace.</string>
  <string name="permlab_diagnostic">čtení nebo zápis do prostředků funkce diag</string>
  <string name="permdesc_diagnostic">Umožňuje aplikaci číst libovolné prostředky ve skupině diag, např. soubory ve složce /dev, a zapisovat do nich. Může dojít k ovlivnění stability a bezpečnosti systému. Toto nastavení by měl používat pouze výrobce či operátor pro diagnostiku hardwaru.</string>
  <string name="permlab_changeComponentState">povolení či zakázání komponent aplikací</string>
  <string name="permdesc_changeComponentState">Umožňuje aplikaci změnit, zda je komponenta jiné aplikace povolena nebo ne. Škodlivé aplikace mohou pomocí tohoto nastavení vypnout důležité funkce telefonu. Je třeba postupovat opatrně, protože je možné způsobit nepoužitelnost, nekonzistenci či nestabilitu komponent aplikací.</string>
  <string name="permlab_setPreferredApplications">nastavení upřednostňovaných aplikací</string>
  <string name="permdesc_setPreferredApplications">Umožňuje aplikaci změnit vaše upřednostňované aplikace. Toto nastavení může škodlivým aplikacím umožnit nepozorovaně změnit spouštěné aplikace a oklamat vaše existující aplikace tak, aby shromažďovaly vaše soukromá data.</string>
  <string name="permlab_writeSettings">změna globálních nastavení systému</string>
  <string name="permdesc_writeSettings">Umožňuje aplikaci upravit data nastavení systému. Škodlivé aplikace mohou poškodit konfiguraci vašeho systému.</string>
  <string name="permlab_writeSecureSettings">změny zabezpečených nastavení systému</string>
  <string name="permdesc_writeSecureSettings">Umožňuje aplikaci změnit data zabezpečených nastavení systému. Běžné aplikace toto nastavení nevyužívají.</string>
  <string name="permlab_writeGservices">změna mapy služeb Google</string>
  <string name="permdesc_writeGservices">Umožňuje aplikaci změnit mapu služeb Google. Běžné aplikace toto nastavení nevyužívají.</string>
  <string name="permlab_receiveBootCompleted">automatické spuštění při startu</string>
  <string name="permdesc_receiveBootCompleted">Umožňuje aplikaci spuštění ihned po spuštění systému. Toto nastavení může zpomalit spuštění telefonu a umožnit aplikaci celkově zpomalit telefon, protože bude neustále spuštěna.</string>
  <string name="permlab_broadcastSticky">odeslání trvalého vysílání</string>
  <string name="permdesc_broadcastSticky">Umožňuje aplikaci odeslat trvalá vysílání, která přetrvávají i po skončení vysílání. Škodlivé aplikace mohou telefon zpomalit či způsobit jeho nestabilitu, protože bude používat příliš mnoho paměti.</string>
  <string name="permlab_readContacts">čtení dat kontaktů</string>
  <string name="permdesc_readContacts">Umožňuje aplikaci načíst všechna data kontaktů (adresy) uložená ve vašem telefonu. Škodlivé aplikace poté mohou dalším lidem odeslat vaše data.</string>
  <string name="permlab_writeContacts">zápis dat kontaktů</string>
  <string name="permdesc_writeContacts">Umožňuje aplikaci změnit kontaktní údaje (adresu) uložené v telefonu. Škodlivé aplikace mohou pomocí tohoto nastavení vymazat či pozměnit kontaktní údaje.</string>
  <string name="permlab_writeOwnerData">zápis informací o vlastníkovi</string>
  <string name="permdesc_writeOwnerData">Umožňuje aplikaci změnit informace o vlastníkovi telefonu uložené v telefonu. Škodlivé aplikace mohou pomocí tohoto nastavení vymazat či pozměnit informace o vlastníkovi.</string>
  <string name="permlab_readOwnerData">čtení informací o vlastníkovi</string>
  <string name="permdesc_readOwnerData">Umožňuje aplikaci číst informace o vlastníkovi telefonu uložená v telefonu. Škodlivé aplikace mohou pomocí tohoto nastavení načíst informace o vlastníkovi.</string>
  <string name="permlab_readCalendar">Čtení událostí v kalendáři</string>
  <string name="permdesc_readCalendar">Umožňuje aplikaci načíst všechny události kalendáře uložené ve vašem telefonu. Škodlivé aplikace poté mohou dalším lidem odeslat události z vašeho kalendáře.</string>
  <string name="permlab_writeCalendar">Přidávání nebo úprava událostí v kalendáři a odesílání e-mailů hostům</string>
  <string name="permdesc_writeCalendar">Umožňuje aplikaci přidávat nebo měnit události v kalendáři, které budou odesílat e-maily hostům. Škodlivé aplikace mohou pomocí tohoto oprávnění mazat nebo upravovat události v kalendáři a odesílat e-maily hostům.</string>
  <string name="permlab_accessMockLocation">simulace zdrojů polohy pro účely testování</string>
  <string name="permdesc_accessMockLocation">Vytváří simulované zdroje polohy pro účely testování. Škodlivé aplikace mohou pomocí tohoto nastavení změnit polohu či stav vrácený zdroji skutečné polohy, jako je např. jednotka GPS či poskytovatelé sítě.</string>
  <string name="permlab_accessLocationExtraCommands">přístup k dalším příkazům poskytovatele polohy</string>
  <string name="permdesc_accessLocationExtraCommands">Umožňuje získat přístup k dalším příkazům poskytovatele polohy. Škodlivé aplikace mohou pomocí tohoto nastavení narušit funkci GPS či jiných zdrojů polohy.</string>
  <string name="permlab_installLocationProvider">oprávnění k instalaci poskytovatele polohy</string>
  <string name="permdesc_installLocationProvider">Vytvořit simulace zdrojů polohy pro účely testování. Škodlivé aplikace mohou toto nastavení využít k přepsání polohy nebo stavu vráceného zdroji skutečné polohy, například systémem GPS nebo poskytovateli sítí. Mohou také monitorovat polohu a ohlásit ji externímu zdroji.</string>
  <string name="permlab_accessFineLocation">upřesnění polohy (GPS)</string>
  <string name="permdesc_accessFineLocation">Umožňuje aplikaci přístup ke zdrojům přesné polohy v telefonu, jako je například systém GPS, je-li k dispozici. Škodlivé aplikace mohou pomocí tohoto nastavení zjistit vaši polohu a mohou zvýšit spotřebu baterie.</string>
  <string name="permlab_accessCoarseLocation">přibližná poloha (pomocí sítě)</string>
  <string name="permdesc_accessCoarseLocation">Umožňuje získat přístup ke zdrojům přibližné polohy, jako je například databáze mobilní sítě, je-li k dispozici, a určit přibližnou pozici telefonu. Škodlivé aplikace takto mohou zjistit, kde se přibližně nacházíte.</string>
  <string name="permlab_accessSurfaceFlinger">přístup ke službě SurfaceFlinger</string>
  <string name="permdesc_accessSurfaceFlinger">Umožňuje aplikaci používat nízkoúrovňové funkce SurfaceFlinger.</string>
  <string name="permlab_readFrameBuffer">čtení vyrovnávací paměti snímků</string>
  <string name="permdesc_readFrameBuffer">Umožňuje aplikaci číst obsah vyrovnávací paměti snímků.</string>
  <string name="permlab_modifyAudioSettings">změna vašeho nastavení zvuku</string>
  <string name="permdesc_modifyAudioSettings">Umožňuje aplikaci změnit globální nastavení zvuku, například hlasitost či směrování.</string>
  <string name="permlab_recordAudio">nahrání zvuku</string>
  <string name="permdesc_recordAudio">Umožňuje aplikaci získat přístup k nahrávání zvuku.</string>
  <string name="permlab_camera">pořizování fotografií</string>
  <string name="permdesc_camera">Umožňuje aplikaci pořizovat fotografie pomocí fotoaparátu. Toto nastavení aplikaci umožní shromažďovat fotografie toho, na co je zrovna fotoaparát namířen.</string>
  <string name="permlab_brick">trvalé vypnutí telefonu</string>
  <string name="permdesc_brick">Umožňuje aplikaci trvale vypnout celý telefon. Toto je velmi nebezpečné nastavení.</string>
  <string name="permlab_reboot">vynucení restartování telefonu</string>
  <string name="permdesc_reboot">Umožňuje aplikaci vynutit restartování telefonu.</string>
  <string name="permlab_mount_unmount_filesystems">připojení a odpojení souborových systémů</string>
  <string name="permdesc_mount_unmount_filesystems">Umožňuje aplikaci připojit či odpojit souborové systémy ve vyměnitelných úložištích.</string>
  <string name="permlab_mount_format_filesystems">formátovat externí úložiště</string>
  <string name="permdesc_mount_format_filesystems">Umožňuje aplikaci formátovat vyměnitelná úložiště.</string>
  <string name="permlab_asec_access">získat informace o zabezpečeném úložišti</string>
  <string name="permdesc_asec_access">Umožňuje aplikaci získat informace o zabezpečeném úložišti.</string>
  <string name="permlab_asec_create">vytvořit zabezpečené úložiště</string>
  <string name="permdesc_asec_create">Umožňuje aplikaci vytvořit zabezpečené úložiště.</string>
  <string name="permlab_asec_destroy">zničit zabezpečené úložiště</string>
  <string name="permdesc_asec_destroy">Umožňuje aplikaci zničit zabezpečené úložiště.</string>
  <string name="permlab_asec_mount_unmount">připojit nebo odpojit zabezpečené úložiště</string>
  <string name="permdesc_asec_mount_unmount">Umožňuje aplikaci připojit nebo odpojit zabezpečené úložiště.</string>
  <string name="permlab_asec_rename">přejmenovat zabezpečené úložiště</string>
  <string name="permdesc_asec_rename">Umožňuje aplikaci přejmenovat zabezpečeného úložiště.</string>
  <string name="permlab_vibrate">ovládání vibrací</string>
  <string name="permdesc_vibrate">Umožňuje aplikaci ovládat vibrace.</string>
  <string name="permlab_flashlight">ovládání kontrolky</string>
  <string name="permdesc_flashlight">Umožňuje aplikaci ovládat kontrolku.</string>
  <string name="permlab_hardware_test">testování hardwaru</string>
  <string name="permdesc_hardware_test">Umožňuje aplikaci ovládat různé periferie pro účely testování hardwaru.</string>
  <string name="permlab_callPhone">přímé volání na telefonní čísla</string>
  <string name="permdesc_callPhone">Umožňuje aplikaci bez vašeho zásahu volat na telefonní čísla. Škodlivé aplikace mohou na váš telefonní účet připsat neočekávané hovory. Toto nastavení aplikaci neumožňuje volat na tísňové linky.</string>
  <string name="permlab_callPrivileged">přímé volání na libovolná telefonní čísla</string>
  <string name="permdesc_callPrivileged">Umožňuje aplikaci bez vašeho zásahu vytočit jakékoli telefonní číslo, včetně čísel tísňového volání. Škodlivé aplikace mohou provádět zbytečná a nezákonná volání na tísňové linky.</string>
  <string name="permlab_performCdmaProvisioning">přímo spustit nastavení telefonu CDMA</string>
  <string name="permdesc_performCdmaProvisioning">Umožňuje aplikaci zahájit poskytování CDMA. Škodlivé aplikace mohou poskytování CDMA zahájit samovolně.</string>
  <string name="permlab_locationUpdates">ovládání oznámení o aktualizaci polohy</string>
  <string name="permdesc_locationUpdates">Umožňuje povolit či zakázat aktualizace polohy prostřednictvím bezdrátového připojení. Aplikace toto nastavení obvykle nepoužívají.</string>
  <string name="permlab_checkinProperties">přístup k vlastnostem Checkin</string>
  <string name="permdesc_checkinProperties">Umožňuje čtení i zápis vlastností nahraných službou Checkin. Běžné aplikace toto nastavení obvykle nevyužívají.</string>
  <string name="permlab_bindGadget">zvolit widgety</string>
  <string name="permdesc_bindGadget">Umožňuje aplikaci sdělit systému, které aplikace mohou používat které widgety. Aplikace s tímto oprávněním mohou zpřístupnit osobní údaje jiným aplikacím. Není určeno pro běžné aplikace.</string>
  <string name="permlab_modifyPhoneState">změna stavu telefonu</string>
  <string name="permdesc_modifyPhoneState">Umožňuje aplikaci ovládat telefonní funkce zařízení. Aplikace s tímto oprávněním může přepínat sítě nebo zapnout či vypnout bezdrátové připojení telefonu bez vašeho svolení.</string>
  <string name="permlab_readPhoneState">čtení stavu a identity telefonu</string>
  <string name="permdesc_readPhoneState">Umožňuje aplikaci získat přístup k telefonním funkcím zařízení. Aplikace s tímto oprávněním mohou určit telefonní a sériové číslo tohoto telefonu, zda zrovna probíhá hovor, volané telefonní číslo a podobně.</string>
  <string name="permlab_wakeLock">zabránění přechodu telefonu do režimu spánku</string>
  <string name="permdesc_wakeLock">Umožňuje aplikaci zabránit přechodu telefonu do režimu spánku.</string>
  <string name="permlab_devicePower">zapnutí či vypnutí telefonu</string>
  <string name="permdesc_devicePower">Umožňuje aplikaci zapnout či vypnout telefon.</string>
  <string name="permlab_factoryTest">spuštění v režimu továrního testu</string>
  <string name="permdesc_factoryTest">Umožňuje aplikaci spuštění v režimu nízkoúrovňového testu výrobce a povolí přístup k hardwaru telefonu. K dispozici pouze, je-li telefon spuštěn v režimu testování výrobce.</string>
  <string name="permlab_setWallpaper">nastavení tapety</string>
  <string name="permdesc_setWallpaper">Umožňuje aplikaci nastavit tapetu systému.</string>
  <string name="permlab_setWallpaperHints">nastavení nápovědy pro velikost tapety</string>
  <string name="permdesc_setWallpaperHints">Umožňuje aplikaci nastavit nápovědu pro velikost tapety systému.</string>
  <string name="permlab_masterClear">obnovení továrního nastavení systému</string>
  <string name="permdesc_masterClear">Umožňuje aplikaci kompletně obnovit systém do továrního nastavení a vymazat všechna data, konfiguraci a nainstalované aplikace.</string>
  <string name="permlab_setTime">nastavit čas</string>
  <string name="permdesc_setTime">Umožňuje aplikaci změnit čas hodin v telefonu.</string>
  <string name="permlab_setTimeZone">nastavení časového pásma</string>
  <string name="permdesc_setTimeZone">Umožňuje aplikaci změnit časové pásmo telefonu.</string>
  <string name="permlab_accountManagerService">role služby AccountManagerService</string>
  <string name="permdesc_accountManagerService">Umožňuje aplikaci volat funkce AccountAuthenticator</string>
  <string name="permlab_getAccounts">odhalení známých účtů</string>
  <string name="permdesc_getAccounts">Umožňuje aplikaci získat seznam účtů v telefonu.</string>
  <string name="permlab_authenticateAccounts">role ověřovatele účtu</string>
  <string name="permdesc_authenticateAccounts">Umožňuje aplikaci používat funkce aplikace AccountManager související s ověřováním účtů – včetně vytváření účtů a získávání a nastavování hesel.</string>
  <string name="permlab_manageAccounts">správa seznamu účtů</string>
  <string name="permdesc_manageAccounts">Umožňuje aplikaci provádět operace, jako je přidávání nebo odebírání účtů nebo mazání jejich hesel.</string>
  <string name="permlab_useCredentials">používání ověřovacích pověření účtu</string>
  <string name="permdesc_useCredentials">Umožňuje aplikaci požadovat ověřovací tokeny.</string>
  <string name="permlab_accessNetworkState">zobrazení stavu sítě</string>
  <string name="permdesc_accessNetworkState">Umožňuje aplikaci zobrazit stav všech sítí.</string>
  <string name="permlab_createNetworkSockets">plný přístup k internetu</string>
  <string name="permdesc_createNetworkSockets">Umožňuje aplikaci vytvořit síťové sokety.</string>
  <string name="permlab_writeApnSettings">zápis nastavení názvu přístupového bodu (APN)</string>
  <string name="permdesc_writeApnSettings">Umožňuje aplikaci změnit nastavení APN, jako je například proxy či port APN.</string>
  <string name="permlab_changeNetworkState">změna připojení k síti</string>
  <string name="permdesc_changeNetworkState">Umožňuje aplikaci změnit stav připojení k síti.</string>
  <string name="permlab_changeTetherState">Změna sdíleného datového připojení</string>
  <string name="permdesc_changeTetherState">Umožňuje aplikaci změnit stav sdíleného datového připojení k síti.</string>
  <string name="permlab_changeBackgroundDataSetting">změnit nastavení použití dat na pozadí</string>
  <string name="permdesc_changeBackgroundDataSetting">Umožňuje aplikaci změnit nastavení použití dat na pozadí.</string>
  <string name="permlab_accessWifiState">zobrazení stavu WiFi</string>
  <string name="permdesc_accessWifiState">Umožňuje aplikaci zobrazit informace o stavu připojení WiFi.</string>
  <string name="permlab_changeWifiState">změna stavu WiFi</string>
  <string name="permdesc_changeWifiState">Umožňuje aplikaci připojit se k přístupovým bodům WiFi či se od nich odpojit a provádět změny nakonfigurovaných sítí WiFi.</string>
  <string name="permlab_changeWifiMulticastState">povolení příjmu Wi-Fi Multicast</string>
  <string name="permdesc_changeWifiMulticastState">Povoluje aplikaci přijímat pakety, které nebyly adresovány přímo vašemu zařízení. Pomocí této možnosti můžete objevit služby nabízené ve vaší blízkosti. Spotřeba energie je vyšší než u režimu bez vícesměrového vysílání (multicast).</string>
  <string name="permlab_bluetoothAdmin">správa rozhraní Bluetooth</string>
  <string name="permdesc_bluetoothAdmin">Umožňuje aplikaci konfigurovat místní telefon s rozhraním Bluetooth a vyhledávat a párovat vzdálená zařízení.</string>
  <string name="permlab_bluetooth">vytvoření připojení Bluetooth</string>
  <string name="permdesc_bluetooth">Umožňuje aplikaci zobrazit konfiguraci místního telefonu s rozhraním Bluetooth, vytvářet připojení ke spárovaným zařízením a přijímat tato připojení.</string>
  <string name="permlab_disableKeyguard">vypnutí zámku kláves</string>
  <string name="permdesc_disableKeyguard">Umožňuje aplikaci vypnout zámek kláves a související zabezpečení heslem. Příkladem oprávněného použití této funkce je vypnutí zámku klávesnice při příchozím hovoru a jeho opětovné zapnutí po skončení hovoru.</string>
  <string name="permlab_readSyncSettings">čtení nastavení synchronizace</string>
  <string name="permdesc_readSyncSettings">Umožňuje aplikaci načíst nastavení synchronizace, např. zda má být povolena synchronizace kontaktů.</string>
  <string name="permlab_writeSyncSettings">zápis nastavení synchronizace</string>
  <string name="permdesc_writeSyncSettings">Umožňuje aplikaci změnit nastavení synchronizace, např. zda má být povolena synchronizace kontaktů.</string>
  <string name="permlab_readSyncStats">čtení statistických údajů o synchronizaci</string>
  <string name="permdesc_readSyncStats">Umožňuje aplikaci číst statistické informace o synchronizaci, např. historii proběhlých synchronizací.</string>
  <string name="permlab_subscribedFeedsRead">čtení zdrojů přihlášených k odběru</string>
  <string name="permdesc_subscribedFeedsRead">Umožňuje aplikaci získat podrobnosti o aktuálně synchronizovaných zdrojích.</string>
  <string name="permlab_subscribedFeedsWrite">zápis odebíraných zdrojů</string>
  <string name="permdesc_subscribedFeedsWrite">Umožňuje aplikaci upravit vaše aktuálně synchronizované zdroje. To může škodlivým aplikacím umožnit změnu vašich synchronizovaných zdrojů.</string>
  <string name="permlab_readDictionary">člení slovníku definovaného uživatelem</string>
  <string name="permdesc_readDictionary">Umožní aplikaci číst soukromá slova, jména a fráze, která uživatel mohl uložit do svého slovníku.</string>
  <string name="permlab_writeDictionary">zápis do slovníku definovaného uživatelem</string>
  <string name="permdesc_writeDictionary">Umožní aplikaci zapisovat nová slova do uživatelského slovníku.</string>
  <string name="permlab_sdcardWrite">změna/smazání obsahu karty SD</string>
  <string name="permdesc_sdcardWrite">Umožní aplikaci zápis na kartu SD.</string>
  <string name="permlab_cache_filesystem">přistupovat do souborového systému mezipaměti</string>
  <string name="permdesc_cache_filesystem">Umožňuje aplikaci číst a zapisovat do souborového systému mezipaměti.</string>
  <string name="policylab_limitPassword">Omezení hesla</string>
  <string name="policydesc_limitPassword">Omezuje typ hesel, která lze použít.</string>
  <string name="policylab_watchLogin">Sledování pokusů o přihlášení</string>
  <string name="policydesc_watchLogin">Sleduje nezdařené pokusy o přihlášení do zařízení a umožňuje provedení určité akce.</string>
  <string name="policylab_resetPassword">Obnovení hesla</string>
  <string name="policydesc_resetPassword">Vynutí nastavení hesla na novou hodnotu, kterou vám před přihlášením musí sdělit správce.</string>
  <string name="policylab_forceLock">Vynucení uzamčení</string>
  <string name="policydesc_forceLock">Určuje, kdy dojde k uzamčení zařízení a bude požadováno opětovné zadání hesla.</string>
  <string name="policylab_wipeData">Vymazání všech dat</string>
  <string name="policydesc_wipeData">Bez dalšího potvrzení obnoví výchozí nastavení z výroby a smaže všechna data.</string>
  <string name="phoneTypeCustom">Vlastní</string>
  <string name="phoneTypeHome">Domů</string>
  <string name="phoneTypeMobile">Mobil</string>
  <string name="phoneTypeWork">Práce</string>
  <string name="phoneTypeFaxWork">Pracovní fax</string>
  <string name="phoneTypeFaxHome">Domácí fax</string>
  <string name="phoneTypePager">Pager</string>
  <string name="phoneTypeOther">Jiné</string>
  <string name="phoneTypeCallback">Zpětné volání</string>
  <string name="phoneTypeCar">Auto</string>
  <string name="phoneTypeCompanyMain">Firma (hlavní)</string>
  <string name="phoneTypeIsdn">ISDN</string>
  <string name="phoneTypeMain">Hlavní</string>
  <string name="phoneTypeOtherFax">Jiný fax</string>
  <string name="phoneTypeRadio">Radiotelefon</string>
  <string name="phoneTypeTelex">Účet Telex</string>
  <string name="phoneTypeTtyTdd">Telefon pro sluchově postižené (TTY/TDD)</string>
  <string name="phoneTypeWorkMobile">Pracovní mobil</string>
  <string name="phoneTypeWorkPager">Pracovní pager</string>
  <string name="phoneTypeAssistant">Asistent</string>
  <string name="phoneTypeMms">MMS</string>
  <string name="eventTypeBirthday">Narozeniny</string>
  <string name="eventTypeAnniversary">Výročí</string>
  <string name="eventTypeOther">Událost</string>
  <string name="emailTypeCustom">Vlastní</string>
  <string name="emailTypeHome">Domů</string>
  <string name="emailTypeWork">Práce</string>
  <string name="emailTypeOther">Jiné</string>
  <string name="emailTypeMobile">Mobile</string>
  <string name="postalTypeCustom">Vlastní</string>
  <string name="postalTypeHome">Domů</string>
  <string name="postalTypeWork">Práce</string>
  <string name="postalTypeOther">Jiné</string>
  <string name="imTypeCustom">Vlastní</string>
  <string name="imTypeHome">Domů</string>
  <string name="imTypeWork">Práce</string>
  <string name="imTypeOther">Jiné</string>
  <string name="imProtocolCustom">Vlastní</string>
  <string name="imProtocolAim">AIM</string>
  <string name="imProtocolMsn">Windows Live</string>
  <string name="imProtocolYahoo">Yahoo</string>
  <string name="imProtocolSkype">Skype</string>
  <string name="imProtocolQq">QQ</string>
  <string name="imProtocolGoogleTalk">Google Talk</string>
  <string name="imProtocolIcq">ICQ</string>
  <string name="imProtocolJabber">Jabber</string>
  <string name="imProtocolNetMeeting">Netmeeting</string>
  <string name="orgTypeWork">Práce</string>
  <string name="orgTypeOther">Jiné</string>
  <string name="orgTypeCustom">Vlastní</string>
  <string name="contact_status_update_attribution">pomocí %1$s</string>
  <string name="contact_status_update_attribution_with_date">%1$s pomocí %2$s</string>
  <string name="keyguard_password_enter_pin_code">Zadejte kód PIN</string>
  <string name="keyguard_password_enter_password_code">Zadejte heslo pro odblokování</string>
  <string name="keyguard_password_wrong_pin_code">Nesprávný kód PIN</string>
  <string name="keyguard_label_text">Chcete-li telefon odemknout, stiskněte Menu a poté 0.</string>
  <string name="emergency_call_dialog_number_for_display">Číslo tísňové linky</string>
  <string name="lockscreen_carrier_default">(Není signál)</string>
  <string name="lockscreen_screen_locked">Obrazovka uzamčena.</string>
  <string name="lockscreen_instructions_when_pattern_enabled">Chcete-li odemknout telefon nebo provést tísňové volání, stiskněte Menu.</string>
  <string name="lockscreen_instructions_when_pattern_disabled">Telefon odemknete stisknutím tlačítka Menu.</string>
  <string name="lockscreen_pattern_instructions">Odblokujte pomocí gesta</string>
  <string name="lockscreen_emergency_call">Tísňové volání</string>
  <string name="lockscreen_return_to_call">Zavolat zpět</string>
  <string name="lockscreen_pattern_correct">Správně!</string>
  <string name="lockscreen_pattern_wrong">Zkuste to prosím znovu</string>
  <string name="lockscreen_plugged_in">Nabíjení (%d%%)</string>
  <string name="lockscreen_charged">Nabito.</string>
  <string name="lockscreen_battery_short">%d%%</string>
  <string name="lockscreen_low_battery">Připojte dobíjecí zařízení.</string>
  <string name="lockscreen_missing_sim_message_short">Není vložena SIM karta.</string>
  <string name="lockscreen_missing_sim_message">V telefonu není žádná karta SIM.</string>
  <string name="lockscreen_missing_sim_instructions">Prosím vložte kartu SIM.</string>
  <string name="emergency_calls_only">Pouze tísňová volání</string>
  <string name="lockscreen_network_locked_message">Síť je blokována</string>
  <string name="lockscreen_sim_puk_locked_message">Karta SIM je zablokována pomocí kódu PUK.</string>
  <string name="lockscreen_sim_puk_locked_instructions">Další informace naleznete v uživatelské příručce, nebo kontaktujte podporu zákazníků.</string>
  <string name="lockscreen_sim_locked_message">Karta SIM je zablokována.</string>
  <string name="lockscreen_sim_unlock_progress_dialog_message">Odblokování karty SIM...</string>
  <string name="lockscreen_too_many_failed_attempts_dialog_message">%dkrát jste nakreslili nesprávné bezpečnostní gesto. \n\nOpakujte prosím akci za %d s.</string>
  <string name="lockscreen_failed_attempts_almost_glogin">%dkrát jste nesprávně nakreslili své bezpečnostní gesto. Po dalších neúspěšných pokusech (%d) budete požádáni o odemčení telefonu pomocí přihlášení do účtu Google.\n\n Akci prosím opakujte za několik sekund (%d).</string>
  <string name="lockscreen_too_many_failed_attempts_countdown">Sekundy zbývající do dalšího pokusu: %d.</string>
  <string name="lockscreen_forgot_pattern_button_text">Zapomněli jste gesto?</string>
  <string name="lockscreen_glogin_forgot_pattern">Odemčení účtu</string>
  <string name="lockscreen_glogin_too_many_attempts">Gesta: Příliš mnoho pokusů</string>
  <string name="lockscreen_glogin_instructions">Chcete-li telefon odemknout, přihlaste se pomocí svého účtu Google</string>
  <string name="lockscreen_glogin_username_hint">Uživatelské jméno (e-mail)</string>
  <string name="lockscreen_glogin_password_hint">Heslo</string>
  <string name="lockscreen_glogin_submit_button">Přihlásit se</string>
  <string name="lockscreen_glogin_invalid_input">Neplatné uživatelské jméno nebo heslo.</string>
  <string name="lockscreen_glogin_checking_password">Probíhá kontrola...</string>
  <string name="lockscreen_unlock_label">Odemknout</string>
  <string name="lockscreen_sound_on_label">Zapnout zvuk</string>
  <string name="lockscreen_sound_off_label">Vypnout zvuk</string>
  <string name="password_keyboard_label_symbol_key">\?123</string>
  <string name="password_keyboard_label_alpha_key">ABC</string>
  <string name="password_keyboard_label_alt_key">Alt</string>
  <string name="hour_ampm">%-l%P</string>
  <string name="hour_cap_ampm">%-l%p</string>
  <string name="status_bar_clear_all_button">Vymazat</string>
  <string name="status_bar_no_notifications_title">Žádná oznámení</string>
  <string name="status_bar_ongoing_events_title">Probíhající</string>
  <string name="status_bar_latest_events_title">Oznámení</string>
  <string name="battery_status_text_percent_format">%d%%</string>
  <string name="battery_status_charging">Nabíjení...</string>
  <string name="battery_low_title">Prosím připojte dobíjecí zařízení</string>
  <string name="battery_low_subtitle">Baterie je vybitá:</string>
  <string name="battery_low_percent_format">Zbývá %d%% nebo méně.</string>
  <string name="battery_low_why">Využití baterie</string>
  <string name="factorytest_failed">Test továrního nastavení se nezdařil</string>
  <string name="factorytest_not_system">Test FACTORY_TEST lze provést pouze u balíčků nainstalovaných ve složce /system/app.</string>
  <string name="factorytest_no_action">Nebyl nalezen žádný balíček umožňující test FACTORY_TEST.</string>
  <string name="factorytest_reboot">Restartovat</string>
  <string name="web_user_agent">Mozilla/5.0 (Linux; U; Android %s) AppleWebKit/533.1 (KHTML, like Gecko) Version/4.0 Mobile Safari/533.1</string>
  <string name="js_dialog_title">Stránka %s uvádí:</string>
  <string name="js_dialog_title_default">JavaScript</string>
  <string name="js_dialog_before_unload">Chcete opustit tuto stránku?\n\n%s\n\nVyberte OK, chcete-li pokračovat, nebo Zrušit, chcete-li na stránce zůstat.</string>
  <string name="save_password_label">Potvrdit</string>
  <string name="double_tap_toast">Tip: Dvojitým klepnutím můžete zobrazení přiblížit nebo oddálit.</string>
  <string name="permlab_readHistoryBookmarks">čtení historie a záložek Prohlížeče</string>
  <string name="permdesc_readHistoryBookmarks">Umožňuje aplikaci číst všechny navštívené adresy URL a záložky Prohlížeče.</string>
  <string name="permlab_writeHistoryBookmarks">zápis do historie a záložek Prohlížeče</string>
  <string name="permdesc_writeHistoryBookmarks">Umožní aplikaci změnit historii či záložky prohlížeče uložené v telefonu. Škodlivé aplikace mohou pomocí tohoto nastavení vymazat či pozměnit data Prohlížeče.</string>
  <string name="permlab_writeGeolocationPermissions">Změnit oprávnění prohlížeče poskytovat informace o zeměpisné poloze</string>
  <string name="permdesc_writeGeolocationPermissions">Umožňuje aplikaci změnit oprávnění prohlížeče poskytovat informace o zeměpisné poloze. Škodlivé aplikace mohou toto nastavení použít k odesílání informací o umístění na libovolné webové stránky.</string>
  <string name="save_password_message">Chcete, aby si prohlížeč zapamatoval toto heslo?</string>
  <string name="save_password_notnow">Nyní ne</string>
  <string name="save_password_remember">Zapamatovat</string>
  <string name="save_password_never">Nikdy</string>
  <string name="open_permission_deny">Nemáte povolení otevřít tuto stránku.</string>
  <string name="text_copied">Text byl zkopírován do schránky.</string>
  <string name="more_item_label">Více</string>
  <string name="prepend_shortcut_label">Menu+</string>
  <string name="menu_space_shortcut_label">mezerník</string>
  <string name="menu_enter_shortcut_label">enter</string>
  <string name="menu_delete_shortcut_label">smazat</string>
  <string name="oneMonthDurationPast">před 1 měsícem</string>
  <string name="beforeOneMonthDurationPast">Déle než před 1 měsícem</string>
  <string name="last_month">Poslední měsíc</string>
  <string name="older">Starší</string>
  <string name="preposition_for_date">dne %s</string>
  <string name="preposition_for_time">v %s</string>
  <string name="preposition_for_year">roku %s</string>
  <string name="day">den</string>
  <string name="days">d.</string>
  <string name="hour">hodina</string>
  <string name="hours">hod.</string>
  <string name="minute">min</string>
  <string name="minutes">min</string>
  <string name="second">s</string>
  <string name="seconds">s</string>
  <string name="week">týden</string>
  <string name="weeks">týd.</string>
  <string name="year">rokem</string>
  <string name="years">lety</string>
  <string name="relative_time">%1$s, %2$s</string>
  <string name="noon">poledne</string>
  <string name="Noon">Poledne</string>
  <string name="midnight">půlnoc</string>
  <string name="Midnight">Půlnoc</string>
  <string name="elapsed_time_short_format_mm_ss">%1$02d:%2$02d</string>
  <string name="elapsed_time_short_format_h_mm_ss">%1$d:%2$02d:%3$02d</string>
  <string name="selectText">Označit text</string>
  <string name="stopSelectingText">Zastavit označování textu</string>
  <string name="cutAll">Vyjmout vše</string>
  <string name="copyAll">Kopírovat vše</string>
  <string name="inputMethod">Metoda zadávání dat</string>
  <string name="addToDictionary">Přidat slovo „%s“ do slovníku</string>
  <string name="editTextMenuTitle">Úpravy textu</string>
  <string name="low_internal_storage_view_title">Málo paměti</string>
  <string name="low_internal_storage_view_text">V telefonu zbývá málo místa pro ukládání dat.</string>
  <string name="capital_on">ZAPNUTO</string>
  <string name="capital_off">VYPNOUT</string>
  <string name="whichApplication">Dokončit akci pomocí aplikace</string>
  <string name="alwaysUse">Použít jako výchozí nastavení pro tuto činnost.</string>
  <string name="clearDefaultHintMsg">Vymažte výchozí hodnoty v Nastavení plochy > Aplikace > Správa aplikací.</string>
  <string name="chooseActivity">Vyberte akci</string>
  <string name="noApplications">Tuto činnost nemohou provádět žádné aplikace.</string>
  <string name="aerr_title">Omlouváme se</string>
  <string name="aerr_application">Aplikace %1$s (proces %2$s) byla neočekávaně ukončena. Zkuste to znovu.</string>
  <string name="aerr_process">Proces %1$s byl neočekávaně ukončen. Opakujte prosím akci.</string>
  <string name="anr_title">Omlouváme se</string>
  <string name="anr_activity_application">Činnost %1$s (v aplikaci %2$s) neodpovídá.</string>
  <string name="anr_activity_process">Služba %1$s (%2$s) nereaguje.</string>
  <string name="anr_application_process">Služba %1$s (%2$s) nereaguje.</string>
  <string name="anr_process">Proces %1$s neodpovídá.</string>
  <string name="force_close">Ukončit aplikaci</string>
  <string name="report">Nahlásit</string>
  <string name="wait">Počkat</string>
  <string name="sendText">Vyberte činnost s textem</string>
  <string name="volume_ringtone">Hlasitost vyzvánění</string>
  <string name="volume_music">Hlasitost médií</string>
  <string name="volume_music_hint_playing_through_bluetooth">Přehrávání pomocí rozhraní Bluetooth</string>
  <string name="volume_music_hint_silent_ringtone_selected">Je vybrán tichý vyzváněcí tón</string>
  <string name="volume_call">Hlasitost hovoru</string>
  <string name="volume_bluetooth_call">Hlasitost příchozích hovorů při připojení Bluetooth</string>
  <string name="volume_alarm">Hlasitost budíku</string>
  <string name="volume_notification">Hlasitost oznámení</string>
  <string name="volume_unknown">Hlasitost</string>
  <string name="ringtone_default">Výchozí vyzváněcí tón</string>
  <string name="ringtone_default_with_actual">Výchozí vyzváněcí tón (%1$s)</string>
  <string name="ringtone_silent">Ticho</string>
  <string name="ringtone_picker_title">Vyzváněcí tóny</string>
  <string name="ringtone_unknown">Neznámý vyzváněcí tón</string>
  <string name="wifi_tether_configure_ssid_default">AndroidAP</string>
  <string name="select_character">Vkládání znaků</string>
  <string name="sms_control_default_app_name">Neznámá aplikace</string>
  <string name="sms_control_title">Odesílání zpráv SMS</string>
  <string name="sms_control_message">Je odesílán velký počet zpráv SMS. Vyberte OK, chcete-li pokračovat, nebo Zrušit, chcete-li odesílání ukončit.</string>
  <string name="sms_control_yes">OK</string>
  <string name="sms_control_no">Zrušit</string>
  <string name="date_time_set">Nastavit</string>
  <string name="default_permission_group">Výchozí</string>
  <string name="permissions_format">%1$s, %2$s</string>
  <string name="no_permissions">Nejsou vyžadována žádná oprávnění</string>
  <string name="perms_hide"> </string>
  <string name="perms_show_all"> </string>
  <string name="usb_storage_activity_title">Úložiště USB</string>
  <string name="usb_storage_title">USB připojeno</string>
  <string name="usb_storage_message">Připojili jste svůj telefon k počítači pomocí USB. Chcete-li kopírovat soubory z počítače na kartu SD v zařízení Android či obráceně, vyberte následující tlačítko.</string>
  <string name="usb_storage_button_mount">Zapnout úložiště USB</string>
  <string name="usb_storage_error_message">Při používání vaší karty SD jako úložiště USB došlo k problému.</string>
  <string name="usb_storage_notification_title">USB připojeno</string>
  <string name="usb_storage_notification_message">Vyberte, chcete-li kopírovat soubory do nebo z počítače.</string>
  <string name="usb_storage_stop_notification_title">Vypnout úložiště USB</string>
  <string name="usb_storage_stop_notification_message">Vyberte, chcete-li vypnout úložiště USB.</string>
  <string name="usb_storage_stop_title">Úložiště USB je používáno</string>
  <string name="usb_storage_stop_message">Před vypnutím úložiště USB zkontrolujte, zda jste odpojili (vyjmuli) kartu SD zařízení Android z počítače.</string>
  <string name="usb_storage_stop_button_mount">Vypnout úložiště USB</string>
  <string name="usb_storage_stop_error_message">Při vypínání úložiště USB došlo k problémům. Zkontrolujte, zda byl hostitel USB odpojen, a zkuste to znovu.</string>
  <string name="dlg_confirm_kill_storage_users_title">Zapnout úložiště USB</string>
  <string name="dlg_confirm_kill_storage_users_text">Pokud zapnete úložiště USB, dojde k zastavení některých používaných aplikací. Tyto aplikace pravděpodobně nebudou k dispozici až do vypnutí úložiště USB.</string>
  <string name="dlg_error_title">Chyba operace na rozhraní USB</string>
  <string name="dlg_ok">OK</string>
  <string name="extmedia_format_title">Formátovat kartu SD</string>
  <string name="extmedia_format_message">Opravdu chcete kartu SD naformátovat? Všechna data na kartě budou ztracena.</string>
  <string name="extmedia_format_button_format">Formátovat</string>
  <string name="adb_active_notification_title">Ladění přes rozhraní USB připojeno</string>
  <string name="adb_active_notification_message">Vyberte, chcete-li zakázat ladění USB.</string>
  <string name="locale_replacement"> </string>
  <string name="select_input_method">Výběr metody zadávání dat</string>
  <string name="fast_scroll_alphabet">\u0020AÁBCČDĎEÉĚFGHCHIÍJKLMNŇOÓPQRŘSŠTŤUÚVWXYÝZŽ</string>
  <string name="fast_scroll_numeric_alphabet">\u00200123456789AÁBCČDĎEÉĚFGHCHIÍJKLMNŇOÓPQRŘSŠTŤUÚVWXYÝZŽ</string>
  <string name="candidates_style"> </string>
  <string name="ext_media_checking_notification_title">Příprava karty SD</string>
  <string name="ext_media_checking_notification_message">Kontrola chyb.</string>
  <string name="ext_media_nofs_notification_title">Prázdná karta SD</string>
  <string name="ext_media_nofs_notification_message">Karta SD je prázdná nebo obsahuje nepodporovaný systém souborů.</string>
  <string name="ext_media_unmountable_notification_title">Poškozená karta SD</string>
  <string name="ext_media_unmountable_notification_message">Karta SD je poškozená. Bude pravděpodobně nutné ji přeformátovat.</string>
  <string name="ext_media_badremoval_notification_title">Karta SD byla neočekávaně odebrána</string>
  <string name="ext_media_badremoval_notification_message">Chcete-li zabránit ztrátě dat, kartu SD před odebráním odpojte.</string>
  <string name="ext_media_safe_unmount_notification_title">Kartu SD je možné bezpečně odebrat</string>
  <string name="ext_media_safe_unmount_notification_message">Kartu SD lze bezpečně odebrat.</string>
  <string name="ext_media_nomedia_notification_title">Karta SD byla odstraněna</string>
  <string name="ext_media_nomedia_notification_message">Karta SD byla odebrána. Vložte novou kartu.</string>
  <string name="activity_list_empty">Nebyly nalezeny žádné odpovídající aktivity.</string>
  <string name="permlab_pkgUsageStats">aktualizovat statistiku použití součástí</string>
  <string name="permdesc_pkgUsageStats">Umožňuje změnu shromážděných statistických údajů o použití součástí. Není určeno pro běžné aplikace.</string>
  <string name="permlab_copyProtectedData">Umožňuje volat výchozí službu kontejneru ke zkopírování obsahu. Běžné aplikace by toto oprávnění neměly používat.</string>
  <string name="permdesc_copyProtectedData">Umožňuje volat výchozí službu kontejneru ke zkopírování obsahu. Běžné aplikace by toto oprávnění neměly používat.</string>
  <string name="tutorial_double_tap_to_zoom_message_short">Poklepáním můžete ovládat přiblížení</string>
  <string name="gadget_host_error_inflating">Chyba při spouštění widgetu</string>
  <string name="ime_action_go">Přejít</string>
  <string name="ime_action_search">Hledat</string>
  <string name="ime_action_send">Odeslat</string>
  <string name="ime_action_next">Další</string>
  <string name="ime_action_done">Hotovo</string>
  <string name="ime_action_default">Spustit</string>
  <string name="dial_number_using">Vytočit číslo\n %s.</string>
  <string name="create_contact_using">Vytvořit kontakt\npro %s.</string>
  <string name="accessibility_compound_button_selected">Zaškrtnuto</string>
  <string name="accessibility_compound_button_unselected">Nezaškrtnuto</string>
  <string name="grant_credentials_permission_message_header">Následující aplikace požadují oprávnění k přístupu do vašeho účtu (nyní i v budoucnu).</string>
  <string name="grant_credentials_permission_message_footer">Chcete tento požadavek povolit?</string>
  <string name="grant_permissions_header_text">Požadavek na přístup</string>
  <string name="allow">Povolit</string>
  <string name="deny">Odepřít</string>
  <string name="permission_request_notification_title">Požadováno oprávnění</string>
  <string name="permission_request_notification_with_subtitle">Požadováno oprávnění\npro účet %s</string>
  <string name="input_method_binding_label">Metoda zadávání dat</string>
  <string name="sync_binding_label">Synchronizace</string>
  <string name="accessibility_binding_label">Usnadnění</string>
  <string name="wallpaper_binding_label">Tapeta</string>
  <string name="chooser_wallpaper">Změnit tapetu</string>
  <string name="alternate_eri_file">/data/eri.xml</string>
  <string name="pptp_vpn_description">Protokol PPTP (Point-to-Point Tunneling Protocol)</string>
  <string name="l2tp_vpn_description">Protokol L2TP (Layer 2 Tunneling Protocol)</string>
  <string name="l2tp_ipsec_psk_vpn_description">Síť VPN L2TP/IPSec s předsdíleným klíčem</string>
  <string name="l2tp_ipsec_crt_vpn_description">Síť VPN L2TP/IPSec s certifikátem</string>
  <string name="upload_file">Zvolit soubor</string>
  <string name="reset">Resetovat</string>
  <string name="submit">Odeslat</string>
  <string name="description_star">oblíbené</string>
  <string name="car_mode_disable_notification_title">Aktivován režim V autě</string>
  <string name="car_mode_disable_notification_message">Vyberte, chcete-li ukončit režim Na cestě.</string>
  <string name="tethered_notification_title">Je aktivní tethering nebo hotspot</string>
  <string name="tethered_notification_message">Dotykem zahájíte konfiguraci</string>
  <string name="throttle_warning_notification_title">Vysoké využití mobilních dat</string>
  <string name="throttle_warning_notification_message">Dotykem zobrazíte další informace o využití mobilních dat</string>
  <string name="throttled_notification_title">Byl překročen limit mobilních dat</string>
  <string name="throttled_notification_message">Dotykem zobrazíte další informace o využití mobilních dat</string>
  <string name="openvpn_vpn_description">OpenVPN SSL VPN</string>
  <string name="lockscreen_dial_label">Vytáčení</string>
  <string name="lockscreen_mms_label">Zprávy</string>
  <string name="status_bar_back_to_call">Volat zpět</string>
  <string name="lockscreen_bottom_hint">Posunem odemkní.</string>
  <string name="lockscreen_unlock_hint">Uvolnit pro odemknutí.</string>
  <string name="unknown">Neznámý</string>
  <string name="private_num">Soukromé číslo</string>
  <string name="payphone">Telefonní automat</string>
  <string name="callNoAnswerTimeFormat">Zvonit %s Krát</string>
  <string name="callDetailsDurationFormat">%1$s minut %2$s sekund</string>
  <string name="date_day">Den</string>
  <string name="status_bar_battery_low_notification">Nízká úroveň nabití baterie</string>
  <string name="status_bar_battery_low_notification_button">Nastavení napájení</string>
  <string name="status_bar_button_wifi">Wi-Fi</string>
  <string name="status_bar_button_apn">Data</string>
  <string name="status_bar_button_bluetooth">Bluetooth</string>
  <string name="status_bar_button_rotate">Rotace</string>
  <string name="status_bar_button_brightness">Jas</string>
  <string name="status_bar_button_ringer_normal">Zvuk</string>
  <string name="status_bar_button_ringer_vibrate">Vibrace</string>
  <string name="status_bar_button_ringer_mute">Ticho</string>
  <string name="status_bar_button_gps">GPS</string>
  <string name="status_bar_button_sync">Synchronizace</string>
  <string name="status_bar_button_cpu">CPU podtaktováno</string>
  <string name="status_bar_button_vibrate">Vibrace</string>
  <string name="status_bar_button_flight_mode">Režim Letadlo</string>
  <string name="status_bar_button_reboot">Restart</string>
  <string name="status_bar_button_shutdown">Vypnout</string>
  <string name="recent_dialog_buttonAppKiller_summary">MIUI uvolnil %1$s pamětí. \n aktuálně dostupné paměti:%2$s</string>
  <string name="recent_dialog_buttonAppKiller">App Killer</string>
  <string name="recent_dialog_buttonTaskManager">Správce úloh</string>
  <string name="theme_changing_dialog_title">Připravuje se nový styl ikon</string>
  <string name="theme_changed_dialog_title">Styl ikon úspěšně přepnut!</string>
  <string name="theme_changed_dialog_message">Náhled je aktuálně k dispozici na ploše, je doporučeno restartovat telefon, aby zajistila globální aktualizace.</string>
</resources>
