<?xml version="1.0" encoding="utf-8"?>
<!--Generated by crowdin.net-->
<resources>
  <string name="word_separators">.	 ,;:!?\n()[]*&@{}/<>_+=|\"</string>
  <string name="sentence_separators">.,!?</string>
  <string name="suggested_punctuations">!?,@_</string>
  <string name="alternates_for_d"> </string>
  <string name="alternates_for_r"> </string>
  <string name="alternates_for_t"> </string>
  <string name="alternates_for_z"> </string>
  <string name="alternates_for_l"> </string>
  <string name="alternates_for_g"> </string>
  <string name="ime_name">Google Pinyin IME</string>
  <string name="ime_settings_activity_name">Google Pinyin IME Nastavení</string>
  <string name="ime_settings_choose_other_ime">Vstupní metoda</string>
  <string name="version">1.2.8</string>
  <string name="toggle_cn">0 </string>
  <string name="toggle_cn_cand">1</string>
  <string name="toggle_en_lower">2</string>
  <string name="toggle_en_upper">3</string>
  <string name="toggle_en_sym1">4</string>
  <string name="toggle_en_sym2">5</string>
  <string name="toggle_enter_go">6</string>
  <string name="toggle_enter_search">7</string>
  <string name="toggle_enter_send">8</string>
  <string name="toggle_enter_next">9</string>
  <string name="toggle_enter_done">10</string>
  <string name="toggle_row_cn">11</string>
  <string name="toggle_row_en">12</string>
  <string name="toggle_row_uri">13</string>
  <string name="toggle_row_emailaddress">14</string>
  <string name="toggle_phone_sym">15</string>
  <string name="toggle_stroke_urlqwerty">16</string>
  <string name="toggle_misc1">17</string>
  <string name="toggle_misc2">18</string>
  <string name="toggle_misc3">19</string>
  <string name="toggle_misc4">20</string>
  <string name="toggle_smiley_off">21</string>
  <string name="toggle_smiley_on">22</string>
  <string name="toggle_cn_sym1">23</string>
  <string name="toggle_cn_sym2">24</string>
  <string name="toggle_url">25</string>
  <string name="toggle_emailaddress">26</string>
  <string name="toggle_stroke_disabled">27</string>
  <string name="toggle_exit_sym_to_en">28</string>
  <string name="toggle_en_upper_locked">29</string>
  <string name="toggle_single_quote_open">30</string>
  <string name="toggle_single_quote_close">31</string>
  <string name="toggle_double_quote_open">32</string>
  <string name="toggle_double_quote_close">33</string>
  <string name="setting_stroke_key">setting_stroke_key</string>
  <string name="setting_fault_tolerance_key">setting_fault_key</string>
  <string name="setting_sound_key">setting_sound_key</string>
  <string name="setting_vibrate_key">setting_vibrate_key</string>
  <string name="setting_prediction_key">setting_prediction_key</string>
  <string name="setting_tradition_key">setting_tradition_key</string>
  <string name="setting_switch_key">setting_switch_key</string>
  <string name="setting_advanced_key">setting_advanced_key</string>
  <string name="setting">Google Pinyin IME Nastavení</string>
  <string name="setting_stroke_title">Stroke IME</string>
  <string name="setting_fault_tolerance_title">Tah odolnost vůči chybám</string>
  <string name="setting_sound_key_title">Zvuk na stisknutí tlačítka</string>
  <string name="setting_vibrate_title">Vibrace na stisknutí tlačítka</string>
  <string name="setting_prediction_title">Text předpověď</string>
  <string name="setting_tradition_title">Tradiční čínština</string>
  <string name="setting_switch_title">Přepnout čínština / angličtina</string>
  <string name="setting_switch_shift_space_title">Shift-space</string>
  <string name="setting_enabled">Zapnout</string>
  <string name="setting_disabled">Vypnout</string>
  <string name="setting_others">Ostatní nastavení</string>
  <string name="setting_others_summary">Synchronizace slovníku, atd.</string>
  <string name="account_label_username">Přihlašovací jméno: (např. johndoe@gmail.com)</string>
  <string name="account_label_password">Heslo:</string>
  <string name="account_label_login">Přihlášení</string>
  <string name="account_label_cancel">Zrušit</string>
  <string name="account_title">Přihlášení uživatele</string>
  <string name="account_sign_up_title">Registrujte se</string>
  <string name="account_signing_in_title">Přihlášení, čekejte prosím ...</string>
  <string name="setting_title">Google Pinyin IME Nastavení</string>
  <string name="setting_update_category_key">setting_update_category_key</string>
  <string name="setting_update_category_title">Automatická aktualizace slovníku</string>
  <string name="setting_update_enabled_key">setting_update_enabled_key</string>
  <string name="setting_update_enabled_title">Automatická aktualizace slovníku</string>
  <string name="setting_sync_category_title">Synchronizace uživatelského slovníku</string>
  <string name="setting_sync_enabled_key">setting_sync_enabled_key</string>
  <string name="setting_sync_now_key">setting_sync_now_key</string>
  <string name="setting_sync_clear_key">setting_sync_clear_key</string>
  <string name="setting_sync_enabled_title">Synchronizace uživatelského slovníku</string>
  <string name="setting_sync_now_title">Synchronizovat nyní</string>
  <string name="setting_sync_cancel_title">Zrušit synchronizaci</string>
  <string name="setting_sync_clear_title">Smazat slovník na serveru</string>
  <string name="setting_enabled_title">Zapnout</string>
  <string name="setting_disabled_title">Vypnout</string>
  <string name="status_bar_message_title">Google Pinyin IME</string>
  <string name="status_bar_message_sync_title">Synchronizuji uživatelský slovník ...</string>
  <string name="status_bar_message_update_title">Stahování populárních slov ...</string>
  <string name="setting_dialog_sync_now_title">Požádat</string>
  <string name="setting_dialog_sync_now_message">Chcete synchronizovat teď?</string>
  <string name="setting_dialog_sync_clear_title">Pozor</string>
  <string name="setting_dialog_sync_clear_message">Uživatelský slovník na serveru bude vymazán, tato operace je nevratná. Opravdu chcete vymazat uživatelský slovník na serveru? Pokud ano, zadejte prosím následující čísla a stiskněte OK.</string>
  <string name="setting_error_sync_service_inactive">Synchronizační služba není spuštěna. Nelze pokračovat.</string>
  <string name="sign_up_url">https://www.google.com/accounts/NewAccount?hl=zh_CN</string>
  <string name="setting_update_time">Datum poslední aktualizace:</string>
  <string name="setting_sync_time">Poslední synchronizace:</string>
  <string name="setting_year">Rok</string>
  <string name="setting_month">Měsíc</string>
  <string name="setting_day">Den</string>
  <string name="setting_hour">Hodina</string>
  <string name="setting_minute">Minuta</string>
  <string name="setting_second">sekund</string>
  <string name="setting_sync_error">Synchronizace selhala</string>
  <string name="setting_sync_ongoing">Synchronizace ...</string>
  <string name="setting_update_error">Aktualizace selhala</string>
  <string name="setting_update_ongoing">Aktualizace probíhá ...</string>
  <string name="privacy_url">http://m.google.com/static/zh-CN/privacy.html</string>
  <string name="tos_url">http://m.google.com/tospage?dc=gorganic&hl=zh_CN</string>
  <string name="setting_privacy_key">setting_privacy_key</string>
  <string name="setting_tos_key">setting_tos_key</string>
  <string name="setting_about_key">setting_about_key</string>
  <string name="setting_privacy_title">Ochrana osobních údajů</string>
  <string name="setting_tos_title">Podmínky služby</string>
  <string name="setting_about_title">O</string>
  <string name="setting_about_version_title">Aktuální verze:</string>
  <string name="setting_about_loading_title">Načítání ...</string>
  <string name="touch_to_continue">Pokračovat</string>
  <string name="touch_to_finish">Dotek až do konce</string>
  <string name="tip_to_open_keyboard"> </string>
  <string name="tip_to_view_accents"> </string>
  <string name="tip_to_open_symbols"> </string>
  <string name="tip_to_close_symbols"> </string>
  <string name="tip_to_launch_settings"> </string>
  <string name="tip_to_select_candidate">  </string>
  <string name="tip_to_backspace"> </string>
  <string name="tip_to_smart_key"> </string>
  <string name="tip_to_start_typing">  </string>
  <string name="default_device_name">Android</string>
  <string name="next_button_label">Další</string>
  <string name="back_button_label">Zpět</string>
  <string name="skip_button_label">Přeskočit</string>
  <string name="done_button_label">Hotovo</string>
  <string name="keyboard_tutorial_title">Použití na obrazovce klávesnice</string>
  <string name="open_the_keyboard">Klepněte na jakýkoli text</string>
  <string name="close_the_keyboard">Stiskněte tlačítko "Zpět"</string>
  <string name="sync">Povolit nebo zakázat uživatelský slovník v nastavení klávesnice</string>
  <string name="keyboard_settings">Stiskněte a podržte</string>
</resources>
