<?xml version="1.0" encoding="utf-8"?>
<!--Generated by crowdin.net-->
<resources>
  <string name="sharedUserId"> </string>
  <string name="process"> </string>
  <string name="application_name">Launcher</string>
  <string name="uid_name">Android Core Apps</string>
  <string name="folder_name">Složka</string>
  <string name="chooser_wallpaper">Vybrat tapetu ze složky</string>
  <string name="wallpaper_instructions">Nastavit tapetu</string>
  <string name="pick_wallpaper">Tapety</string>
  <string name="activity_not_found">Aplikace není v telefonu nainstalována.</string>
  <string name="configure_wallpaper">Konfigurace...</string>
  <string name="rename_folder_label">Název složky</string>
  <string name="rename_folder_title">Přejmenovat složku</string>
  <string name="rename_action">OK</string>
  <string name="cancel_action">Zrušit</string>
  <string name="menu_item_add_item">Přidat na plochu</string>
  <string name="group_applications">Aplikace</string>
  <string name="group_shortcuts">Zástupce</string>
  <string name="group_folder">Nová složka</string>
  <string name="group_live_folders">Složky</string>
  <string name="group_widgets">Widgety</string>
  <string name="group_wallpapers">Tapety</string>
  <string name="add_folder">Složka</string>
  <string name="add_clock">Hodiny</string>
  <string name="add_photo_frame">Rámeček fotografie</string>
  <string name="out_of_space">Na této ploše již není místo.</string>
  <string name="shortcut_installed">Zástupce %s byl vytvořen.</string>
  <string name="shortcut_uninstalled">Zástupce %s byl odebrán.</string>
  <string name="shortcut_duplicate">Zástupce %s již existuje.</string>
  <string name="title_select_shortcut">Vyberte zástupce</string>
  <string name="title_select_live_folder">Vybrat složku</string>
  <string name="all_apps_button_label">Všechny aplikace</string>
  <string name="all_apps_home_button_label">Plocha</string>
  <string name="menu_add">Přidat</string>
  <string name="menu_wallpaper">Tapeta</string>
  <string name="menu_search">Hledat</string>
  <string name="menu_notifications">Oznámení</string>
  <string name="menu_gestures">Gesta</string>
  <string name="menu_settings">Nastavení</string>
  <string name="permlab_install_shortcut">instalovat zástupce</string>
  <string name="permdesc_install_shortcut">Povoluje aplikaci přidat zástupce bez zásahu uživatele.</string>
  <string name="permlab_uninstall_shortcut">odinstalovat zástupce</string>
  <string name="permdesc_uninstall_shortcut">Povoluje aplikaci odstranit zástupce bez zásahu uživatele.</string>
  <string name="permlab_read_settings">čtení nastavení a odkazů plochy</string>
  <string name="permdesc_read_settings">Povoluje aplikaci číst nastavení a odkazy plochy.</string>
  <string name="permlab_write_settings">zápis nastavení a odkazů plochy</string>
  <string name="permdesc_write_settings">Povoluje aplikaci změnit nastavení a odkazy plochy.</string>
  <string name="gadget_error_text">Problém s načtením widgetu</string>
  <string name="menu_edit">Edit Mod</string>
  <string name="cant_remove_system_app">Nelze odstranit systémové aplikace</string>
  <string name="uninstall_body_format">Odinstalovat aplikaci \"%s\"?</string>
  <string name="uninstall">Odinstalovat</string>
  <string name="cant_remove_folder">Nemůžete mazat složky nejsou prázdné</string>
  <string name="pick_lockscreenwallpaper">Zámek obrazovky tapeta</string>
  <string name="lockscreenwallpaper_instructions">Nastavit tapetu zamykaci obrazovky</string>
  <string name="failed_to_drop">Pohyb se nezdařil. Ikona přestěhovala zpět do původní polohy</string>
  <string name="failed_to_drop_widget">Na této obrazovce není dostatek místa</string>
  <string name="widget_box_usage_hint">Stiskněte a podržte widget, přetáhněte jej na požadované místo</string>
  <string name="widget_favorite_contacts_lable">Oblíbené Kontakty</string>
  <string name="widget_favorite_contacts_edit">Upravit</string>
  <string name="widget_favorite_contacts_style">Přepínač</string>
</resources>
