<?xml version="1.0" encoding="utf-8"?>
<!--Generated by crowdin.net-->
<resources>
  <string name="contactsIconLabel">Kontakty</string>
  <string name="contactsFavoritesLabel">Oblíbené</string>
  <string name="dialerIconLabel">Vytáčení</string>
  <string name="emergencyDialerIconLabel">Tísňové vytáčení</string>
  <string name="phoneIconLabel">Telefon</string>
  <string name="recentCallsIconLabel">Hovory</string>
  <string name="fdnListLabel">Seznam povolených telefonních čísel</string>
  <string name="unknown">Neznámý volající</string>
  <string name="private_num">Soukromé číslo</string>
  <string name="payphone">Veřejný telefon</string>
  <string name="onHold">Přidržený hovor</string>
  <string name="ongoing">Aktuální hovor</string>
  <string name="callFailed_userBusy">Linka je obsazená.</string>
  <string name="callFailed_congestion">Síť je zaneprázdněna</string>
  <string name="callFailed_noSignal">Není signál</string>
  <string name="callFailed_limitExceeded">Byl dosažen limit ACM</string>
  <string name="callFailed_powerOff">Rádio je vypnuto</string>
  <string name="callFailed_simError">Karta SIM chybí nebo nefunguje</string>
  <string name="callFailed_outOfService">Nepokrytá oblast</string>
  <string name="callFailed_fdn_only">Odchozí hovory jsou omezeny na povolená telefonní čísla.</string>
  <string name="callFailed_cb_enabled">Pokud je zapnuto blokování hovorů, nelze provádět odchozí hovory.</string>
  <string name="callFailed_dsac_restricted">Všechny hovory jsou omezeny řízením přístupu.</string>
  <string name="callFailed_dsac_restricted_emergency">Tísňová volání jsou omezena řízením přístupu.</string>
  <string name="callFailed_dsac_restricted_normal">Běžné hovory jsou omezeny řízením přístupu.</string>
  <string name="callFailed_cdma_lockedUntilPowerCycle">CDMA: Telefon uzamčen do dalšího cyklu nabíjení.</string>
  <string name="callFailed_cdma_drop">CDMA: Hovor přerušen.</string>
  <string name="callFailed_cdma_intercept">CDMA: Hovor přerušen.</string>
  <string name="callFailed_cdma_reorder">CDMA: přeuspořádání.</string>
  <string name="callFailed_cdma_SO_reject">CDMA: Odmítnutí možnosti služby.</string>
  <string name="callFailed_cdma_retryOrder">CDMA: Pořadí opakování.</string>
  <string name="callFailed_cdma_accessFailure">CDMA: Chyba přístupu.</string>
  <string name="callFailed_cdma_preempted">CDMA: Zabráněno.</string>
  <string name="callFailed_cdma_notEmergency">Jsou možná jen tísňová volání.</string>
  <string name="confCall">Konferenční hovor</string>
  <string name="call_lost">Hovor byl ztracen.</string>
  <string name="retry">Zkusit znovu</string>
  <string name="call_lost_title">Hovor byl ztracen</string>
  <string name="mmiStarted">Kód MMI byl spuštěn</string>
  <string name="ussdRunning">Kód USSD je spuštěn...</string>
  <string name="mmiCancelled">Kód MMI byl zrušen</string>
  <string name="cancel">Zrušit</string>
  <string name="menu_rejectCallAndSms">Odmítnout automatickou odpověď SMS zprávou</string>
  <string name="menu_speaker">Hlasitě</string>
  <string name="menu_bluetooth">Bluetooth</string>
  <string name="menu_mute">Ztlumit</string>
  <string name="menu_hold">Přidržet</string>
  <string name="menu_endCall">Ukončit</string>
  <string name="menu_swapCalls">Přepnout</string>
  <string name="menu_mergeCalls">Spojit</string>
  <string name="menu_addCall">Přidat hovor</string>
  <string name="menu_manageConference">Spravovat konferenční hovor</string>
  <string name="menu_showDialpad">Zobrazit číselník</string>
  <string name="menu_hideDialpad">Skrýt číselník</string>
  <string name="menu_answerAndHold">Přidržet aktuální hovor\na odpovědět</string>
  <string name="menu_answerAndEnd">Ukončit aktuální hovor\na odpovědět</string>
  <string name="ok">OK</string>
  <string name="menuButtonKeyboardDialHint">Stisknutím tlačítka Menu otevřete možnosti hovorů \u0020• \u0020Číslo vytočíte pomocí klávesnice</string>
  <string name="menu_answer">Přijmout</string>
  <string name="menu_ignore">Ignorovat</string>
  <string name="wait_prompt_str">Odeslat následující tóny?\n</string>
  <string name="pause_prompt_str">Odesílání tónů\n</string>
  <string name="send_button">Odeslat</string>
  <string name="pause_prompt_yes">Ano</string>
  <string name="pause_prompt_no">Ne</string>
  <string name="wild_prompt_str">Nahradit zástupný znak znakem</string>
  <string name="no_vm_number">Chybí číslo hlasové schránky</string>
  <string name="no_vm_number_msg">Na kartě SIM není uloženo žádné číslo hlasové schránky.</string>
  <string name="add_vm_number_str">Přidat číslo</string>
  <string name="dialer_emptyListWorking">Načítání...</string>
  <string name="enterPin">Kartu SIM odblokujete zadáním kódu PIN:</string>
  <string name="pinUnlocked">Karta SIM byla odblokována</string>
  <string name="enterNewPin">Nový kód PIN karty SIM</string>
  <string name="verifyNewPin">Potvrďte nový kód PIN karty SIM</string>
  <string name="verifyFailed">Zadané kódy PIN karty SIM se neshodují. Zkuste to znovu.</string>
  <string name="enterPuk">Kartu SIM odblokujete zadáním kódu PUK</string>
  <string name="badPuk">Zadaný kód PUK je nesprávný.</string>
  <string name="buttonTxtContinue">Pokračovat</string>
  <string name="puk_unlocked">Karta SIM byla odblokována. Telefon se odblokovává...</string>
  <string name="label_ndp">Kód PIN odblokování sítě pro kartu SIM</string>
  <string name="sim_ndp_unlock_text">Odemknout</string>
  <string name="sim_ndp_dismiss_text">Zavřít</string>
  <string name="requesting_unlock">Žádost o odblokování sítě...</string>
  <string name="unlock_failed">Požadavek na odblokování sítě se nezdařil.</string>
  <string name="unlock_success">Síť byla úspěšně odblokována.</string>
  <string name="imei">IMEI</string>
  <string name="meid">MEID</string>
  <string name="labelGSMMore">Nastavení hovorů GSM</string>
  <string name="labelCDMAMore">Nastavení hovorů CDMA</string>
  <string name="apn_settings">Názvy přístupových bodů</string>
  <string name="settings_label">Nastavení sítě</string>
  <string name="voicemail">Hlasová schránka</string>
  <string name="voicemail_abbreviated">HS:</string>
  <string name="networks">Síťoví operátoři</string>
  <string name="call_settings">Nastavení hovorů</string>
  <string name="additional_gsm_call_settings">Další nastavení</string>
  <string name="sum_gsm_call_settings">Další nastavení hovorů, pouze GSM</string>
  <string name="additional_cdma_call_settings">Další nastavení hovorů CDMA</string>
  <string name="sum_cdma_call_settings">Další nastavení hovorů, pouze CDMA</string>
  <string name="labelNwService">Nastavení síťové služby</string>
  <string name="labelCallerId">ID volajícího</string>
  <string name="sum_hide_caller_id">Číslo je v odchozích hovorech skryto</string>
  <string name="sum_show_caller_id">Číslo je v odchozích hovorech zobrazeno</string>
  <string name="sum_default_caller_id">Zobrazení čísla v odchozích hovorech se bude řídit výchozím nastavením operátora</string>
  <string name="labelCW">Další hovor na lince</string>
  <string name="sum_cw_enabled">Oznamuje příchozí hovory i při probíhajícím hovoru</string>
  <string name="sum_cw_disabled">Oznamuje příchozí hovory i při probíhajícím hovoru</string>
  <string name="call_forwarding_settings">Nastavení přesměrování hovorů</string>
  <string name="labelCF">Přesměrování hovorů</string>
  <string name="labelCFU">Přesměrovat vždy</string>
  <string name="messageCFU">Vždy používat toto číslo</string>
  <string name="sum_cfu_enabled_indicator">Všechny hovory budou přesměrovány</string>
  <string name="sum_cfu_enabled">Všechny hovory budou přesměrovány na {0}</string>
  <string name="sum_cfu_enabled_no_number">Číslo není k dispozici</string>
  <string name="sum_cfu_disabled">Vypnuto</string>
  <string name="labelCFB">Přesměrovat, je-li obsazeno</string>
  <string name="messageCFB">Číslo při obsazené lince</string>
  <string name="sum_cfb_enabled">Hovory budou přesměrovány na {0}</string>
  <string name="sum_cfb_disabled">Vypnuto</string>
  <string name="disable_cfb_forbidden">Váš operátor neumožňuje deaktivaci přesměrování, je-li telefon obsazen.</string>
  <string name="labelCFNRy">Přesměrovat – nečinnost</string>
  <string name="messageCFNRy">Číslo při nečinnosti</string>
  <string name="sum_cfnry_enabled">Hovory budou přesměrovány na {0}</string>
  <string name="sum_cfnry_disabled">Vypnuto</string>
  <string name="disable_cfnry_forbidden">Váš operátor neumožňuje deaktivaci přesměrování, jestliže telefon neodpovídá.</string>
  <string name="labelCFNRc">Přesměrovat – nedostupnost</string>
  <string name="messageCFNRc">Číslo při nedostupnosti</string>
  <string name="sum_cfnrc_enabled">Hovory budou přesměrovány na {0}</string>
  <string name="sum_cfnrc_disabled">Vypnuto</string>
  <string name="disable_cfnrc_forbidden">Váš operátor neumožňuje deaktivaci přesměrování, je-li telefon nedostupný.</string>
  <string name="updating_title">Nastavení hovorů</string>
  <string name="error_updating_title">Chyba nastavení hovorů</string>
  <string name="reading_settings">Načítání nastavení...</string>
  <string name="updating_settings">Probíhá aktualizace nastavení...</string>
  <string name="reverting_settings">Probíhá vrácení předchozích nastavení…</string>
  <string name="response_error">Neočekávaná odpověď sítě.</string>
  <string name="exception_error">Došlo k chybě sítě nebo karty SIM.</string>
  <string name="radio_off_error">Před zobrazením nastavení zapněte rádio.</string>
  <string name="close_dialog">OK</string>
  <string name="enable">Povolit</string>
  <string name="disable">Vypnout</string>
  <string name="change_num">Aktualizovat</string>
  <string name="vm_save_number">Uložit číslo hlasové schránky</string>
  <string name="vm_changed">Číslo hlasové schránky bylo změněno.</string>
  <string name="vm_change_failed">Změna čísla hlasové schránky se nezdařila.\nPokud problém přetrvává, obraťte se na svého operátora.</string>
  <string name="fw_change_failed">Změna čísla hlasové schránky se nezdařila.\nPokud problém přetrvává, obraťte se na svého operátora.</string>
  <string name="fw_get_in_vm_failed">Načtení a uložení aktuálního nastavení čísla pro přesměrování se nezdařilo.\nChcete přesto přepnout na nového poskytovatele?</string>
  <string name="no_change">Nebyly provedeny žádné změny.</string>
  <string name="sum_voicemail_choose_provider">Zvolte službu hlasové schránky</string>
  <string name="voicemail_default">Můj operátor</string>
  <string name="mobile_networks">Nastavení mobilní sítě</string>
  <string name="label_available">Dostupné sítě</string>
  <string name="load_networks_progress">Vyhledávání...</string>
  <string name="empty_networks_list">Žádná síť nebyla nalezena.</string>
  <string name="search_networks">Vyhledávání sítí</string>
  <string name="network_query_error">Při vyhledávání sítí došlo k chybě.</string>
  <string name="register_on_network">Probíhá registrace v síti %s...</string>
  <string name="not_allowed">Vaše karta SIM nepovoluje připojení k této síti.</string>
  <string name="connect_later">K této síti se nyní nelze připojit. Zkuste to znovu později.</string>
  <string name="registration_done">Přihlášení k síti bylo úspěšné.</string>
  <string name="sum_carrier_select">Umožňuje vybrat síťového operátora</string>
  <string name="sum_search_networks">Vyhledá všechny dostupné sítě</string>
  <string name="select_automatically">Vyhledá všechny dostupné sítě</string>
  <string name="sum_select_automatically">Automatická volba</string>
  <string name="register_automatically">Automatická registrace...</string>
  <string name="preferred_network_mode_title">Režim sítě</string>
  <string name="preferred_network_mode_summary">Změnit provozní režim sítě</string>
  <string name="preferred_network_mode_dialogtitle">Upřednostňovaný režim sítě</string>
  <string name="data_enabled">Datové přenosy aktivovány</string>
  <string name="data_enable_summary">Aktivuje datový přístup prostřednictvím mobilní sítě</string>
  <string name="roaming">Datové služby při roamingu</string>
  <string name="roaming_enable">Datové služby se mohou připojovat při roamingu</string>
  <string name="roaming_disable">Datové služby se mohou připojovat při roamingu</string>
  <string name="roaming_reenable_message">Připojení datových služeb bylo přerušeno, protože jste opustili domovskou síť a datové služby při roamingu máte vypnuty.</string>
  <string name="roaming_warning">Opravdu chcete povolit datové služby při roamingu? Vystavujete se nebezpečí vysokých poplatků.</string>
  <string name="gsm_umts_options">Možnosti GSM/UMTS</string>
  <string name="cdma_options">Možnosti CDMA</string>
  <string name="throttle_data_usage">Využití dat</string>
  <string name="throttle_settings_title">Zásady operátora pro data</string>
  <string name="throttle_current_usage">Data využitá v aktuálním období</string>
  <string name="throttle_time_frame">Období využití dat</string>
  <string name="throttle_rate">Zásady pro přenosovou rychlost</string>
  <string name="throttle_help">Další informace</string>
  <string name="throttle_status_subtext">%1$s (%2$d٪) z limitu %3$s pro období\nPočet dní do začátku dalšího období: %4$d (%5$s)</string>
  <string name="throttle_data_usage_subtext">%1$s (%2$d٪) z limitu %3$s pro období</string>
  <string name="throttle_data_rate_reduced_subtext">Byl překročen limit %1$s\nPřenosová rychlost byla snížena na %2$d kb/s</string>
  <string name="throttle_time_frame_subtext">Uplynulo %1$d٪ cyklu\nPočet dní do začátku dalšího období: %2$d (%3$s)</string>
  <string name="throttle_rate_subtext">V případě překročení limitu využití dat se přenosová rychlost sníží na %1$d kb/s</string>
  <string name="throttle_help_subtext">Další informace o zásadách využití dat v mobilní síti vašeho mobilního operátora</string>
  <string name="cdma_cell_broadcast_sms">SMS Cell Broadcast</string>
  <string name="cell_broadcast_sms">SMS Cell Broadcast</string>
  <string name="enable_disable_cell_bc_sms">SMS Cell Broadcast</string>
  <string name="cell_bc_sms_enable">SMS Cell Broadcast povoleny</string>
  <string name="cell_bc_sms_disable">SMS Cell Broadcast zakázány</string>
  <string name="cb_sms_settings">Nastavení SMS Cell Broadcast</string>
  <string name="enable_disable_emergency_broadcast">Tísňové vysílání</string>
  <string name="emergency_broadcast_enable">Tísňové vysílání povoleno</string>
  <string name="emergency_broadcast_disable">Tísňové vysílání zakázáno</string>
  <string name="enable_disable_administrative">Administrativní</string>
  <string name="administrative_enable">Administrativní povoleny</string>
  <string name="administrative_disable">Administrativní zakázány</string>
  <string name="enable_disable_maintenance">Údržba</string>
  <string name="maintenance_enable">Údržba povolena</string>
  <string name="maintenance_disable">Údržba zakázána</string>
  <string name="general_news_settings">Obecné zprávy</string>
  <string name="bf_news_settings">Obchodní a finanční zprávy</string>
  <string name="sports_news_settings">Sportovní zprávy</string>
  <string name="entertainment_news_settings">Zprávy z kultury</string>
  <string name="enable_disable_local">Místní</string>
  <string name="local_enable">Místní zprávy povoleny</string>
  <string name="local_disable">Místní zprávy zakázány</string>
  <string name="enable_disable_regional">Regionální</string>
  <string name="regional_enable">Regionální zprávy povoleny</string>
  <string name="regional_disable">Regionální zprávy zakázány</string>
  <string name="enable_disable_national">Národní</string>
  <string name="national_enable">Národní zprávy povoleny</string>
  <string name="national_disable">Národní zprávy zakázány</string>
  <string name="enable_disable_international">Mezinárodní</string>
  <string name="international_enable">Mezinárodní zprávy povoleny</string>
  <string name="international_disable">Mezinárodní zprávy zakázány</string>
  <string name="list_language_title">Jazyk</string>
  <string name="list_language_summary">Vyberte jazyk zpráv</string>
  <string name="list_language_dtitle">Jazyky</string>
  <string name="enable_disable_local_weather">Místní počasí</string>
  <string name="local_weather_enable">Místní počasí povoleno</string>
  <string name="local_weather_disable">Místní počasí zakázáno</string>
  <string name="enable_disable_atr">Oblastní přehledy dopravy</string>
  <string name="atr_enable">Oblastní přehledy dopravy povoleny</string>
  <string name="atr_disable">Oblastní přehledy dopravy zakázány</string>
  <string name="enable_disable_lafs">Místní přílety a odlety</string>
  <string name="lafs_enable">Místní přílety a odlety povoleny</string>
  <string name="lafs_disable">Místní přílety a odlety zakázány</string>
  <string name="enable_disable_restaurants">Restaurace</string>
  <string name="restaurants_enable">Restaurace povoleny</string>
  <string name="restaurants_disable">Restaurace zakázány</string>
  <string name="enable_disable_lodgings">Ubytování</string>
  <string name="lodgings_enable">Ubytování povolena</string>
  <string name="lodgings_disable">Ubytování zakázána</string>
  <string name="enable_disable_retail_directory">Adresář prodejců</string>
  <string name="retail_directory_enable">Adresář prodejců povolen</string>
  <string name="retail_directory_disable">Adresář prodejců zakázán</string>
  <string name="enable_disable_advertisements">Reklamy</string>
  <string name="advertisements_enable">Reklamy povoleny</string>
  <string name="advertisements_disable">Reklamy zakázány</string>
  <string name="enable_disable_stock_quotes">Zprávy z akciových trhů</string>
  <string name="stock_quotes_enable">Zprávy z akciových trhů povoleny</string>
  <string name="stock_quotes_disable">Zprávy z akciových trhů zakázány</string>
  <string name="enable_disable_eo">Pracovní příležitosti</string>
  <string name="eo_enable">Pracovní příležitosti povoleny</string>
  <string name="eo_disable">Pracovní příležitosti zakázány</string>
  <string name="enable_disable_mhh">Lékařství, zdraví a nemocnice</string>
  <string name="mhh_enable">Lékařství, zdraví a nemocnice povoleny</string>
  <string name="mhh_disable">Lékařství, zdraví a nemocnice zakázány</string>
  <string name="enable_disable_technology_news">Technologické zprávy</string>
  <string name="technology_news_enable">Technologické zprávy povoleny</string>
  <string name="technology_news_disable">Technologické zprávy zakázány</string>
  <string name="enable_disable_multi_category">Více kategorií</string>
  <string name="multi_category_enable">Více kategorií povoleno</string>
  <string name="multi_category_disable">Více kategorií zakázáno</string>
  <string name="gsm_umts_network_preferences_title">Nastavení sítě GSM/UMTS</string>
  <string name="gsm_umts_network_preferneces_summary">Dosud neimplementováno</string>
  <string name="gsm_umts_network_preferences_dialogtitle">Nastavení sítě GSM/UMTS</string>
  <string name="prefer_2g">Používat pouze sítě 2G</string>
  <string name="prefer_2g_summary">Šetří baterii</string>
  <string name="cdma_system_select_title">Výběr systému</string>
  <string name="cdma_system_select_summary">Změnit režim roamingu CDMA</string>
  <string name="cdma_system_select_dialogtitle">Výběr systému</string>
  <string name="cdma_roaming_mode_title">Režim roamingu CDMA</string>
  <string name="cdma_roaming_mode_summary">Změnit režim roamingu CDMA</string>
  <string name="cdma_roaming_mode_dialogtitle">Režim roamingu CDMA</string>
  <string name="cdma_network_preferences_title">Nastavení sítě CDMA</string>
  <string name="cdma_network_preferneces_summary">Dosud neimplementováno!</string>
  <string name="cdma_network_preferences_dialogtitle">Nastavení sítě CDMA</string>
  <string name="subscription_title">TEST odběru CDMA</string>
  <string name="subscription_summary">Přepnout mezi RUIM/SIM a NV</string>
  <string name="subscription_dialogtitle">odběr</string>
  <string name="fdn">Povolená telefonní čísla</string>
  <string name="manage_fdn_list">Seznam povolených telefonních čísel</string>
  <string name="fdn_activation">Aktivace povolených telefonních čísel</string>
  <string name="fdn_enabled">Funkce Povolená telefonní čísla je zapnuta</string>
  <string name="fdn_disabled">Funkce Povolená telefonní čísla je vypnuta</string>
  <string name="enable_fdn">Zapnout funkci Povolená telefonní čísla</string>
  <string name="disable_fdn">Vypnout funkci Povolená telefonní čísla</string>
  <string name="change_pin2">Změna kódu PIN2</string>
  <string name="enable_fdn_ok">Vypnout funkci Povolená telefonní čísla</string>
  <string name="disable_fdn_ok">Zapnout funkci Povolená telefonní čísla</string>
  <string name="sum_fdn">Umožňuje spravovat povolená telefonní čísla</string>
  <string name="sum_fdn_change_pin">Umožňuje změnit kód PIN pro přístup k povoleným telefonním číslům</string>
  <string name="sum_fdn_manage_list">Správa telefonního seznamu</string>
  <string name="voice_privacy">Ochrana soukromí hlasové pošty</string>
  <string name="voice_privacy_summary">Povolit režim vylepšené ochrany soukromí</string>
  <string name="tty_mode_title">Režim TTY</string>
  <string name="tty_mode_summary">Povolit režim TTY</string>
  <string name="tty_mode_option_title">Režim TTY</string>
  <string name="tty_mode_option_summary">Nastavit režim TTY</string>
  <string name="auto_retry_mode_title">Automaticky zkusit znovu</string>
  <string name="auto_retry_mode_summary">Aktivovat režim Automaticky zkusit znovu</string>
  <string name="menu_add">Přidat kontakt</string>
  <string name="menu_edit">Upravit kontakt</string>
  <string name="menu_delete">Smazat kontakt</string>
  <string name="get_pin2">Zadat kód PIN2</string>
  <string name="name">Jméno</string>
  <string name="number">Číslo</string>
  <string name="save">Uložit</string>
  <string name="add_fdn_contact">Přidat povolené telefonní číslo</string>
  <string name="adding_fdn_contact">Přidávání povoleného telefonního čísla...</string>
  <string name="fdn_contact_added">Povolené telefonní číslo bylo přidáno.</string>
  <string name="edit_fdn_contact">Upravit povolené telefonní číslo</string>
  <string name="updating_fdn_contact">Probíhá aktualizace povoleného telefonního čísla...</string>
  <string name="fdn_contact_updated">Povolené telefonní číslo bylo aktualizováno.</string>
  <string name="delete_fdn_contact">Smazat povolené telefonní číslo</string>
  <string name="deleting_fdn_contact">Mazání povoleného telefonního čísla...</string>
  <string name="fdn_contact_deleted">Povolené telefonní číslo bylo smazáno.</string>
  <string name="pin2_invalid">Povolené telefonní číslo nebylo aktualizováno: Zadali jste nesprávný kód PIN.</string>
  <string name="fdn_invalid_number">Povolené telefonní číslo nebylo aktualizováno: Délka čísla nemůže přesahovat 20 číslic.</string>
  <string name="simContacts_emptyLoading">Čtení z karty SIM...</string>
  <string name="simContacts_empty">Na kartě SIM nejsou žádné kontakty.</string>
  <string name="simContacts_title">Vybrat kontakty pro import</string>
  <string name="enable_pin">Povolit nebo zakázat kód PIN karty SIM</string>
  <string name="change_pin">Změnit kód PIN karty SIM</string>
  <string name="enter_pin_text">Kód PIN karty SIM:</string>
  <string name="oldPinLabel">Původní kód PIN</string>
  <string name="newPinLabel">Nový kód PIN</string>
  <string name="confirmPinLabel">Potvrďte nový kód PIN</string>
  <string name="badPin">Původní kód PIN byl zadán nesprávně. Zkuste to znovu.</string>
  <string name="mismatchPin">Zadané kódy PIN se neshodují. Zkuste to znovu.</string>
  <string name="invalidPin">Zadejte kód PIN o délce 4-8 číslic.</string>
  <string name="disable_sim_pin">Zakázat kód PIN karty SIM</string>
  <string name="enable_sim_pin">Povolit kód PIN karty SIM</string>
  <string name="enable_in_progress">Čekejte prosím...</string>
  <string name="enable_pin_ok">Kód PIN karty SIM je povolen.</string>
  <string name="disable_pin_ok">Kód PIN karty SIM je zakázán.</string>
  <string name="pin_failed">Zadaný kód PIN je nesprávný.</string>
  <string name="pin_changed">Kód PIN karty SIM byl úspěšně změněn.</string>
  <string name="puk_requested">Neplatné heslo, karta SIM je zablokována. Zadejte kód PUK2.</string>
  <string name="enter_pin2_text">PIN2</string>
  <string name="oldPin2Label">Původní kód PIN2</string>
  <string name="newPin2Label">Nový kód PIN2</string>
  <string name="confirmPin2Label">Potvrdit nový kód PIN2</string>
  <string name="badPuk2">Původní kód PUK2 byl zadán nesprávně. Zkuste to znovu.</string>
  <string name="badPin2">Původní kód PUK2 byl zadán nesprávně. Zkuste to znovu.</string>
  <string name="mismatchPin2">Zadané kódy PIN2 se neshodují. Zkuste to znovu.</string>
  <string name="invalidPin2">Zadejte kód PIN o délce 4-8 číslic.</string>
  <string name="invalidPuk2">Zadejte 8místný kód PUK2.</string>
  <string name="pin2_changed">Kód PIN2 byl úspěšně změněn.</string>
  <string name="label_puk2_code">Zadejte kód PUK2</string>
  <string name="fdn_enable_puk2_requested">Heslo je nesprávné. Změňte kód PIN2 a zkuste to znovu.</string>
  <string name="puk2_requested">Neplatné heslo, karta SIM je zablokována. Zadejte kód PUK2.</string>
  <string name="doneButton">Hotovo</string>
  <string name="caller_manage_header">Konferenční hovor %s</string>
  <string name="caller_manage_manage_done_text">Zpět k hovoru</string>
  <string name="fake_phone_activity_phoneNumber_text">(650) 555-1234</string>
  <string name="fake_phone_activity_infoText_text">Příchozí telefonní číslo</string>
  <string name="fake_phone_activity_placeCall_text">Falešný příchozí hovor</string>
  <string name="sim_missing_continueView_text">Pokračovat bez karty SIM</string>
  <string name="sim_missing_msg_text">Karta SIM nebyla nalezena. Vložte do telefonu kartu SIM.</string>
  <string name="sim_unlock_dismiss_text">Zavřít</string>
  <string name="sim_unlock_unlock_text">Odemknout</string>
  <string name="sim_unlock_status_text">Ověřování kódu PIN...</string>
  <string name="voicemail_settings_number_label">Číslo hlasové schránky</string>
  <string name="card_title_dialing">Vytáčení</string>
  <string name="card_title_redialing">Nový pokus</string>
  <string name="card_title_in_progress">Aktuální hovor</string>
  <string name="card_title_conf_call">Konferenční hovor</string>
  <string name="card_title_incoming_call">Příchozí hovor</string>
  <string name="card_title_cdma_call_waiting">Čekající hovor CDMA</string>
  <string name="card_title_call_ended">Hovor ukončen</string>
  <string name="card_title_on_hold">Přidržený hovor</string>
  <string name="card_title_hanging_up">Zavěšování</string>
  <string name="card_title_in_call">Probíhá hovor</string>
  <string name="notification_missedCallTitle">Zmeškaný hovor</string>
  <string name="notification_missedCallsTitle">Zmeškané hovory</string>
  <string name="notification_missedCallsMsg">Zmeškané hovory: %s.</string>
  <string name="notification_missedCallTicker">Zmeškaný hovor od volajícího %s.</string>
  <string name="notification_ongoing_call_format">Aktuální hovor (%s)</string>
  <string name="notification_on_hold">Přidržený hovor</string>
  <string name="notification_voicemail_title">Nová hlasová zpráva</string>
  <string name="notification_voicemail_title_count">Nová hlasová zpráva (%d)</string>
  <string name="notification_voicemail_text_format">Volat hlasovou schránku %s</string>
  <string name="notification_voicemail_no_vm_number">Číslo hlasové schránky je neznámé.</string>
  <string name="notification_network_selection_title">Žádný signál</string>
  <string name="notification_network_selection_text">Vybraná síť (%s) není k dispozici</string>
  <string name="incall_error_power_off">Chcete-li telefonovat, vypněte nejprve režim V letadle.</string>
  <string name="incall_error_emergency_only">Přihlášení k síti nebylo úspěšné.</string>
  <string name="incall_error_out_of_service">Mobilní síť je nedostupná.</string>
  <string name="incall_error_no_phone_number_supplied">Hovor nelze spojit, nebylo zadáno platné číslo.</string>
  <string name="incall_error_call_failed">Hovor nebyl spojen.</string>
  <string name="incall_status_dialed_mmi">Spouštění sekvence MMI...</string>
  <string name="incall_status_dialed_fc">Spouštění sekvence kódu funkce…</string>
  <string name="incall_error_supp_service_unknown">Nepodporovaná služba.</string>
  <string name="incall_error_supp_service_switch">Hovory nelze přepnout.</string>
  <string name="incall_error_supp_service_separate">Hovor nelze oddělit.</string>
  <string name="incall_error_supp_service_transfer">Hovor nelze předat.</string>
  <string name="incall_error_supp_service_conference">Hovory nelze spojit do konferenčního hovoru.</string>
  <string name="incall_error_supp_service_reject">Hovor nelze odmítnout.</string>
  <string name="incall_error_supp_service_hangup">Hovor není možné uvolnit.</string>
  <string name="emergency_enable_radio_dialog_title">Tísňové volání</string>
  <string name="emergency_enable_radio_dialog_message">Zapínání rádia...</string>
  <string name="emergency_enable_radio_dialog_retry">Nepokrytá oblast, opakování pokusu...</string>
  <string name="dial_emergency_error">Hovor nelze spojit, %s není číslo nouzového volání.</string>
  <string name="dial_emergency_empty_error">Hovor nebyl spojen, vytočte číslo tísňového volání!</string>
  <string name="dialerKeyboardHintText">Číslo vytočíte pomocí klávesnice.</string>
  <string name="dtmfDialpadHintText">Tónová klávesnice</string>
  <string name="dtmfDialpadHandleLabel">Číselník</string>
  <string name="touchLockText">Dvojitým klepnutím\nodemkněte</string>
  <string name="onscreenAnswerText">Dvojitým klepnutím\nhovor přijmete</string>
  <string name="onscreenRejectText">Dvojitým klepnutím\nhovor odmítnete</string>
  <string name="onscreenHoldText">Přidržet</string>
  <string name="onscreenUnholdText">Pokračovat</string>
  <string name="onscreenEndCallText">Ukončit</string>
  <string name="onscreenShowDialpadText">Číselník</string>
  <string name="onscreenHideDialpadText">Skrýt</string>
  <string name="onscreenSpeakerText">Hlasitě</string>
  <string name="onscreenMuteText">Ztlumit</string>
  <string name="onscreenBluetoothText">Bluetooth</string>
  <string name="onscreenAddCallText">Přidat hovor</string>
  <string name="onscreenMergeCallsText">Spojit hovory</string>
  <string name="onscreenSwapCallsText">Zaměnit</string>
  <string name="onscreenManageCallsText">Spravovat hovory</string>
  <string name="onscreenManageConferenceText">Spravovat</string>
  <string name="importSimEntry">Importovat</string>
  <string name="importAllSimEntries">Importovat vše</string>
  <string name="importingSimContacts">Importování kontaktů z karty SIM</string>
  <string name="importToFDNfromContacts">Import z kontaktů</string>
  <string name="hac_mode_title">Naslouchátka</string>
  <string name="hac_mode_summary">Zapnout režim kompatibility s naslouchátkem</string>
  <string name="eri_text_label">Text ERI</string>
  <string name="dtmf_tones_title">Tóny DTMF</string>
  <string name="dtmf_tones_summary">Nastavit délku tónů DTMF</string>
  <string name="network_message">Zpráva sítě</string>
  <string name="ota_title_activate">Aktivujte svůj telefon</string>
  <string name="ota_touch_activate">K aktivaci telefonní služby je potřeba uskutečnit speciální hovor. \n\nStiskněte tlačítko Aktivovat a aktivujte telefon podle pokynů, které vám budou sděleny.</string>
  <string name="ota_touch_activate_new">Dotkněte se tlačítka Aktivovat. Uskutečníte tak zvláštní hovor, kterým telefon aktivujete v mobilní síti svého operátora, abyste mohli volat a připojovat se k mobilním datovým sítím.</string>
  <string name="ota_skip_activation_dialog_title">Přeskočit aktivaci?</string>
  <string name="ota_skip_activation_dialog_message">Pokud přeskočíte aktivaci, nemůžete volat ani se připojovat k mobilním datovým sítím (můžete se ale připojit k sítím WiFi). Dokud svůj telefon neaktivujete, bude se zobrazovat výzva k aktivaci při každém zapnutí.</string>
  <string name="ota_skip_activation_dialog_skip_label">Přeskočit</string>
  <string name="ota_skip_activation_dialog_continue_label">Aktivovat</string>
  <string name="ota_activate">Aktivovat</string>
  <string name="ota_title_activate_success">Telefon je aktivován.</string>
  <string name="ota_title_problem_with_activation">Problém s aktivací</string>
  <string name="ota_listen">Postupujte podle hlasových pokynů, dokud nebudete informováni o dokončení aktivace.</string>
  <string name="ota_dialpad">Klávesnice</string>
  <string name="ota_speaker">Hlasitě</string>
  <string name="ota_progress">Počkejte prosím, než bude telefon naprogramován.</string>
  <string name="ota_failure">Programování se nezdařilo</string>
  <string name="ota_successful">Váš telefon je nyní aktivován. Spuštění služby může trvat až 15 minut.</string>
  <string name="ota_unsuccessful">Váš telefon nebyl aktivován.\nMožná bude nutné vyhledat oblast s lepším pokrytím (blízko okna nebo venku). \n\nZkuste to znovu nebo kontaktujte oddělení zákaznických služeb, kde získáte další možnosti.</string>
  <string name="ota_spc_failure">PŘÍLIŠ MNOHO SELHÁNÍ CERTIFIKÁTŮ SPC</string>
  <string name="ota_call_end">Zpět</string>
  <string name="ota_try_again">Zkuste to znovu</string>
  <string name="ota_next">Další</string>
  <string name="ota_back">Zpět</string>
  <string name="ecm_exit_dialog">Dialog ukončení režimu tísňového zpětného volání</string>
  <string name="phone_entered_ecm_text">Byl aktivován režim tísňového zpětného volání</string>
  <string name="phone_in_ecm_notification_title">Režim tísňového zpětného volání</string>
  <string name="phone_in_ecm_call_notification_text">Datové spojení zakázáno</string>
  <string name="alert_dialog_in_ecm_call">Během tísňového volání není vybraná akce k dispozici</string>
  <string name="progress_dialog_exiting_ecm">Ukončení režimu tísňového zpětného volání</string>
  <string name="alert_dialog_yes">Ano</string>
  <string name="alert_dialog_no">Ne</string>
  <string name="alert_dialog_dismiss">Zavřít</string>
  <string name="absent_num">ABSENCE ČÍSLA</string>
  <string name="voicemail_settings">Nastavení hlasové schránky</string>
  <string name="voicemail_number_not_set">&lt;nenastaveno></string>
  <string name="voicemail_provider">Služba hlasové schránky</string>
  <string name="voicemail_settings_for">Nastavení pro poskytovatele %s</string>
  <string name="other_settings">Další nastavení hovorů</string>
  <string name="dial_button_label">Vytočit</string>
  <string name="calling_via_template">Volání prostřednictvím ^1\n<b>^2</b></string>
  <string name="slide_to_answer">Přetažením doprava hovor přijmete</string>
  <string name="slide_to_silence">Přetažením doleva ztlumíte vyzvánění</string>
  <string name="slide_to_decline">Přetažením doleva hovor odmítnete</string>
  <string name="slide_to_answer_and_hold">Přetažením doprava hovor přijmete\na aktivní přidržíte</string>
  <string name="slide_to_answer_and_end_active">Přetažením doprava hovor přijmete\na aktivní ukončíte</string>
  <string name="slide_to_answer_and_end_onhold">Přetažením doprava hovor přijmete\na přidržený ukončíte</string>
  <string name="slide_to_answer_hint">Přijmout</string>
  <string name="slide_to_decline_hint">Odmítnout</string>
  <string name="notification_ongoing_calling_format">Volání (%s)</string>
  <string name="advanced_setting">Pokročilé nastavení</string>
  <string name="call_reject_hint">Posunem zavěsit</string>
  <string name="hangup_sms">Stiskněte tlačítko "Menu" pro zamítnutí a odpověz automaticky přes SMS</string>
  <string name="hangup_sms_body">V současné době není k dispozici, zavolejte později</string>
  <string name="onscreenNoteText">Historie</string>
  <string name="query_telocation_title">Podívejte se počet umístění</string>
  <string name="query_telocation_sum">Podívejte se na umístění mobilní nebo pevného čísla</string>
  <string name="button_query_hint">Prosím, zadejte mobilní nebo pevné číslo</string>
  <string name="button_query">Podívejte se</string>
  <string name="button_clear">Vymazat</string>
  <string name="text_location">Místo:</string>
  <string name="text_areacode">Plocha kód:</string>
  <string name="unknown_location">Nelze zjistit informace</string>
  <string name="autoip">Automatické IP vytáčení</string>
  <string name="autoip_sum">Přidat IP prefix na zahraniční číslo. Zadejte níže aktuální kód oblasti</string>
  <string name="ip_prefix">IP prefix</string>
  <string name="ip_prefix_sum">Carrier\'s IP prefix:%s</string>
  <string name="current_areacode">Aktuální předčíslí</string>
  <string name="current_areacode_sum">Lokální kód aktuálního umístění, nebo roamingu předčíslí, pokud jste roamingu. Například:010</string>
  <string name="always_enable_mms">Vždy přijímat MMS</string>
  <string name="always_enable_mms_summary">Vždy obdržíte MMS i když sou data je zakázána</string>
  <string name="dialer_click_pref_title">Jediné kliknutí na seznam kontaktů</string>
  <string name="dialer_click_pref_summary">Definovat akci jedním kliknutím na seznamu kontaktů</string>
  <string name="auto_dialpad_pref_title">Zobrazit číselníku automaticky</string>
  <string name="auto_dialpad_pref_summary">Zobrazit číselník automaticky při volání</string>
  <string name="anti_disturb_settings">nastavení DND</string>
  <string name="incoming_call_limit_title">Blokování příchozích hovorů</string>
  <string name="incoming_call_limit_summary">umožní přístup pouze ke kompatibilnímu zařízení, automaticky odmítne nekompatibilní zařízení.</string>
</resources>
