<?xml version="1.0" encoding="utf-8"?>
<!--Generated by crowdin.net-->
<resources>
  <string name="app_name">갤러리</string>
  <string name="gadget_title">사진틀</string>
  <string name="details_ms">%1$02d:%2$02d</string>
  <string name="details_hms">%1$d:%2$02d:%3$02d</string>
  <string name="movie_view_label">동영상</string>
  <string name="loading_video">동영상 읽는 중...</string>
  <string name="resume_playing_title">동영상 이어보기</string>
  <string name="resume_playing_message">몇 %부터 재생할까요?</string>
  <string name="resume_playing_resume">다시 재생</string>
  <string name="resume_playing_restart">다시 시작하기</string>
  <string name="camera">카메라</string>
  <string name="crop_save_text">저장</string>
  <string name="crop_discard_text">삭제</string>
  <string name="multiface_crop_help">얼굴을 누르면 시작합니다.</string>
  <string name="saving_image">사진 저장</string>
  <string name="crop_label">사진 자르기</string>
  <string name="running_face_detection">잠시 기다려주세요...</string>
  <string name="set_image">이 사진을</string>
  <string name="wallpaper">배경으로 설정중...</string>
  <string name="camera_setas_wallpaper">배경화면</string>
  <string name="details_ok">완료</string>
  <string name="loading_new">새 앨범과 사진을 로딩</string>
  <string name="initializing">로딩</string>
  <string name="pick_prompt">저장된 미디어에서 하나를 고르세요</string>
  <string name="no_items">저장된 미디어가 없습니다</string>
  <string name="pick">고르기</string>
  <string name="delete">삭제</string>
  <string name="confirm_delete">삭제 확인</string>
  <string name="cancel">취소</string>
  <string name="share">공유</string>
  <string name="no_sd_card">SD카드가 없거나 인식되지 않았음</string>
  <string name="more">더보기</string>
  <string name="select_all">모두 선택</string>
  <string name="deselect_all">모두 해제</string>
  <string name="slideshow">슬라이드 쇼</string>
  <string name="menu">메뉴</string>
  <string name="details">상세</string>
  <string name="album_selected">선택된 앨범</string>
  <string name="item_selected">선택된 아이템</string>
  <string name="albums_selected">선택된 앨범들</string>
  <string name="items_selected">선택된 아이템들</string>
  <string name="album">앨범</string>
  <string name="start">시작</string>
  <string name="end">끝</string>
  <string name="location">위치</string>
  <string name="location_unknown">알 수 없는 위치</string>
  <string name="title">제목</string>
  <string name="type">유형</string>
  <string name="taken_on">촬영 날짜</string>
  <string name="added_on">추가</string>
  <string name="show_on_map">지도에서 보이게 하기</string>
  <string name="rotate_left">왼쪽으로 돌리기</string>
  <string name="rotate_right">오른쪽으로 돌리기</string>
  <string name="crop">자르기</string>
  <string name="set_as">설정</string>
  <string name="set_as_wallpaper">배경화면으로 정하기</string>
  <string name="item">아이템</string>
  <string name="items">아이템들</string>
  <string name="around">근처:</string>
  <string name="date_unknown">날짜 모름</string>
  <string name="video_err">비디오를 재생할수 없음</string>
  <string name="lockscreen_wallpaper">잠금화면 배경 설정중</string>
  <string name="wallpaper_set">배경화면 설정</string>
  <string name="lockscreen_set">잠금화면 설정</string>
  <string name="miui_screenshot">MIUI 스크린샷</string>
</resources>
