<?xml version="1.0" encoding="utf-8"?>
<!--Generated by crowdin.net-->
<resources>
  <string name="sharedUserId">사용자아이디공유</string>
  <string name="process">동작</string>
  <string name="application_name">런쳐</string>
  <string name="uid_name">Android Core 애플리케이션</string>
  <string name="folder_name">폴더</string>
  <string name="chooser_wallpaper">배경화면 선택</string>
  <string name="wallpaper_instructions">배경화면으로 정하기</string>
  <string name="pick_wallpaper">배경화면</string>
  <string name="activity_not_found">휴대전화에 설치되어 있지 않은 응용프로그램입니다.</string>
  <string name="configure_wallpaper">구성...</string>
  <string name="rename_folder_label">폴더 이름</string>
  <string name="rename_folder_title">폴더 이름 바꾸기</string>
  <string name="rename_action">확인</string>
  <string name="cancel_action">취소</string>
  <string name="menu_item_add_item">홈 화면에 추가</string>
  <string name="group_applications">어플리케이션</string>
  <string name="group_shortcuts">바로가기</string>
  <string name="group_folder">새 폴더</string>
  <string name="group_live_folders">폴더</string>
  <string name="group_widgets">위젯</string>
  <string name="group_wallpapers">배경화면</string>
  <string name="add_folder">폴더</string>
  <string name="add_clock">시계</string>
  <string name="add_photo_frame">사진 액자</string>
  <string name="out_of_space">홈 화면에 더 이상 공간이 없습니다.</string>
  <string name="shortcut_installed">바로가기\"%s\"가 생성되었습니다.</string>
  <string name="shortcut_uninstalled">바로가기\"%s\"가 삭제되었습니다 .</string>
  <string name="shortcut_duplicate">바로가기\"%s\"가 이미 있습니다.</string>
  <string name="title_select_shortcut">바로가기 선택</string>
  <string name="title_select_live_folder">폴더 선택</string>
  <string name="all_apps_button_label">모든 응용프로그램</string>
  <string name="all_apps_home_button_label">홈</string>
  <string name="menu_add">추가</string>
  <string name="menu_wallpaper">배경화면</string>
  <string name="menu_search">검색</string>
  <string name="menu_notifications">알림</string>
  <string name="menu_gestures">동작</string>
  <string name="menu_settings">설정</string>
  <string name="permlab_install_shortcut">바로가기 설치</string>
  <string name="permdesc_install_shortcut">응용프로그램이 사용자의 작업 없이 바로가기를 추가할 수 있도록 합니다.</string>
  <string name="permlab_uninstall_shortcut">바로가기 제거</string>
  <string name="permdesc_uninstall_shortcut">응용프로그램이 사용자의 작업 없이 바로가기를 삭제할 수 있도록 합니다.</string>
  <string name="permlab_read_settings">홈 설정 및 바로가기 읽기</string>
  <string name="permdesc_read_settings">응용프로그램이 홈에 있는 설정 및 바로가기를 읽을 수 있도록 합니다.</string>
  <string name="permlab_write_settings">홈 설정 및 바로가기 쓰기</string>
  <string name="permdesc_write_settings">응용프로그램이 홈에 있는 설정 및 바로가기를 변경할 수 있도록 합니다.</string>
  <string name="gadget_error_text">위젯을 로드하는 중 문제가 발생했습니다.</string>
  <string name="menu_edit">편집 모드</string>
  <string name="cant_remove_system_app">이 어플은 삭제할 수 없습니다</string>
  <string name="uninstall_body_format">\"%s\"을 삭제하시겠습니까?</string>
  <string name="uninstall">삭제</string>
  <string name="cant_remove_folder">비어있지 않은 폴더는 삭제할 수 없습니다</string>
  <string name="pick_lockscreenwallpaper">락스크린 배경화면</string>
  <string name="lockscreenwallpaper_instructions">락스크린 배경화면 설정</string>
  <string name="failed_to_drop">이동할 수 없습니다.</string>
  <string name="failed_to_drop_widget">빈 공간이 없습니다.</string>
  <string name="widget_box_usage_hint">위젯을 원하는 위치로 끌어당기세요.</string>
  <string name="widget_favorite_contacts_lable">즐겨찾는 연락처</string>
  <string name="widget_favorite_contacts_edit">편집</string>
  <string name="widget_favorite_contacts_style">크기 변경</string>
</resources>
