<?xml version="1.0" encoding="utf-8"?>
<!--Generated by crowdin.net-->
<resources>
  <string name="app_label">메시지</string>
  <string name="new_message">새 메시지</string>
  <string name="create_new_message">새 메시지 쓰기</string>
  <string name="menu_call_back">%s님에게 전화걸기</string>
  <string name="menu_send_email">%s에게 이메일 보내기</string>
  <string name="menu_compose_new">새 메시지</string>
  <string name="menu_preferences">설정</string>
  <string name="menu_add_address_to_contacts">주소록에 %s님을 추가</string>
  <string name="menu_call">전화걸기</string>
  <string name="menu_delete_all">대화목록 삭제</string>
  <string name="menu_delete">대화목록 삭제</string>
  <string name="menu_undelivered_messages">전송되지 않은 메시지</string>
  <string name="menu_view">대화목록 보기</string>
  <string name="refreshing">새로 고치는 중...</string>
  <string name="has_draft">임시보관함</string>
  <string name="broadcast_from_to">%1$s - %2$s에게</string>
  <string name="anonymous_recipient">익명</string>
  <string name="no_subject_view">(제목 없음)</string>
  <string name="messagelist_sender_self">나</string>
  <string name="view_picture">사진 보기</string>
  <string name="view_slideshow">슬라이드쇼 보기</string>
  <string name="view_message_details">메시지 세부정보 보기</string>
  <string name="view_delivery_report">보고서 보기</string>
  <string name="delete_message">메시지 삭제</string>
  <string name="sent_on">보낸 시간: %s</string>
  <string name="expire_on">만료 날짜: %s</string>
  <string name="kilobyte">KB</string>
  <string name="undelivered_msg_dialog_title">전송되지 않은 메시지</string>
  <string name="undelivered_msg_dialog_body">메시지를 보낼 수 없습니다.\n마지막으로 시도한 시각: %s</string>
  <string name="undelivered_sms_dialog_body">메시지를 보낼 수 없습니다.</string>
  <string name="delete_thread">대화목록 삭제</string>
  <string name="menu_forward">전달</string>
  <string name="download">다운로드</string>
  <string name="downloading">다운로드 중</string>
  <string name="name_colon">%s:\u0020</string>
  <string name="inline_subject"><제목: %s></string>
  <string name="drm_protected_text">* DRM 보호된 텍스트 *</string>
  <string name="insufficient_drm_rights">DRM 권한이 충분하지 않습니다.</string>
  <string name="copy_message_text">메시지 텍스트 복사</string>
  <string name="message_options">메시지 옵션</string>
  <string name="done">완료</string>
  <string name="move_up">위로 이동</string>
  <string name="move_down">아래로 이동</string>
  <string name="remove_slide">슬라이드 삭제</string>
  <string name="add_slide">슬라이드 추가</string>
  <string name="add_slide_hint">새 슬라이드를 만들려면 선택하세요.</string>
  <string name="discard_slideshow">슬라이드쇼 삭제</string>
  <string name="slide_show_part">파트 %1$s/%2$s</string>
  <string name="remove_text">텍스트 삭제</string>
  <string name="add_picture">사진 추가</string>
  <string name="remove_picture">사진 삭제</string>
  <string name="add_music">음악 추가</string>
  <string name="remove_music">음악 삭제</string>
  <string name="add_video">동영상 추가</string>
  <string name="remove_video">동영상 삭제</string>
  <string name="compose_title">새 메시지</string>
  <string name="to_hint">받는사람</string>
  <string name="subject_hint">제목</string>
  <string name="add_attachment">첨부</string>
  <string name="add_subject">제목 추가</string>
  <string name="discard">삭제</string>
  <string name="view">보기</string>
  <string name="replace">바꾸기</string>
  <string name="remove">삭제</string>
  <string name="send">전송</string>
  <string name="mms">MMS</string>
  <string name="all_threads">전체 대화목록</string>
  <string name="type_to_compose_text_enter_to_send">메시지를 입력하세요.</string>
  <string name="open_keyboard_to_compose_message">키보드를 사용하여 메시지 쓰기</string>
  <string name="image_too_large">사진이 너무 큼</string>
  <string name="ask_for_automatically_resize">사진 크기를 자동 조정하여 전송하겠습니까?</string>
  <string name="compressing">사진이 너무 큽니다. 압축하는 중...</string>
  <string name="unsupported_media_format">지원되지 않는 %1$s 형식</string>
  <string name="select_different_media">다른 %1$s을(를) 선택하세요.</string>
  <string name="exceed_message_size_limitation">메시지 크기 한도에 도달했습니다.</string>
  <string name="message_too_big_for_video">메시지가 너무 커서 동영상을 첨부할 수 없습니다.</string>
  <string name="failed_to_add_media">죄송합니다. %1$s님은 메시지에 추가할 수 없습니다.</string>
  <string name="failed_to_resize_image">사진 크기가 조정되지 않았습니다.</string>
  <string name="resize_image_error_information">사진이 너무 커서 크기 조정 후에도 전송할 수 없습니다.</string>
  <string name="forward_prefix">Fwd:\u0020</string>
  <string name="discard_message">삭제</string>
  <string name="discard_message_reason">유효한 수신자가 없으므로 메시지가 삭제됩니다.</string>
  <string name="has_invalid_recipient">유효하지 않은 수신자: <%1$s></string>
  <string name="invalid_destination">잘못된 주소를 입력했습니다.</string>
  <string name="invalid_recipient_message">수신자를 바르게 설정해야 메시지를 수신할 수 있습니다.</string>
  <string name="cannot_send_message">메시지를 보낼 수 없음</string>
  <string name="cannot_send_message_reason">메시지의 유효한 수신자가 없습니다.</string>
  <string name="cannot_forward_drm_obj">저작권이 있는 개체는 전달할 수 없습니다.</string>
  <string name="converting_to_picture_message">멀티미디어 메시지로 변환 중...</string>
  <string name="converting_to_text_message">문자 메시지로 변환 중...</string>
  <string name="cannot_add_slide_anymore">슬라이드를 더 이상 추가할 수 없습니다.</string>
  <string name="cannot_add_picture_and_video">동영상과 사진을 한 슬라이드에 추가할 수 없습니다.</string>
  <string name="cannot_save_message">메시지를 저장할 수 없습니다.</string>
  <string name="cannot_load_message">메시지를 로드할 수 없습니다.</string>
  <string name="message_saved_as_draft">메일이 임시보관함에 저장되었습니다.</string>
  <string name="locked_message_cannot_be_deleted">잠겨진 메시지는 삭제할 수 없습니다.</string>
  <string name="too_many_recipients">메시지에 수신자가 너무 많습니다(%1$s명). 수신자는 %2$s명으로 제한되어 있습니다.</string>
  <string name="too_many_attachments">첨부파일 수가 %1$s개로 제한되어 있으므로 처음 %2$s개만 추가됩니다.</string>
  <string name="adding_attachments_title">첨부파일을 추가하는 중</string>
  <string name="adding_attachments">항목이 슬라이드쇼에 추가되는 동안 기다려 주세요.</string>
  <string name="multiple_recipients">수신자 %1$s명</string>
  <string name="cannot_play_audio">오디오를 재생할 수 없습니다.</string>
  <string name="preview">미리보기</string>
  <string name="preview_slideshow">미리보기</string>
  <string name="replace_image">사진 바꾸기</string>
  <string name="duration_sec">표시 시간(%s초)</string>
  <string name="duration_selector_title">슬라이드 표시 시간\u0020</string>
  <string name="layout_selector_title">슬라이드쇼 레이아웃\u0020</string>
  <string name="layout_top">레이아웃(상단)</string>
  <string name="layout_bottom">레이아웃(하단)</string>
  <string name="type_to_compose_text_or_leave_blank">텍스트를 입력하거나 빈 칸으로 둡니다.</string>
  <string name="duration_not_a_number">표시 시간 값은 숫자여야 합니다.</string>
  <string name="duration_zero">표시 시간 값은 0초보다 커야 합니다.</string>
  <string name="secs">초</string>
  <string name="menu_view_contact">연락처 보기</string>
  <string name="menu_add_to_contacts">주소록에 추가</string>
  <string name="hidden_sender_address">숨은 발신자 주소</string>
  <string name="yes">확인</string>
  <string name="no">취소</string>
  <string name="set">설정</string>
  <string name="play">재생</string>
  <string name="edit">편집</string>
  <string name="resize">크기 조정</string>
  <string name="try_to_send">전송 시도</string>
  <string name="preferences_title">설정</string>
  <string name="restore_default">기본 설정값 복원</string>
  <string name="pref_notification_settings_title">알림 설정</string>
  <string name="pref_mms_settings_title">멀티미디어 메시지(MMS) 설정</string>
  <string name="pref_sms_settings_title">문자 메시지(SMS) 설정</string>
  <string name="pref_sms_storage_title">저장소 설정</string>
  <string name="pref_summary_manage_sim_messages">SIM 카드에 저장된 메시지 관리</string>
  <string name="pref_summary_mms_delivery_reports">보내는 메시지마다 전송 여부 보고</string>
  <string name="pref_summary_mms_read_reports">보내는 메시지마다 읽음 여부 보고</string>
  <string name="pref_summary_sms_delivery_reports">보내는 메시지마다 전송 여부 보고</string>
  <string name="pref_summary_auto_delete">한도에 도달하면 이전 메시지 삭제</string>
  <string name="pref_summary_delete_limit">대화당 %1$s개 메시지</string>
  <string name="pref_title_manage_sim_messages">SIM 카드 메시지 관리</string>
  <string name="pref_title_mms_delivery_reports">전송 여부 보고</string>
  <string name="pref_title_mms_read_reports">읽음 여부 보고</string>
  <string name="pref_title_sms_delivery_reports">전송 여부 보고</string>
  <string name="pref_title_auto_delete">이전 메시지 삭제</string>
  <string name="pref_title_sms_delete">문자 메시지 한도</string>
  <string name="pref_title_mms_delete">멀티미디어 메시지 한도</string>
  <string name="pref_title_popup_enabled">메세지 팝업</string>
  <string name="pref_summary_popup_enabled">문자 메세지의 내용을 팝업창으로 알려줍니다.</string>
  <string name="pref_title_notification_enabled">알림</string>
  <string name="pref_summary_notification_enabled">상태 표시줄에 메시지 알림 표시</string>
  <string name="pref_title_notification_vibrateWhen">진동</string>
  <string name="pref_summary_notification_vibrateWhen">알림 시 진동도 함께 울림</string>
  <string name="pref_title_notification_ringtone">벨소리 선택</string>
  <string name="pref_messages_to_save">저장할 메시지 개수 설정</string>
  <string name="prefDefault_vibrateWhen">never</string>
  <string name="prefDefault_vibrate_true">항상</string>
  <string name="prefDefault_vibrate_false">사용안함</string>
  <string name="prefDialogTitle_vibrateWhen">진동</string>
  <string name="pref_title_mms_auto_retrieval">자동 검색</string>
  <string name="pref_summary_mms_auto_retrieval">메시지를 자동으로 검색</string>
  <string name="pref_title_mms_retrieval_during_roaming">로밍 중 자동 수신</string>
  <string name="pref_summary_mms_retrieval_during_roaming">로밍 중에 메시지를 자동으로 검색</string>
  <string name="to_label">받는사람\u0020</string>
  <string name="confirm_dialog_title">삭제</string>
  <string name="confirm_dialog_locked_title">잠겨 있는 메시지를 삭제하시겠습니까?</string>
  <string name="confirm_delete_conversation">전체 대화목록이 삭제됩니다.</string>
  <string name="confirm_delete_all_conversations">대화목록이 모두 삭제됩니다.</string>
  <string name="confirm_delete_message">메시지가 삭제됩니다.</string>
  <string name="confirm_delete_locked_message">잠겨 있는 메시지를 삭제하시겠습니까?</string>
  <string name="confirm_delete_all_messages">전체 대화목록이 삭제됩니다.</string>
  <string name="confirm_delete_all_SIM_messages">SIM에 있는 모든 메시지가 삭제됩니다.</string>
  <string name="confirm_delete_SIM_message">SIM에서 이 메시지를 삭제합니다.</string>
  <string name="delete_unlocked">잠긴 메시지 삭제</string>
  <string name="delete">삭제</string>
  <string name="cannot_get_details">세부정보를 가져올 수 없음</string>
  <string name="message_details_title">메시지 세부정보</string>
  <string name="message_type_label">유형:\u0020</string>
  <string name="text_message">문자 메시지</string>
  <string name="multimedia_message">멀티미디어 메시지</string>
  <string name="multimedia_notification">멀티미디어 메시지 알림</string>
  <string name="from_label">보낸사람:\u0020</string>
  <string name="to_address_label">받는사람:\u0020</string>
  <string name="bcc_label">숨은 참조:\u0020</string>
  <string name="sent_label">보낸편지함:\u0020</string>
  <string name="received_label">수신전화:\u0020</string>
  <string name="saved_label">저장됨:\u0020</string>
  <string name="subject_label">제목:\u0020</string>
  <string name="message_size_label">메시지 크기:\u0020</string>
  <string name="priority_label">중요도:\u0020</string>
  <string name="priority_high">높음</string>
  <string name="priority_normal">보통</string>
  <string name="priority_low">낮음</string>
  <string name="message_class_label">메시지 클래스:\u0020</string>
  <string name="error_code_label">오류 코드:\u0020</string>
  <string name="menu_edit">수정</string>
  <string name="menu_retry_sending">재전송 시도</string>
  <string name="menu_retry_sending_all">모두 재전송 시도</string>
  <string name="menu_delete_messages">메시지 삭제</string>
  <string name="retrying_dialog_body">연결 문제로 인해 %s 메시지가 전송되지 않았습니다.\n재전송 시도 중...</string>
  <string name="menu_lock">메시지 잠금</string>
  <string name="menu_unlock">메시지 잠금 해제</string>
  <string name="sim_copy_to_phone_memory">휴대전화 메모리에 복사</string>
  <string name="sim_delete">삭제</string>
  <string name="sim_manage_messages_title">SIM 카드에 저장된 문자 메시지</string>
  <string name="sim_view">보기</string>
  <string name="sim_empty">SIM 카드에 메시지가 없습니다.</string>
  <string name="delivery_header_title">보고서</string>
  <string name="status_none">(없음)</string>
  <string name="status_pending">대기 중</string>
  <string name="status_read">읽음</string>
  <string name="status_received">수신됨</string>
  <string name="status_failed">실패</string>
  <string name="status_unread">읽지않음</string>
  <string name="status_rejected">거부됨</string>
  <string name="recipient_label">받는사람:\u0020</string>
  <string name="status_label">상태:\u0020</string>
  <string name="attach_image">사진</string>
  <string name="attach_take_photo">사진 캡처</string>
  <string name="attach_video">동영상</string>
  <string name="attach_record_video">동영상 캡처</string>
  <string name="attach_sound">오디오</string>
  <string name="attach_record_sound">오디오 녹음</string>
  <string name="attach_slideshow">슬라이드쇼</string>
  <string name="select_bottom_text">텍스트를 아래쪽에</string>
  <string name="select_top_text">텍스트를 위쪽에</string>
  <string name="delivery_toast_body">%s에서 받은 메시지</string>
  <string name="notification_multiple">읽지 않은 메시지가 %s개 있습니다.</string>
  <string name="notification_multiple_title">새 메시지</string>
  <string name="notification_failed_multiple">메시지 %s개를 보내지 못했습니다.</string>
  <string name="notification_failed_multiple_title">메시지를 전송하지 못했습니다.</string>
  <string name="sim_full_title">SIM 카드 용량이 가득 참</string>
  <string name="sim_full_body">저장 공간을 늘리려면 메시지를 일부 삭제하세요.</string>
  <string name="sms_full_title">문자 메시지 메모리가 가득 참</string>
  <string name="sms_full_body">메모리가 꽉 차서 수신 메시지가 거부되었습니다. 이전 메시지를 삭제하세요.</string>
  <string name="sms_rejected_title">문자 메시지가 거부됨</string>
  <string name="sms_rejected_body">알 수 없는 이유로 인해 수신 메시지가 거부되었습니다.</string>
  <string name="type_audio">오디오</string>
  <string name="type_picture">사진</string>
  <string name="type_video">동영상</string>
  <string name="confirm">확인</string>
  <string name="message_send_read_report">읽음 여부 보고가 전송됩니다.</string>
  <string name="message_queued">메시지를 보낼 수 없습니다. 서비스가 복구되면 전송됩니다.</string>
  <string name="no_subject">(제목 없음)</string>
  <string name="unknown_sender">알 수 없는 발신자</string>
  <string name="dl_failure_notification">%s에서 %s 메시지를 다운로드하지 못했습니다.</string>
  <string name="dl_expired_notification">메시지가 만료되었으므로 삭제됩니다.</string>
  <string name="rate_limit_surpassed">확인</string>
  <string name="confirm_rate_limit">여러 개의 멀티미디어 메시지를 전송 중입니다. 계속하시겠습니까?</string>
  <string name="message_download_failed_title">메시지를 다운로드하지 못했습니다.</string>
  <string name="message_send_failed_title">메시지를 보내지 못함</string>
  <string name="message_failed_body">메시지를 검토한 다음 다시 시도해 보세요.</string>
  <string name="download_later">다운로드할 수 없습니다. 잠시 후에 다시 시도해 주세요.</string>
  <string name="select_audio">오디오 선택</string>
  <string name="copy_to_sdcard">SD 카드에 첨부파일 복사</string>
  <string name="copy_to_sdcard_success">SD 카드에 첨부 파일이 복사되었습니다.</string>
  <string name="copy_to_sdcard_fail">SD 카드에 첨부파일을 복사하지 못했습니다.</string>
  <string name="save_ringtone">벨소리로 저장</string>
  <string name="saved_ringtone">벨소리를 저장했습니다.</string>
  <string name="saved_ringtone_fail">벨소리를 저장하지 못했습니다.</string>
  <string name="menu_insert_smiley">이모티콘 삽입</string>
  <string name="select_link_title">작업 선택</string>
  <string name="slide_number">%s번 슬라이드</string>
  <string name="delivery_report_activity">전송 여부 보고</string>
  <string name="storage_limits_activity">저장용량 한도</string>
  <string name="add_attachment_activity">첨부파일 추가:</string>
  <string name="select_layout_activity">레이아웃 선택</string>
  <string name="change_duration_activity">표시 기간 변경</string>
  <string name="edit_text_activity">텍스트 편집</string>
  <string name="edit_slideshow_activity">슬라이드쇼 편집</string>
  <string name="edit_slide_activity">슬라이드 편집</string>
  <string name="pick_numbers_activity">번호 선택</string>
  <string name="slideshow_activity">슬라이드쇼</string>
  <string name="popup_activity">빠른 답장</string>
  <string name="popup_btn_send">답장</string>
  <string name="class_0_message_activity">클래스 0 메시지</string>
  <string name="send_using_mms_activity">멀티미디어 메시지로 보내기...</string>
  <string name="select_contact_method_activity">연락처 선택 방법</string>
  <string name="search_label">메시지</string>
  <string name="search_hint">메시지 검색</string>
  <string name="search">메시지</string>
  <string name="search_setting_description">메시지의 문자</string>
  <string name="search_empty">검색결과 없음</string>
  <string name="search_history">\'%s\'에 대한 검색결과 %s개</string>
  <string name="confirm_clear_search_title">지우기</string>
  <string name="confirm_clear_search_text">검색기록이 지워집니다.</string>
  <string name="pref_mms_clear_search_history_title">검색기록 지우기</string>
  <string name="pref_mms_clear_search_history_summary">검색창에 표시되지 않도록 이전 메시지 검색기록 지우기</string>
  <string name="save">저장</string>
  <string name="storage_limits_title">메시지 저장한도</string>
  <string name="storage_limits_message">대화당 저장하는 메시지의 개수를 제한하시겠습니까?</string>
  <string name="storage_limits_setting">한도 설정</string>
  <string name="storage_limits_setting_dismiss">한도 없음</string>
  <string name="too_many_unsent_mms">현재 메시지를 보낼 수 없습니다. 보내지 않은 멀티미디어 메시지가 너무 많습니다.</string>
  <string name="me">나</string>
  <string name="sending_message">보내는 중...</string>
  <string name="bookmark_sms">즐겨찾기에 추가</string>
  <string name="bookmark_sms_message">메세지를 즐겨찾기에 추가중...</string>
  <string name="recent_conversation">대화목록</string>
  <string name="contacts">연락처</string>
  <string name="sms_bookmark">즐겨찾기</string>
  <string name="sms_push">푸시</string>
  <string name="forward_from_format">%s 가 %s 로부터 전달</string>
  <string name="msg_forward_from_format">-다음에서 전달:%s</string>
  <string name="forward_count_format">%d 번 전달됨</string>
  <string name="recipient_count_format">%d 명</string>
  <string name="notification_color_title">트랙볼 색상</string>
  <string name="notification_color_summary">메세지 알림에 사용될 트랙볼 색상을 선택하세요.</string>
  <string name="group_msg_contact_title">%s snet to:%s</string>
  <string name="sms_bookmark_welcome">메세지가 하나도 없습니다. 대화목록을 길게 누른뒤 \"즐겨찾기에 추가\"를 선택하세요.</string>
  <string name="mms_increase_font_size">글꼴 크기 크게</string>
  <string name="mms_decrease_font_size">글꼴 크기 작게</string>
  <string name="mms_reading_mode_day">주간 모드</string>
  <string name="mms_reading_mode_night">야간 모드</string>
  <string name="menu_patch_delete">대화목록 삭제</string>
  <string name="btn_done">삭제</string>
  <string name="btn_cancel">취소</string>
  <string name="pref_title_forward_contact">전달된 메세지</string>
  <string name="pref_summary_forward_contact">전달된 메세지를 받을때 원본을 보여줌</string>
  <string name="save_image">이미지 저장</string>
  <string name="mms_image_folder_name">MMS 이미지</string>
  <string name="mms_image_saved_successfully">이미지가 성공적으로 저장되었습니다.</string>
  <string name="mms_image_saving_failed">저장에 실패하였습니다. SD카드를 확인하세요.</string>
  <string name="festival_sms_category_count_format">(%s)</string>
  <string name="festival_msg_loading">불러오는 중...</string>
  <string name="festival_sms_push">추천항목</string>
  <string name="menu_group_sending">그룹 전송</string>
  <string name="miui_push">MIUI 추천</string>
  <string name="pushed_sms_category">SMS</string>
  <string name="converstaion_list_tile">메세지 목록</string>
  <string name="conversations_count_format">(%d)</string>
  <string name="quick_sms_to">보내기%s</string>
  <string name="popup_sms_deleted">메세지가 삭제됨</string>
  <string name="pref_set_font_size">폰트 크기 설정</string>
  <string name="pref_summery_set_font_size">문자크기</string>
  <string name="menu_batch_delete">일괄 삭제</string>
  <string name="batch_delete_confirm_dialog_title">일괄 삭제</string>
  <string name="batch_delete_confrom_dialog_message">선택한 메시지를 삭제하려면</string>
  <string name="btn_delete_with_number">제거 (%d)</string>
</resources>
