<?xml version="1.0" encoding="utf-8"?>
<!--Generated by crowdin.net-->
<resources>
  <string name="config_import_vcard_type">по умолчанию</string>
  <string name="config_export_vcard_type">по умолчанию</string>
  <string name="config_export_dir">карта SD</string>
  <string name="config_export_file_prefix">Префикс имен файлов при экспорте</string>
  <string name="config_export_file_suffix">Суффикс имен файлов при экспорте</string>
  <string name="config_export_file_extension">Расширение файлов при экспорте</string>
  <string name="config_export_extensions_to_consider">Какие расширения файлов предпочтительны при экспорте?</string>
  <string name="contactsList">Контакты</string>
  <string name="launcherDialer">Телефон</string>
  <string name="shortcutContact">Контакт</string>
  <string name="shortcutDialContact">Позвонить</string>
  <string name="shortcutMessageContact">Текстовое сообщение</string>
  <string name="shortcutActivityTitle">Выбор ярлыка контакта</string>
  <string name="callShortcutActivityTitle">Выберете номер для вызова</string>
  <string name="messageShortcutActivityTitle">Выберете номер для сообщения</string>
  <string name="starredList">Отмеченный</string>
  <string name="frequentList">Часто набираемые</string>
  <string name="strequentList">Избранные</string>
  <string name="viewContactTitle">Информация о контакте</string>
  <string name="viewContactDesription">Просмотреть контакт</string>
  <string name="editContactDescription">Изменить контакт</string>
  <string name="insertContactDescription">Создать контакт</string>
  <string name="searchHint">Поиск контактов</string>
  <string name="menu_search">Поиск</string>
  <string name="menu_newContact">Новый контакт</string>
  <string name="menu_viewContact">Просмотреть контакт</string>
  <string name="menu_callNumber">Вызов %s</string>
  <string name="menu_addStar">Добавить в избранное</string>
  <string name="menu_removeStar">Удалить из избранных</string>
  <string name="menu_editContact">Изменить контакт</string>
  <string name="menu_deleteContact">Удалить контакт</string>
  <string name="menu_call">Позвонить</string>
  <string name="menu_sendSMS">Текстовое сообщение</string>
  <string name="menu_sendEmail">Отправить e-mail</string>
  <string name="menu_viewAddress">Адрес на карте</string>
  <string name="menu_makeDefaultNumber">Установить номер по умолчанию</string>
  <string name="menu_makeDefaultEmail">Установить e-mail по умолчанию</string>
  <string name="menu_splitAggregate">Разделить</string>
  <string name="contactsSplitMessage">Контакты разделены</string>
  <string name="splitConfirmation_title">Разделить контакт</string>
  <string name="splitConfirmation">Вы действительно желаете разделить данный контакт на несколько: каждый номер будет выделен в отдельный контакт?</string>
  <string name="menu_joinAggregate">Объединить контакты</string>
  <string name="titleJoinContactDataWith">Добавить в существующий контакт</string>
  <string name="blurbJoinContactDataWith">Выберите контакт, который нужно объединить с этим %s.</string>
  <string name="showAllContactsJoinItem">Показать все контакты</string>
  <string name="separatorJoinAggregateSuggestions">Рекомендуемые контакты</string>
  <string name="separatorJoinAggregateAll">Все контакты</string>
  <string name="contactsJoinedMessage">Контакты объединены</string>
  <string name="menu_contactOptions">Параметры</string>
  <string name="contactOptionsTitle">Параметры</string>
  <string name="deleteConfirmation_title">Удалить</string>
  <string name="readOnlyContactWarning">Вы не можете удалить контакт из учётной записи, помеченный как "только для чтения", но вы можете скрыть его из общего списка контактов.</string>
  <string name="readOnlyContactDeleteConfirmation">Этот контакт содержит информацию из нескольких учётных записей. Информация из учётных записей, маркированных как "только чтение", будет скрыта в списке контактов, а не удалена.</string>
  <string name="multipleContactDeleteConfirmation">Удалив этот контакт, вы удалите информацию о нём из других учётных записей.</string>
  <string name="deleteConfirmation">Этот контакт будет удалён.</string>
  <string name="menu_done">Готово</string>
  <string name="menu_doNotSave">Вернуть</string>
  <string name="editContact_title_edit">Изменить контакт</string>
  <string name="editContact_title_insert">Новый контакт</string>
  <string name="label_phonetic_name">Фонетический</string>
  <string name="label_notes">Примечания</string>
  <string name="label_ringtone">Сигнал вызова</string>
  <string name="ghostData_name">Первый и последний</string>
  <string name="ghostData_phonetic_name">Фонетическое обозначение</string>
  <string name="ghostData_company">Компания</string>
  <string name="ghostData_title">Заголовок</string>
  <string name="invalidContactMessage">Контакт не существует</string>
  <string name="pickerNewContactHeader">Создать новый контакт</string>
  <string name="selectLabel">Выберите метку</string>
  <string name="phoneLabelsGroup">Телефон</string>
  <string name="emailLabelsGroup">Адрес электронной почты</string>
  <string name="imLabelsGroup">IM</string>
  <string name="postalLabelsGroup">Почтовый адрес</string>
  <string name="photoPickerNotFoundText">Картинки на телефоне не обнаружены.</string>
  <string name="attachToContact">Иконка контакта</string>
  <string name="customLabelPickerTitle">Задать другое имя метки</string>
  <string name="send_to_voicemail_checkbox">Перенаправлять звонки на голосовую почту</string>
  <string name="default_ringtone">По-умолчанию</string>
  <string name="changePicture">Сменить иконку</string>
  <string name="removePicture">Удалить иконку</string>
  <string name="noContacts">Контактов нет.</string>
  <string name="noMatchingContacts">Совпадений в контактах не найдено.</string>
  <string name="noContactsWithPhoneNumbers">Нет контактов с телефонными номерами.</string>
  <string name="savingContact">Контакт сохраняется...</string>
  <string name="contactSavedToast">Контакт сохранён.</string>
  <string name="contactSavedErrorToast">Ошибка, невозможно сохранить изменения в контакте.</string>
  <string name="listTotalPhoneContactsZero">Контакты с телефонами не отображаются.</string>
  <string name="listTotalAllContactsZero">Контакты не отображаются.</string>
  <string name="listFoundAllContactsZero">Контакт не найден</string>
  <string name="contactsIconLabel">Контакты</string>
  <string name="contactsFavoritesLabel">Избранное</string>
  <string name="dialerIconLabel">Телефон</string>
  <string name="recentCallsIconLabel">Журнал вызовов</string>
  <string name="liveFolderAll">Все контакты</string>
  <string name="liveFolderFavorites">Отмеченные контакты</string>
  <string name="liveFolderPhone">Контакты с телефонными номерами</string>
  <string name="menu_sendTextMessage">Отправить сообщение</string>
  <string name="recentCalls_callNumber">Вызов: %s</string>
  <string name="recentCalls_editNumberBeforeCall">Изменить номер перед вызовом</string>
  <string name="recentCalls_addToContact">Добавить в контакты</string>
  <string name="recentCalls_removeFromRecentList">Удалить из журнала звонков</string>
  <string name="recentCalls_deleteAll">Очистить журнал звонков</string>
  <string name="recentCalls_empty">Журнал звонков пуст</string>
  <string name="clearCallLogConfirmation_title">Очистить журнал вызовов</string>
  <string name="clearCallLogConfirmation">Вы действительно желаете очистить журнал вызовов?</string>
  <string name="imei">IMEI</string>
  <string name="meid">MEID</string>
  <string name="voicemail">Голосовая почта</string>
  <string name="unknown">Неизвестно</string>
  <string name="private_num">Скрытый номер</string>
  <string name="payphone">Платный звонок</string>
  <string name="dialerKeyboardHintText">Использовать клавиатуру для набора</string>
  <string name="dialerDialpadHintText">Набрать для добавления вызова</string>
  <string name="simContacts_emptyLoading">Загружается с SIM-карты...</string>
  <string name="simContacts_title">Контакты SIM-карты</string>
  <string name="liveFolder_all_label">Все контакты</string>
  <string name="liveFolder_favorites_label">Избранный</string>
  <string name="liveFolder_phones_label">Телефоны</string>
  <string name="callDetailTitle">Детали звонка</string>
  <string name="toast_call_detail_error">Не могу прочитать подробности для запрошенного звонка.</string>
  <string name="type_incoming">Входящий звонок</string>
  <string name="type_outgoing">Исходящий вызов</string>
  <string name="type_missed">Пропущенный звонок</string>
  <string name="actionIncomingCall">Входящие звонки</string>
  <string name="callBack">Обратный звонок</string>
  <string name="callAgain">Повторный вызов</string>
  <string name="returnCall">Return call</string>
  <string name="callDetailsDurationFormat">%1$s минут %2$s секунд</string>
  <string name="favoritesFrquentSeparator">Часто набираемые контакты</string>
  <string name="add_contact_dlg_title">Добавить контакт</string>
  <string name="add_contact_dlg_message_fmt">Добавить \"%s\" в список контактов?</string>
  <string name="all_tab_label">Все</string>
  <string name="description_image_button_one">один</string>
  <string name="description_image_button_two">два</string>
  <string name="description_image_button_three">три</string>
  <string name="description_image_button_four">четыре</string>
  <string name="description_image_button_five">пять</string>
  <string name="description_image_button_six">шесть</string>
  <string name="description_image_button_seven">семь</string>
  <string name="description_image_button_eight">восемь</string>
  <string name="description_image_button_nine">девять</string>
  <string name="description_image_button_star">звездочка</string>
  <string name="description_image_button_delete">удалить</string>
  <string name="description_image_button_zero">ноль</string>
  <string name="description_image_button_pound">фунт</string>
  <string name="description_voicemail_button">голосовая почта</string>
  <string name="description_dial_button">набор</string>
  <string name="description_delete_button">backspace</string>
  <string name="description_digits_edittext">номер для вызова</string>
  <string name="description_contact_photo">Фотография контакта</string>
  <string name="description_minus_button">минус</string>
  <string name="description_plus_button">плюс</string>
  <string name="no_sdcard_title">Нет SD карты</string>
  <string name="no_sdcard_message">SD карта не обнаружена</string>
  <string name="searching_vcard_title">Поиск vCard</string>
  <string name="import_from_sim">Импортировать с SIM карты</string>
  <string name="import_from_sdcard">Импортировать с SD карты</string>
  <string name="export_to_sdcard">Экспортировать на SD карту</string>
  <string name="share_visible_contacts">Опубликовать видимые контакты</string>
  <string name="import_one_vcard_string">Импортировать один vCard файл</string>
  <string name="import_multiple_vcard_string">Импортировать несколько vCard файлов</string>
  <string name="import_all_vcard_string">Импортировать все vCard файлы</string>
  <string name="searching_vcard_message">Поиск vCard данных на SD карте</string>
  <string name="scanning_sdcard_failed_title">Сканирование SD карты не удалось</string>
  <string name="scanning_sdcard_failed_message">Сканирование SD карты не удалось (причина: \"%s\")</string>
  <string name="fail_reason_io_error">Ошибка данных</string>
  <string name="fail_reason_vcard_parse_error">Анализ vCard не удался по неожиданной причине</string>
  <string name="fail_reason_vcard_not_supported_error">Анализ vCard не удался, хотя формат правильный, текущая реализация не ......... </string>
  <string name="fail_reason_no_vcard_file">Файлы vCard на SD карте не найдены</string>
  <string name="fail_reason_failed_to_read_files">Один или более файлов не может быть импортирован (%s)</string>
  <string name="fail_reason_unknown">Неизвестная ошибка</string>
  <string name="select_vcard_title">Выбрать файл vCard</string>
  <string name="progress_shower_message">Неизвестная ошибка</string>
  <string name="reading_vcard_title">Чтение vCard</string>
  <string name="reading_vcard_message">Считывание файлов vCard</string>
  <string name="reading_vcard_failed_title">Считывание данных с vCard не удалось</string>
  <string name="reading_vcard_contacts">1 из 2 контактов</string>
  <string name="reading_vcard_files">1 из 2 файлов</string>
  <string name="confirm_export_title">Подтверждение экспорта</string>
  <string name="confirm_export_message">Вы уверены что хотите экспортировать ваш список контактов в \"%s\"?</string>
  <string name="exporting_contact_failed_title">Экспорт данных контакта не удался</string>
  <string name="exporting_contact_failed_message">Экспорт данных контакта не удался. \причина отказа: \"%s\" </string>
  <string name="fail_reason_no_exportable_contact">Здесь нет контактов для экспорта</string>
  <string name="fail_reason_too_many_vcard">Слишком много файлов vCard на SD карте</string>
  <string name="fail_reason_too_long_filename">Требуемое имя файла слишгком длинное (\"%s\")</string>
  <string name="exporting_contact_list_title">Экспорт данных контакта</string>
  <string name="exporting_contact_list_message">Экспорт данных контакта на(в) \"%s\"</string>
  <string name="fail_reason_could_not_initialize_exporter">Экспорт не инициализован: \"%s\"</string>
  <string name="fail_reason_error_occurred_during_export">Произошла ошибка при экспорте: \"%s\"</string>
  <string name="composer_failed_to_get_database_infomation">Невозможно получить информацию базы данных</string>
  <string name="composer_has_no_exportable_contact">Этот контакт не может быть экспортирован.Даже если на вашем телефоне есть действующие контакты, экспорт контактов с вашего телефона может быть запрещён вашим оператором связи.</string>
  <string name="composer_not_initialized">Составитель vCard инициализирован неверно</string>
  <string name="fail_reason_could_not_open_file">Невозможно открыть 1 из 2</string>
  <string name="exporting_contact_list_progress">1 из 2 контактов</string>
  <string name="search_settings_description">Наименования ваших контактов</string>
  <string name="add_2sec_pause">Добавить 2-сек паузу</string>
  <string name="add_wait">Добавить ожидание</string>
  <string name="call_disambig_title">Позвонить</string>
  <string name="sms_disambig_title">Отправить сообщение</string>
  <string name="make_primary">Запомнить выбор</string>
  <string name="quickcontact_missing_app">Не найдено приложение для завершения данного действия</string>
  <string name="quickcontact_remember_choice">Запомнить этот выбор</string>
  <string name="quickcontact_missing_name">Неизвестно</string>
  <string name="menu_accounts">Учётные данные</string>
  <string name="menu_import_export">Импорт/Экспорт</string>
  <string name="dialog_import_export">Импорт/Экспорт контактов</string>
  <string name="menu_share">Совместное использование</string>
  <string name="share_via">Совместное использование контактов через</string>
  <string name="share_error">Этот контакт не может быть опубликован</string>
  <string name="nameLabelsGroup">Имя</string>
  <string name="nicknameLabelsGroup">Псевдоним</string>
  <string name="organizationLabelsGroup">Организация</string>
  <string name="websiteLabelsGroup">Вэб-Страница</string>
  <string name="eventLabelsGroup">Событие</string>
  <string name="type_short_home">H</string>
  <string name="type_short_mobile">М</string>
  <string name="type_short_work">W</string>
  <string name="type_short_pager">П</string>
  <string name="type_short_other">О</string>
  <string name="edit_read_only">Этот контакт маркирован как "только чтение"</string>
  <string name="edit_secondary_collapse">Больше</string>
  <string name="dialog_primary_name">Основное имя</string>
  <string name="dialog_new_contact_account">Создать контакт под учётной записью</string>
  <string name="account_phone">Телефон только (не синхронизирован)</string>
  <string name="call_custom">Позвонить %s</string>
  <string name="call_home">Позвонить домой</string>
  <string name="call_mobile">Звонить на мобильный</string>
  <string name="call_work">Звонить на работу</string>
  <string name="call_fax_work">Позвонить на работу факс</string>
  <string name="call_fax_home">Позвонить на домашний факс</string>
  <string name="call_pager">Позвонить на пэйджер</string>
  <string name="call_other">Звонок</string>
  <string name="call_callback">Звонок ответный звонок</string>
  <string name="call_car">Звонок в автомобиль</string>
  <string name="call_company_main">Звонок в основную компанию</string>
  <string name="call_isdn">Звонок по цифровой сети ISDN </string>
  <string name="call_main">Основной звонок</string>
  <string name="call_other_fax">Звонок на факс</string>
  <string name="call_radio">Радио звонок</string>
  <string name="call_telex">Звонок Телекс</string>
  <string name="call_tty_tdd">Набрать TTY/TDD</string>
  <string name="call_work_mobile">Набрать рабочий мобильный</string>
  <string name="call_work_pager">Набрать рабочий пейджер</string>
  <string name="call_assistant">Позвонить %s</string>
  <string name="call_mms">Отправить MMS</string>
  <string name="sms_custom">Текст %s</string>
  <string name="sms_home">Ипользовать Домашний</string>
  <string name="sms_mobile">Использовать Мобильный</string>
  <string name="sms_work">Использовать рабочий</string>
  <string name="sms_fax_work">Использовать Рабочий факс</string>
  <string name="sms_fax_home">Использовать Домашний факс</string>
  <string name="sms_pager">Использовать Пейджер</string>
  <string name="sms_other">Текст</string>
  <string name="sms_callback">Использовать callback</string>
  <string name="sms_car">Использовать Тлф в машине</string>
  <string name="sms_company_main">Использовать Основной рабочий</string>
  <string name="sms_isdn">Использовать ISDN</string>
  <string name="sms_main">Использовать Основной</string>
  <string name="sms_other_fax">Использовать Факс</string>
  <string name="sms_radio">Использовать Радиотелефон</string>
  <string name="sms_telex">Использовать Телекс</string>
  <string name="sms_tty_tdd">Использовать TTY/TDD</string>
  <string name="sms_work_mobile">Использовать рабочий мобильный</string>
  <string name="sms_work_pager">Использовать Рабочий пейджер</string>
  <string name="sms_assistant">Использовать %s</string>
  <string name="sms_mms">Использовать MMS</string>
  <string name="email_home">Email домашний</string>
  <string name="email_mobile">Email мобильный</string>
  <string name="email_work">Email рабочий</string>
  <string name="email_other">Почта</string>
  <string name="email_custom">Email %s</string>
  <string name="email">Почта</string>
  <string name="map_home">Просмотреть домашний адрес</string>
  <string name="map_work">Просмотреть рабочий адрес</string>
  <string name="map_other">Просмотреть адрес</string>
  <string name="map_custom">Просмотреть %s адрес</string>
  <string name="chat_aim">Чат используя AIM</string>
  <string name="chat_msn">Чат используя Windows Live</string>
  <string name="chat_yahoo">Чат используя Yahoo</string>
  <string name="chat_skype">Чат используя Skype</string>
  <string name="chat_qq">Чат используя QQ</string>
  <string name="chat_gtalk">Чат используя Google Talk</string>
  <string name="chat_icq">Чат используя ICQ</string>
  <string name="chat_jabber">Чат используя Jabber</string>
  <string name="chat">Чат</string>
  <string name="postal_street">Улица</string>
  <string name="postal_pobox">Почтовый(абонентский) ящик</string>
  <string name="postal_neighborhood">Соседи</string>
  <string name="postal_city">Город</string>
  <string name="postal_region">Регион</string>
  <string name="postal_postcode">Почтовый индекс</string>
  <string name="postal_country">Страна</string>
  <string name="name_given">Имя</string>
  <string name="name_family">Фамилия</string>
  <string name="name_prefix">Префикс имени</string>
  <string name="name_middle">Отчество</string>
  <string name="name_suffix">Суффикс имени</string>
  <string name="name_phonetic_given">Фонетика имени</string>
  <string name="name_phonetic_middle">Фонетика отчества</string>
  <string name="name_phonetic_family">Фонетика фамилии</string>
  <string name="account_type_format">1 контакт</string>
  <string name="from_account_format">с 1</string>
  <string name="use_photo_as_primary">Использовать эту фотографию</string>
  <string name="contact_read_only">%1$s информация контакта не редактируется на этом устройстве</string>
  <string name="no_contact_details">Для этого контакта дополнительной информации нет.</string>
  <string name="search_bar_hint">Поиск контактов</string>
  <string name="search_for_all_contacts">Искать во всех контактах</string>
  <string name="take_photo">Сделать фото</string>
  <string name="pick_photo">Выбрать фото из галереи</string>
  <string name="locale_change_in_progress">Список контактов обновляется в связи с изменением языка. Пожалуйста подождите.</string>
  <string name="upgrade_in_progress">Список контактов обновляется. Пожалуйста подождите.</string>
  <string name="upgrade_out_of_memory">Процесс обновления контактов требует приблизительно %d Мб внутренней памяти телефона.Выберите один из следующих вариантов:</string>
  <string name="upgrade_out_of_memory_uninstall">Удалите некоторые приложения</string>
  <string name="upgrade_out_of_memory_retry">Повтор попытки обновления</string>
  <string name="search_results_for">Результат поиска для: %s</string>
  <string name="search_results_searching">Поиск...</string>
  <string name="callNoAnswerTimeFormat">Звонил %s раз</string>
  <string name="numberCountFormat">%s номера</string>
  <string name="menu_display_all">Показать все контакты</string>
  <string name="menu_display_only_phones">Показать только контактный телефон</string>
  <string name="contactsGroupsLabel">Группы</string>
  <string name="group_summary_format">%sНемного</string>
  <string name="no_member">Группа пуста</string>
  <string name="applyGroupsSelection">Настройки обновления групп...</string>
  <string name="no_availablePhone">Члены группы номер телефона не доступны</string>
  <string name="add_group_member">Добавить членов группы</string>
  <string name="group_name_contacts">Контакты</string>
  <string name="group_name_friends">Друзья</string>
  <string name="group_name_family">Семья</string>
  <string name="group_name_coworkers">Коллеги по работе</string>
  <string name="group_name_important">V.I.P</string>
  <string name="group_name_life_info">Друзья с детства</string>
  <string name="group_name_white_list">Белый список</string>
  <string name="group_name_black_list">Чёрный список</string>
  <string name="button_manage_groups">Изменить</string>
  <string name="button_back">Возврат</string>
  <string name="button_remove_contacts">Удалить контакт</string>
  <string name="duplicatedGroupNameHelpText">Новое имя группы не может совпадать названием с другой группой</string>
  <string name="system_groups_unchangable">Группа, встроенная в систему, не может быть удалена или переименована</string>
  <string name="menu_add">Добавить</string>
  <string name="menu_remove">Удалить</string>
  <string name="create_new_group">Новые группы</string>
  <string name="manage_groups">Изменить группу</string>
  <string name="menu_viewGroup">Просмотр групп</string>
  <string name="menu_deleteGroup">Удалить группу</string>
  <string name="menu_editGroupName">Изменить название группы</string>
  <string name="input_group_name_hint">Введите имя группы</string>
  <string name="notification_invalid_group_name">Название группы не может быть пустым</string>
  <string name="add_to_group_format">Добавить в %s</string>
  <string name="name_full">Имя</string>
  <string name="add_more_items">Добавить еще</string>
  <string name="saveConfirmationTitle">Сохранить контакт</string>
  <string name="saveConfirmationBody">Сохранить изменения в контакте ?</string>
  <string name="saveConfirmationYes">Сохранить</string>
  <string name="saveConfirmationNo">не сохранено</string>
  <string name="import_from_account">Просо с других счетов во внимание</string>
  <string name="select_account_import_from">Выберите один из которых приходится на импорт</string>
  <string name="importing_from_account">Импорт контактов</string>
  <string name="fail_message_account_needed">Пожалуйста, настройте просо счета</string>
  <string name="success_message_import_from_account">Импорт завершен</string>
  <string name="date_day">Дата</string>
  <string name="fast_scroll_alphabet">\#АБВГДЕЖЗИЙКЛМНОПРСТУФХЦЧШЩЪЫЬЭЮЯ</string>
  <string name="belong_no_group">Не присоединиться к группе</string>
  <string name="menu_remove_member">Удалить контакт</string>
  <string name="removeConfirmation_title">Удалить</string>
  <string name="menu_add_favorite_contact">Добавить контакт в избранное</string>
  <string name="menu_group_sms">Массовая рассылка SMS</string>
  <string name="menu_group_ringtone">Группа множество тон</string>
  <string name="menu_add_member">Добавить контакт</string>
  <string name="menu_callIpNumber">Позвонить на IP-телефон (набрать%s)</string>
  <string name="menu_clearDefaultNumber">отмена набора номера по умолчанию</string>
  <string name="menu_clearDefaultEmail">Отмена настроек почты по умолчанию</string>
  <string name="favoriteContactDescription">Добавить в избранное</string>
  <string name="unfavoriteContactDescription">Отказаться от подписки</string>
  <string name="shareContactDescription">Обмен контактами</string>
  <string name="titlePickOrCreateNewContact">Выберите существующие или создать новые контакты</string>
  <string name="titlePickContactNumber">Выберите номер абонента</string>
  <string name="fixedPhoneLabel">Плоскости</string>
  <string name="fixedFaxLabel">Факс</string>
  <string name="goto_album">Перейти в альбом</string>
  <string name="recommneded_photos">Рекомендовать в форуме</string>
  <string name="downloading_photos">загрузить из интернет</string>
  <string name="callButtonText">Вызов</string>
  <string name="callrecordview_menu_phone_all">Показать все звонки</string>
  <string name="callrecordview_menu_phone_missed">Показать только пропущенные звонки</string>
  <string name="callrecordview_menu_delete_one">Очистить журнал вызовов</string>
  <string name="callrecordview_menu_delete_stranger">Открыть непринятые звонки</string>
  <string name="callrecordview_menu_delete_all">Очистить все звонки</string>
  <string name="callrecordview_menu_set">Установить</string>
  <string name="callrecordview_more">См. больше</string>
  <string name="callrecordview_more_title">%s Все разговоры</string>
  <string name="callrecordview_item_calls">Всего %d телефона</string>
  <string name="callrecordview_item_op_time_missed">Не подключен</string>
  <string name="callrecordview_item_op_time_short_incoming">%d секунд после вызова</string>
  <string name="callrecordview_item_op_time_short_outgoing">Вызов %d секунд</string>
  <string name="callDetailsDurationFormat_incoming">Вызов %1$s минут %2$s секунд</string>
  <string name="callDetailsDurationFormat_outgoing">вызов %1$s минут %2$s секунд</string>
  <string name="group_delete_confirmation">Удалить группу</string>
  <string name="no_sms_availabe_contact_in_group">Группа не имеет для передачи текстовых сообщений контактам</string>
  <string name="showDialpadTip">Щелкните, чтобы открыть клавиатуру</string>
  <string name="set_ringtone_for_group_members_success">Группа успешно установлен тон</string>
  <string name="noContactHelpText">Контакты не обнаружены</string>
  <string name="noFavoriteHelpText">группа избранное не заполнена:</string>
  <string name="noGroupMemberHelpText">Нет контактов, принадлежащих к группе \n\nЧтобы добавить контакт, нажмите и выберите Контакты принадлежат к группе \n</string>
  <string name="noContactHelpTextAccounts">Конфигурация учётной записи для синхронизации</string>
  <string name="noContactHelpTextImportSim">Импорт контактов из SIM-карты</string>
  <string name="noContactHelpTextImportSD">Импорт контактов с SD-карты</string>
  <string name="noContactHelpTextAddContact">Создать новый контакт</string>
  <string name="noContactHelpTextAddStarred">Избранное</string>
  <string name="noContactHelpTextAddMember">Добавить в группу</string>
</resources>
