<?xml version="1.0" encoding="utf-8"?>
<!--Generated by crowdin.net-->
<resources>
  <string name="app_label">Хранилище контактов</string>
  <string name="provider_label">Контакты</string>
  <string name="upgrade_out_of_memory_notification_ticker">Для обновления конакта нужно больше памяти</string>
  <string name="upgrade_out_of_memory_notification_title">Обновление контактов</string>
  <string name="upgrade_out_of_memory_notification_text">Выберите для завершения обновления.</string>
  <string name="edit_contact">Добавить в существующий контакт</string>
  <string name="create_contact">Новый контакт</string>
</resources>
