<?xml version="1.0" encoding="utf-8"?>
<!--Generated by crowdin.net-->
<resources>
  <string name="app_name">FM-радио</string>
  <string name="tx_app_name">FM-радио</string>
  <string name="preset_delete">Удалить</string>
  <string name="stat_notif_frequency">FM частота %1$s мГц</string>
  <string name="sel_band_menu">Выбор диапазона</string>
  <string name="settings_menu">Установки</string>
  <string name="regional_band">Диапазон</string>
  <string name="aud_output_mode">Режим аудио-выхода</string>
  <string name="sel_audio_output">Выбор аудио-выхода</string>
  <string name="record_dur">Время записи</string>
  <string name="sel_rec_dur">Выбор времени записи</string>
  <string name="auto_select_af">Альтернативная частота</string>
  <string name="auto_select_af_enabled">Авто-выбор включён</string>
  <string name="auto_select_af_disabled">Авто-выбор отключен</string>
  <string name="fac_defaults">Восстановление заводских настроек</string>
  <string name="revert_to_fac">Восстановление заводских настроек</string>
  <string name="settings_back">Назад</string>
  <string name="settings_revert_confirm_title">Подтверждение сброса настроек</string>
  <string name="settings_revert_confirm_msg">Это приведёт к удалению всех настроек,включая пресеты</string>
  <string name="settings_back_summary">Возврат к предыдущему виду</string>
  <string name="settings_revert_defaults_title">Вернуться к заводским настройкам</string>
  <string name="settings_revert_defaults_summary">Сброс всех настроек</string>
  <string name="alert_dialog_ok">Сохранить</string>
  <string name="alert_dialog_cancel">Отмена</string>
  <string name="preset_search">Поиск%1$s</string>
  <string name="fm_command_failed_title">Сбой при выполнении операции</string>
  <string name="fm_cmd_failed_msg">Сбой операции. Возможные причины: не подключена проводная гарнитура в качестве антенны, либо не запускается модуль Bluetooth, либо приложения были закрыты. Пожалуйста, попробуйте еще раз, нажав кнопку ВКЛ / ВЫКЛ для перезапуска радио.</string>
  <string name="durationformat">%2$d:%5$02d</string>
  <string name="frequency_string">Частота</string>
  <string name="stat_no_fm">Радио выключено</string>
  <string name="need_headset_for_antenna">Ошибка! Подключите проводную гарнитуру в качестве антенны</string>
  <string name="init_FM">Пожалуйста, подождите, включается модуль Bluetooth FM...</string>
  <string name="need_bluetooth">Ошибка! Пожалуйста, включите модуль Bluetooth для запуска FM</string>
</resources>
