<?xml version="1.0" encoding="utf-8"?>
<!--Generated by crowdin.net-->
<resources>
  <string name="app_name">Галерея </string>
  <string name="gadget_title">Фоторамка</string>
  <string name="details_ms">%1$02d:%2$02d</string>
  <string name="details_hms">%1$d:%2$02d:%3$02d</string>
  <string name="movie_view_label">Фильмы </string>
  <string name="loading_video">Загрузка видео </string>
  <string name="resume_playing_title">Продолжить видео </string>
  <string name="resume_playing_message">Продолжить видео с %сек?</string>
  <string name="resume_playing_resume">Продолжить проигрование </string>
  <string name="resume_playing_restart">Начать</string>
  <string name="camera">Камера</string>
  <string name="crop_save_text">Сохранить</string>
  <string name="crop_discard_text">Сброс</string>
  <string name="multiface_crop_help">Нажмите чтобы начать </string>
  <string name="saving_image">Сохранить изображение </string>
  <string name="crop_label">Обрезать изображение </string>
  <string name="running_face_detection">Подождите </string>
  <string name="set_image">Сохранить изображение как </string>
  <string name="wallpaper">Установка обоев , подождите </string>
  <string name="camera_setas_wallpaper">Обои</string>
  <string name="details_ok">ОК</string>
  <string name="loading_new">Загрузка новых альбомов и фотографий</string>
  <string name="initializing">Загрузка</string>
  <string name="pick_prompt">Выберите изображение из вашей коллекции </string>
  <string name="no_items">В вашей коллекции нет изображений</string>
  <string name="pick">Выбрать</string>
  <string name="delete">Удалить</string>
  <string name="confirm_delete">Подтвердить удаление </string>
  <string name="cancel">Отмена</string>
  <string name="share">Разместить в совместный доступ</string>
  <string name="no_sd_card">SD Card не установлена или неисправна </string>
  <string name="more">Подробнее</string>
  <string name="select_all">Выделить всё</string>
  <string name="deselect_all">Ничего не выделять </string>
  <string name="slideshow">Слайдшоу </string>
  <string name="menu">Меню</string>
  <string name="details">Подробно </string>
  <string name="album_selected">Альбом выбран</string>
  <string name="item_selected">Элемент выбран  </string>
  <string name="albums_selected">альбомы выбраны </string>
  <string name="items_selected">файлы выбраны </string>
  <string name="album">Альбом</string>
  <string name="start">Запустить</string>
  <string name="end">Конец</string>
  <string name="location">Расположение </string>
  <string name="location_unknown">Неизвестное расположение</string>
  <string name="title">Заголовок</string>
  <string name="type">Тип</string>
  <string name="taken_on">Взятые на</string>
  <string name="added_on">Добавлено </string>
  <string name="show_on_map">Показать на карте</string>
  <string name="rotate_left">Развернуть влево</string>
  <string name="rotate_right">Повернуть вправо</string>
  <string name="crop">Обрезать</string>
  <string name="set_as">Установить как</string>
  <string name="set_as_wallpaper">Установить как обои</string>
  <string name="item">предмет</string>
  <string name="items">предметы</string>
  <string name="around">вокруг</string>
  <string name="date_unknown">Дата неизвестна</string>
  <string name="video_err">Невозможно проиграть видео</string>
  <string name="lockscreen_wallpaper">Настройка блокировки экрана, пожалуйста, подождите…</string>
  <string name="wallpaper_set">Дополнительная галерея</string>
  <string name="lockscreen_set">Выбор галереи обоев блокировки экрана</string>
  <string name="miui_screenshot">Скриншоты</string>
</resources>
