<?xml version="1.0" encoding="utf-8"?>
<!--Generated by crowdin.net-->
<resources>
  <string name="word_separators">разделители слов</string>
  <string name="sentence_separators">разделитель предложений !?</string>
  <string name="suggested_punctuations">правила пунктуации</string>
  <string name="alternates_for_d">д</string>
  <string name="alternates_for_r">р</string>
  <string name="alternates_for_t">т</string>
  <string name="alternates_for_z">з</string>
  <string name="alternates_for_l">и</string>
  <string name="alternates_for_g">г</string>
  <string name="ime_name">Метод ввода Google Pinyin</string>
  <string name="ime_settings_activity_name">Настройки ввода Google Pinyin</string>
  <string name="ime_settings_choose_other_ime">Способ ввода</string>
  <string name="version">1.2.8</string>
  <string name="toggle_cn">О</string>
  <string name="toggle_cn_cand">1</string>
  <string name="toggle_en_lower">2</string>
  <string name="toggle_en_upper">3</string>
  <string name="toggle_en_sym1">4</string>
  <string name="toggle_en_sym2">5</string>
  <string name="toggle_enter_go">6</string>
  <string name="toggle_enter_search">7</string>
  <string name="toggle_enter_send">8</string>
  <string name="toggle_enter_next">9</string>
  <string name="toggle_enter_done">10</string>
  <string name="toggle_row_cn">11</string>
  <string name="toggle_row_en">12</string>
  <string name="toggle_row_uri">13</string>
  <string name="toggle_row_emailaddress">14</string>
  <string name="toggle_phone_sym">15</string>
  <string name="toggle_stroke_urlqwerty">16</string>
  <string name="toggle_misc1">17</string>
  <string name="toggle_misc2">18</string>
  <string name="toggle_misc3">19</string>
  <string name="toggle_misc4">20</string>
  <string name="toggle_smiley_off">21</string>
  <string name="toggle_smiley_on">22</string>
  <string name="toggle_cn_sym1">23</string>
  <string name="toggle_cn_sym2">24</string>
  <string name="toggle_url">25</string>
  <string name="toggle_emailaddress">26</string>
  <string name="toggle_stroke_disabled">27</string>
  <string name="toggle_exit_sym_to_en">28</string>
  <string name="toggle_en_upper_locked">29</string>
  <string name="toggle_single_quote_open">30</string>
  <string name="toggle_single_quote_close">31</string>
  <string name="toggle_double_quote_open">32</string>
  <string name="toggle_double_quote_close">33</string>
  <string name="setting_stroke_key">чувствительность</string>
  <string name="setting_fault_tolerance_key">Погрешность</string>
  <string name="setting_sound_key">Настройка звука клавиатуры</string>
  <string name="setting_vibrate_key">Настройка виброотклика</string>
  <string name="setting_prediction_key">прогнозирование слов</string>
  <string name="setting_tradition_key">Традиционные настройки</string>
  <string name="setting_switch_key">Настройка переключения клавиатуры</string>
  <string name="setting_advanced_key">дополнительные настройки</string>
  <string name="setting">Настройки ввода Google Pinyin</string>
  <string name="setting_stroke_title">Рисунок входа</string>
  <string name="setting_fault_tolerance_title">Настройка соответствия</string>
  <string name="setting_sound_key_title">Звук клавиш</string>
  <string name="setting_vibrate_title">Ударные кнопку</string>
  <string name="setting_prediction_title">Введите Lenovo</string>
  <string name="setting_tradition_title">Обычный ввод</string>
  <string name="setting_switch_title">Переключатель на английском языке</string>
  <string name="setting_switch_shift_space_title">Shift-space</string>
  <string name="setting_enabled">Открыть</string>
  <string name="setting_disabled">Закрыть</string>
  <string name="setting_others">Другие настройки</string>
  <string name="setting_others_summary">Словарь синхронизации</string>
  <string name="account_label_username">Номер счета: (например johndoe@gmail.com)</string>
  <string name="account_label_password">Пароль:</string>
  <string name="account_label_login">Войти</string>
  <string name="account_label_cancel">Отменить</string>
  <string name="account_title">Пользователь Логин</string>
  <string name="account_sign_up_title">Регистрация нового пользователя</string>
  <string name="account_signing_in_title">Вход в систему, пожалуйста, подождите ...</string>
  <string name="setting_title">Настройки ввода Google Pinyin</string>
  <string name="setting_update_category_key">setting_update_category_key</string>
  <string name="setting_update_category_title">Словарь автоматическое обновление</string>
  <string name="setting_update_enabled_key">setting_update_enabled_key</string>
  <string name="setting_update_enabled_title">Словарь автоматическое обновление</string>
  <string name="setting_sync_category_title">Пользовательский словарь синхронизации</string>
  <string name="setting_sync_enabled_key">setting_sync_enabled_key</string>
  <string name="setting_sync_now_key">setting_sync_now_key</string>
  <string name="setting_sync_clear_key">setting_sync_clear_key</string>
  <string name="setting_sync_enabled_title">Синхронизация пользовательского словаря</string>
  <string name="setting_sync_now_title">Синхронизировать сейчас</string>
  <string name="setting_sync_cancel_title">Отмена синхронизации</string>
  <string name="setting_sync_clear_title">Пустые серверов словарь</string>
  <string name="setting_enabled_title">Открыть</string>
  <string name="setting_disabled_title">Закрыть</string>
  <string name="status_bar_message_title">Способ ввода Google Pinyin</string>
  <string name="status_bar_message_sync_title">Синхронизация пользовательского словаря ...</string>
  <string name="status_bar_message_update_title">Загрузка популярного словаря ...</string>
  <string name="setting_dialog_sync_now_title">Задаваемые</string>
  <string name="setting_dialog_sync_now_message">Теперь вы хотите синхронизировать？</string>
  <string name="setting_dialog_sync_clear_title">Примечание</string>
  <string name="setting_dialog_sync_clear_message">На стороне сервера пользовательский словарь будет снят, и операция является необратимой. Действительно хотите очистить сервер и сохранить пользовательский словарь? Если да, пожалуйста, введите следующий номер и нажмите кнопку ОК.</string>
  <string name="setting_error_sync_service_inactive">Системная служба не включена, вы не можете завершить операцию.</string>
  <string name="sign_up_url">https://www.google.com/accounts/NewAccount?hl=zh_CN</string>
  <string name="setting_update_time">Последнее обновление:</string>
  <string name="setting_sync_time">Последняя синхронизация:</string>
  <string name="setting_year">Год</string>
  <string name="setting_month">Месяц</string>
  <string name="setting_day">День</string>
  <string name="setting_hour">Время</string>
  <string name="setting_minute">Точки</string>
  <string name="setting_second">секунд</string>
  <string name="setting_sync_error">Ошибка синхронизации</string>
  <string name="setting_sync_ongoing">Синхронизация ...</string>
  <string name="setting_update_error">Ошибка обновления</string>
  <string name="setting_update_ongoing">Обновление...</string>
  <string name="privacy_url">http://m.google.com/static/zh-CN/privacy.html</string>
  <string name="tos_url">http://m.google.com/tospage?dc=gorganic&hl=zh_CN</string>
  <string name="setting_privacy_key">setting_privacy_key</string>
  <string name="setting_tos_key">setting_tos_key</string>
  <string name="setting_about_key">setting_about_key</string>
  <string name="setting_privacy_title">Политика конфиденциальности</string>
  <string name="setting_tos_title">Условия предоставления услуг</string>
  <string name="setting_about_title">О</string>
  <string name="setting_about_version_title">Текущая версия:</string>
  <string name="setting_about_loading_title">Загрузка ...</string>
  <string name="touch_to_continue">Продолжить »</string>
  <string name="touch_to_finish">Открыть, если вход>></string>
  <string name="tip_to_open_keyboard">Подсказка как открыть клавиатуру</string>
  <string name="tip_to_view_accents">Подсказка как увидеть акценты</string>
  <string name="tip_to_open_symbols">Подсказка как открыть символы</string>
  <string name="tip_to_close_symbols">Подсказка как закрыть символы</string>
  <string name="tip_to_launch_settings">Подсказка как запустить настройки</string>
  <string name="tip_to_select_candidate">Подсказка как выбрать кандидата</string>
  <string name="tip_to_backspace">Подсказка как сделать возврат</string>
  <string name="tip_to_smart_key">Подсказка для смарт-ключа</string>
  <string name="tip_to_start_typing">Подсказка как начать ввод</string>
  <string name="default_device_name">Android</string>
  <string name="next_button_label">Далее</string>
  <string name="back_button_label">Назад</string>
  <string name="skip_button_label">Перейти</string>
  <string name="done_button_label">Готово</string>
  <string name="keyboard_tutorial_title">Использование экранной клавиатуры</string>
  <string name="open_the_keyboard">Коснитесь любого текстового поля</string>
  <string name="close_the_keyboard">Нажмите кнопку "Назад".</string>
  <string name="sync">Установите клавиатуру открытым или закрытым пользовательский словарь синхронизации.</string>
  <string name="keyboard_settings">Нажмите и удерживайте клавишу.</string>
</resources>
