<?xml version="1.0" encoding="utf-8"?>
<!--Generated by crowdin.net-->
<resources>
  <string name="sharedUserId">Идентификатор пользователя</string>
  <string name="process">Обработка</string>
  <string name="application_name">Лаунчер</string>
  <string name="uid_name">Приложения Андроид</string>
  <string name="folder_name">Папка</string>
  <string name="chooser_wallpaper">Выбрать фоновый рисунок из</string>
  <string name="wallpaper_instructions">установить фон</string>
  <string name="pick_wallpaper">Фон</string>
  <string name="activity_not_found">Приложение не установлено на вашем телефоне.</string>
  <string name="configure_wallpaper">Настройка...</string>
  <string name="rename_folder_label">Название папки</string>
  <string name="rename_folder_title">Переименовать папку</string>
  <string name="rename_action">ОК</string>
  <string name="cancel_action">Отмена</string>
  <string name="menu_item_add_item">Добавить на основной экран</string>
  <string name="group_applications">Приложения</string>
  <string name="group_shortcuts">Ярлыки</string>
  <string name="group_folder">Новая папка</string>
  <string name="group_live_folders">Папки</string>
  <string name="group_widgets">Виджеты</string>
  <string name="group_wallpapers">Фоновые рисунки</string>
  <string name="add_folder">Папка</string>
  <string name="add_clock">Часы</string>
  <string name="add_photo_frame">Фоторамка</string>
  <string name="out_of_space">Нет свободного места на этом экране.</string>
  <string name="shortcut_installed">Ярлык \"%s\" создан.</string>
  <string name="shortcut_uninstalled">Ярлык \"%s\" удалён.</string>
  <string name="shortcut_duplicate">Ярлык \"%s\" уже существует.</string>
  <string name="title_select_shortcut">Выберите ярлык</string>
  <string name="title_select_live_folder">Выберите папку</string>
  <string name="all_apps_button_label">Все приложения</string>
  <string name="all_apps_home_button_label">Home</string>
  <string name="menu_add">Добавить</string>
  <string name="menu_wallpaper">Фон</string>
  <string name="menu_search">Поиск</string>
  <string name="menu_notifications">Уведомления</string>
  <string name="menu_gestures">Жесты</string>
  <string name="menu_settings">Настройки</string>
  <string name="permlab_install_shortcut">Установка ярлыков</string>
  <string name="permdesc_install_shortcut">Позволяет приложению добавлять ярлыки без участия пользователя.</string>
  <string name="permlab_uninstall_shortcut">Удалить ярлыки</string>
  <string name="permdesc_uninstall_shortcut">Позволяет приложению удалять ярлыки без участия пользователя.</string>
  <string name="permlab_read_settings">Читать настройки и ярлыки начальной страницы</string>
  <string name="permdesc_read_settings">Позволяет приложению считывать настройки и ярлыки на начальной странице.</string>
  <string name="permlab_write_settings">Запомнить настройки главной страницы и ярлыки</string>
  <string name="permdesc_write_settings">Позволяет приложению изменять настройки и ярлыки начальной страницы.</string>
  <string name="gadget_error_text">Проблема загрузки виджета</string>
  <string name="menu_edit">Режим редактирования</string>
  <string name="cant_remove_system_app">Это критически-важное системное приложение не может быть удалено</string>
  <string name="uninstall_body_format">Удалить приложение \"%s\"?</string>
  <string name="uninstall">Удалить</string>
  <string name="cant_remove_folder">Удаление невозможно,папка не пустая</string>
  <string name="pick_lockscreenwallpaper">Фон экрана блокировки</string>
  <string name="lockscreenwallpaper_instructions">Установить фон экрана блокировки</string>
  <string name="failed_to_drop">Перемещение не удалось,значок возвращён в исходное положение</string>
  <string name="failed_to_drop_widget">На данном экране нет места</string>
  <string name="widget_box_usage_hint">Удерживайте и сдвигайте объект для перемещения на нужный экран</string>
  <string name="widget_favorite_contacts_lable">Общие контакты</string>
  <string name="widget_favorite_contacts_edit">Изменить</string>
  <string name="widget_favorite_contacts_style">Переключить</string>
</resources>
