<?xml version="1.0" encoding="utf-8"?>
<!--Generated by crowdin.net-->
<resources>
  <string name="app_label">Обмен сообщениями</string>
  <string name="new_message">Новое сообщение</string>
  <string name="create_new_message">Создать новое сообщение</string>
  <string name="menu_call_back">Вызов %s</string>
  <string name="menu_send_email">Отправить email %s</string>
  <string name="menu_compose_new">Создать</string>
  <string name="menu_preferences">Настройки</string>
  <string name="menu_add_address_to_contacts">Добавить %s в Контакты</string>
  <string name="menu_call">Вызов</string>
  <string name="menu_delete_all">Удалить темы</string>
  <string name="menu_delete">Удалить цепочку</string>
  <string name="menu_undelivered_messages">Не доставленные сообщения</string>
  <string name="menu_view">Просмотреть связанные</string>
  <string name="refreshing">Обновление…</string>
  <string name="has_draft">Черновик</string>
  <string name="broadcast_from_to">от %1$s к %2$s</string>
  <string name="anonymous_recipient">Анонимный</string>
  <string name="no_subject_view">(Без темы)</string>
  <string name="messagelist_sender_self">Мои</string>
  <string name="view_picture">Просмотр изображения</string>
  <string name="view_slideshow">Просмотр слайд-шоу</string>
  <string name="view_message_details">Подробности сообщения</string>
  <string name="view_delivery_report">Просмотр отчёта</string>
  <string name="delete_message">Удалить сообщение</string>
  <string name="sent_on">Отправлено: %s</string>
  <string name="expire_on">Срок действия: %s</string>
  <string name="kilobyte">КБ</string>
  <string name="undelivered_msg_dialog_title">Сообщение не доставлено</string>
  <string name="undelivered_msg_dialog_body">Невозможно отправить это сообщение.Попытка предпринята: %s.</string>
  <string name="undelivered_sms_dialog_body">Невозможно отправить это сообщение.</string>
  <string name="delete_thread">Удалить тему</string>
  <string name="menu_forward">Вперёд</string>
  <string name="download">Загрузить</string>
  <string name="downloading">Загрузка</string>
  <string name="name_colon">:\u0020</string>
  <string name="inline_subject"><Субъект: %s></string>
  <string name="drm_protected_text">* защищённый текст DRM *</string>
  <string name="insufficient_drm_rights">обнаружено недостаточно прав DRM.</string>
  <string name="copy_message_text">Копировать текст сообщения</string>
  <string name="message_options">Параметры сообщения</string>
  <string name="done">Готово</string>
  <string name="move_up">Вверх</string>
  <string name="move_down">Вниз</string>
  <string name="remove_slide">Удалить слайд</string>
  <string name="add_slide">Добавить слайд</string>
  <string name="add_slide_hint">Выбрать для создания нового слайда.</string>
  <string name="discard_slideshow">Отменить слайд-шоу</string>
  <string name="slide_show_part">Часть %1$s/%2$s</string>
  <string name="remove_text">Удалить текст</string>
  <string name="add_picture">Добавить изображение</string>
  <string name="remove_picture">Удалить изображение</string>
  <string name="add_music">Добавить музыку</string>
  <string name="remove_music">Удалить музыку</string>
  <string name="add_video">Добавить видео</string>
  <string name="remove_video">Удалить видео</string>
  <string name="compose_title">Создать</string>
  <string name="to_hint">в</string>
  <string name="subject_hint">Тема</string>
  <string name="add_attachment">Прикрепить</string>
  <string name="add_subject">Добавить тему</string>
  <string name="discard">Отказ</string>
  <string name="view">Просмотр</string>
  <string name="replace">Заменить</string>
  <string name="remove">Удалить</string>
  <string name="send">Отправить</string>
  <string name="mms">ММС</string>
  <string name="all_threads">Все темы</string>
  <string name="type_to_compose_text_enter_to_send">Создать сообщение</string>
  <string name="open_keyboard_to_compose_message">Открыть клавиатуру для создания сообщения</string>
  <string name="image_too_large">Изображение слишком большое</string>
  <string name="ask_for_automatically_resize">Автоматически изменить размер изображения перед отправкой?</string>
  <string name="compressing">Изображение слишком велико.Сжатие</string>
  <string name="unsupported_media_format">Неподдерживаемый формат %1$s</string>
  <string name="select_different_media">Пожалуйста выберите другой %1$s.</string>
  <string name="exceed_message_size_limitation">Предельный размер сообщения.</string>
  <string name="message_too_big_for_video">Сообщение слишком велико, чтобы прикрепить видео.</string>
  <string name="failed_to_add_media">К сожалению вы не можете добавить это %1$s к вашему сообщению.</string>
  <string name="failed_to_resize_image">Размер изображения не изменён.</string>
  <string name="resize_image_error_information">К сожалению, даже при изменении размера это изображение слишком велико для отправки.</string>
  <string name="forward_prefix">Fwd:\u0020</string>
  <string name="discard_message">Отменить</string>
  <string name="discard_message_reason">Ваше сообщение не будет отправлено,так как не заполнен адрес получателя.</string>
  <string name="has_invalid_recipient">не существующий получатель(и):<%1$s></string>
  <string name="invalid_destination">Вы указали неправильный адрес.</string>
  <string name="invalid_recipient_message">ПОжалуйста исправьте адрес получателя, иначе сообщение не будет доставлено.</string>
  <string name="cannot_send_message">Невозможно отправить это сообщение</string>
  <string name="cannot_send_message_reason">Ваше сообщение не имеет действующих получателей.</string>
  <string name="cannot_forward_drm_obj">Включённый в сообщение DRM-объект не может быть отправлен.</string>
  <string name="converting_to_picture_message">Конвертировать в ММС</string>
  <string name="converting_to_text_message">Конвертировать в СМС</string>
  <string name="cannot_add_slide_anymore">Больше невозможно добавить слайды.</string>
  <string name="cannot_add_picture_and_video">Невозможно добавить видео и изображение в один слайд.</string>
  <string name="cannot_save_message">Не удалось сохранить сообщение.</string>
  <string name="cannot_load_message">Не удалось загрузить сообщение.</string>
  <string name="message_saved_as_draft">Сообщение сохранено как черновик.</string>
  <string name="locked_message_cannot_be_deleted">Защищённое сообщение не может быть удалено.</string>
  <string name="too_many_recipients">Это сообщение имеет слишком много получателей (%1$s). Существует предел из %2$s получателей.</string>
  <string name="too_many_attachments">Существует предел из %1$s вложений. Только первые %2$s будут добавлены.</string>
  <string name="adding_attachments_title">Добавление вложений</string>
  <string name="adding_attachments">Пожалуйста, подождите, пока элементы добавляются в слайд-шоу.</string>
  <string name="multiple_recipients">%1$s получателей</string>
  <string name="cannot_play_audio">Невозможно воспроизвести аудио.</string>
  <string name="preview">Пред-просмотр</string>
  <string name="preview_slideshow">Пред-просмотр</string>
  <string name="replace_image">Заменить изображение</string>
  <string name="duration_sec">Продолжительность (%s сек)</string>
  <string name="duration_selector_title">Продолжительность для слайда\u0020</string>
  <string name="layout_selector_title">Расположение слайд-шоу\u0020</string>
  <string name="layout_top">Расположение (сверху)</string>
  <string name="layout_bottom">Расположение (снизу)</string>
  <string name="type_to_compose_text_or_leave_blank">Заполните текст,или оставьте пустым</string>
  <string name="duration_not_a_number">Продолжительность должна быть указана в цифрах</string>
  <string name="duration_zero">Продолжительность должна быть больше 0 секунд</string>
  <string name="secs">сек</string>
  <string name="menu_view_contact">Просмотр контакта</string>
  <string name="menu_add_to_contacts">Добавить в Контакты</string>
  <string name="hidden_sender_address">Скрытый адрес отправителя</string>
  <string name="yes">ОК</string>
  <string name="no">Отмена</string>
  <string name="set">Установить</string>
  <string name="play">Воспроизвести</string>
  <string name="edit">Правка</string>
  <string name="resize">Изменение размера</string>
  <string name="try_to_send">Попытка отправки</string>
  <string name="preferences_title">Настройки</string>
  <string name="restore_default">Восстановить заводские установки</string>
  <string name="pref_notification_settings_title">Настройки уведомлений</string>
  <string name="pref_mms_settings_title">Настройки ММС сообщений</string>
  <string name="pref_sms_settings_title">Настройки СМС сообщений</string>
  <string name="pref_sms_storage_title">Настройки запоминающего устройства</string>
  <string name="pref_summary_manage_sim_messages">Управление сообщениями сохранёнными на SIM карте</string>
  <string name="pref_summary_mms_delivery_reports">Запрос отчёта о доставке для каждого отправляемого сообщения</string>
  <string name="pref_summary_mms_read_reports">Запрос отчета о прочтении для каждого отправляемого сообщения</string>
  <string name="pref_summary_sms_delivery_reports">Запрос отчёта о доставке для каждого отправляемого сообщения</string>
  <string name="pref_summary_auto_delete">Удалять старые сообщения по достижении лимита</string>
  <string name="pref_summary_delete_limit">%1$s сообщений в разговоре</string>
  <string name="pref_title_manage_sim_messages">Управление сообщениями SIM-карты</string>
  <string name="pref_title_mms_delivery_reports">Отчёты о доставке</string>
  <string name="pref_title_mms_read_reports">Просмотр отчётов</string>
  <string name="pref_title_sms_delivery_reports">Отчёты о доставке</string>
  <string name="pref_title_auto_delete">Удалить старые сообщения</string>
  <string name="pref_title_sms_delete">Предел текст-сообщения</string>
  <string name="pref_title_mms_delete">Предел ММС-сообщения</string>
  <string name="pref_title_popup_enabled">Всплывающие окна</string>
  <string name="pref_summary_popup_enabled">Отображать содержание входящего сообщения в всплывающем окне на главном экране</string>
  <string name="pref_title_notification_enabled">Уведомления</string>
  <string name="pref_summary_notification_enabled">Отображать уведомления о сообщениях в строке состояния</string>
  <string name="pref_title_notification_vibrateWhen">Вибрация</string>
  <string name="pref_summary_notification_vibrateWhen">Вибрация при уведомлении</string>
  <string name="pref_title_notification_ringtone">Выбор рингтона</string>
  <string name="pref_messages_to_save">Установить количество сообщений для сохранения</string>
  <string name="prefDefault_vibrateWhen">никогда</string>
  <string name="prefDefault_vibrate_true">всегда</string>
  <string name="prefDefault_vibrate_false">никогда</string>
  <string name="prefDialogTitle_vibrateWhen">Вибрация</string>
  <string name="pref_title_mms_auto_retrieval">Получить автоматически</string>
  <string name="pref_summary_mms_auto_retrieval">Получит сообщения автоматически</string>
  <string name="pref_title_mms_retrieval_during_roaming">Автоматическое получение в роуминге</string>
  <string name="pref_summary_mms_retrieval_during_roaming">Автоматическое получение сообщений в роуминге</string>
  <string name="to_label">В\u0020</string>
  <string name="confirm_dialog_title">Удалить</string>
  <string name="confirm_dialog_locked_title">Удалить защищённое сообщение?</string>
  <string name="confirm_delete_conversation">Вся цепочка будет удалена.</string>
  <string name="confirm_delete_all_conversations">Все темы будут удалены.</string>
  <string name="confirm_delete_message">Сообщение будет удалено.</string>
  <string name="confirm_delete_locked_message">Вы уверены, что хотите удалить это защищённое сообщение?</string>
  <string name="confirm_delete_all_messages">Вся цепочка будет удалена.</string>
  <string name="confirm_delete_all_SIM_messages">Все сообщения на SIM-карте будут удалены.</string>
  <string name="confirm_delete_SIM_message">Это сообщение на SIM-карте будет удалено.</string>
  <string name="delete_unlocked">Удалить заблокированные сообщения</string>
  <string name="delete">Удалить</string>
  <string name="cannot_get_details">Не удалось получить подробности</string>
  <string name="message_details_title">Свойства сообщения</string>
  <string name="message_type_label">Ввод:\u0020</string>
  <string name="text_message">Текстовое сообщение</string>
  <string name="multimedia_message">Мультимедийное сообщение</string>
  <string name="multimedia_notification">Уведомление о мультимедийном сообщении</string>
  <string name="from_label">От:\u0020</string>
  <string name="to_address_label">Кому:\u0020</string>
  <string name="bcc_label">Копия:\u0020</string>
  <string name="sent_label">Отправлено:\u0020</string>
  <string name="received_label">Получено:\u0020</string>
  <string name="saved_label">Сохранено:\u0020</string>
  <string name="subject_label">Тема:\u0020</string>
  <string name="message_size_label">Размер сообщения:\u0020</string>
  <string name="priority_label">Приоритет:\u0020</string>
  <string name="priority_high">Высокий</string>
  <string name="priority_normal">Нормальный</string>
  <string name="priority_low">Низкий</string>
  <string name="message_class_label">Класс сообщения:\u0020</string>
  <string name="error_code_label">Код ошибки:\u0020</string>
  <string name="menu_edit">Правка</string>
  <string name="menu_retry_sending">Повторить отправку</string>
  <string name="menu_retry_sending_all">Повторить отправку всех</string>
  <string name="menu_delete_messages">Удалить сообщения</string>
  <string name="retrying_dialog_body">Это сообщение %s не было отправлено из-за проблемы с подключением. \nПовторить отправку ...</string>
  <string name="menu_lock">Блокировать сообщение</string>
  <string name="menu_unlock">Разблокировать сообщение</string>
  <string name="sim_copy_to_phone_memory">Копировать в память телефона</string>
  <string name="sim_delete">Удалить</string>
  <string name="sim_manage_messages_title">Текстовые сообщения на sim-карте</string>
  <string name="sim_view">Просмотр</string>
  <string name="sim_empty">Нет сообщений на sim-карте</string>
  <string name="delivery_header_title">Отчет</string>
  <string name="status_none">(Нет)</string>
  <string name="status_pending">В ожидании</string>
  <string name="status_read">Прочесть</string>
  <string name="status_received">Получено</string>
  <string name="status_failed">Неудачно</string>
  <string name="status_unread">Не прочитано</string>
  <string name="status_rejected">Отклонено</string>
  <string name="recipient_label">Получатель:\u0020</string>
  <string name="status_label">Статус:\u0020</string>
  <string name="attach_image">Изображения</string>
  <string name="attach_take_photo">Захват изображения</string>
  <string name="attach_video">Видео</string>
  <string name="attach_record_video">Захват видео</string>
  <string name="attach_sound">Аудио</string>
  <string name="attach_record_sound">Запись аудио</string>
  <string name="attach_slideshow">Слайдшоу</string>
  <string name="select_bottom_text">Текст снизу</string>
  <string name="select_top_text">Текст сверху</string>
  <string name="delivery_toast_body">Сообщение получено от %s</string>
  <string name="notification_multiple">%s непрочитанных сообщений.</string>
  <string name="notification_multiple_title">Новые сообщения</string>
  <string name="notification_failed_multiple">%s сообщений не могут быть отправлены.</string>
  <string name="notification_failed_multiple_title">Сообщения не отправлены</string>
  <string name="sim_full_title">SIM-карта заполнена</string>
  <string name="sim_full_body">Удалите несколько сообщений, чтобы освободить место.</string>
  <string name="sms_full_title">Память текстовых сообщений заполнена полностью</string>
  <string name="sms_full_body">Входящее сообщение отклонено в связи с нехваткой памяти. Пожалуйста, удалите старые сообщения.</string>
  <string name="sms_rejected_title">Текстовое сообщение отклонено</string>
  <string name="sms_rejected_body">Входящее сообщение было отклонено по неизвестной причине.</string>
  <string name="type_audio">аудио</string>
  <string name="type_picture">изображение</string>
  <string name="type_video">видео</string>
  <string name="confirm">Подтверждение</string>
  <string name="message_send_read_report">Прочитанный отчёт будет отправлен.</string>
  <string name="message_queued">В настоящее время отправить ваше сообщение не удалось. Оно будет направлено, когда услуга станет доступна.</string>
  <string name="no_subject">(Без темы)</string>
  <string name="unknown_sender">Неизвестный отправитель</string>
  <string name="dl_failure_notification">Загрузка сообщений %1$s из %2$s была неудачной.</string>
  <string name="dl_expired_notification">Срок хранения этих сообщений истёк, они будут удалены.</string>
  <string name="rate_limit_surpassed">Подтверждение</string>
  <string name="confirm_rate_limit">Большое количество ММС-сообщений были отправлены. Допустимо ли это?</string>
  <string name="message_download_failed_title">Сообщение не загружено</string>
  <string name="message_send_failed_title">Сообщение не отправлено</string>
  <string name="message_failed_body">Выберите для просмотра сообщение и попробуйте снова.</string>
  <string name="download_later">В настоящее время загрузка не удалась.Пожалуйста попробуйте позже.</string>
  <string name="select_audio">Выберите аудио</string>
  <string name="copy_to_sdcard">Скопировать привязку на SD-карту</string>
  <string name="copy_to_sdcard_success">Привязка скопирована на SD-карту</string>
  <string name="copy_to_sdcard_fail">Копирование привязки на SD-карту не удалось</string>
  <string name="save_ringtone">Сохранить в качестве сигнала вызова</string>
  <string name="saved_ringtone">Рингтон сохранён</string>
  <string name="saved_ringtone_fail">Сохранение рингтона не удалось</string>
  <string name="menu_insert_smiley">Вставить смайлик</string>
  <string name="select_link_title">Выберите действие</string>
  <string name="slide_number">Слайд %s</string>
  <string name="delivery_report_activity">Отчет о доставке</string>
  <string name="storage_limits_activity">Ограничения запоминающего устройства</string>
  <string name="add_attachment_activity">Добавить вложение</string>
  <string name="select_layout_activity">Выбрать обложку</string>
  <string name="change_duration_activity">Изменить продолжительность</string>
  <string name="edit_text_activity">Редактировать текст</string>
  <string name="edit_slideshow_activity">Редактировать слайд-шоу</string>
  <string name="edit_slide_activity">Редактировать слайд</string>
  <string name="pick_numbers_activity">Выберите номера</string>
  <string name="slideshow_activity">Слайдшоу</string>
  <string name="popup_activity">Быстрый ответ в окне</string>
  <string name="popup_btn_send">Ответить</string>
  <string name="class_0_message_activity">Сообщение Class 0</string>
  <string name="send_using_mms_activity">Послать как мультимедиа сообщение...</string>
  <string name="select_contact_method_activity">Выберите способ контакта</string>
  <string name="search_label">Сообщения</string>
  <string name="search_hint">Поиск сообщения</string>
  <string name="search">Сообщения</string>
  <string name="search_setting_description">Текст в ваших сообщениях</string>
  <string name="search_empty">Нет совпадений</string>
  <string name="search_history">%1$s результатов для  \"%2$s\"</string>
  <string name="confirm_clear_search_title">Очистить</string>
  <string name="confirm_clear_search_text">История поиска очищена.</string>
  <string name="pref_mms_clear_search_history_title">Очистить историю поиска</string>
  <string name="pref_mms_clear_search_history_summary">Очистить предыдущие результаты поиска сообщений в поле поиска</string>
  <string name="save">Сохранить</string>
  <string name="storage_limits_title">Ограничение сообщений</string>
  <string name="storage_limits_message">Вы хотите ограничить сохраняемое число сообщений в одном диалоге?</string>
  <string name="storage_limits_setting">Установить ограничение</string>
  <string name="storage_limits_setting_dismiss">Нет ограничений</string>
  <string name="too_many_unsent_mms">Невозможно сейчас отправить сообщение. Слишком много неотправленных мультимедийных сообщений.</string>
  <string name="me">Я</string>
  <string name="sending_message">Отправка...</string>
  <string name="bookmark_sms">SMS Коллекция</string>
  <string name="bookmark_sms_message">С коллекцией SMS ...</string>
  <string name="recent_conversation">Сессия</string>
  <string name="contacts">Контакты</string>
  <string name="sms_bookmark">SMS закладки</string>
  <string name="sms_push">Толчок</string>
  <string name="forward_from_format">%s передается от %s</string>
  <string name="msg_forward_from_format">-Трансфер:%s</string>
  <string name="forward_count_format">Переадресация %d раз</string>
  <string name="recipient_count_format">Всего %d людей</string>
  <string name="notification_color_title">Выбор цвета</string>
  <string name="notification_color_summary">В уведомление о получении информации, отслеживания мяч цвет света</string>
  <string name="group_msg_contact_title">%s направлять по адресу:%s</string>
  <string name="sms_bookmark_welcome">Вы не должны коллекция текстовых сообщений, текстовых сообщений на одну точку после долгого нажатия "Добавить SMS", чтобы добавить здесь</string>
  <string name="mms_increase_font_size">Увеличить текст</string>
  <string name="mms_decrease_font_size">Уменьшить текст</string>
  <string name="mms_reading_mode_day">Белая модель</string>
  <string name="mms_reading_mode_night">Черная модель</string>
  <string name="menu_patch_delete">Удалить сессии</string>
  <string name="btn_done">Удалить</string>
  <string name="btn_cancel">Отмена</string>
  <string name="pref_title_forward_contact">Вперед источников</string>
  <string name="pref_summary_forward_contact">Установите дополнительный источник информации при пересылке информации</string>
  <string name="save_image">Сохранить рисунок</string>
  <string name="mms_image_folder_name">ММС-фотографии</string>
  <string name="mms_image_saved_successfully">Фото успешно сохранены</string>
  <string name="mms_image_saving_failed">Для сохранения изображений необходима SD-карта</string>
  <string name="festival_sms_category_count_format">(%s)</string>
  <string name="festival_msg_loading">Загрузка ...</string>
  <string name="festival_sms_push">Рекомендуемые</string>
  <string name="menu_group_sending">Сообщение</string>
  <string name="miui_push">MIUI Рекомендуем</string>
  <string name="pushed_sms_category">SMS</string>
  <string name="converstaion_list_tile">SMS</string>
  <string name="conversations_count_format">(%d)</string>
  <string name="quick_sms_to">Отправить %s</string>
  <string name="popup_sms_deleted">SMS была удалена</string>
  <string name="pref_set_font_size">Установить размер текста</string>
  <string name="pref_summery_set_font_size">Установить размер шрифта текстового сообщения</string>
  <string name="menu_batch_delete">Массовое удаление</string>
  <string name="batch_delete_confirm_dialog_title">Удалить всё</string>
  <string name="batch_delete_confrom_dialog_message">Выбранное сообщение будет удалено</string>
  <string name="btn_delete_with_number">Удалить (%d)</string>
</resources>
