<?xml version="1.0" encoding="utf-8"?>
<!--Generated by crowdin.net-->
<resources>
  <string name="contactsIconLabel">Контакты</string>
  <string name="contactsFavoritesLabel">Избранные</string>
  <string name="dialerIconLabel">Телефон</string>
  <string name="emergencyDialerIconLabel">Экстренный вызов</string>
  <string name="phoneIconLabel">Телефон</string>
  <string name="recentCallsIconLabel">История вызовов</string>
  <string name="fdnListLabel">Список номеров фиксированного набора</string>
  <string name="unknown">Нераспознанные</string>
  <string name="private_num">Скрытый номер</string>
  <string name="payphone">Платный звонок</string>
  <string name="onHold">На удержании</string>
  <string name="ongoing">Текущий звонок</string>
  <string name="callFailed_userBusy">Линия занята</string>
  <string name="callFailed_congestion">Сеть занята</string>
  <string name="callFailed_noSignal">Нет сигнала</string>
  <string name="callFailed_limitExceeded">Превышен лимит ACM</string>
  <string name="callFailed_powerOff">Радио выключено</string>
  <string name="callFailed_simError">Отсутствует sim-карта, или ее ошибка</string>
  <string name="callFailed_outOfService">Вне зоны доступа</string>
  <string name="callFailed_fdn_only">Исходящие звонки запрещены списком фиксированного набора</string>
  <string name="callFailed_cb_enabled">Вы не можете делать исходящие звонки пока включен запрет на них</string>
  <string name="callFailed_dsac_restricted">Все звонки запрещены контролем доступа</string>
  <string name="callFailed_dsac_restricted_emergency">Экстренные звонки запрещены контролем доступа</string>
  <string name="callFailed_dsac_restricted_normal">Обычные звонки запрещены контролем доступа</string>
  <string name="callFailed_cdma_lockedUntilPowerCycle">CDMA: Телефон заблокирован пока не зарядится.</string>
  <string name="callFailed_cdma_drop">CDMA: Вызов сброшен.</string>
  <string name="callFailed_cdma_intercept">CDMA: Вызов прерван.</string>
  <string name="callFailed_cdma_reorder">CDMA: переупорядочен.</string>
  <string name="callFailed_cdma_SO_reject">CDMA: Отклонено сервисными настройками .</string>
  <string name="callFailed_cdma_retryOrder">CDMA: попытка подписаться.</string>
  <string name="callFailed_cdma_accessFailure">CDMA: Ошибка доступа.</string>
  <string name="callFailed_cdma_preempted">CDMA: подключено к установленному соединению.</string>
  <string name="callFailed_cdma_notEmergency">Доступен только экстренный вызов.</string>
  <string name="confCall">Конференция</string>
  <string name="call_lost">Звонок был пропущен</string>
  <string name="retry">Попытаться еще раз</string>
  <string name="call_lost_title">Пропущенный звонок</string>
  <string name="mmiStarted">Запущена команда MMI</string>
  <string name="ussdRunning">Выполняется команда USSD...</string>
  <string name="mmiCancelled">Команда MMI завершена</string>
  <string name="cancel">Отмена</string>
  <string name="menu_rejectCallAndSms">Отклонить и отправить SMS</string>
  <string name="menu_speaker">Микрофон</string>
  <string name="menu_bluetooth">Bluetooth</string>
  <string name="menu_mute">Убран звук</string>
  <string name="menu_hold">Ожидание</string>
  <string name="menu_endCall">Завершить звонок</string>
  <string name="menu_swapCalls">Переключить вызовы</string>
  <string name="menu_mergeCalls">Объединить вызовы</string>
  <string name="menu_addCall">Добавить вызов</string>
  <string name="menu_manageConference">Управление конференцией</string>
  <string name="menu_showDialpad">Открыть клавиатуру</string>
  <string name="menu_hideDialpad">Скрыть клавиатуру</string>
  <string name="menu_answerAndHold">Отложить текущий вызов \n и ответить </string>
  <string name="menu_answerAndEnd">Завершить текущий звонок \n и ответить</string>
  <string name="ok">Ок</string>
  <string name="menuButtonKeyboardDialHint">Выберите меню для настройки параметров вызова \u0020• \u0020 Для набора используйте клавиатуру</string>
  <string name="menu_answer">Ответ</string>
  <string name="menu_ignore">Пропустить</string>
  <string name="wait_prompt_str">Отправить следующие тоны? \n</string>
  <string name="pause_prompt_str">Тоны Отправляются  \n</string>
  <string name="send_button">Отправить</string>
  <string name="pause_prompt_yes">Да</string>
  <string name="pause_prompt_no">Нет</string>
  <string name="wild_prompt_str">Заменить случайный на</string>
  <string name="no_vm_number">Отсутствует номер голосовой почты</string>
  <string name="no_vm_number_msg">Нет номера записанного на SIM-карту.</string>
  <string name="add_vm_number_str">Добавить номер</string>
  <string name="dialer_emptyListWorking">Загрузка...</string>
  <string name="enterPin">Введите PIN-код для разблокировки SIM-карты.</string>
  <string name="pinUnlocked">SIM разблокирована</string>
  <string name="enterNewPin">Новый PIN-код</string>
  <string name="verifyNewPin">Введите новый PIN-код для подтверждения</string>
  <string name="verifyFailed">SIM-код не совпадает. Пожалуйста попробуёте ещё раз.</string>
  <string name="enterPuk">Введите PUK-код для разблокировки SIM-карты</string>
  <string name="badPuk">Некорректный PUK-код!</string>
  <string name="buttonTxtContinue">Продолжить</string>
  <string name="puk_unlocked">Ваши SIM-карта и телефон разблокированы...</string>
  <string name="label_ndp">PIN-код разблокировки сети</string>
  <string name="sim_ndp_unlock_text">Разблокировано</string>
  <string name="sim_ndp_dismiss_text">Отклонить</string>
  <string name="requesting_unlock">Запрос разблокировки сети...</string>
  <string name="unlock_failed">Разблокировка сети не выполнена.</string>
  <string name="unlock_success">Сеть разблокирована.</string>
  <string name="imei">серийный номер (IMEI)</string>
  <string name="meid">номер MEID</string>
  <string name="labelGSMMore">Настройки GSM-вызовов</string>
  <string name="labelCDMAMore">Настройки CDMA-вызовов</string>
  <string name="apn_settings">Название Точки Доступа</string>
  <string name="settings_label">Настройки сети</string>
  <string name="voicemail">Голосовая почта</string>
  <string name="voicemail_abbreviated">VM:</string>
  <string name="networks">Операторы сети</string>
  <string name="call_settings">Настройки вызовов</string>
  <string name="additional_gsm_call_settings">Дополнительные настройки</string>
  <string name="sum_gsm_call_settings">Дополнительные настройки (только GSM-вызовов)</string>
  <string name="additional_cdma_call_settings">Дополнительные настройки CDMA-звонка</string>
  <string name="sum_cdma_call_settings">Дополнительные настройки (только CDMA-звонков)</string>
  <string name="labelNwService">Настройки служб сети</string>
  <string name="labelCallerId">Идентификация абонента</string>
  <string name="sum_hide_caller_id">Количество скрытых в исходящих звонках</string>
  <string name="sum_show_caller_id">Количество отображаемых в исходящих звонках</string>
  <string name="sum_default_caller_id">Использовать настройки оператора сети для отображения моего номера в исходящих вызовах</string>
  <string name="labelCW">Удержание вызова</string>
  <string name="sum_cw_enabled">Уведомлять меня о входящих звонках во время вызова</string>
  <string name="sum_cw_disabled">Во время разговора сообщать о поступающих вызовах</string>
  <string name="call_forwarding_settings">Настройки переадресации</string>
  <string name="labelCF">Переадресация вызовов</string>
  <string name="labelCFU">Всегда все звонки</string>
  <string name="messageCFU">Всегда использовать этот номер</string>
  <string name="sum_cfu_enabled_indicator">Переадресация всех вызовов</string>
  <string name="sum_cfu_enabled">Переадресовать все вызовы на {0}</string>
  <string name="sum_cfu_enabled_no_number">Номер недоступен</string>
  <string name="sum_cfu_disabled">Отключено</string>
  <string name="labelCFB">Переадресовать когда занят</string>
  <string name="messageCFB">Номер когда занят</string>
  <string name="sum_cfb_enabled">Переадресовать на {0}</string>
  <string name="sum_cfb_disabled">Отключено</string>
  <string name="disable_cfb_forbidden">Ваш оператор не поддерживает отмену переадресации в то время, когда ваш телефон занят</string>
  <string name="labelCFNRy">Переадресовать когда не отвечает</string>
  <string name="messageCFNRy">Номер, когда не отвечает</string>
  <string name="sum_cfnry_enabled">Выключено</string>
  <string name="sum_cfnry_disabled">Отключено</string>
  <string name="disable_cfnry_forbidden">Ваш оператор не поддерживает отмену переадресации в то время, когда ваш телефон не отвечает</string>
  <string name="labelCFNRc">Переадресовать когда недоступен</string>
  <string name="messageCFNRc">Номер когда недоступен</string>
  <string name="sum_cfnrc_enabled">Переадресовать на {0}</string>
  <string name="sum_cfnrc_disabled">Отключено</string>
  <string name="disable_cfnrc_forbidden">Ваш оператор не поддерживает отмену переадресации в то время, когда ваш телефон недоступен</string>
  <string name="updating_title">Настройки вызовов</string>
  <string name="error_updating_title">Ошибка настроек вызовов</string>
  <string name="reading_settings">Чтение настроек ...</string>
  <string name="updating_settings">Обновление настроек...</string>
  <string name="reverting_settings">Возврат настроек...</string>
  <string name="response_error">Неожиданный ответ сети</string>
  <string name="exception_error">Ошибка сети или sim-карты</string>
  <string name="radio_off_error">Пожалуйста, включите радио-модуль перед просмотром этих настроек</string>
  <string name="close_dialog">Ок</string>
  <string name="enable">Включить</string>
  <string name="disable">Выключить</string>
  <string name="change_num">Обновить</string>
  <string name="vm_save_number">Сохранить номер голосовой почты</string>
  <string name="vm_changed">Номер голосовой почты изменен.</string>
  <string name="vm_change_failed">Не удалось изменить номер голосовой почты.\nПожалуйста свяжитесь с оператором сети если эта ошибка повторится.</string>
  <string name="fw_change_failed">Изменение номера переадресации не удалось. \n Пожалуйста свяжитесь с оператором сети если эта ошибка повторится.</string>
  <string name="fw_get_in_vm_failed">Не удалось получить и сохранить текущие настройки переадресации номера.\n Вы всё равно хотите подключиться к новому провайдеру?</string>
  <string name="no_change">Изменения не внесены.</string>
  <string name="sum_voicemail_choose_provider">Выбор сервиса голосовой почты</string>
  <string name="voicemail_default">Мой оператор</string>
  <string name="mobile_networks">Настройки мобильной сети</string>
  <string name="label_available">Доступные сети</string>
  <string name="load_networks_progress">Поиск...</string>
  <string name="empty_networks_list">Сети не найдены.</string>
  <string name="search_networks">Поиск сети</string>
  <string name="network_query_error">Ошибка поиска сети.</string>
  <string name="register_on_network">Регистрация в %...</string>
  <string name="not_allowed">Ваша SIM-карта не позволяет подключиться к данной сети.</string>
  <string name="connect_later">Невозможно подключиться к данной сети в настоящее время. Пожалуйста, попробуйте позже.</string>
  <string name="registration_done">Зарегистрирован в сети.</string>
  <string name="sum_carrier_select">Выбор оператора сети</string>
  <string name="sum_search_networks">Поиск всех доступных сетей</string>
  <string name="select_automatically">Выбрать автоматически</string>
  <string name="sum_select_automatically">Автоматически выбрать предпочтительную сеть</string>
  <string name="register_automatically">Автоматическая регистрация...</string>
  <string name="preferred_network_mode_title">Тип сети</string>
  <string name="preferred_network_mode_summary">Изменить тип сети</string>
  <string name="preferred_network_mode_dialogtitle">Предпочтительный тип сети</string>
  <string name="data_enabled">Передача данных включена</string>
  <string name="data_enable_summary">Включить передачу данных через сотовую сеть</string>
  <string name="roaming">Передача данных в роуминге</string>
  <string name="roaming_enable">Подключаться к службам передачи данных в роуминге</string>
  <string name="roaming_disable">Подключаться к службам передачи данных в роуминге</string>
  <string name="roaming_reenable_message">Прервана передача данных по причине выхода из зоны действия домашней сети.</string>
  <string name="roaming_warning">Разрешить передачу данных в роуминге? Это может вызвать повышенные расходы из-за роуминга!</string>
  <string name="gsm_umts_options">Настройки GSM/UMTS</string>
  <string name="cdma_options">Настройки CDMA</string>
  <string name="throttle_data_usage">Использование передачи данных</string>
  <string name="throttle_settings_title">Защита передачи данных оператором</string>
  <string name="throttle_current_usage">Передача данных в определенное время</string>
  <string name="throttle_time_frame">Время передачи данных</string>
  <string name="throttle_rate">Скорость передачи данных</string>
  <string name="throttle_help">Дальше</string>
  <string name="throttle_status_subtext">%1$s (%2$d٪) из %3$s периодический максимум \n Начало следующего срока %4$d дней (%5$s)</string>
  <string name="throttle_data_usage_subtext">%1$s (%2$d٪) из %3$s периодический максимум</string>
  <string name="throttle_data_rate_reduced_subtext">%1$s превышен максимум. \n Скорость передачи данных уменьшена до %2$d кБ/с</string>
  <string name="throttle_time_frame_subtext">%1$s превышен максимум \n Частота данных уменьшена до %2$d кБ/с</string>
  <string name="throttle_rate_subtext">Скорость передачи данных уменьшена до %1$d кБ/с, если превышено ограничение</string>
  <string name="throttle_help_subtext">Более подробная информация о политике использования вашей сотовой сети</string>
  <string name="cdma_cell_broadcast_sms">Трансляция СМС</string>
  <string name="cell_broadcast_sms">Сотовая трансляция СМС</string>
  <string name="enable_disable_cell_bc_sms">Сотовая трансляция СМС</string>
  <string name="cell_bc_sms_enable">Трансляция СМС включена</string>
  <string name="cell_bc_sms_disable">Трансляция СМС выключена</string>
  <string name="cb_sms_settings">Настройки трансляции СМС</string>
  <string name="enable_disable_emergency_broadcast">Аварийная трансляция</string>
  <string name="emergency_broadcast_enable">Аварийная трансляция включена</string>
  <string name="emergency_broadcast_disable">Аварийная трансляция выключена</string>
  <string name="enable_disable_administrative">Административный</string>
  <string name="administrative_enable">Администрирование включено</string>
  <string name="administrative_disable">Администрирование выключено</string>
  <string name="enable_disable_maintenance">Обслуживание</string>
  <string name="maintenance_enable">Обслуживание включено</string>
  <string name="maintenance_disable">Обслуживание отключено</string>
  <string name="general_news_settings">Главные новости</string>
  <string name="bf_news_settings">Деловые и финансовые новости</string>
  <string name="sports_news_settings">Новости спорта</string>
  <string name="entertainment_news_settings">Новости развлечения</string>
  <string name="enable_disable_local">Местные</string>
  <string name="local_enable">Местные новости включены </string>
  <string name="local_disable">Местные новости отключены</string>
  <string name="enable_disable_regional">Региональная</string>
  <string name="regional_enable">Региональные новости включены</string>
  <string name="regional_disable">Региональные новости выключены</string>
  <string name="enable_disable_national">Национальная</string>
  <string name="national_enable">Национальные новости включены</string>
  <string name="national_disable">Национальные новости выключены</string>
  <string name="enable_disable_international">Международная</string>
  <string name="international_enable">Международные новости включены</string>
  <string name="international_disable">Международные новости выключены</string>
  <string name="list_language_title">Язык</string>
  <string name="list_language_summary">Выбрать язык новостей</string>
  <string name="list_language_dtitle">Языки</string>
  <string name="enable_disable_local_weather">Местная Погода</string>
  <string name="local_weather_enable">Местная Погода включена</string>
  <string name="local_weather_disable">Местная погода выключена</string>
  <string name="enable_disable_atr">Отчёты трафика</string>
  <string name="atr_enable">Отчёты трафика включены</string>
  <string name="atr_disable">Отчёты трафика выключены</string>
  <string name="enable_disable_lafs">Расписания самолётов местных авиалиний</string>
  <string name="lafs_enable">Расписания самолётов местных авиалиний включены</string>
  <string name="lafs_disable">Расписания самолётов местных авиалиний выключены</string>
  <string name="enable_disable_restaurants">Рестораны</string>
  <string name="restaurants_enable">Рестораны включены</string>
  <string name="restaurants_disable">Рестораны выключены</string>
  <string name="enable_disable_lodgings">Жильё</string>
  <string name="lodgings_enable">Жильё включено</string>
  <string name="lodgings_disable">Жильё выключено</string>
  <string name="enable_disable_retail_directory">Розничный каталог</string>
  <string name="retail_directory_enable">Розничный каталог включен</string>
  <string name="retail_directory_disable">Розничный каталог выключен</string>
  <string name="enable_disable_advertisements">Объявления</string>
  <string name="advertisements_enable">Реклама включена</string>
  <string name="advertisements_disable">Реклама выключена</string>
  <string name="enable_disable_stock_quotes">Котировки акций</string>
  <string name="stock_quotes_enable">Котировки акций включены</string>
  <string name="stock_quotes_disable">Котировки акций выключены</string>
  <string name="enable_disable_eo">Возможность трудоустройства</string>
  <string name="eo_enable">Возможность трудоустройства включена</string>
  <string name="eo_disable">Возможность трудоустройства отключена</string>
  <string name="enable_disable_mhh">Медицина, Здоровье и Больницы</string>
  <string name="mhh_enable">Медицина, Здоровье и Больницы включены</string>
  <string name="mhh_disable">Медицина, Здоровье и Больницы выключены</string>
  <string name="enable_disable_technology_news">Новости технологий</string>
  <string name="technology_news_enable">Новости технологий включены</string>
  <string name="technology_news_disable">Новости технологий выключены</string>
  <string name="enable_disable_multi_category">Мульти-категории</string>
  <string name="multi_category_enable">Мульти-категории включены</string>
  <string name="multi_category_disable">Мульти-категории выключены</string>
  <string name="gsm_umts_network_preferences_title">Настройки GSM/UMTS сети</string>
  <string name="gsm_umts_network_preferneces_summary">Еще не реализовано!</string>
  <string name="gsm_umts_network_preferences_dialogtitle">Настройки GSM/UMTS сети</string>
  <string name="prefer_2g">Использовать только 2G сеть</string>
  <string name="prefer_2g_summary">Экономия батареи</string>
  <string name="cdma_system_select_title">Выбор системы</string>
  <string name="cdma_system_select_summary">Изменение режима CDMA роуминг</string>
  <string name="cdma_system_select_dialogtitle">Выбор системы</string>
  <string name="cdma_roaming_mode_title">Режим CDMA-роуминга</string>
  <string name="cdma_roaming_mode_summary">Изменение режима CDMA-роуминга</string>
  <string name="cdma_roaming_mode_dialogtitle">Режим CDMA-роуминга</string>
  <string name="cdma_network_preferences_title">Настройки сети CDMA</string>
  <string name="cdma_network_preferneces_summary">Еще не реализовано!</string>
  <string name="cdma_network_preferences_dialogtitle">Настройки сети CDMA</string>
  <string name="subscription_title">Тест подписки CDMA</string>
  <string name="subscription_summary">переключения между RUIM/SIM и NV</string>
  <string name="subscription_dialogtitle">Подписка</string>
  <string name="fdn">Номера Фиксированного Набора</string>
  <string name="manage_fdn_list">Список номеров фиксированного набора</string>
  <string name="fdn_activation">Активация Фиксированного набора</string>
  <string name="fdn_enabled">Номера фиксированного набора включены</string>
  <string name="fdn_disabled">Номера фиксированного набора выключены</string>
  <string name="enable_fdn">Включить Фиксированный Набор</string>
  <string name="disable_fdn">Выключить Фиксированный Набор</string>
  <string name="change_pin2">Изменить PIN2</string>
  <string name="enable_fdn_ok">Выключить Фиксированный Набор</string>
  <string name="disable_fdn_ok">Включить Фиксированный Набор</string>
  <string name="sum_fdn">Управление Номерами Фиксированного Набора</string>
  <string name="sum_fdn_change_pin">Изменить PIN для доступа к Номерам Фиксированного Набора</string>
  <string name="sum_fdn_manage_list">Управление телефонным списком</string>
  <string name="voice_privacy">Голосовая конфиденциальность</string>
  <string name="voice_privacy_summary">Включить расширенный режим конфиденциальности</string>
  <string name="tty_mode_title">Режим TTY</string>
  <string name="tty_mode_summary">Включить режим TTY</string>
  <string name="tty_mode_option_title">Режим TTY</string>
  <string name="tty_mode_option_summary">Установить режим TTY</string>
  <string name="auto_retry_mode_title">Авто-повтор</string>
  <string name="auto_retry_mode_summary">Режим Авто-Повтора включен</string>
  <string name="menu_add">Добавить контакт</string>
  <string name="menu_edit">Изменить контакт</string>
  <string name="menu_delete">Удалить контакт</string>
  <string name="get_pin2">Ввести PIN2-код</string>
  <string name="name">Имя</string>
  <string name="number">Номер</string>
  <string name="save">Сохранить</string>
  <string name="add_fdn_contact">Добавить фиксированный набор</string>
  <string name="adding_fdn_contact">Добавление фиксированного набора...</string>
  <string name="fdn_contact_added">Фиксированный набор добавлен.</string>
  <string name="edit_fdn_contact">Изменить фиксированный набор</string>
  <string name="updating_fdn_contact">Обновить фиксированный набор</string>
  <string name="fdn_contact_updated">Фиксированный набор обновляется.</string>
  <string name="delete_fdn_contact">Удалить фиксированный набор</string>
  <string name="deleting_fdn_contact">Фиксированный набор удаляется...</string>
  <string name="fdn_contact_deleted">Фиксированный набор удалён.</string>
  <string name="pin2_invalid">Ф.Н. не обновляется: Вы ввели неправильный PIN-код.</string>
  <string name="fdn_invalid_number">Ф.Н. не обновляется:номер не должен превышать 20 цифр.</string>
  <string name="simContacts_emptyLoading">Считывание с SIM-карты...</string>
  <string name="simContacts_empty">На вашей SIM-карте контактов нет.</string>
  <string name="simContacts_title">Выберите контакты для импорта</string>
  <string name="enable_pin">Включен/Выключен PIN-код SIM</string>
  <string name="change_pin">Изменить PIN-код SIM</string>
  <string name="enter_pin_text">PIN-код SIM:</string>
  <string name="oldPinLabel">Старый PIN-код</string>
  <string name="newPinLabel">Новый PIN-код</string>
  <string name="confirmPinLabel">Подтвердить новый PIN-код</string>
  <string name="badPin">Вы ввели не правильный старый PIN-код. Пожалуйста попробуйте ещё раз.</string>
  <string name="mismatchPin">Введённые PIN-коды не совпадают. Пожалуйста попробуйте ещё раз.</string>
  <string name="invalidPin">Введите PIN-код.(4 до 8 цифр)</string>
  <string name="disable_sim_pin">Выключить PIN-код SIM</string>
  <string name="enable_sim_pin">Включить PIN-код SIM</string>
  <string name="enable_in_progress">Пожалуйста подождите...</string>
  <string name="enable_pin_ok">PIN-код SIM включен</string>
  <string name="disable_pin_ok">PIN-код SIM выключен</string>
  <string name="pin_failed">Введённый вами PIN-код неверный</string>
  <string name="pin_changed">PIN-код SIM изменён</string>
  <string name="puk_requested">Пароль неверный, SIM-карта заблокирована! Необходим PUK2-код.</string>
  <string name="enter_pin2_text">PIN2-код</string>
  <string name="oldPin2Label">Старый PIN2-код</string>
  <string name="newPin2Label">Новый PIN2-код</string>
  <string name="confirmPin2Label">Подтвердите новый PIN2</string>
  <string name="badPuk2">Вы ввели не правильный PUK2-код. Пожалуйста попробуйте ещё раз.</string>
  <string name="badPin2">Вы ввели не правильный старый PIN2-код.Пожалуйста попробуйте ещё раз.</string>
  <string name="mismatchPin2">Коды PIN2 которые вы ввели, не совпадают. Пожалуйста попробуйте ещё раз.</string>
  <string name="invalidPin2">Введите PIN2-код(4 до 8 цифр).</string>
  <string name="invalidPuk2">Введите PUK2-код (8 цифр)</string>
  <string name="pin2_changed">PIN2 изменён</string>
  <string name="label_puk2_code">Введите PUK2-код</string>
  <string name="fdn_enable_puk2_requested">Паспорт неверный,пожалуйста измените PIN2 и попробуйте ещё раз!</string>
  <string name="puk2_requested">Неверный пароль, SIM-карта заблокирована! Необходим PUK2-код.</string>
  <string name="doneButton">Выполнено</string>
  <string name="caller_manage_header">Конференц-связь %s</string>
  <string name="caller_manage_manage_done_text">Обратный вызов</string>
  <string name="fake_phone_activity_phoneNumber_text">(650) 555-1234</string>
  <string name="fake_phone_activity_infoText_text">Входящий телефонный номер</string>
  <string name="fake_phone_activity_placeCall_text">Подложный Входящий Вызов</string>
  <string name="sim_missing_continueView_text">Продолжить без SIM-карты</string>
  <string name="sim_missing_msg_text">SIM-карта не найдена. Пожалуйста установите SIM-карту в телефон.</string>
  <string name="sim_unlock_dismiss_text">Отказано</string>
  <string name="sim_unlock_unlock_text">Разблокировать</string>
  <string name="sim_unlock_status_text">PIN-код авторизации</string>
  <string name="voicemail_settings_number_label">Номер голосовой почты</string>
  <string name="card_title_dialing">Набор номера</string>
  <string name="card_title_redialing">Повтор</string>
  <string name="card_title_in_progress">Текущий вызов</string>
  <string name="card_title_conf_call">Конференц-связь</string>
  <string name="card_title_incoming_call">Входящий вызов</string>
  <string name="card_title_cdma_call_waiting">Ожидание вызова CDMA</string>
  <string name="card_title_call_ended">Вызов завершён</string>
  <string name="card_title_on_hold">в ожидании</string>
  <string name="card_title_hanging_up">Ответить на вызов</string>
  <string name="card_title_in_call">На связи</string>
  <string name="notification_missedCallTitle">Пропущенный вызов</string>
  <string name="notification_missedCallsTitle">Пропущенные звонки</string>
  <string name="notification_missedCallsMsg">%s пропущенных вызовов</string>
  <string name="notification_missedCallTicker">Пропущенный вызов с %s</string>
  <string name="notification_ongoing_call_format">Текущий вызов (%s)</string>
  <string name="notification_on_hold">Ожидание</string>
  <string name="notification_voicemail_title">Новое голосовое сообщение</string>
  <string name="notification_voicemail_title_count">Новое голосовое сообщение (%d)</string>
  <string name="notification_voicemail_text_format">Набор %s</string>
  <string name="notification_voicemail_no_vm_number">Неизвестный номер голосовой почты</string>
  <string name="notification_network_selection_title">Не обслуживается</string>
  <string name="notification_network_selection_text">Выбранная сеть (%s) отсутствует</string>
  <string name="incall_error_power_off">Чтобы сделать звонок, сначала отключите режим "в Самолёте"</string>
  <string name="incall_error_emergency_only">Не зарегистрировано в сети.</string>
  <string name="incall_error_out_of_service">Мобильная сеть не доступна.</string>
  <string name="incall_error_no_phone_number_supplied">Вызов невозможен,введён неправильный номер.</string>
  <string name="incall_error_call_failed">Вызов не возможен,введён неправильный номер.</string>
  <string name="incall_status_dialed_mmi">MMI последовательность запущена...</string>
  <string name="incall_status_dialed_fc">Последовательность кода стартовала...</string>
  <string name="incall_error_supp_service_unknown">Услуга не поддерживается.</string>
  <string name="incall_error_supp_service_switch">Невозможно переключить вызов.</string>
  <string name="incall_error_supp_service_separate">Невозможно отделить вызов.</string>
  <string name="incall_error_supp_service_transfer">Невозможно передать вызов.</string>
  <string name="incall_error_supp_service_conference">Невозможно включить конференц-связь.</string>
  <string name="incall_error_supp_service_reject">Невозможно отменить вызов.</string>
  <string name="incall_error_supp_service_hangup">Невозможно сбросить звонок.</string>
  <string name="emergency_enable_radio_dialog_title">Экстренный вызов</string>
  <string name="emergency_enable_radio_dialog_message">Включение радиочасти...</string>
  <string name="emergency_enable_radio_dialog_retry">Вне зоны обслуживания, повторная попытка...</string>
  <string name="dial_emergency_error">Вызов не осуществлен, %s не является экстренным номером!</string>
  <string name="dial_emergency_empty_error">Вызов не осуществлен, наберите экстренный номер!</string>
  <string name="dialerKeyboardHintText">Используйте клавиатуру для набора</string>
  <string name="dtmfDialpadHintText">Звук при нажатии</string>
  <string name="dtmfDialpadHandleLabel">Панель набора</string>
  <string name="touchLockText">Нажмите дважды,\nчтобы разблокировать</string>
  <string name="onscreenAnswerText">Нажмите дважды,\nчтобы ответить</string>
  <string name="onscreenRejectText">Нажмите дважды,\nчтобы отклонить</string>
  <string name="onscreenHoldText">Приостановить</string>
  <string name="onscreenUnholdText">Возобновить</string>
  <string name="onscreenEndCallText">Завершить вызов</string>
  <string name="onscreenShowDialpadText">Панель набора</string>
  <string name="onscreenHideDialpadText">Спрятать</string>
  <string name="onscreenSpeakerText">Громкая связь</string>
  <string name="onscreenMuteText">Выключить звук</string>
  <string name="onscreenBluetoothText">Bluetooth</string>
  <string name="onscreenAddCallText">Завершить вызов</string>
  <string name="onscreenMergeCallsText">Объединить вызовы</string>
  <string name="onscreenSwapCallsText">Переключиться</string>
  <string name="onscreenManageCallsText">Управление вызовами</string>
  <string name="onscreenManageConferenceText">Управление</string>
  <string name="importSimEntry">Импортировать</string>
  <string name="importAllSimEntries">Импортировать все</string>
  <string name="importingSimContacts">Импортировать контакты SIM</string>
  <string name="importToFDNfromContacts">Импортировать из списка контактов</string>
  <string name="hac_mode_title">Слуховой аппарат</string>
  <string name="hac_mode_summary">Включить поддержку слоховых аппаратов</string>
  <string name="eri_text_label">Текст ERI</string>
  <string name="dtmf_tones_title">DTMF набор</string>
  <string name="dtmf_tones_summary">Установка длины тонов DTMF</string>
  <string name="network_message">Сетевое сообщение</string>
  <string name="ota_title_activate">Активировать телефон</string>
  <string name="ota_touch_activate">Чтобы сделать специальный вызов, необходимо активировать ваш телефон. \n\n Выберите "Активировать" и далее следуйте инструкциям.</string>
  <string name="ota_touch_activate_new">Выберите "Активировать", чтобы зарегистрировать ваш телефон в \'S мобильной сети, для того, чтобы вы могли делать звонки и передавать/получать данные.</string>
  <string name="ota_skip_activation_dialog_title">Пропустить активацию?</string>
  <string name="ota_skip_activation_dialog_message">Если пропустить активацию, вы не сможете звонить или подключаться к мобильным сетям передачи данных (только с помощью Wi-Fi сетей). Будет запрашиваться каждый раз после включения, пока не выполните активацию.</string>
  <string name="ota_skip_activation_dialog_skip_label">Пропустить</string>
  <string name="ota_skip_activation_dialog_continue_label">Активировать</string>
  <string name="ota_activate">Активация</string>
  <string name="ota_title_activate_success">Телефон активирован!</string>
  <string name="ota_title_problem_with_activation">Проблемы с активацией</string>
  <string name="ota_listen">Следуйте инструкциям,пока вы не услышите,что активация выполнена.</string>
  <string name="ota_dialpad">Клавиатура</string>
  <string name="ota_speaker">Динамик</string>
  <string name="ota_progress">Пожалуйста, подождите, пока ваш телефон программируется.</string>
  <string name="ota_failure">Программирование неудачно</string>
  <string name="ota_successful">Ваш телефон активирован.Это может занять до 15 минут для запуска службы.</string>
  <string name="ota_unsuccessful">Ваш телефон не активирован. \n Найдите область с более полный охватом (рядом с окном,или вне помещения). \n \n Попробуйте еще раз или позвоните в службу поддержки для получения дополнительных инструкций.</string>
  <string name="ota_spc_failure">ПРЕВЫШЕНИЕ ОТКАЗОВ SPC</string>
  <string name="ota_call_end">Возврат</string>
  <string name="ota_try_again">Пробуйте снова</string>
  <string name="ota_next">Следующий</string>
  <string name="ota_back">Назад</string>
  <string name="ecm_exit_dialog">Диалог выхода ECM</string>
  <string name="phone_entered_ecm_text">Введённый режим Чрезвычайного Обратного Вызова</string>
  <string name="phone_in_ecm_notification_title">Режим Чрезвычайного Обратного Вызова</string>
  <string name="phone_in_ecm_call_notification_text">Данные соединения отключены</string>
  <string name="alert_dialog_in_ecm_call">Выбранное действие недоступно во время экстренных вызовов</string>
  <string name="progress_dialog_exiting_ecm">Выход из режима Чрезвычайного Вызова</string>
  <string name="alert_dialog_yes">Да</string>
  <string name="alert_dialog_no">Нет</string>
  <string name="alert_dialog_dismiss">Отказанно</string>
  <string name="absent_num">НОМЕР ОТСУТСТВУЕТ</string>
  <string name="voicemail_settings">Настройки голосовой почты</string>
  <string name="voicemail_number_not_set"><не задано></string>
  <string name="voicemail_provider">Служба Голосовой Почты</string>
  <string name="voicemail_settings_for">Настройки для %s</string>
  <string name="other_settings">Другие настройки вызовов</string>
  <string name="dial_button_label">Набор</string>
  <string name="calling_via_template">Вызов через ^1\n</string>
  <string name="slide_to_answer">Сдвиньте вправо для ответа</string>
  <string name="slide_to_silence">Сдвиньте влево для отключения сигнала</string>
  <string name="slide_to_decline">Сдвиньте влево для отмены</string>
  <string name="slide_to_answer_and_hold">Сдвиньте вправо для ответа и \n удержания активного вызова</string>
  <string name="slide_to_answer_and_end_active">Сдвиньте вправо для ответа и \n завершения активного вызова</string>
  <string name="slide_to_answer_and_end_onhold">Сдвиньте вправо для ответа и \n завершения отложенного вызова</string>
  <string name="slide_to_answer_hint">Ответ</string>
  <string name="slide_to_decline_hint">Отклонить</string>
  <string name="notification_ongoing_calling_format">Называется (%s)</string>
  <string name="advanced_setting">Дополнительные настройки</string>
  <string name="call_reject_hint">Повесить трубку</string>
  <string name="hangup_sms">Нажмите кнопку "Меню" для отклонения или ответа на текстовые сообщения</string>
  <string name="hangup_sms_body">Я сейчас не могу ответить, перезвоните позже</string>
  <string name="onscreenNoteText">Запись</string>
  <string name="query_telocation_title">Запрос о присвоении</string>
  <string name="query_telocation_sum">Чтобы проверить сотовый телефон или стационарный номер присвоения информации</string>
  <string name="button_query_hint">Пожалуйста, введите Ваш мобильный или городской номер</string>
  <string name="button_query">Запрос</string>
  <string name="button_clear">Очистить</string>
  <string name="text_location">Автор:</string>
  <string name="text_areacode">Код:</string>
  <string name="unknown_location">Не найти соответствующую информацию,</string>
  <string name="autoip">Интеллектуальный IP-набор</string>
  <string name="autoip_sum">Вызовите номер номер удаленного IP автоматически добавлять префикс, вам необходимо ввести текущий код фиксированной в следующем</string>
  <string name="ip_prefix">IP-префикс</string>
  <string name="ip_prefix_sum">IP-префикс операторов:%s</string>
  <string name="current_areacode">Текущий код фиксированной</string>
  <string name="current_areacode_sum">Код текущего местоположения, если в роуминге код города должен быть. Например :010</string>
  <string name="always_enable_mms">Всегда получать мультимедийные сообщения</string>
  <string name="always_enable_mms_summary">Инвалидов по-прежнему получать MMS данных, без каких-либо расходов на внутреннем</string>
  <string name="dialer_click_pref_title">Щелкните список контактов</string>
  <string name="dialer_click_pref_summary">Пользовательский список контактов нажмите действий</string>
  <string name="auto_dialpad_pref_title">Автоматически всплывающие цифровой клавиатуры</string>
  <string name="auto_dialpad_pref_summary">Каждый раз, когда вы начинаете набор, автоматический площадку всплывающих набрать</string>
  <string name="anti_disturb_settings">Настройки уведомлений во время занятости</string>
  <string name="incoming_call_limit_title">Ограничение имени при входящем вызове</string>
  <string name="incoming_call_limit_summary">Общие ограничения при входящем вызове</string>
</resources>
