<?xml version="1.0" encoding="utf-8"?>
<!--Generated by crowdin.net-->
<resources>
  <string name="app_name">Обновление системы</string>
  <string name="apply_now_button_text">Обновление</string>
  <string name="apply_later_button_text">Обновить позднее</string>
  <string name="apply_update_button_text">Обновление приложений</string>
  <string name="apply_title_textview_text">Недоступно</string>
  <string name="apply_subtitle_textview_text">Информация</string>
  <string name="apply_unable_to_reboot_toast">Перезагрузка в режим восстановления невозможна</string>
  <string name="apply_trying_to_get_root_access">Получение ROOT-прав для перезагрузки в режим восстановления</string>
  <string name="available_updates_text">Пожалуйста выберите ROM для загрузки</string>
  <string name="choose_available_update_text">Обновление</string>
  <string name="no_updates_found_instructions">Для проверки обновлений нажмите кнопку  "Проверить сейчас"</string>
  <string name="check_error_instructions">Проверить наличие обновлений не удалось</string>
  <string name="downloaded_update_found_text">Найден файл обновления на SD-карте</string>
  <string name="checking_for_updates">Проверка наличия обновлений</string>
  <string name="downloading_update">Загрузка обновлений</string>
  <string name="sdcard_is_not_present_dialog_body">Вам необходимо записать файл обновления на SD-карту</string>
  <string name="sdcard_is_not_present_dialog_title">SD-карта не обнаружена</string>
  <string name="sdcard_is_not_present_dialog_ok_button">Ок</string>
  <string name="current_version_text">Используемая версия: {0}</string>
  <string name="delete_updates_text">Удалить обновление</string>
  <string name="delete_updates_success_message">Это обновление было удалено</string>
  <string name="delete_updates_failure_message">Ошибка удаления обновления</string>
  <string name="delete_updates_noFolder_message">Обновления не обнаружены</string>
  <string name="apply_update_dialog_title">Пожалуйста подтвердите</string>
  <string name="apply_update_dialog_text">Если вы хотите обновить сейчас, нажмите кнопку "Обновить",телефон автоматически перезагрузится в режим установки обновления</string>
  <string name="apply_update_dialog_update_button">Обновление</string>
  <string name="apply_update_dialog_backup_and_update_button">Резервное копирование и обновление приложений</string>
  <string name="apply_update_dialog_cancel_button">Отмена</string>
  <string name="check_now">Проверить наличие обновлений</string>
  <string name="menu_config">Настройки</string>
  <string name="menu_about">Информация</string>
  <string name="menu_changelog">Журнал обновлений</string>
  <string name="cancel_download_buton_text">Отмена загрузки</string>
  <string name="confirm_download_cancelation_dialog_message">Вы действительно хотите отменить текущую загрузку?</string>
  <string name="confirm_download_cancelation_dialog_yes">Да</string>
  <string name="confirm_download_cancelation_dialog_no">Нет</string>
  <string name="download_canceled_toast_message">Загрузка отменена</string>
  <string name="verify_and_apply_dialog_title">Целостность файла подтверждается</string>
  <string name="verify_and_apply_dialog_message">Проверка файла MD5</string>
  <string name="apply_existing_update_md5error_message">Ошибка. Файл MD5 не совпадает</string>
  <string name="file_not_found_error_message">Файл не существует, или у вас нет прав доступа</string>
  <string name="apply_upload_info_message">Чтобы установить это обновление,нажмите кнопку "Обновить сейчас",телефон автоматически перезагрузится, чтобы установить это обновление.Если вы хотите сделать резервное копирование,вернитесь к резервированию системы после обновления.</string>
  <string name="notes_about_recovery">(Обратите внимание, что в целях поддержки будущих обновлений OTA, вы должны использовать совместимые с ROM восстановления. В целях обеспечения их совместимости, вы можете через пункт меню "восстановление", использовать восстановления рекомендованные нами.)</string>
  <string name="last_update_check_text">Проверка последних обновлений</string>
  <string name="overwrite_update_title">Текущие обновления</string>
  <string name="overwrite_update_summary">Выбранное вами обновление уже существует, следует ли повторно его загрузить?</string>
  <string name="overwrite_update_positive">Перезагрузить</string>
  <string name="overwrite_update_negative">Сейчас используется</string>
  <string name="no_md5_found_summary">Файл контрольной суммы MD5 для данного обновления не найден.Вы хотите применить это обновление без проверки?</string>
  <string name="no_md5_found_positive">Обновления приложений</string>
  <string name="no_md5_found_negative">Отмена</string>
  <string name="notification_tickertext">Загрузка обновления</string>
  <string name="notification_finished">Загрузка завершена</string>
  <string name="stable_description">Стабильная версия</string>
  <string name="experimental_description">=Тестовая версия</string>
  <string name="changelog_button_text">Журнал</string>
  <string name="changelog_title_rom">Журнал обновлений ROM</string>
  <string name="md5_check_cancelled">Проверка контрольной суммы MD5 отменена</string>
  <string name="title_running">Текущая версия</string>
  <string name="no_updatecheck_executed">Не выполнять проверку обновлений</string>
  <string name="about_dialog_title">Информация</string>
  <string name="no_updates_found">Обновления отсутствуют</string>
  <string name="not_new_updates_found_title">Проверить сейчас</string>
  <string name="exception_while_downloading">Ошибка при загрузке обновлений</string>
  <string name="not_update_check_error_title">Не проверять наличие обновлений</string>
  <string name="not_update_download_error_title">Ошибка при загрузке обновления</string>
  <string name="not_update_downloaded_title">Обновление загружено полностью</string>
  <string name="not_update_downloaded_body">К установке не готово</string>
  <string name="download_info_filename">Название файла:</string>
  <string name="download_info_mirror">Зеркало сервера:</string>
  <string name="download_info_downloading">Загрузка ...</string>
  <string name="download_info_speed">Скорость загрузки:</string>
  <string name="download_info_remaining_time">Осталось:</string>
  <string name="md5_verification_failed">Контрольная сумма MD5 не совпадает</string>
  <string name="not_new_updates_found_body">Установлена новая версия</string>
  <string name="not_network_error">Подключение отсутствует,убедитесь что сеть подключена</string>
  <string name="version_description">Исходные данные</string>
  <string name="acknowledge">Спасибо</string>
  <string name="pleasea_check_update">Пожалуйста, проверьте наличие обновлений</string>
  <string name="already_applied">Установлена</string>
  <string name="stable_version">Стабильная версия</string>
  <string name="test_version">Бета-версия</string>
  <string name="wifi_not_available_title">WiFi не подключен</string>
  <string name="wifi_not_available_body">Для загрузки больших файлов рекомендуется использовать WiFi.
В настоящее время вы не открыли WiFi-соединение.Всё равно продолжить загрузку?</string>
  <string name="widget_title">Мой MIUI</string>
  <string name="widget_feedback">Что бы мы хотели сказать?</string>
  <string name="unable_to_flash_recovery">Возобновить восстановление после сбоя</string>
  <string name="flash_recovery_successfully">Восстановление возобновлено успешно</string>
  <string name="reflash_recovery">Перезагрузить recovery</string>
  <string name="boot_recovery">Перезагрузка для восстановления</string>
  <string name="flash_recovery_dialog_message">Обновить восстановление</string>
  <string name="applying_rom_message">Инсталлировать ROM</string>
  <string name="loading">Подключение MIUI</string>
  <string name="page_error_title">Не удается получить доступ</string>
  <string name="page_error">Не удается получить доступ MIUI,возможны проблемы со связью,или есть неполадки на сервере</string>
  <string name="page_reload">Повторить снова</string>
  <string name="install_rom_from_sd">Выберите ROM для инсталляции</string>
</resources>
