<?xml version="1.0" encoding="utf-8"?>
<!--Generated by crowdin.net-->
<resources>
  <string name="app_label">పరిచయాల నిల్వ</string>
  <string name="provider_label">Contacts</string>
  <string name="upgrade_out_of_memory_notification_ticker">పరిచయం నవీకరించుటకు మరింత మెమరీ కావాలి</string>
  <string name="upgrade_out_of_memory_notification_title">పరిచయాల నిల్వను నవీకరిస్తోంది</string>
  <string name="upgrade_out_of_memory_notification_text">నవీకరణ పూర్తి చేసేందుకు ఎంచుకోండి.</string>
  <string name="edit_contact">పరిచయ సంకలనం</string>
  <string name="create_contact">క్రొత్త పరిచయం</string>
</resources>
