<?xml version="1.0" encoding="utf-8"?>
<!--Generated by crowdin.net-->
<resources>
  <string name="config_import_vcard_type">по подразбиране</string>
  <string name="config_export_vcard_type">По подразбиране</string>
  <string name="config_export_dir">/sdcard</string>
  <string name="config_export_file_prefix"><string name="config_export_file_prefix"/></string>
  <string name="config_export_file_suffix"><string name="config_export_file_suffix"/></string>
  <string name="config_export_file_extension">vCard</string>
  <string name="config_export_extensions_to_consider"><string name="config_export_extensions_to_consider"/></string>
  <string name="contactsList">Контакти</string>
  <string name="launcherDialer">Телефон</string>
  <string name="shortcutContact">Контакт</string>
  <string name="shortcutDialContact">Набиране</string>
  <string name="shortcutMessageContact">Съобщение</string>
  <string name="shortcutActivityTitle">Изберете кратък път за контакта</string>
  <string name="callShortcutActivityTitle">Избери номер...</string>
  <string name="messageShortcutActivityTitle">Избери номер за съобщение</string>
  <string name="starredList">Маркирани</string>
  <string name="frequentList">Често избирани</string>
  <string name="strequentList">Любими</string>
  <string name="viewContactTitle">Детайли</string>
  <string name="viewContactDesription">Преглед на контакт</string>
  <string name="editContactDescription">Редактиране</string>
  <string name="insertContactDescription">Нов контакт</string>
  <string name="searchHint">Търси контакти</string>
  <string name="menu_search">Търсене</string>
  <string name="menu_newContact">Нов контакт</string>
  <string name="menu_viewContact">Преглед на контакт</string>
  <string name="menu_callNumber">Набери %s</string>
  <string name="menu_addStar">Добави към любими</string>
  <string name="menu_removeStar">Изтрий от любими</string>
  <string name="menu_editContact">Редактиране</string>
  <string name="menu_deleteContact">Изтриване</string>
  <string name="menu_call">Набиране</string>
  <string name="menu_sendSMS">Съобщение</string>
  <string name="menu_sendEmail">Изпращане на Е-поща</string>
  <string name="menu_viewAddress">Адрес</string>
  <string name="menu_makeDefaultNumber">Номер по подразбиране</string>
  <string name="menu_makeDefaultEmail">Е-поща по подразбиране</string>
  <string name="menu_splitAggregate">Разделяне</string>
  <string name="contactsSplitMessage">Контактите разделени</string>
  <string name="splitConfirmation_title">Разделяне</string>
  <string name="splitConfirmation">Сигурни ли сте, че искате да разделите този контакт на няколко други: по един за всеки тип информация?</string>
  <string name="menu_joinAggregate">Свързване</string>
  <string name="titleJoinContactDataWith">Свързване на контакти</string>
  <string name="blurbJoinContactDataWith">Избери контакт, с който да свържеш %s.</string>
  <string name="showAllContactsJoinItem">Всички контакти</string>
  <string name="separatorJoinAggregateSuggestions">Предложи контакти</string>
  <string name="separatorJoinAggregateAll">Всички контакти</string>
  <string name="contactsJoinedMessage">Контактите обединени</string>
  <string name="menu_contactOptions">Опции</string>
  <string name="contactOptionsTitle">Опции</string>
  <string name="deleteConfirmation_title">Изтрий</string>
  <string name="readOnlyContactWarning">Не можете да триете контакти от акаунти, които са само за четене, но можете да ги криете от списъка в контактите ви.</string>
  <string name="readOnlyContactDeleteConfirmation">Този контакт съдържа информация от няколко други. Информацията от акаунти, които са само за четене ще бъде скрита в списъка с контактите ви, а не изтрита.</string>
  <string name="multipleContactDeleteConfirmation">Изтриване на този контакт, ще изтрие информация от повече от един акаунти.</string>
  <string name="deleteConfirmation">Този контакт ще бъде изтрит.</string>
  <string name="menu_done">Готово</string>
  <string name="menu_doNotSave">Отказ</string>
  <string name="editContact_title_edit">Редактиране</string>
  <string name="editContact_title_insert">Нов контакт</string>
  <string name="label_phonetic_name">Фонетична</string>
  <string name="label_notes">Бележки</string>
  <string name="label_ringtone">Мелодия</string>
  <string name="ghostData_name">Първо и последно</string>
  <string name="ghostData_phonetic_name">Фонетично име</string>
  <string name="ghostData_company">Фирма</string>
  <string name="ghostData_title">Заглавие</string>
  <string name="invalidContactMessage">Контакта не съществува.</string>
  <string name="pickerNewContactHeader">Нов контакт</string>
  <string name="selectLabel">Етикет</string>
  <string name="phoneLabelsGroup">Телефон</string>
  <string name="emailLabelsGroup">Е-поща</string>
  <string name="imLabelsGroup">Чат</string>
  <string name="postalLabelsGroup">Пощенски адрес</string>
  <string name="photoPickerNotFoundText">Няма намерени снимки.</string>
  <string name="attachToContact">Икона</string>
  <string name="customLabelPickerTitle">Етикет</string>
  <string name="send_to_voicemail_checkbox">Пренасочване разговори към гласова поща</string>
  <string name="default_ringtone">По подразбиране</string>
  <string name="changePicture">Смени снимката</string>
  <string name="removePicture">Изтриване на икона</string>
  <string name="noContacts">Няма контакти.</string>
  <string name="noMatchingContacts">Няма намерени контакти.</string>
  <string name="noContactsWithPhoneNumbers">Няма намерени контакти с телефонни номера</string>
  <string name="savingContact">Запомняне на контакт</string>
  <string name="contactSavedToast">Контакта е запазен.</string>
  <string name="contactSavedErrorToast">Грешка, контакта не може да бъде съхранен.</string>
  <string name="listTotalPhoneContactsZero">Няма видими контакти с телефонни номера</string>
  <string name="listTotalAllContactsZero">Няма видими контакти</string>
  <string name="listFoundAllContactsZero">Контакта не е намерен</string>
  <string name="contactsIconLabel">Контакти</string>
  <string name="contactsFavoritesLabel">Любими</string>
  <string name="dialerIconLabel">Телефон</string>
  <string name="recentCallsIconLabel">Дневник разговори</string>
  <string name="liveFolderAll">Всички контакти</string>
  <string name="liveFolderFavorites">Маркирани контакти</string>
  <string name="liveFolderPhone">Контакти с телефонни номера</string>
  <string name="menu_sendTextMessage">Изпращане на съобщение</string>
  <string name="recentCalls_callNumber">Набери %s</string>
  <string name="recentCalls_editNumberBeforeCall">Редактиране на номер преди набиране</string>
  <string name="recentCalls_addToContact">Добави към контакти</string>
  <string name="recentCalls_removeFromRecentList">Изтриване от дневника с разговори</string>
  <string name="recentCalls_deleteAll">Изчистване на дневника с разговори</string>
  <string name="recentCalls_empty">Дневника с разговори е празен.</string>
  <string name="clearCallLogConfirmation_title">Изчистване на дневника с разговори</string>
  <string name="clearCallLogConfirmation">Наистина ли искате да изчистите дневника с разговори?</string>
  <string name="imei">IMEI</string>
  <string name="meid">MEID</string>
  <string name="voicemail">Гласова поща</string>
  <string name="unknown">Неизвестен</string>
  <string name="private_num">Скрит номер</string>
  <string name="payphone">Телефонен автомат</string>
  <string name="dialerKeyboardHintText">Използвай клавиатурата за набиране</string>
  <string name="dialerDialpadHintText">Набери за да добавиш номер</string>
  <string name="simContacts_emptyLoading">Зареждане от СИМ карта...</string>
  <string name="simContacts_title">Контакти на СИМ карта</string>
  <string name="liveFolder_all_label">Всички контакти</string>
  <string name="liveFolder_favorites_label">Маркирани</string>
  <string name="liveFolder_phones_label">Номера</string>
  <string name="callDetailTitle">Детайли</string>
  <string name="toast_call_detail_error">Проблем при четене на детайлите.</string>
  <string name="type_incoming">Входящ разговор</string>
  <string name="type_outgoing">Изходящ разговор</string>
  <string name="type_missed">Пропуснат разговор</string>
  <string name="actionIncomingCall">Входящ разговор</string>
  <string name="callBack">Обратно повикване</string>
  <string name="callAgain">Избери отново</string>
  <string name="returnCall">Върни обаждане</string>
  <string name="callDetailsDurationFormat">%1$s минути %2$s секунди</string>
  <string name="favoritesFrquentSeparator">Често контактвани</string>
  <string name="add_contact_dlg_title">Нов контакт</string>
  <string name="add_contact_dlg_message_fmt">Добави \"%s\" към контакти?</string>
  <string name="all_tab_label">Всички</string>
  <string name="description_image_button_one">едно</string>
  <string name="description_image_button_two">две</string>
  <string name="description_image_button_three">три</string>
  <string name="description_image_button_four">четири</string>
  <string name="description_image_button_five">Пет</string>
  <string name="description_image_button_six">Шест</string>
  <string name="description_image_button_seven">Седем</string>
  <string name="description_image_button_eight">Осем</string>
  <string name="description_image_button_nine">Девет</string>
  <string name="description_image_button_star">Звезда</string>
  <string name="description_image_button_delete">Изтрий</string>
  <string name="description_image_button_zero">Нулиране</string>
  <string name="description_image_button_pound">паунд</string>
  <string name="description_voicemail_button">Гласова поща</string>
  <string name="description_dial_button">Избери</string>
  <string name="description_delete_button">изтрий</string>
  <string name="description_digits_edittext">номер за набиране</string>
  <string name="description_contact_photo">снимка на контакта</string>
  <string name="description_minus_button">минус</string>
  <string name="description_plus_button">плюс</string>
  <string name="no_sdcard_title">Няма SD карта</string>
  <string name="no_sdcard_message">Няма SD карта</string>
  <string name="searching_vcard_title">Търсене за vCard</string>
  <string name="import_from_sim">Прехвърляне от SIM карта</string>
  <string name="import_from_sdcard">Прехвърляне от SD карта</string>
  <string name="export_to_sdcard">Прехвърляне на SD карта</string>
  <string name="share_visible_contacts">Сподели видимите контакти</string>
  <string name="import_one_vcard_string">Импортирай vCard файл</string>
  <string name="import_multiple_vcard_string">Импортиране на множество vCard фаилове</string>
  <string name="import_all_vcard_string">Импортиране на всички vCard фаилове</string>
  <string name="searching_vcard_message">Търсене на vCard информация на SD картата</string>
  <string name="scanning_sdcard_failed_title">Сканиране на SD картата неуспешно</string>
  <string name="scanning_sdcard_failed_message">Сканиране на SD картата неуспешно(Причина: \"%s\")</string>
  <string name="fail_reason_io_error">Входно/Изходна грешка</string>
  <string name="fail_reason_vcard_parse_error">Failed to parse vCard for unexpected reason</string>
  <string name="fail_reason_vcard_not_supported_error">Failed to parse vCard though it seems in valid format, since the current implementation does not support it</string>
  <string name="fail_reason_no_vcard_file">Няма vCard фаилове намерени на SD картата</string>
  <string name="fail_reason_failed_to_read_files">Един или повече фаилове немогат да бъдат качени(%s).</string>
  <string name="fail_reason_unknown">Неидентифицирана грешка</string>
  <string name="select_vcard_title">Избери vCard файл</string>
  <string name="progress_shower_message">%1$s\n%2$s</string>
  <string name="reading_vcard_title">Четене на vCard</string>
  <string name="reading_vcard_message">Четене на  vCard файл/фаилове</string>
  <string name="reading_vcard_failed_title">!етенете на информация от vCard е неуспешно</string>
  <string name="reading_vcard_contacts">%1$s от %2$s контакта</string>
  <string name="reading_vcard_files">%1$s от %2$s файла</string>
  <string name="confirm_export_title">Потвърди експорт</string>
  <string name="confirm_export_message">Наистина ли искате да експортирате списъка с контактите си в \"%s\"?</string>
  <string name="exporting_contact_failed_title">Грешка при прехвърляне на контакт</string>
  <string name="exporting_contact_failed_message">Грешка при прехвърляне на контакт.\nПричина: \"%s\"</string>
  <string name="fail_reason_no_exportable_contact">Няма контакти за прехвърляне</string>
  <string name="fail_reason_too_many_vcard">Твърде много vCard фаилове на  SD картата</string>
  <string name="fail_reason_too_long_filename">Избраното име на файла е твърде дълго (\"%s\")</string>
  <string name="exporting_contact_list_title">Exporting contact data</string>
  <string name="exporting_contact_list_message">Exporting contact data to \"%s\"</string>
  <string name="fail_reason_could_not_initialize_exporter">Could not initialize the exporter: \"%s\"</string>
  <string name="fail_reason_error_occurred_during_export">Грешка при прехвърляне: \"%s\"</string>
  <string name="composer_failed_to_get_database_infomation">Failed to get database information</string>
  <string name="composer_has_no_exportable_contact">There is no exportable contact. If you have actualy have contacts on your phone, all the contacts may be prohibited from being exported to outside the phone by some data provider.</string>
  <string name="composer_not_initialized">The vCard composer is not correctly initialized</string>
  <string name="fail_reason_could_not_open_file">Не може да отвори \"%1$s\": %2$s</string>
  <string name="exporting_contact_list_progress">%1$s от %2$s контакта</string>
  <string name="search_settings_description">Names of your contacts</string>
  <string name="add_2sec_pause">Add 2-sec pause</string>
  <string name="add_wait">Добави закъснение</string>
  <string name="call_disambig_title">Call using</string>
  <string name="sms_disambig_title">Text using</string>
  <string name="make_primary">Запомняне на избора</string>
  <string name="quickcontact_missing_app">Няма намерено приложение което да изпълни това действие</string>
  <string name="quickcontact_remember_choice">Запомняне на избора</string>
  <string name="quickcontact_missing_name">Unknown</string>
  <string name="menu_accounts">Accounts</string>
  <string name="menu_import_export">Import/Export</string>
  <string name="dialog_import_export">Import/Export contacts</string>
  <string name="menu_share">Споделяне</string>
  <string name="share_via">Споделяне на контакт през</string>
  <string name="share_error">This contact cannot be shared.</string>
  <string name="nameLabelsGroup">Име</string>
  <string name="nicknameLabelsGroup">Прякор</string>
  <string name="organizationLabelsGroup">Организация</string>
  <string name="websiteLabelsGroup">Website</string>
  <string name="eventLabelsGroup">Event</string>
  <string name="type_short_home">H</string>
  <string name="type_short_mobile">M</string>
  <string name="type_short_work">W</string>
  <string name="type_short_pager">P</string>
  <string name="type_short_other">O</string>
  <string name="edit_read_only">This contact is read-only</string>
  <string name="edit_secondary_collapse">Още</string>
  <string name="dialog_primary_name">Основно име</string>
  <string name="dialog_new_contact_account">Create contact under account</string>
  <string name="account_phone">Phone-only (unsynced)</string>
  <string name="call_custom">Набери %s</string>
  <string name="call_home">Call home</string>
  <string name="call_mobile">Call mobile</string>
  <string name="call_work">Call work</string>
  <string name="call_fax_work">Call work fax</string>
  <string name="call_fax_home">Call home fax</string>
  <string name="call_pager">Call pager</string>
  <string name="call_other">Call</string>
  <string name="call_callback">Call callback</string>
  <string name="call_car">Call car</string>
  <string name="call_company_main">Call company main</string>
  <string name="call_isdn">Call ISDN</string>
  <string name="call_main">Call main</string>
  <string name="call_other_fax">Call fax</string>
  <string name="call_radio">Call radio</string>
  <string name="call_telex">Call telex</string>
  <string name="call_tty_tdd">Call TTY/TDD</string>
  <string name="call_work_mobile">Call work mobile</string>
  <string name="call_work_pager">Call work pager</string>
  <string name="call_assistant">Набери %s</string>
  <string name="call_mms">Call MMS</string>
  <string name="sms_custom">Текст %s</string>
  <string name="sms_home">Text home</string>
  <string name="sms_mobile">Text mobile</string>
  <string name="sms_work">Text work</string>
  <string name="sms_fax_work">Text work fax</string>
  <string name="sms_fax_home">Text home fax</string>
  <string name="sms_pager">Text pager</string>
  <string name="sms_other">Текст</string>
  <string name="sms_callback">Text callback</string>
  <string name="sms_car">Text car</string>
  <string name="sms_company_main">Text company main</string>
  <string name="sms_isdn">Text ISDN</string>
  <string name="sms_main">Text main</string>
  <string name="sms_other_fax">Text fax</string>
  <string name="sms_radio">Text radio</string>
  <string name="sms_telex">Text telex</string>
  <string name="sms_tty_tdd">Text TTY/TDD</string>
  <string name="sms_work_mobile">Text work mobile</string>
  <string name="sms_work_pager">Text work pager</string>
  <string name="sms_assistant">Текст %s</string>
  <string name="sms_mms">Text MMS</string>
  <string name="email_home">Email home</string>
  <string name="email_mobile">Email mobile</string>
  <string name="email_work">Email work</string>
  <string name="email_other">Е-поща</string>
  <string name="email_custom">Е-поща %s</string>
  <string name="email">Е-поща</string>
  <string name="map_home">Виж домашен адрес</string>
  <string name="map_work">Виж адрес на роботното място</string>
  <string name="map_other">Виж адрес</string>
  <string name="map_custom">Виж %s адрес</string>
  <string name="chat_aim">Чат използващ AIM</string>
  <string name="chat_msn">Чат използващ Windows Live</string>
  <string name="chat_yahoo">Чат използващ Yahoo</string>
  <string name="chat_skype">Чат използващ Skype</string>
  <string name="chat_qq">Чат използващ QQ</string>
  <string name="chat_gtalk">Чат използващ Google Talk</string>
  <string name="chat_icq">Чат използващ ICQ</string>
  <string name="chat_jabber">Чат използващJabber</string>
  <string name="chat">Чат</string>
  <string name="postal_street">Улица</string>
  <string name="postal_pobox">Пощенска кутия</string>
  <string name="postal_neighborhood">Neighborhood</string>
  <string name="postal_city">Град</string>
  <string name="postal_region">Община</string>
  <string name="postal_postcode">Пощенски код</string>
  <string name="postal_country">Държава</string>
  <string name="name_given">Собствено име</string>
  <string name="name_family">Фамилия</string>
  <string name="name_prefix">Name prefix</string>
  <string name="name_middle">Презиме</string>
  <string name="name_suffix">Name suffix</string>
  <string name="name_phonetic_given">Phonetic given name</string>
  <string name="name_phonetic_middle">Phonetic middle name</string>
  <string name="name_phonetic_family">Phonetic family name</string>
  <string name="account_type_format">%1$s contact</string>
  <string name="from_account_format">from %1$s</string>
  <string name="use_photo_as_primary">Използвай тази снимка</string>
  <string name="contact_read_only">%1$s contact information is not editable on this device.</string>
  <string name="no_contact_details">Няма допълнителна информация за този контакт</string>
  <string name="search_bar_hint">Търси контакти</string>
  <string name="search_for_all_contacts">Търси всички контакти</string>
  <string name="take_photo">Направи снимка</string>
  <string name="pick_photo">Снимка от галерията</string>
  <string name="locale_change_in_progress">Списъкът с контакти се актуализира, за да отрази промяната на езика.\n\nМоля, изчакайте...</string>
  <string name="upgrade_in_progress">Списъкът с контакти се обновява.\n\nМоля, изчакайте...</string>
  <string name="upgrade_out_of_memory">Списъкът с контакти е в процес на обновяване.\n\nПроцеса изисква около %dМБ свободна памет на телефона.\n\nИзберете една от следните опции:</string>
  <string name="upgrade_out_of_memory_uninstall">Деинсталирай някои апликации</string>
  <string name="upgrade_out_of_memory_retry">Повтори подобрението</string>
  <string name="search_results_for">Търсене за: %s</string>
  <string name="search_results_searching">Търсене...</string>
  <string name="callNoAnswerTimeFormat">响铃%s次</string>
  <string name="numberCountFormat">%s个号码</string>
  <string name="menu_display_all">显示所有联系人</string>
  <string name="menu_display_only_phones">仅显示有电话的联系人</string>
  <string name="contactsGroupsLabel">群组</string>
  <string name="group_summary_format">%s位</string>
  <string name="no_member">该组为空</string>
  <string name="applyGroupsSelection">更新群组设置…</string>
  <string name="no_availablePhone">该群组成员无可用手机号</string>
  <string name="add_group_member">添加成员</string>
  <string name="group_name_contacts">联系人</string>
  <string name="group_name_friends">朋友</string>
  <string name="group_name_family">家人</string>
  <string name="group_name_coworkers">同事</string>
  <string name="group_name_important">重要联系人</string>
  <string name="group_name_life_info">生活百事通</string>
  <string name="group_name_white_list">白名单</string>
  <string name="group_name_black_list">黑名单</string>
  <string name="button_manage_groups">编辑</string>
  <string name="button_back">返回</string>
  <string name="button_remove_contacts">移除联系人</string>
  <string name="duplicatedGroupNameHelpText">新群组名不能与另一群组名相同</string>
  <string name="system_groups_unchangable">该组为系统内置，不能删除或改名</string>
  <string name="menu_add">添加</string>
  <string name="menu_remove">移除</string>
  <string name="create_new_group">新建群组</string>
  <string name="manage_groups">编辑群组</string>
  <string name="menu_viewGroup">查看群组</string>
  <string name="menu_deleteGroup">删除群组</string>
  <string name="menu_editGroupName">编辑群组名称</string>
  <string name="input_group_name_hint">在此输入群组名</string>
  <string name="notification_invalid_group_name">群组名不能为空</string>
  <string name="add_to_group_format">添加到%s</string>
  <string name="name_full">姓名</string>
  <string name="add_more_items">添加更多</string>
  <string name="saveConfirmationTitle">保存联系人</string>
  <string name="saveConfirmationBody">是否保存对此联系人的改动？</string>
  <string name="saveConfirmationYes">保存</string>
  <string name="saveConfirmationNo">不保存</string>
  <string name="import_from_account">从其他帐号导入到小米帐号</string>
  <string name="select_account_import_from">选择从哪个帐号导入</string>
  <string name="importing_from_account">正在导入联系人</string>
  <string name="fail_message_account_needed">请先配置小米帐号</string>
  <string name="success_message_import_from_account">导入完成</string>
  <string name="date_day">日</string>
  <string name="fast_scroll_alphabet">\#ABCDEFGHIJKLMNOPQRSTUVWXYZ</string>
  <string name="belong_no_group">未加入群组</string>
  <string name="menu_remove_member">移除联系人</string>
  <string name="removeConfirmation_title">移除</string>
  <string name="menu_add_favorite_contact">添加联系人到收藏</string>
  <string name="menu_group_sms">群发短信</string>
  <string name="menu_group_ringtone">群设铃声</string>
  <string name="menu_add_member">添加联系人</string>
  <string name="menu_callIpNumber">拨打IP电话 (加拨%s)</string>
  <string name="menu_clearDefaultNumber">取消默认号码设置</string>
  <string name="menu_clearDefaultEmail">取消默认邮件设置</string>
  <string name="favoriteContactDescription">添加到收藏</string>
  <string name="unfavoriteContactDescription">取消收藏</string>
  <string name="shareContactDescription">分享联系人</string>
  <string name="titlePickOrCreateNewContact">选择现有或创建新联系人</string>
  <string name="titlePickContactNumber">选择电话号码</string>
  <string name="fixedPhoneLabel">座机</string>
  <string name="fixedFaxLabel">传真</string>
  <string name="goto_album">去相册</string>
  <string name="recommneded_photos">推荐头像</string>
  <string name="downloading_photos">正在从网上下载更多头像</string>
  <string name="callButtonText">呼叫</string>
  <string name="callrecordview_menu_phone_all">显示全部来电</string>
  <string name="callrecordview_menu_phone_missed">只显示未接来电</string>
  <string name="callrecordview_menu_delete_one">清除通话记录</string>
  <string name="callrecordview_menu_delete_stranger">清除陌生人通话记录</string>
  <string name="callrecordview_menu_delete_all">清除全部通话记录</string>
  <string name="callrecordview_menu_set">设置</string>
  <string name="callrecordview_more">查看更多</string>
  <string name="callrecordview_more_title">%s全部通话</string>
  <string name="callrecordview_item_calls">共%d个电话</string>
  <string name="callrecordview_item_op_time_missed">未接通</string>
  <string name="callrecordview_item_op_time_short_incoming">呼入%d秒</string>
  <string name="callrecordview_item_op_time_short_outgoing">呼出%d秒</string>
  <string name="callDetailsDurationFormat_incoming">呼入%1$s分%2$s秒</string>
  <string name="callDetailsDurationFormat_outgoing">呼出%1$s分%2$s秒</string>
  <string name="group_delete_confirmation">将会删除群组</string>
  <string name="no_sms_availabe_contact_in_group">该群组没有可以发送短信的联系人</string>
  <string name="showDialpadTip">点击打开键盘</string>
  <string name="set_ringtone_for_group_members_success">群设铃声成功</string>
  <string name="noContactHelpText">目前没有联系人，您可以：</string>
  <string name="noFavoriteHelpText">目前没有收藏，您可以：</string>
  <string name="noGroupMemberHelpText">目前没有任何联系人属于该群组。\n\n要添加联系人，请按，然后选择要归属到该群组的联系人\n</string>
  <string name="noContactHelpTextAccounts">配置同步帐号</string>
  <string name="noContactHelpTextImportSim">导入SIM卡联系人</string>
  <string name="noContactHelpTextImportSD">导入SD卡联系人</string>
  <string name="noContactHelpTextAddContact">新建一个联系人</string>
  <string name="noContactHelpTextAddStarred">添加收藏</string>
  <string name="noContactHelpTextAddMember">添加群组成员</string>
</resources>
