<?xml version="1.0" encoding="utf-8"?>
<!--Generated by crowdin.net-->
<resources>
  <string name="app_label">Хранилище за контакти</string>
  <string name="provider_label">Контакти</string>
  <string name="upgrade_out_of_memory_notification_ticker">Няма достатъчно памет за обновяване на контакта</string>
  <string name="upgrade_out_of_memory_notification_title">Обновяване на хранилището за контакти</string>
  <string name="upgrade_out_of_memory_notification_text">Потвърди обновяването.</string>
  <string name="edit_contact">Редактиране на контакт</string>
  <string name="create_contact">Създай контакт</string>
</resources>
