<?xml version="1.0" encoding="utf-8"?>
<!--Generated by crowdin.net-->
<resources>
  <string name="app_name">Галерия</string>
  <string name="gadget_title">Рамка</string>
  <string name="details_ms">%1$02d:%2$02d</string>
  <string name="details_hms">%1$d:%2$02d:%3$02d</string>
  <string name="movie_view_label">Филми</string>
  <string name="loading_video">Зареждане на видео…</string>
  <string name="resume_playing_title">Продължи</string>
  <string name="resume_playing_message">Продължи от %s ?</string>
  <string name="resume_playing_resume">Продължи</string>
  <string name="resume_playing_restart">Стартирай отначало</string>
  <string name="camera">Камера</string>
  <string name="crop_save_text">Запази</string>
  <string name="crop_discard_text">Откажи</string>
  <string name="multiface_crop_help">Tap a face to begin.</string>
  <string name="saving_image">Запазване на снимка…</string>
  <string name="crop_label">Изрязване на снимка</string>
  <string name="running_face_detection">Моля, изчакайте…</string>
  <string name="set_image">Използвай снимката като</string>
  <string name="wallpaper">Настройване на тапет, моля изчакайте…</string>
  <string name="camera_setas_wallpaper">Тапет</string>
  <string name="details_ok">Потвърди</string>
  <string name="loading_new">Отваряне на нов албуми и снимки</string>
  <string name="initializing">Зареждане</string>
  <string name="pick_prompt">Избор на елемент от вашата колекция</string>
  <string name="no_items">Няма елементи в колекцията ви</string>
  <string name="pick">Избери</string>
  <string name="delete">Изтрий</string>
  <string name="confirm_delete">Потвърди изтриване</string>
  <string name="cancel">Назад</string>
  <string name="share">Споделяне</string>
  <string name="no_sd_card">SD картата не е монтиране или липсва</string>
  <string name="more">Още</string>
  <string name="select_all">Избиране на всичко</string>
  <string name="deselect_all">Отмаркирай всички</string>
  <string name="slideshow">Слайдшоу</string>
  <string name="menu">Меню</string>
  <string name="details">Details</string>
  <string name="album_selected">албум избрани</string>
  <string name="item_selected">избран елемент</string>
  <string name="albums_selected">Албумът е селектиран</string>
  <string name="items_selected">Маркирани елементи</string>
  <string name="album">Aлбум</string>
  <string name="start">Начало</string>
  <string name="end">End</string>
  <string name="location">Местоположението</string>
  <string name="location_unknown">Неизвестно местоположение</string>
  <string name="title">Title</string>
  <string name="type">Тип</string>
  <string name="taken_on">Взети на</string>
  <string name="added_on">Добавено на</string>
  <string name="show_on_map">Покажи върху карта</string>
  <string name="rotate_left">Завъртане наляво</string>
  <string name="rotate_right">Завъртане надясно</string>
  <string name="crop">Изрежи</string>
  <string name="set_as">Задай като</string>
  <string name="set_as_wallpaper">Задай като тапет</string>
  <string name="item">Елемент</string>
  <string name="items">Елементи</string>
  <string name="around">Около</string>
  <string name="date_unknown">Неизвестна дата</string>
  <string name="video_err">Не може да възпроизведе видео</string>
  <string name="lockscreen_wallpaper">Задаване на заключване на екрана тапет, моля държат нещо</string>
  <string name="wallpaper_set">Галерия Ла тапети</string>
  <string name="lockscreen_set">Галерия по избор заключване екрана тапети</string>
  <string name="miui_screenshot">MIUI екрани</string>
</resources>
