<?xml version="1.0" encoding="utf-8"?>
<!--Generated by crowdin.net-->
<resources>
  <string name="word_separators">. ,;:!? \n()[]*&@{}/<>_+=|\"</string>
  <string name="sentence_separators">.,!?</string>
  <string name="suggested_punctuations">!?,@_</string>
  <string name="ime_name">Информация за метод на въвеждане на Google Пинин</string>
  <string name="ime_settings_activity_name">Метод за Google Пинин на въвеждане настройка</string>
  <string name="ime_settings_choose_other_ime">Метода на въвеждане</string>
  <string name="version">1.2.8</string>
  <string name="toggle_cn">0</string>
  <string name="toggle_cn_cand">1</string>
  <string name="toggle_en_lower">2</string>
  <string name="toggle_en_upper">3</string>
  <string name="toggle_en_sym1">4</string>
  <string name="toggle_en_sym2">5</string>
  <string name="toggle_enter_go">6</string>
  <string name="toggle_enter_search">7</string>
  <string name="toggle_enter_send">8</string>
  <string name="toggle_enter_next">9</string>
  <string name="toggle_enter_done">10</string>
  <string name="toggle_row_cn">11</string>
  <string name="toggle_row_en">12</string>
  <string name="toggle_row_uri">13</string>
  <string name="toggle_row_emailaddress">14</string>
  <string name="toggle_phone_sym">15</string>
  <string name="toggle_stroke_urlqwerty">16</string>
  <string name="toggle_misc1">17</string>
  <string name="toggle_misc2">18</string>
  <string name="toggle_misc3">19</string>
  <string name="toggle_misc4">20</string>
  <string name="toggle_smiley_off">21</string>
  <string name="toggle_smiley_on">22</string>
  <string name="toggle_cn_sym1">23</string>
  <string name="toggle_cn_sym2">24</string>
  <string name="toggle_url">25</string>
  <string name="toggle_emailaddress">26</string>
  <string name="toggle_stroke_disabled">27</string>
  <string name="toggle_exit_sym_to_en">28</string>
  <string name="toggle_en_upper_locked">29</string>
  <string name="toggle_single_quote_open">30</string>
  <string name="toggle_single_quote_close">31</string>
  <string name="toggle_double_quote_open">32</string>
  <string name="toggle_double_quote_close">33</string>
  <string name="setting_stroke_key">setting_stroke_key</string>
  <string name="setting_fault_tolerance_key">setting_fault_key</string>
  <string name="setting_sound_key">setting_sound_key</string>
  <string name="setting_vibrate_key">setting_vibrate_key</string>
  <string name="setting_prediction_key">setting_prediction_key</string>
  <string name="setting_tradition_key">setting_tradition_key</string>
  <string name="setting_switch_key">setting_switch_key</string>
  <string name="setting_advanced_key">setting_advanced_key</string>
  <string name="setting">Метод за Google пинин на въвеждане настройка</string>
  <string name="setting_stroke_title">Въвеждане на ход</string>
  <string name="setting_fault_tolerance_title">Толеранс в ход</string>
  <string name="setting_sound_key_title">Натиснете гласове</string>
  <string name="setting_vibrate_title">Натиснете вибрации</string>
  <string name="setting_prediction_title">Въвеждане на асоциация</string>
  <string name="setting_tradition_title">Въвеждане на традиционен китайски</string>
  <string name="setting_switch_title">В китайски и английски ключ</string>
  <string name="setting_switch_shift_space_title">SHIFT-пространство</string>
  <string name="setting_enabled">Отвори</string>
  <string name="setting_disabled">Изключване</string>
  <string name="setting_others">Други настройки</string>
  <string name="setting_others_summary">Речник за синхронизация</string>
  <string name="account_label_username">Номера на сметката: (например johndoe@gmail.com)</string>
  <string name="account_label_password">Парола:</string>
  <string name="account_label_login">Вход</string>
  <string name="account_label_cancel">Отказ</string>
  <string name="account_title">Вход за потребители</string>
  <string name="account_sign_up_title">Регистриране на нов потребител</string>
  <string name="account_signing_in_title">Регистриране, моля изчакайте...</string>
  <string name="setting_title">Метод за Google Пинин на въвеждане настройка</string>
  <string name="setting_update_category_key">setting_update_category_key</string>
  <string name="setting_update_category_title">Автоматично актуализиране на речник</string>
  <string name="setting_update_enabled_key">setting_update_enabled_key</string>
  <string name="setting_update_enabled_title">Автоматично актуализиране на речник</string>
  <string name="setting_sync_category_title">Синхронизация на потребителски речник</string>
  <string name="setting_sync_enabled_key">setting_sync_enabled_key</string>
  <string name="setting_sync_now_key">setting_sync_now_key</string>
  <string name="setting_sync_clear_key">setting_sync_clear_key</string>
  <string name="setting_sync_enabled_title">Синхронизиране на потребителски речник</string>
  <string name="setting_sync_now_title">Синхронизиране сега</string>
  <string name="setting_sync_cancel_title">Прекрати синхронизацията</string>
  <string name="setting_sync_clear_title">Празен сървър речник</string>
  <string name="setting_enabled_title">Отвори</string>
  <string name="setting_disabled_title">Изключване</string>
  <string name="status_bar_message_title">Информация за метод на въвеждане на Google пинин</string>
  <string name="status_bar_message_sync_title">Синхронизиране на потребителски речник...</string>
  <string name="status_bar_message_update_title">Изтегляне на популярни речник...</string>
  <string name="setting_dialog_sync_now_title">Питай</string>
  <string name="setting_dialog_sync_now_message">Желаете ли да синхронизирате сега?</string>
  <string name="setting_dialog_sync_clear_title">Внимание</string>
  <string name="setting_dialog_sync_clear_message">Страницата на сървъра за потребителския речник ще бъде изпразнена и тази операция е необратима. Искате ли да изпразните потребителския речник, наличен на сървъра? Ако да, моля въведете следния номер и след това щракнете върху OK.</string>
  <string name="setting_error_sync_service_inactive">Системната услуга е непозволена, тази операция не може да бъде завършена.</string>
  <string name="sign_up_url">https://www.google.com/accounts/NewAccount?hl=zh_CN</string>
  <string name="setting_update_time">Последна актуализация:</string>
  <string name="setting_sync_time">Последна синхронизация:</string>
  <string name="setting_year">Година</string>
  <string name="setting_month">Месец</string>
  <string name="setting_day">Днес</string>
  <string name="setting_hour">Час</string>
  <string name="setting_minute">Мин</string>
  <string name="setting_second">Секунди</string>
  <string name="setting_sync_error">Неуспешно синхронизиране</string>
  <string name="setting_sync_ongoing">Синхронизиране на...</string>
  <string name="setting_update_error">Неуспешно актуализиране</string>
  <string name="setting_update_ongoing">Актуализиране...</string>
  <string name="privacy_url">http://m.google.com/static/zh-CN/privacy.html</string>
  <string name="tos_url">http://m.google.com/tospage?dc=gorganic&hl=zh_CN</string>
  <string name="setting_privacy_key">setting_privacy_key</string>
  <string name="setting_tos_key">setting_tos_key</string>
  <string name="setting_about_key">setting_about_key</string>
  <string name="setting_privacy_title">Правила за поверителност</string>
  <string name="setting_tos_title">Условия за ползване</string>
  <string name="setting_about_title">За</string>
  <string name="setting_about_version_title">Текуща версия:</string>
  <string name="setting_about_loading_title">Зареждане на нещо</string>
  <string name="touch_to_continue">Продължи»</string>
  <string name="touch_to_finish">Отвори въвеждане»</string>
  <string name="default_device_name">Андроид</string>
  <string name="next_button_label">Следващата стъпка</string>
  <string name="back_button_label">Връщане</string>
  <string name="skip_button_label">Пропусни</string>
  <string name="done_button_label">Завърши</string>
  <string name="keyboard_tutorial_title">Използване на екранна клавиатура</string>
  <string name="open_the_keyboard">Докосване свободно текстово поле.</string>
  <string name="close_the_keyboard">Натиснете "рекламация" ключ.</string>
  <string name="sync">За да отворите или затворите потребителски речник в функцията за синхронизиране на настройките за клавиатурата.</string>
  <string name="keyboard_settings">Докоснете и задръжте бутона.</string>
</resources>
