<?xml version="1.0" encoding="utf-8"?>
<!--Generated by crowdin.net-->
<resources>
  <string name="app_label">Съобщения</string>
  <string name="new_message">Ново съобщение</string>
  <string name="create_new_message">Създаване на ново съобщение</string>
  <string name="menu_call_back">Набиране на %s</string>
  <string name="menu_send_email">Изпращане на мейл до %s</string>
  <string name="menu_compose_new">Създаване</string>
  <string name="menu_preferences">Настройки</string>
  <string name="menu_add_address_to_contacts">Добавяне на %s в контактите</string>
  <string name="menu_call">Набиране</string>
  <string name="menu_delete_all">Изтриване на теми</string>
  <string name="menu_delete">Изтриване на тема</string>
  <string name="menu_undelivered_messages">Недоставени съобщения</string>
  <string name="menu_view">Нова тема</string>
  <string name="refreshing">Опресняване...</string>
  <string name="has_draft">Чернова</string>
  <string name="broadcast_from_to">%1$s до %2$s</string>
  <string name="anonymous_recipient">Анонимен</string>
  <string name="no_subject_view">(Няма тема)</string>
  <string name="messagelist_sender_self">Аз</string>
  <string name="view_picture">Виж снимка</string>
  <string name="view_slideshow">Виж слайдшоу</string>
  <string name="view_message_details">Информация за съобщението</string>
  <string name="view_delivery_report">Виж отчет</string>
  <string name="delete_message">Изтрий съобщението</string>
  <string name="sent_on">Изпратено: %s</string>
  <string name="expire_on">Изтича: %s</string>
  <string name="kilobyte">KB</string>
  <string name="undelivered_msg_dialog_title">Недоставено съобщение</string>
  <string name="undelivered_msg_dialog_body">Съобщението не може да бъде изпратено.\nНаправени опити: %s.</string>
  <string name="undelivered_sms_dialog_body">Съобщението не може да бъде изпратено.</string>
  <string name="delete_thread">Изтрий тема</string>
  <string name="menu_forward">Препращане</string>
  <string name="download">Сваляне</string>
  <string name="downloading">Сваляне...</string>
  <string name="name_colon">:\u0020</string>
  <string name="inline_subject"><Тема: %s></string>
  <string name="drm_protected_text">* DRM защитен текст *</string>
  <string name="insufficient_drm_rights">Недостатъчни DRM права.</string>
  <string name="copy_message_text">Копиране на текста на съобщението</string>
  <string name="message_options">Настройки на съобщението</string>
  <string name="done">Готово</string>
  <string name="move_up">Премести нагоре</string>
  <string name="move_down">Премести надолу</string>
  <string name="remove_slide">Премахни слайд</string>
  <string name="add_slide">Добави слайд</string>
  <string name="add_slide_hint">Изберете за създаване на нов слайд.</string>
  <string name="discard_slideshow">Отхвърляне на слайдшоу</string>
  <string name="slide_show_part">Част %1$s/%2$s</string>
  <string name="remove_text">Премахни текст</string>
  <string name="add_picture">Добави снимка</string>
  <string name="remove_picture">Премахни снимка</string>
  <string name="add_music">Добави музика</string>
  <string name="remove_music">Премахни музика</string>
  <string name="add_video">Добави видео</string>
  <string name="remove_video">Премахни видео</string>
  <string name="compose_title">Създаване</string>
  <string name="to_hint">До</string>
  <string name="subject_hint">Тема</string>
  <string name="add_attachment">Прикачи</string>
  <string name="add_subject">Добави тема</string>
  <string name="discard">Отхвърли</string>
  <string name="view">Прегледай</string>
  <string name="replace">Замени</string>
  <string name="remove">Изтрий</string>
  <string name="send">Изпрати</string>
  <string name="mms">MMS</string>
  <string name="all_threads">Всички теми</string>
  <string name="type_to_compose_text_enter_to_send">Въведи за създаване</string>
  <string name="open_keyboard_to_compose_message">Отвори клавиатурата за създаване на съобщение</string>
  <string name="image_too_large">Снимката е прекалено голяма</string>
  <string name="ask_for_automatically_resize">Да преоразмеря ли снимката преди изпращане?</string>
  <string name="compressing">Снимката е твърде голяма. Компресиране…</string>
  <string name="unsupported_media_format">Неподдържан %1$s формат</string>
  <string name="select_different_media">Моля, изберете друг %1$s.</string>
  <string name="exceed_message_size_limitation">Достигнат лимит за размера на съобщението.</string>
  <string name="message_too_big_for_video">Съобщението е твърде голямо, за да прикачите видео.</string>
  <string name="failed_to_add_media">За съжаление не можете да добавите %1$ s към вашето съобщение.</string>
  <string name="failed_to_resize_image">Снимката е несъоразмерена.</string>
  <string name="resize_image_error_information">Съжаляваме, дори оразмерена, тази снимка е прекалено голяма за изпращане.</string>
  <string name="forward_prefix">Fwd:\u0020</string>
  <string name="discard_message">Discard</string>
  <string name="discard_message_reason">Съобщението ще бъде анулирано, защото няма валидни получатели.</string>
  <string name="has_invalid_recipient">Невалиден получател(и): <%1$s></string>
  <string name="invalid_destination">Въвели сте невалиден адрес.</string>
  <string name="invalid_recipient_message">Коригирайте получателя(ите), или те няма да получат съобщението.</string>
  <string name="cannot_send_message">Съобщението не може да бъде изпратено</string>
  <string name="cannot_send_message_reason">Вашето съобщение няма валидни получатели.</string>
  <string name="cannot_forward_drm_obj">DRM обектите в това съобщение на могат да бъдат препратени.</string>
  <string name="converting_to_picture_message">Преобразуване в мултимедийно съобщение…</string>
  <string name="converting_to_text_message">Преобразуване в текстово съобщение…</string>
  <string name="cannot_add_slide_anymore">Невъзможност за добавяне на повече слайдове.</string>
  <string name="cannot_add_picture_and_video">Не може да добавите видео и снимка към един слайд.</string>
  <string name="cannot_save_message">Съобщението не може да бъде добавено.</string>
  <string name="cannot_load_message">Съобщението не може да се зареди.</string>
  <string name="message_saved_as_draft">Съобщението е записано като чернова.</string>
  <string name="locked_message_cannot_be_deleted">Заключено съобщение не може да бъде изтрито.</string>
  <string name="too_many_recipients">Това съобщение съдържа твърде много получатели (%1$ s). Има ограничение от %2$s получатели.</string>
  <string name="too_many_attachments">Има ограничение от %1$s прикачени файлове. Само първите %2$s ще бъдат добавени.</string>
  <string name="adding_attachments_title">Добавяне на прикачени файлове</string>
  <string name="adding_attachments">Моля, изчакайте докато елементите се добавят към слайдшоу.</string>
  <string name="multiple_recipients">%1$s получатели</string>
  <string name="cannot_play_audio">Невъзможност за възпроизвеждане на аудио.</string>
  <string name="preview">Preview</string>
  <string name="preview_slideshow">Preview</string>
  <string name="replace_image">Заместване на снимка</string>
  <string name="duration_sec">Времетраене (%s сек)</string>
  <string name="duration_selector_title">Времетраене за слайд\u0020</string>
  <string name="layout_selector_title">Слайдшоу оформление\u0020</string>
  <string name="layout_top">Оформление (отгоре)</string>
  <string name="layout_bottom">Оформление (отдолу)</string>
  <string name="type_to_compose_text_or_leave_blank">Въведете символи за съставяне на текст, или оставете празно</string>
  <string name="duration_not_a_number">Продължителността трябва да бъде число</string>
  <string name="duration_zero">Продължителността трябва да бъде по-голяма от нула секунди</string>
  <string name="secs">сек</string>
  <string name="menu_view_contact">View contact</string>
  <string name="menu_add_to_contacts">Add to Contacts</string>
  <string name="hidden_sender_address">Скрит адрес на подателя</string>
  <string name="yes">OK</string>
  <string name="no">Cancel</string>
  <string name="set">Set</string>
  <string name="play">Play</string>
  <string name="edit">Edit</string>
  <string name="resize">Преоразмеряване</string>
  <string name="try_to_send">Опитайте да изпратите</string>
  <string name="preferences_title">Settings</string>
  <string name="restore_default">Възстанови настройките по подразбиране</string>
  <string name="pref_notification_settings_title">Настройки за уведомяване</string>
  <string name="pref_mms_settings_title">Настройки за мултимедийно съобщение (MMS)</string>
  <string name="pref_sms_settings_title">Настройки на текстово съобщение (SMS)</string>
  <string name="pref_sms_storage_title">Storage settings</string>
  <string name="pref_summary_manage_sim_messages">Управление на съобщенията, които се съхраняват на вашата SIM карта</string>
  <string name="pref_summary_mms_delivery_reports">Request a delivery report for each message you send</string>
  <string name="pref_summary_mms_read_reports">Изискване на отчет за всяко изпратено съобщение</string>
  <string name="pref_summary_sms_delivery_reports">Request a delivery report for each message you send</string>
  <string name="pref_summary_auto_delete">Изтриване на стари съобщения при достигане на лимита</string>
  <string name="pref_summary_delete_limit">%1$s съобщения на разговор</string>
  <string name="pref_title_manage_sim_messages">Управление на съобщения в SIM картата</string>
  <string name="pref_title_mms_delivery_reports">Delivery reports</string>
  <string name="pref_title_mms_read_reports">Доклади за четене</string>
  <string name="pref_title_sms_delivery_reports">Delivery reports</string>
  <string name="pref_title_auto_delete">Изтриване на стари съобщения</string>
  <string name="pref_title_sms_delete">Лимит на текстовото съобщение</string>
  <string name="pref_title_mms_delete">Лимит на мултимедийното съобщение</string>
  <string name="pref_title_popup_enabled">Информация за изскачащия прозорец</string>
  <string name="pref_summary_popup_enabled">Получаване на съобщения на главния екран, дори при наличие на изкачащ прозорец</string>
  <string name="pref_title_notification_enabled">Notifications</string>
  <string name="pref_summary_notification_enabled">Показване на уведомления за съобщения в статусната лента</string>
  <string name="pref_title_notification_vibrateWhen">Vibrate</string>
  <string name="pref_summary_notification_vibrateWhen">Вибрация при уведомнление</string>
  <string name="pref_title_notification_ringtone">Избор на мелодия</string>
  <string name="pref_messages_to_save">Задайте брой съобщения за запис</string>
  <string name="prefDefault_vibrateWhen">never</string>
  <string name="prefDefault_vibrate_true">always</string>
  <string name="prefDefault_vibrate_false">never</string>
  <string name="prefDialogTitle_vibrateWhen">Vibrate</string>
  <string name="pref_title_mms_auto_retrieval">Авто-извличане</string>
  <string name="pref_summary_mms_auto_retrieval">Автоматично извличане на съобщения</string>
  <string name="pref_title_mms_retrieval_during_roaming">Роуминг авто-извличане</string>
  <string name="pref_summary_mms_retrieval_during_roaming">Автоматично изтегляне на съобщения по време на роуминг</string>
  <string name="to_label">До\u0020</string>
  <string name="confirm_dialog_title">Delete</string>
  <string name="confirm_dialog_locked_title">Изтриване на заключено съобщение?</string>
  <string name="confirm_delete_conversation">The entire thread will be deleted.</string>
  <string name="confirm_delete_all_conversations">Всички съобщения ще бъдат изтрити.</string>
  <string name="confirm_delete_message">Съобщението ще бъде изтрито.</string>
  <string name="confirm_delete_locked_message">Сигурни ли сте, че искате да изтриете това заключено съобщение?</string>
  <string name="confirm_delete_all_messages">The entire thread will be deleted.</string>
  <string name="confirm_delete_all_SIM_messages">Всички съобщения от SIM картата ще бъдат изтрити.</string>
  <string name="confirm_delete_SIM_message">Това съобщение ще бъде изтрито от SIM картата.</string>
  <string name="delete_unlocked">Изтриване на заключени съобщения</string>
  <string name="delete">Delete</string>
  <string name="cannot_get_details">Детайлите не могат да бъдат получени</string>
  <string name="message_details_title">Подробни данни за съобщението</string>
  <string name="message_type_label">Тип:\u0020</string>
  <string name="text_message">Текстово съобщение</string>
  <string name="multimedia_message">Мултимедийно съобщение</string>
  <string name="multimedia_notification">Уведомяване за мултимедийно съобщение</string>
  <string name="from_label">От:\u0020</string>
  <string name="to_address_label">За:\u0020</string>
  <string name="bcc_label">Bcc:\u0020</string>
  <string name="sent_label">Изпратено:\u0020</string>
  <string name="received_label">Получени:\u0020</string>
  <string name="saved_label">Записани:\u0020</string>
  <string name="subject_label">Предмет:\u0020</string>
  <string name="message_size_label">Размер на съобщението:\u0020</string>
  <string name="priority_label">Приоритет:\u0020</string>
  <string name="priority_high">High</string>
  <string name="priority_normal">Normal</string>
  <string name="priority_low">Low</string>
  <string name="message_class_label">Клас на съобщението:\u0020</string>
  <string name="error_code_label">Грешка код:\u0020</string>
  <string name="menu_edit">Edit</string>
  <string name="menu_retry_sending">Опитай отново изпращане</string>
  <string name="menu_retry_sending_all">Опитайте отново да изпратите всички</string>
  <string name="menu_delete_messages">Изтрийте съобщенията</string>
  <string name="retrying_dialog_body">Това съобщение %s не бе изпратено, поради проблем с връзката. \nОпит за преизпращане…</string>
  <string name="menu_lock">Заключване на съобщение</string>
  <string name="menu_unlock">Отключване на съобщение</string>
  <string name="sim_copy_to_phone_memory">Копиране в паметта на телефона</string>
  <string name="sim_delete">Delete</string>
  <string name="sim_manage_messages_title">Текстови съобщения в SIM картата</string>
  <string name="sim_view">View</string>
  <string name="sim_empty">Няма съобщения на SIM картата.</string>
  <string name="delivery_header_title">Отчет</string>
  <string name="status_none">(Няма)</string>
  <string name="status_pending">Чакащи</string>
  <string name="status_read">Прочетени</string>
  <string name="status_received">Получени</string>
  <string name="status_failed">Unsuccessful</string>
  <string name="status_unread">Непрочетени</string>
  <string name="status_rejected">Отхвърлени</string>
  <string name="recipient_label">Получател:\u0020</string>
  <string name="status_label">Състояние:\u0020</string>
  <string name="attach_image">Pictures</string>
  <string name="attach_take_photo">Capture picture</string>
  <string name="attach_video">Видео</string>
  <string name="attach_record_video">Capture video</string>
  <string name="attach_sound">Audio</string>
  <string name="attach_record_sound">Записване на аудио</string>
  <string name="attach_slideshow">Slideshow</string>
  <string name="select_bottom_text">Текст в долния край</string>
  <string name="select_top_text">Текстът в началото</string>
  <string name="delivery_toast_body">Съобщението получено от %s</string>
  <string name="notification_multiple">%s непрочетени съобщения.</string>
  <string name="notification_multiple_title">Нови съобщения</string>
  <string name="notification_failed_multiple">%s съобщения не можаха да бъдат изпратени.</string>
  <string name="notification_failed_multiple_title">Съобщенията не бяха изпратени</string>
  <string name="sim_full_title">Пълна SIM карта</string>
  <string name="sim_full_body">Изтрийте някои съобщения, за да се освободи място за повече.</string>
  <string name="sms_full_title">Паметта за текстови съобщения е пълна</string>
  <string name="sms_full_body">Входящото съобщение отхвърлено поради пълна памет. Моля, изтрийте стари съобщения.</string>
  <string name="sms_rejected_title">Отхвърлено текстово съобщение</string>
  <string name="sms_rejected_body">Входящото съобщение бе отхвърлено по неизвестна причина.</string>
  <string name="type_audio">аудио</string>
  <string name="type_picture">снимка</string>
  <string name="type_video">видео</string>
  <string name="confirm">Confirm</string>
  <string name="message_send_read_report">Отчет за прочитане ще бъде изпратен.</string>
  <string name="message_queued">Съобщението не може да бъде доставено в момента. То ще бъде доставено при наличие на мрежа.</string>
  <string name="no_subject">(No subject)</string>
  <string name="unknown_sender">Неизвестен подател</string>
  <string name="dl_failure_notification">Изтегляне на съобщение %1$s от %2$s бе неуспешно.</string>
  <string name="dl_expired_notification">Това съобщение е изтекло и ще бъде изтрито.</string>
  <string name="rate_limit_surpassed">Confirm</string>
  <string name="confirm_rate_limit">Голям брой мултимедийни съобщения се изпращат. Всичко наред ли е?</string>
  <string name="message_download_failed_title">Съобщението не е изтеглено</string>
  <string name="message_send_failed_title">Съобщението не е изпратено</string>
  <string name="message_failed_body">Изберете преглед на съобщението и опитайте отново.</string>
  <string name="download_later">В момента не може да се изтегли. Моля, опитайте отново по-късно.</string>
  <string name="select_audio">Изберете аудио</string>
  <string name="copy_to_sdcard">Копирай прикаченият файл в SD картата</string>
  <string name="copy_to_sdcard_success">Прикаченият файл е копиран на SD картата</string>
  <string name="copy_to_sdcard_fail">Копирането на прикачения файл на SD картата е неуспешно</string>
  <string name="save_ringtone">Запази като мелодия за позвъняване</string>
  <string name="saved_ringtone">Мелодията запазена</string>
  <string name="saved_ringtone_fail">Неуспешно запазване като мелодия за звънене</string>
  <string name="menu_insert_smiley">Вмъкни smiley</string>
  <string name="select_link_title">Изберете действие</string>
  <string name="slide_number">Слайд %s</string>
  <string name="delivery_report_activity">Отчет за доставяне</string>
  <string name="storage_limits_activity">Лимит на съхранение</string>
  <string name="add_attachment_activity">Добавяне на прикачен файл:</string>
  <string name="select_layout_activity">Избор на оформление</string>
  <string name="change_duration_activity">Промяна на времетраене</string>
  <string name="edit_text_activity">Edit text</string>
  <string name="edit_slideshow_activity">Редактиране на слайдшоу</string>
  <string name="edit_slide_activity">Редактиране на слайд</string>
  <string name="pick_numbers_activity">Избери номера</string>
  <string name="slideshow_activity">Slideshow</string>
  <string name="popup_activity">Прозорец за бърз отговор</string>
  <string name="popup_btn_send">Отговор</string>
  <string name="class_0_message_activity">Клас 0 Съобщение</string>
  <string name="send_using_mms_activity">Изпрати като мултимедийно съобщение…</string>
  <string name="select_contact_method_activity">Изберете метод за контакт</string>
  <string name="search_label">Messaging</string>
  <string name="search_hint">Търсене на съобщения</string>
  <string name="search">Messaging</string>
  <string name="search_setting_description">Текст във вашите съобщения</string>
  <string name="search_empty">No matches</string>
  <string name="search_history">%1$s резултати за \"%2$s\"</string>
  <string name="confirm_clear_search_title">Изчисти</string>
  <string name="confirm_clear_search_text">Хронология на търсене ще бъде изчистена.</string>
  <string name="pref_mms_clear_search_history_title">Изчисти историята на търсене</string>
  <string name="pref_mms_clear_search_history_summary">Изчистване на предишни търсения за съобщения от показване в полето за търсене</string>
  <string name="save">Save</string>
  <string name="storage_limits_title">Ограничи съобщения</string>
  <string name="storage_limits_message">Желаете ли да ограничите броя на съобщенията, записани за всеки разговор?</string>
  <string name="storage_limits_setting">Определяне на лимит</string>
  <string name="storage_limits_setting_dismiss">Без лимит</string>
  <string name="too_many_unsent_mms">Съобщението не може да бъде изпратено. Прекалено много неизпратени мултимедийни съобщения.</string>
  <string name="me">Me</string>
  <string name="sending_message">Изпращане...</string>
  <string name="bookmark_sms">Любими текстови съобщения</string>
  <string name="bookmark_sms_message">Добавяне в любими текстови съобщения...</string>
  <string name="recent_conversation">Сесия</string>
  <string name="contacts">Контакт</string>
  <string name="sms_bookmark">Колекция</string>
  <string name="sms_push">Push</string>
  <string name="forward_from_format">%sв%s</string>
  <string name="msg_forward_from_format">-От:%s</string>
  <string name="forward_count_format">Препрати%dпъти</string>
  <string name="recipient_count_format">Общо%dчовека</string>
  <string name="notification_color_title">Избор на цвят</string>
  <string name="notification_color_summary">Цвета на индикатора, при получаване на съобщение</string>
  <string name="group_msg_contact_title">%sизпратени:%s</string>
  <string name="sms_bookmark_welcome">Нямате любими съобщения, задръжте дълго върху съобщение за да добавите в "любими"</string>
  <string name="mms_increase_font_size">Мащабиране на текст</string>
  <string name="mms_decrease_font_size">Намали размера на текста</string>
  <string name="mms_reading_mode_day">Дневен режим на четене</string>
  <string name="mms_reading_mode_night">Нощен режим на четене</string>
  <string name="menu_patch_delete">Изтрийте сесията</string>
  <string name="btn_done">Изтрий</string>
  <string name="btn_cancel">Отказ</string>
  <string name="pref_title_forward_contact">Препрати източникът</string>
  <string name="pref_summary_forward_contact">Настройка на източниците при препращане на съобщение</string>
  <string name="save_image">Записване на снимка</string>
  <string name="mms_image_folder_name">MMS Снимки</string>
  <string name="mms_image_saved_successfully">Снимката запазена успешно</string>
  <string name="mms_image_saving_failed">Неуспешно запазване на снимката, проверете дали е налична SD карта</string>
  <string name="festival_sms_category_count_format">(%s)</string>
  <string name="festival_msg_loading">Зареждане на...</string>
  <string name="festival_sms_push">Препоръчва се</string>
  <string name="menu_group_sending">Главна поща</string>
  <string name="miui_push">Препоръчва се MIUI</string>
  <string name="pushed_sms_category">Текстови съобщения</string>
  <string name="converstaion_list_tile">Текстови съобщения</string>
  <string name="conversations_count_format">(%d)</string>
  <string name="quick_sms_to">Изпратено до %s</string>
  <string name="popup_sms_deleted">Съобщението бе изтрито</string>
  <string name="pref_set_font_size">Размер на текста</string>
  <string name="pref_summery_set_font_size">Задайте размер на съобщението, което да бъде показано</string>
  <string name="menu_batch_delete">Изтриване на множество</string>
  <string name="batch_delete_confirm_dialog_title">Масово изтриване</string>
  <string name="batch_delete_confrom_dialog_message">Изтриване на избраната информация</string>
  <string name="btn_delete_with_number">Изтриване (%d)</string>
</resources>
