<?xml version="1.0" encoding="utf-8"?>
<!--Generated by crowdin.net-->
<resources>
  <string name="contactsIconLabel">Контакти</string>
  <string name="contactsFavoritesLabel">Фаворити</string>
  <string name="dialerIconLabel">Набиране</string>
  <string name="emergencyDialerIconLabel">Спешни набирания</string>
  <string name="phoneIconLabel">Телефон</string>
  <string name="recentCallsIconLabel">Хронология на повикванията</string>
  <string name="fdnListLabel">FDN list</string>
  <string name="unknown">Неизвестен</string>
  <string name="private_num">Private number</string>
  <string name="payphone">Pay phone</string>
  <string name="onHold">На изчакване</string>
  <string name="ongoing">Current call</string>
  <string name="callFailed_userBusy">Линията е заета</string>
  <string name="callFailed_congestion">Мрежата е заета</string>
  <string name="callFailed_noSignal">Няма сигнал</string>
  <string name="callFailed_limitExceeded">ACM Превишен лимит</string>
  <string name="callFailed_powerOff">Радиото изключено</string>
  <string name="callFailed_simError">Няма SIM или има грешка</string>
  <string name="callFailed_outOfService">Зона без обслужване</string>
  <string name="callFailed_fdn_only">Изходящите повиквания са ограничени от FDN.</string>
  <string name="callFailed_cb_enabled">Вие не можете да правите изходящи разговори, докато блокиране на разговори е включено.</string>
  <string name="callFailed_dsac_restricted">Всички повиквания са ограничени с контрол на достъпа.</string>
  <string name="callFailed_dsac_restricted_emergency">Спешните повиквания са ограничени от контрол на достъпа.</string>
  <string name="callFailed_dsac_restricted_normal">Нормалните повиквания са ограничени от контрол на достъпа.</string>
  <string name="callFailed_cdma_lockedUntilPowerCycle">CDMA: Телефон заключен.</string>
  <string name="callFailed_cdma_drop">CDMA: Повикване прекъснато.</string>
  <string name="callFailed_cdma_intercept">CDMA: Повикване прихванто.</string>
  <string name="callFailed_cdma_reorder">CDMA: преподреждане.</string>
  <string name="callFailed_cdma_SO_reject">CDMA: Сервизната опция отказана.</string>
  <string name="callFailed_cdma_retryOrder">CDMA: Пренабери.</string>
  <string name="callFailed_cdma_accessFailure">CDMA: Достъпът отказан.</string>
  <string name="callFailed_cdma_preempted">CDMA: Присвоен.</string>
  <string name="callFailed_cdma_notEmergency">Възможни са само спешни повиквания.</string>
  <string name="confCall">Conference call</string>
  <string name="call_lost">Обаждането се разпадна.</string>
  <string name="retry">Retry</string>
  <string name="call_lost_title">Загубено обаждане</string>
  <string name="mmiStarted">Стартиран MMI код</string>
  <string name="ussdRunning">USSD изпълнение</string>
  <string name="mmiCancelled">Отменен MMI код</string>
  <string name="cancel">Cancel</string>
  <string name="menu_rejectCallAndSms">Забрани получаването и изпращането на SMS</string>
  <string name="menu_speaker">Speaker</string>
  <string name="menu_bluetooth">Bluetooth</string>
  <string name="menu_mute">Mute</string>
  <string name="menu_hold">Задържане</string>
  <string name="menu_endCall">Затвори</string>
  <string name="menu_swapCalls">Смени</string>
  <string name="menu_mergeCalls">Merge calls</string>
  <string name="menu_addCall">Добавяне на повикване</string>
  <string name="menu_manageConference">Конферентна връзка</string>
  <string name="menu_showDialpad">Клавиатура за набиране</string>
  <string name="menu_hideDialpad">Скрий клавиатурата</string>
  <string name="menu_answerAndHold">Задръж разговора\nи отговори</string>
  <string name="menu_answerAndEnd">Прекрати разговора\nи отговори</string>
  <string name="ok">ОК</string>
  <string name="menuButtonKeyboardDialHint">Натисни Меню за повече опции \u0020• \u0020Изполавай клавиатурата за набиране</string>
  <string name="menu_answer">Answer</string>
  <string name="menu_ignore">Игнорирай</string>
  <string name="wait_prompt_str">Изпрати следните тонове?\n</string>
  <string name="pause_prompt_str">Изпращане на тонове\n</string>
  <string name="send_button">Send</string>
  <string name="pause_prompt_yes">Да</string>
  <string name="pause_prompt_no">Не</string>
  <string name="wild_prompt_str">Замести символа с</string>
  <string name="no_vm_number">Липсващ номер на гласова поща</string>
  <string name="no_vm_number_msg">Номерът на гласовата поща не е запаметен на SIM картата.</string>
  <string name="add_vm_number_str">Добавяне на номер</string>
  <string name="dialer_emptyListWorking">Зарежданe...</string>
  <string name="enterPin">Въведете ПИН код за отключване.</string>
  <string name="pinUnlocked">SIM отключен</string>
  <string name="enterNewPin">Нов SIM PIN код</string>
  <string name="verifyNewPin">Въведете нов SIM PIN код отново</string>
  <string name="verifyFailed">SIM PIN, които въведохте не съвпадат. Моля опитайте отново.</string>
  <string name="enterPuk">Въведете PUK код за отключване на SIM картата</string>
  <string name="badPuk">Грешен PUK код!</string>
  <string name="buttonTxtContinue">Продължи</string>
  <string name="puk_unlocked">Вашата SIM карта беше разблокирана. Телефонът ви се отключва...</string>
  <string name="label_ndp">ПИН за отключване на SIM</string>
  <string name="sim_ndp_unlock_text">Unlock</string>
  <string name="sim_ndp_dismiss_text">Dismiss</string>
  <string name="requesting_unlock">отключване...</string>
  <string name="unlock_failed">Мрежовото отключване неуспешно.</string>
  <string name="unlock_success">Мрежовото отключване успешно.</string>
  <string name="imei">IMEI</string>
  <string name="meid">MEID</string>
  <string name="labelGSMMore">Настройки повиквания</string>
  <string name="labelCDMAMore">Настройки на CDMA разговори</string>
  <string name="apn_settings">Access Point Names</string>
  <string name="settings_label">Мрежови настройки</string>
  <string name="voicemail">Voicemail</string>
  <string name="voicemail_abbreviated">Ръководство:</string>
  <string name="networks">Оператори</string>
  <string name="call_settings">Call settings</string>
  <string name="additional_gsm_call_settings">Допълнителни настройки</string>
  <string name="sum_gsm_call_settings">Допълнителни GSM настройки на повикванията</string>
  <string name="additional_cdma_call_settings">Допълнителни настройки за CDMA повиквания</string>
  <string name="sum_cdma_call_settings">Допълнителна CDMA само Настройки за повикване</string>
  <string name="labelNwService">Мрежови настройки</string>
  <string name="labelCallerId">Caller ID</string>
  <string name="sum_hide_caller_id">Скрий номера при изходящи повиквания</string>
  <string name="sum_show_caller_id">Покажи номера при изходящи повиквания</string>
  <string name="sum_default_caller_id">Използвай оригиналния номер при изходящи повиквания</string>
  <string name="labelCW">Задържане на обаждания</string>
  <string name="sum_cw_enabled">During a call, notify me of incoming calls</string>
  <string name="sum_cw_disabled">During a call, notify me of incoming calls</string>
  <string name="call_forwarding_settings">Настройки за препращане на обаждания</string>
  <string name="labelCF">Препращане на обаждания</string>
  <string name="labelCFU">Винаги препращай</string>
  <string name="messageCFU">Винаги използвай този номер</string>
  <string name="sum_cfu_enabled_indicator">Препращане на всички обаждания</string>
  <string name="sum_cfu_enabled">Препращане на всички обаждания до {0}</string>
  <string name="sum_cfu_enabled_no_number">Номерът е недостъпен</string>
  <string name="sum_cfu_disabled">Disabled</string>
  <string name="labelCFB">Препрати при заето</string>
  <string name="messageCFB">Номер при заето</string>
  <string name="sum_cfb_enabled">Forwarding to {0}</string>
  <string name="sum_cfb_disabled">Disabled</string>
  <string name="disable_cfb_forbidden">Вашият оператор не поддържа прекратяване на прехвърлания при зает сигнал.</string>
  <string name="labelCFNRy">Прехвърли при неотговор</string>
  <string name="messageCFNRy">Номер при неотговор</string>
  <string name="sum_cfnry_enabled">Forwarding to {0}</string>
  <string name="sum_cfnry_disabled">Disabled</string>
  <string name="disable_cfnry_forbidden">Вашият оператор не поддържа прекратяване на прехвърлане при неотговор.</string>
  <string name="labelCFNRc">Прехвърли при недостъпен</string>
  <string name="messageCFNRc">Номер при недостъпен</string>
  <string name="sum_cfnrc_enabled">Forwarding to {0}</string>
  <string name="sum_cfnrc_disabled">Disabled</string>
  <string name="disable_cfnrc_forbidden">Вашият оператор не поддържа прекратяване на прехвърлания при недостъпен.</string>
  <string name="updating_title">Call settings</string>
  <string name="error_updating_title">Грешка при настройките за разговор</string>
  <string name="reading_settings">Четене на настройки...</string>
  <string name="updating_settings">Обновяване на настройките</string>
  <string name="reverting_settings">Връщане на настройки...</string>
  <string name="response_error">Неочакван отговор от мрежата.</string>
  <string name="exception_error">Мрежова или SIM грешка.</string>
  <string name="radio_off_error">Моля включете радиото, за да видите тези настройки.</string>
  <string name="close_dialog">ОК</string>
  <string name="enable">Enable</string>
  <string name="disable">Disable</string>
  <string name="change_num">Обнови</string>
  <string name="vm_save_number">Запази номер на гласова поща</string>
  <string name="vm_changed">Номерът на гласовата поща е сменен.</string>
  <string name="vm_change_failed">Номерът на гласовата поща не можа да бъде сменен.\nМоля, свържете се с Вашия оператор ако проблемът продължи.</string>
  <string name="fw_change_failed">Номерът за прехвърляне не можа да бъде сменен.\nМоля, свържете се с Вашия оператор ако проблемът продължи.</string>
  <string name="fw_get_in_vm_failed">Неуспешен опит за получаване и запазване на настоящия номер за прехвърляне.\nЖелаете ли да преминете към новия оператор въпреки това?</string>
  <string name="no_change">Не са направени промени.</string>
  <string name="sum_voicemail_choose_provider">Изберете услуга за гласова поща</string>
  <string name="voicemail_default">Моят оператор</string>
  <string name="mobile_networks">Мобилни настройки</string>
  <string name="label_available">Налични мрежи</string>
  <string name="load_networks_progress">Търсене...</string>
  <string name="empty_networks_list">Няма намери мрежи.</string>
  <string name="search_networks">Търсене на мрежи</string>
  <string name="network_query_error">Грешка при търсене на мрежи.</string>
  <string name="register_on_network">Регистриране на %s...</string>
  <string name="not_allowed">Вашата SIM карта не позволява връзка с тази мрежа.</string>
  <string name="connect_later">Не може да се свържете с тази мрежа в този момент. Моля, опитайте отново по-късно.</string>
  <string name="registration_done">Регистрирани в мрежа.</string>
  <string name="sum_carrier_select">Изберете мобилен оператор</string>
  <string name="sum_search_networks">Търсене на всички налични мрежи</string>
  <string name="select_automatically">Изберете автоматично</string>
  <string name="sum_select_automatically">Автоматично избиране на предпочитана мрежа</string>
  <string name="register_automatically">Автоматична регистрация...</string>
  <string name="preferred_network_mode_title">Режим на мрежата</string>
  <string name="preferred_network_mode_summary">Промяна на работния режим на мрежата</string>
  <string name="preferred_network_mode_dialogtitle">Предпочитан мрежови режим</string>
  <string name="data_enabled">Мобилни данни активирани</string>
  <string name="data_enable_summary">Разреши достъп до данни в мобилната мрежа</string>
  <string name="roaming">Данни в роуминг</string>
  <string name="roaming_enable">Connect to data services when roaming</string>
  <string name="roaming_disable">Connect to data services when roaming</string>
  <string name="roaming_reenable_message">You have lost data connectivity because you left your home network with data roaming turned off.</string>
  <string name="roaming_warning">Allow data roaming? You may incur significant roaming charges!</string>
  <string name="gsm_umts_options">GSM/UMTS Опции</string>
  <string name="cdma_options">CDMA Опции</string>
  <string name="throttle_data_usage">Използванни данни</string>
  <string name="throttle_settings_title">Политика за данни на оператора</string>
  <string name="throttle_current_usage">Използвани данни за текущ период</string>
  <string name="throttle_time_frame">Период за използване на данните</string>
  <string name="throttle_rate">Правила за скорост на данни</string>
  <string name="throttle_help">Научете повече</string>
  <string name="throttle_status_subtext">%1$ s (%2$ d٪) от %3$s максимума за периода\nСледващият период започва след %4$ d дни (%5$ s)</string>
  <string name="throttle_data_usage_subtext">%1$ s (%2$ d٪) от %3$s за периода</string>
  <string name="throttle_data_rate_reduced_subtext">%1$s максимумът прехвърлен\nСкорост за достъп до данни намален до %2$ d Kb/s</string>
  <string name="throttle_time_frame_subtext">%1$ d٪ от периода достигнат\nСледващият период започва след %2$ d дни (%3$ s)</string>
  <string name="throttle_rate_subtext">Скорост на данните, намалена до %1$ d Kb/s, ако лимита за данни е надхвърлен</string>
  <string name="throttle_help_subtext">Повече информация за използването на мобилни данни на Вашия мобилен оператор</string>
  <string name="cdma_cell_broadcast_sms">Cell Broadcast SMS</string>
  <string name="cell_broadcast_sms">Cell Broadcast SMS</string>
  <string name="enable_disable_cell_bc_sms">Cell Broadcast SMS</string>
  <string name="cell_bc_sms_enable">Клетка за излъчване на SMS включена</string>
  <string name="cell_bc_sms_disable">Клетка за излъчване на SMS изключена</string>
  <string name="cb_sms_settings">Настройки за пращане на SMS</string>
  <string name="enable_disable_emergency_broadcast">Аварийнo излъчване</string>
  <string name="emergency_broadcast_enable">Аварийнo излъчванe включено</string>
  <string name="emergency_broadcast_disable">Аварийнo излъчванe изключено</string>
  <string name="enable_disable_administrative">Административни</string>
  <string name="administrative_enable">Административни включени</string>
  <string name="administrative_disable">Административни изключени</string>
  <string name="enable_disable_maintenance">Поддръжка</string>
  <string name="maintenance_enable">Разрешена поддръжка</string>
  <string name="maintenance_disable">Забранена поддръжка</string>
  <string name="general_news_settings">Водещи Новини</string>
  <string name="bf_news_settings">Бизнес и финансови новини</string>
  <string name="sports_news_settings">Спортни новини</string>
  <string name="entertainment_news_settings">Развлекателни новини</string>
  <string name="enable_disable_local">Местни</string>
  <string name="local_enable">Местни новини включени</string>
  <string name="local_disable">Местни новини изключени</string>
  <string name="enable_disable_regional">Регионални</string>
  <string name="regional_enable">Регионални новини включени</string>
  <string name="regional_disable">Регионални новини изключени</string>
  <string name="enable_disable_national">Национални</string>
  <string name="national_enable">Национални новини включени</string>
  <string name="national_disable">Национални новини изключени</string>
  <string name="enable_disable_international">Международни</string>
  <string name="international_enable">Международни новини включени</string>
  <string name="international_disable">Международни новини изключени</string>
  <string name="list_language_title">Language</string>
  <string name="list_language_summary">Изберете езика за новините</string>
  <string name="list_language_dtitle">Езици</string>
  <string name="enable_disable_local_weather">Местно време</string>
  <string name="local_weather_enable">Местно време включено</string>
  <string name="local_weather_disable">Местно време изключени</string>
  <string name="enable_disable_atr">Отчети за трафика в региона</string>
  <string name="atr_enable">Отчети за трафика в региона включени</string>
  <string name="atr_disable">Отчети за трафика в региона изключени</string>
  <string name="enable_disable_lafs">Локални разписания за полетите</string>
  <string name="lafs_enable">Локални разписания за полетите включени</string>
  <string name="lafs_disable">Локални разписания за полетите изключени</string>
  <string name="enable_disable_restaurants">Ресторанти</string>
  <string name="restaurants_enable">Ресторанти включени</string>
  <string name="restaurants_disable">Ресторанти изключени</string>
  <string name="enable_disable_lodgings">Квартири</string>
  <string name="lodgings_enable">Квартири включени</string>
  <string name="lodgings_disable">Квартири изключени</string>
  <string name="enable_disable_retail_directory">Магазинна Директория</string>
  <string name="retail_directory_enable">Магазинна Директория включена</string>
  <string name="retail_directory_disable">Магазинна Директория изключена</string>
  <string name="enable_disable_advertisements">Реклами</string>
  <string name="advertisements_enable">Реклами включени</string>
  <string name="advertisements_disable">Реклами изключени</string>
  <string name="enable_disable_stock_quotes">Борсови котировки</string>
  <string name="stock_quotes_enable">Борсови котировки включени</string>
  <string name="stock_quotes_disable">Борсови котировки изключени</string>
  <string name="enable_disable_eo">Възможности за трудова заетост</string>
  <string name="eo_enable">Възможности за трудова заетост включени</string>
  <string name="eo_disable">Възможности за трудова заетост изключени</string>
  <string name="enable_disable_mhh">Медицински, здравни и болнични</string>
  <string name="mhh_enable">Медицински, здравни и болнични включени</string>
  <string name="mhh_disable">Медицински, здравни и болнични изключени</string>
  <string name="enable_disable_technology_news">Технологични новини</string>
  <string name="technology_news_enable">Технологични новини включени</string>
  <string name="technology_news_disable">Технологични новини изключени</string>
  <string name="enable_disable_multi_category">Разновидни</string>
  <string name="multi_category_enable">Разновидни включени</string>
  <string name="multi_category_disable">Разновидни изключени</string>
  <string name="gsm_umts_network_preferences_title">GMS/UTMS Мрежови Настройки</string>
  <string name="gsm_umts_network_preferneces_summary">Неизпълнени още!</string>
  <string name="gsm_umts_network_preferences_dialogtitle">GMS/UTMS мрежови настройки</string>
  <string name="prefer_2g">Използвайте само 2G мрежи</string>
  <string name="prefer_2g_summary">Съхранение на батерията</string>
  <string name="cdma_system_select_title">System select</string>
  <string name="cdma_system_select_summary">Change the cdma roaming mode</string>
  <string name="cdma_system_select_dialogtitle">System select</string>
  <string name="cdma_roaming_mode_title">CDMA Роуминг режим</string>
  <string name="cdma_roaming_mode_summary">Change the cdma roaming mode</string>
  <string name="cdma_roaming_mode_dialogtitle">CDMA роуминг режим</string>
  <string name="cdma_network_preferences_title">CDMA Мрежови Настройки</string>
  <string name="cdma_network_preferneces_summary">Неизпълнени още!</string>
  <string name="cdma_network_preferences_dialogtitle">CDMA мрежови настройки</string>
  <string name="subscription_title">CDMA абонаментен ТЕСТ</string>
  <string name="subscription_summary">Промяна между RUIM/SIM и NV</string>
  <string name="subscription_dialogtitle">абонамент</string>
  <string name="fdn">Фиксирано набиране на номера</string>
  <string name="manage_fdn_list">FDN list</string>
  <string name="fdn_activation">Активиране на FDN</string>
  <string name="fdn_enabled">Набирането на фиксирани номера е разрешено</string>
  <string name="fdn_disabled">Набирането на фиксирани номера е забранено</string>
  <string name="enable_fdn">Enable FDN</string>
  <string name="disable_fdn">Disable FDN</string>
  <string name="change_pin2">Промени PIN2</string>
  <string name="enable_fdn_ok">Disable FDN</string>
  <string name="disable_fdn_ok">Enable FDN</string>
  <string name="sum_fdn">Управление на фиксирани номера за набиране</string>
  <string name="sum_fdn_change_pin">Смяна на ПИН за FDN достъп</string>
  <string name="sum_fdn_manage_list">Управление на списъка с телефонни номера</string>
  <string name="voice_privacy">Гласова Поверителност</string>
  <string name="voice_privacy_summary">Разреши режим на повишена конфиденциалност</string>
  <string name="tty_mode_title">TTY mode</string>
  <string name="tty_mode_summary">Разреши TTY режим</string>
  <string name="tty_mode_option_title">TTY mode</string>
  <string name="tty_mode_option_summary">Задай режим на TTY</string>
  <string name="auto_retry_mode_title">Автоматично Опитай Отново</string>
  <string name="auto_retry_mode_summary">Разреши автоматично Опитай Отново режим</string>
  <string name="menu_add">Add contact</string>
  <string name="menu_edit">Edit contact</string>
  <string name="menu_delete">Delete contact</string>
  <string name="get_pin2">Въведете PIN2</string>
  <string name="name">Name</string>
  <string name="number">Номер</string>
  <string name="save">Save</string>
  <string name="add_fdn_contact">Добавяне на номер за фиксирано набиране</string>
  <string name="adding_fdn_contact">Добавяне на номер за фиксирано набиране...</string>
  <string name="fdn_contact_added">Номер за фиксирано набиране добавен.</string>
  <string name="edit_fdn_contact">Редактирай номер за фиксирано набиране</string>
  <string name="updating_fdn_contact">Актуализиране на номер за фиксирано набиране...</string>
  <string name="fdn_contact_updated">Номерът за фиксирано набиране беше актуализиран.</string>
  <string name="delete_fdn_contact">Изтрий номера за фиксирано набиране</string>
  <string name="deleting_fdn_contact">Изтриване на номера за фиксирано набиране...</string>
  <string name="fdn_contact_deleted">Номера за фиксирано набиране беше изтрит.</string>
  <string name="pin2_invalid">FDN неактуализиран: въвели сте грешен ПИН.</string>
  <string name="fdn_invalid_number">FDN неактуализиран: номерът не може да надвишава 20 цифри.</string>
  <string name="simContacts_emptyLoading">Четене от SIM карта…</string>
  <string name="simContacts_empty">Няма намерени контакти на SIM картата ви.</string>
  <string name="simContacts_title">Изберете контакти за импортиране</string>
  <string name="enable_pin">Разреши/забрани SIM ПИН</string>
  <string name="change_pin">Change SIM PIN</string>
  <string name="enter_pin_text">SIM PIN:</string>
  <string name="oldPinLabel">Стар PIN</string>
  <string name="newPinLabel">Нов PIN</string>
  <string name="confirmPinLabel">Потвърждение на нов ПИН</string>
  <string name="badPin">Старият ПИН, който сте въвели, е неверен. Моля, опитайте отново.</string>
  <string name="mismatchPin">Пиновете, които въведохте, не съвпадат. Моля, опитайте отново.</string>
  <string name="invalidPin">Въведете ПИН от 4 до 8 числа.</string>
  <string name="disable_sim_pin">Забрани SIM ПИН</string>
  <string name="enable_sim_pin">Разреши SIM ПИН</string>
  <string name="enable_in_progress">Моля, изчакайте…</string>
  <string name="enable_pin_ok">SIM ПИН включен</string>
  <string name="disable_pin_ok">SIM ПИН изключен</string>
  <string name="pin_failed">Въведеният от вас ПИН е неправилен</string>
  <string name="pin_changed">SIM PIN changed successfully</string>
  <string name="puk_requested">Password incorrect, SIM is locked! PUK2 requested.</string>
  <string name="enter_pin2_text">PIN2</string>
  <string name="oldPin2Label">Стар PIN2</string>
  <string name="newPin2Label">Нов PIN2</string>
  <string name="confirmPin2Label">Потвърждение на нов ПИН2</string>
  <string name="badPuk2">PUK2, който сте въвели, е грешен. Моля, опитайте отново.</string>
  <string name="badPin2">Старият PIN2, който сте въвели, е грешен. Моля, опитайте отново.</string>
  <string name="mismatchPin2">Пиновете, които въведохте, не съвпадат Моля, опитайте отново.</string>
  <string name="invalidPin2">Въведете ПИН2 от 4 до 8 числа.</string>
  <string name="invalidPuk2">Въведете PUK2, който е 8 числа.</string>
  <string name="pin2_changed">PIN2, променен успешно</string>
  <string name="label_puk2_code">Въведете PUK2 код</string>
  <string name="fdn_enable_puk2_requested">Паролата е неправилна, променете PIN2 и опитайте отново!</string>
  <string name="puk2_requested">Password incorrect, SIM is locked! PUK2 requested.</string>
  <string name="doneButton">Done</string>
  <string name="caller_manage_header">Конферентен Разговор %s</string>
  <string name="caller_manage_manage_done_text">Обратно обаждане</string>
  <string name="fake_phone_activity_phoneNumber_text">(650) 555-1234</string>
  <string name="fake_phone_activity_infoText_text">Входящ телефонен номер</string>
  <string name="fake_phone_activity_placeCall_text">Фалшиво входящо повикване</string>
  <string name="sim_missing_continueView_text">Продължи без SIM карта</string>
  <string name="sim_missing_msg_text">Няма намерена SIM карта. Поставете SIM карта в телефона.</string>
  <string name="sim_unlock_dismiss_text">Dismiss</string>
  <string name="sim_unlock_unlock_text">Unlock</string>
  <string name="sim_unlock_status_text">Удостоверяване на PIN…</string>
  <string name="voicemail_settings_number_label">Номер на Гласова Поща</string>
  <string name="card_title_dialing">Набиране</string>
  <string name="card_title_redialing">Повторен опит</string>
  <string name="card_title_in_progress">Current call</string>
  <string name="card_title_conf_call">Conference call</string>
  <string name="card_title_incoming_call">Incoming call</string>
  <string name="card_title_cdma_call_waiting">Изчакване на CDMA обаждане</string>
  <string name="card_title_call_ended">Повикването завърши</string>
  <string name="card_title_on_hold">On hold</string>
  <string name="card_title_hanging_up">Затваряне</string>
  <string name="card_title_in_call">В повикване</string>
  <string name="notification_missedCallTitle">Missed call</string>
  <string name="notification_missedCallsTitle">Пропуснати повиквания</string>
  <string name="notification_missedCallsMsg">%s пропуснати повиквания</string>
  <string name="notification_missedCallTicker">Пропуснато повикване от %s</string>
  <string name="notification_ongoing_call_format">Текущото повикване (%s)</string>
  <string name="notification_on_hold">On hold</string>
  <string name="notification_voicemail_title">Нова гласова поща</string>
  <string name="notification_voicemail_title_count">Нова гласова поща (%d)</string>
  <string name="notification_voicemail_text_format">Набери %s</string>
  <string name="notification_voicemail_no_vm_number">Неизвестен номер на гласова поща</string>
  <string name="notification_network_selection_title">Извън Обхват</string>
  <string name="notification_network_selection_text">Избраната мрежа (%s) е недостъпна</string>
  <string name="incall_error_power_off">Изключете режим Полет, за да се обадите.</string>
  <string name="incall_error_emergency_only">Не е регистриран в мрежа.</string>
  <string name="incall_error_out_of_service">Мобилната мрежа не е достъпна.</string>
  <string name="incall_error_no_phone_number_supplied">Повикването неосъществено, въведен грешен номер.</string>
  <string name="incall_error_call_failed">Повикването неосъществено.</string>
  <string name="incall_status_dialed_mmi">Стартиране на MMI поредица...</string>
  <string name="incall_status_dialed_fc">Стартиране на функция кодова поредица…</string>
  <string name="incall_error_supp_service_unknown">Неподдържана услуга.</string>
  <string name="incall_error_supp_service_switch">Невъзможност за превключване между повиквания.</string>
  <string name="incall_error_supp_service_separate">Невъзможност за отделно повикване.</string>
  <string name="incall_error_supp_service_transfer">Невъзможност за прехвърляне на повикване.</string>
  <string name="incall_error_supp_service_conference">Невъзможност за конферентни разговори.</string>
  <string name="incall_error_supp_service_reject">Невъзможност за отхвърляне на повикване.</string>
  <string name="incall_error_supp_service_hangup">Невъзможност за освобождаване на разговор(и).</string>
  <string name="emergency_enable_radio_dialog_title">Аварийно обаждане</string>
  <string name="emergency_enable_radio_dialog_message">Включване на радиото…</string>
  <string name="emergency_enable_radio_dialog_retry">Извън обхват, повторен опит...</string>
  <string name="dial_emergency_error">Повикването неосъществено, %s не е авариен номер!</string>
  <string name="dial_emergency_empty_error">Повикването неосъществено, моля да наберете авариен номер!</string>
  <string name="dialerKeyboardHintText">Use keyboard to dial</string>
  <string name="dtmfDialpadHintText">Тонове при докосване на клавиатурата</string>
  <string name="dtmfDialpadHandleLabel">Dialpad</string>
  <string name="touchLockText">Двойно почукване\nза отключване</string>
  <string name="onscreenAnswerText">Двойно почукване\nза отговор</string>
  <string name="onscreenRejectText">Двойно почукване\nза затваряне</string>
  <string name="onscreenHoldText">Hold</string>
  <string name="onscreenUnholdText">Продължи</string>
  <string name="onscreenEndCallText">End</string>
  <string name="onscreenShowDialpadText">Dialpad</string>
  <string name="onscreenHideDialpadText">Hide</string>
  <string name="onscreenSpeakerText">Speaker</string>
  <string name="onscreenMuteText">Mute</string>
  <string name="onscreenBluetoothText">Bluetooth</string>
  <string name="onscreenAddCallText">Add call</string>
  <string name="onscreenMergeCallsText">Merge calls</string>
  <string name="onscreenSwapCallsText">Смени</string>
  <string name="onscreenManageCallsText">Управление на разговорите</string>
  <string name="onscreenManageConferenceText">Управление</string>
  <string name="importSimEntry">Импортиране</string>
  <string name="importAllSimEntries">Импортиране на всички</string>
  <string name="importingSimContacts">Импортиране на контакти от SIM</string>
  <string name="importToFDNfromContacts">Импортиране от контакти</string>
  <string name="hac_mode_title">Помощ за чуваемост</string>
  <string name="hac_mode_summary">Включете помощ за чуваемост</string>
  <string name="eri_text_label">ERI текст</string>
  <string name="dtmf_tones_title">DTMF Тонове</string>
  <string name="dtmf_tones_summary">Задайте дължина на DTMF тоновете</string>
  <string name="network_message">Мрежово съобщение</string>
  <string name="ota_title_activate">Активиране на вашия телефон</string>
  <string name="ota_touch_activate">Трябва да направите специално обаждане, за да активирате телефонната услуга. \n\nЧуйте инструкциите след като натистете бутона "Активирай".</string>
  <string name="ota_touch_activate_new">Натиснете "Активирай", за да направите специално обаждане, което ще активира телефона Ви към вашия оператор.</string>
  <string name="ota_skip_activation_dialog_title">Пропусни активиране?</string>
  <string name="ota_skip_activation_dialog_message">Ако пропуснете активация, Вие няма да можете да се обаждате или да използвате мобилен интернет (връзката към Wi-Fi мрежи ще е възможна). Телефонът ви ще изисква активация при всяко стартиране, докато такава не бъде направена.</string>
  <string name="ota_skip_activation_dialog_skip_label">Пропусни</string>
  <string name="ota_skip_activation_dialog_continue_label">Activate</string>
  <string name="ota_activate">Activate</string>
  <string name="ota_title_activate_success">Телефонът е активиран!</string>
  <string name="ota_title_problem_with_activation">Проблем при активацията</string>
  <string name="ota_listen">Следвайте гласовите инструкции, докато чуете че активацията е завършена.</string>
  <string name="ota_dialpad">Клавиатура</string>
  <string name="ota_speaker">Speaker</string>
  <string name="ota_progress">Моля изчакайте, докато телефонът ви бъде програмиран.</string>
  <string name="ota_failure">Програмирането Неуспешно</string>
  <string name="ota_successful">Телефонът ви е активиран. Може да отнеме до 15 минути, докато услугите станат активни.</string>
  <string name="ota_unsuccessful">Телефонът ви не беше активиран. \nОпитайте да намерите мрежа с по-висок обхват (близо до прозорец, или навън). \n\nОпитайте отново или се свържете с центъра за обслужване на клиенти.</string>
  <string name="ota_spc_failure">ПРЕКОМЕРНИ SPC ГРЕШКИ</string>
  <string name="ota_call_end">Back</string>
  <string name="ota_try_again">Try again</string>
  <string name="ota_next">Next</string>
  <string name="ota_back">Back</string>
  <string name="ecm_exit_dialog">EcmExitDialog</string>
  <string name="phone_entered_ecm_text">Влязохте в режим Аварийни Повиквания</string>
  <string name="phone_in_ecm_notification_title">Режим Аварийни Повиквания</string>
  <string name="phone_in_ecm_call_notification_text">Връзка с данни изключена</string>
  <string name="alert_dialog_in_ecm_call">Избраното действие е недостъпно в режим аварийни обаждания</string>
  <string name="progress_dialog_exiting_ecm">Излизане от Режим Аварийни Обаждания</string>
  <string name="alert_dialog_yes">Yes</string>
  <string name="alert_dialog_no">No</string>
  <string name="alert_dialog_dismiss">Dismiss</string>
  <string name="absent_num">ЛИПСВА НОМЕР</string>
  <string name="voicemail_settings">Настройки за гласова поща</string>
  <string name="voicemail_number_not_set">< не е зададено ></string>
  <string name="voicemail_provider">Гласова Поща услуги</string>
  <string name="voicemail_settings_for">Настройки за %s</string>
  <string name="other_settings">Други настройки за повиквания</string>
  <string name="dial_button_label">Набери</string>
  <string name="calling_via_template">Набиране чрез ^ 1\n</string>
  <string name="slide_to_answer">Плъзнете надясно за отговор</string>
  <string name="slide_to_silence">Плъзнете наляво за заглушаване</string>
  <string name="slide_to_decline">Плъзнете наляво за отказ</string>
  <string name="slide_to_answer_and_hold">Плъзнете надясно за отговор и\nзадържане на активно обаждане</string>
  <string name="slide_to_answer_and_end_active">Плъзнете надясно за отговор и\nпрекратяване на активно обаждане</string>
  <string name="slide_to_answer_and_end_onhold">Плъзнете надясно за отговор и\nпрекратяване на задържано обаждане</string>
  <string name="slide_to_answer_hint">Answer</string>
  <string name="slide_to_decline_hint">Decline</string>
  <string name="notification_ongoing_calling_format">Набиране (%s)</string>
  <string name="advanced_setting">Разширени настройки</string>
  <string name="call_reject_hint">Плъзни нагоре за край</string>
  <string name="hangup_sms">Натиснете "Меню" бутона за отказ и отговор с SMS</string>
  <string name="hangup_sms_body">Неудобно ми е да говоря сега, ще ти се обадя по-късно</string>
  <string name="onscreenNoteText">Записи</string>
  <string name="query_telocation_title">Справочни номера, принадлежащи към</string>
  <string name="query_telocation_sum">Може да бъде намерен на подвижни или стационарни телефонни номера принадлежащи на собственика</string>
  <string name="button_query_hint">Моля, въведете мобилен телефон или номер на фиксирана линия</string>
  <string name="button_query">Заявка</string>
  <string name="button_clear">Празен</string>
  <string name="text_location">Приписване:</string>
  <string name="text_areacode">Регионален код:</string>
  <string name="unknown_location">Няма никакви заявки за съответната информация</string>
  <string name="autoip">Интелигентно IP набиране</string>
  <string name="autoip_sum">Добавянето на отдалечен IP адрес е автоматично, но трябва да въведете настоящия регинален код на наземната линия</string>
  <string name="ip_prefix">IP префикс</string>
  <string name="ip_prefix_sum">Оператор за IP набиране префикс: %s</string>
  <string name="current_areacode">Текущ стационарни телефонен код</string>
  <string name="current_areacode_sum">Местоположение на текущия регионалния код, ако сте в роуминг, трябва да бъде роуминг регионален код. За пример: 010</string>
  <string name="always_enable_mms">Винаги получавате MMS</string>
  <string name="always_enable_mms_summary">При изключени мобилни данни ще получавате MMS без никакви разходи</string>
  <string name="dialer_click_pref_title">Щракнете върху списъка с контакти</string>
  <string name="dialer_click_pref_summary">Списък с потребителски контакти, щракнете върху действия</string>
  <string name="auto_dialpad_pref_title">Автоматично изкачаща клавиатура за набиране</string>
  <string name="auto_dialpad_pref_summary">Клавиатурата ще се покзава при всяко повикване</string>
  <string name="anti_disturb_settings">DND Настройки</string>
  <string name="incoming_call_limit_title">Лимит входящи</string>
  <string name="incoming_call_limit_summary">Позволи обаждане само до допустими номера</string>
</resources>
