<?xml version="1.0" encoding="utf-8"?>
<!--Generated by crowdin.net-->
<resources>
  <string name="app_label">Kişiler</string>
  <string name="provider_label">Kişiler</string>
  <string name="upgrade_out_of_memory_notification_ticker">Kişi kayıdı için hafıza yetersiz</string>
  <string name="upgrade_out_of_memory_notification_title">Kişiler güncelleniyor</string>
  <string name="upgrade_out_of_memory_notification_text">Güncelleştirmeyi tamamlamak için onaylayın.</string>
  <string name="edit_contact">Varolan bir kişiye ekle</string>
  <string name="create_contact">Yeni Kişi</string>
</resources>
