<?xml version="1.0" encoding="utf-8"?>
<!--Generated by crowdin.net-->
<resources>
  <string name="app_name">FM Radyo</string>
  <string name="tx_app_name">FM Verici</string>
  <string name="preset_delete">Sıfırla</string>
  <string name="stat_notif_frequency">FM MHz FM %1$s</string>
  <string name="sel_band_menu">Bölgesel frekans seçin</string>
  <string name="settings_menu">Ayarlar Menüsü</string>
  <string name="regional_band">bölgesel frekans</string>
  <string name="aud_output_mode">Ses çıkış modu</string>
  <string name="sel_audio_output">Ses çıkışı seçin</string>
  <string name="record_dur">Kayıt süresi</string>
  <string name="sel_rec_dur">Kayıt Süresi seçin</string>
  <string name="auto_select_af">alternatif frekans</string>
  <string name="auto_select_af_enabled">otomatik seçim modu etkin</string>
  <string name="auto_select_af_disabled">otomatik seçim modu kapalı</string>
  <string name="fac_defaults">fabrika ayarları</string>
  <string name="revert_to_fac">Fabrika ayarlarına dön</string>
  <string name="settings_back">geri</string>
  <string name="settings_revert_confirm_title">ayarlari sıfırlamak icin onaylayın</string>
  <string name="settings_revert_confirm_msg">Bu işlem tüm ayarları ve programları silecektir</string>
  <string name="settings_back_summary">Önceki görünüme dön</string>
  <string name="settings_revert_defaults_title">Fabrika ayarlarına dön</string>
  <string name="settings_revert_defaults_summary">Tüm ayarları sıfırla</string>
  <string name="alert_dialog_ok">hata uyarısı</string>
  <string name="alert_dialog_cancel">iptal et</string>
  <string name="preset_search">Sıfırla%1$s</string>
  <string name="fm_command_failed_title">FM</string>
  <string name="fm_cmd_failed_msg">İşlem başarısız oldu. Olası nedenleri şunlardır: Anten görevi görecek kulaklık takmadınız ON / OFF tuşu ile kabloyu taktıktan sonra tekrar deneyin ON / OFF Radyoyu yeniden başlatmak için düğmeye basın</string>
  <string name="durationformat">%2$d:%5$02d</string>
  <string name="frequency_string">Frekans</string>
  <string name="stat_no_fm">FM radyo açık değildir</string>
  <string name="need_headset_for_antenna">anten olarak kulaklığın takın</string>
  <string name="init_FM">FM başlatılıyor...</string>
  <string name="need_bluetooth">Bluetooth gerektiriyor</string>
</resources>
