<?xml version="1.0" encoding="utf-8"?>
<!--Generated by crowdin.net-->
<resources>
  <string name="cancel">İptal</string>
  <string name="copy">Kopyala</string>
  <string name="copyUrl">URL\'yi kopyala</string>
  <string name="cut">Kes</string>
  <string name="defaultVoiceMailAlphaTag">Sesli Mesaj</string>
  <string name="defaultMsisdnAlphaTag">MSISDN1</string>
  <string name="emptyPhoneNumber">(Telefon numarası yok)</string>
  <string name="httpErrorBadUrl">URL geçersiz olduğundan sayfa açılamadı.</string>
  <string name="httpErrorUnsupportedScheme">Protokol desteklenmiyor.</string>
  <string name="no">İptal</string>
  <string name="ok">Tamam</string>
  <string name="paste">Yapıştır</string>
  <string name="search_go">Ara</string>
  <string name="selectAll">Tümünü seç</string>
  <string name="unknownName">(Bilinmiyor)</string>
  <string name="untitled"><başlıksız></string>
  <string name="VideoView_error_button">Tamam</string>
  <string name="VideoView_error_text_unknown">Maalesef bu video oynatılamıyor.</string>
  <string name="VideoView_error_title">Video oynatılamıyor</string>
  <string name="yes">Tamam</string>
  <string name="dialog_alert_title">Dikkat</string>
  <string name="VideoView_error_text_invalid_progressive_playback">Maalesef, bu video cihaza akışla göndermek için uygun değil.</string>
  <string name="config_tether_apndata">config_tether_apndata</string>
  <string name="config_networkLocationProvider">com.google.android.location.NetworkLocationProvider</string>
  <string name="config_geocodeProvider">com.google.android.location.GeocodeProvider</string>
  <string name="config_datause_iface">rmnet0</string>
  <string name="month_long_standalone_january">Ocak</string>
  <string name="month_long_standalone_february">Şubat</string>
  <string name="month_long_standalone_march">Mart</string>
  <string name="month_long_standalone_april">Nisan</string>
  <string name="month_long_standalone_may">Mayıs</string>
  <string name="month_long_standalone_june">Haziran</string>
  <string name="month_long_standalone_july">Temmuz</string>
  <string name="month_long_standalone_august">Ağustos</string>
  <string name="month_long_standalone_september">Eylül</string>
  <string name="month_long_standalone_october">Ekim</string>
  <string name="month_long_standalone_november">Kasım</string>
  <string name="month_long_standalone_december">Aralık</string>
  <string name="month_long_january">Ocak</string>
  <string name="month_long_february">Şubat</string>
  <string name="month_long_march">Mart</string>
  <string name="month_long_april">Nisan</string>
  <string name="month_long_may">Mayıs</string>
  <string name="month_long_june">Haziran</string>
  <string name="month_long_july">Temmuz</string>
  <string name="month_long_august">Ağustos</string>
  <string name="month_long_september">Eylül</string>
  <string name="month_long_october">Ekim</string>
  <string name="month_long_november">Kasım</string>
  <string name="month_long_december">Aralık</string>
  <string name="month_medium_january">Oca</string>
  <string name="month_medium_february">Şub</string>
  <string name="month_medium_march">Mart</string>
  <string name="month_medium_april">Nis</string>
  <string name="month_medium_may">May</string>
  <string name="month_medium_june">Haz</string>
  <string name="month_medium_july">Tem</string>
  <string name="month_medium_august">Ağu</string>
  <string name="month_medium_september">Eyl</string>
  <string name="month_medium_october">Eki</string>
  <string name="month_medium_november">Kas</string>
  <string name="month_medium_december">Ara</string>
  <string name="month_shortest_january">O</string>
  <string name="month_shortest_february">Ş</string>
  <string name="month_shortest_march">M</string>
  <string name="month_shortest_april">N</string>
  <string name="month_shortest_may">M</string>
  <string name="month_shortest_june">H</string>
  <string name="month_shortest_july">T</string>
  <string name="month_shortest_august">A</string>
  <string name="month_shortest_september">E</string>
  <string name="month_shortest_october">E</string>
  <string name="month_shortest_november">K</string>
  <string name="month_shortest_december">A</string>
  <string name="day_of_week_long_sunday">Pazar</string>
  <string name="day_of_week_long_monday">Pazartesi</string>
  <string name="day_of_week_long_tuesday">Salı</string>
  <string name="day_of_week_long_wednesday">Çarşamba</string>
  <string name="day_of_week_long_thursday">Perşembe</string>
  <string name="day_of_week_long_friday">Cuma</string>
  <string name="day_of_week_long_saturday">Cumartesi</string>
  <string name="day_of_week_medium_sunday">Paz</string>
  <string name="day_of_week_medium_monday">Pzt</string>
  <string name="day_of_week_medium_tuesday">Sal</string>
  <string name="day_of_week_medium_wednesday">Çar</string>
  <string name="day_of_week_medium_thursday">Per</string>
  <string name="day_of_week_medium_friday">Cum</string>
  <string name="day_of_week_medium_saturday">Cmt</string>
  <string name="day_of_week_short_sunday">Paz</string>
  <string name="day_of_week_short_monday">Pzt</string>
  <string name="day_of_week_short_tuesday">Sal</string>
  <string name="day_of_week_short_wednesday">Çar</string>
  <string name="day_of_week_short_thursday">Per</string>
  <string name="day_of_week_short_friday">Cum</string>
  <string name="day_of_week_short_saturday">Cmt</string>
  <string name="day_of_week_shortest_sunday">P</string>
  <string name="day_of_week_shortest_monday">P</string>
  <string name="day_of_week_shortest_tuesday">S</string>
  <string name="day_of_week_shortest_wednesday">Ç</string>
  <string name="day_of_week_shortest_thursday">P</string>
  <string name="day_of_week_shortest_friday">C</string>
  <string name="day_of_week_shortest_saturday">C</string>
  <string name="am">AM</string>
  <string name="pm">PM</string>
  <string name="yesterday">Dün</string>
  <string name="today">Bugün</string>
  <string name="tomorrow">Yarın</string>
  <string name="hour_minute_24">%H:%M</string>
  <string name="hour_minute_ampm">%-l:%M %p</string>
  <string name="hour_minute_cap_ampm">%-l:%M %^p</string>
  <string name="twelve_hour_time_format">h:mm a</string>
  <string name="twenty_four_hour_time_format">HH:mm</string>
  <string name="numeric_date">%d %m %Y</string>
  <string name="numeric_date_format">dd MM yyyy</string>
  <string name="numeric_date_template">%s %s %s</string>
  <string name="month_day_year">%d %B %Y</string>
  <string name="time_of_day">%H:%M:%S</string>
  <string name="date_and_time">%d %b %Y %H:%M:%S</string>
  <string name="date_time">%1$s %2$s</string>
  <string name="time_date">%3$s %1$s</string>
  <string name="abbrev_month_day_year">%d %b %Y</string>
  <string name="month_day">%d %B</string>
  <string name="month">%-B</string>
  <string name="month_year">%B %Y</string>
  <string name="abbrev_month_day">%d %b</string>
  <string name="abbrev_month">%-b</string>
  <string name="abbrev_month_year">%b %Y</string>
  <string name="time1_time2">%1$s - %2$s</string>
  <string name="date1_date2">%2$s - %5$s</string>
  <string name="numeric_md1_md2">%3$s.%2$s - %8$s.%7$s</string>
  <string name="numeric_wday1_md1_wday2_md2">%3$s.%2$s %1$s - %8$s.%7$s %6$s</string>
  <string name="numeric_mdy1_mdy2">%3$s.%2$s.%4$s - %8$s.%7$s.%9$s</string>
  <string name="numeric_wday1_mdy1_wday2_mdy2">%3$s.%2$s.%4$s %1$s - %8$s.%7$s.%9$s %6$s</string>
  <string name="numeric_wday1_mdy1_time1_wday2_mdy2_time2">%3$s.%2$s.%4$s %1$s %5$s - %8$s.%7$s.%9$s %6$s %10$s</string>
  <string name="numeric_md1_time1_md2_time2">%3$s/%2$s %5$s - %8$s/%7$s %10$s</string>
  <string name="numeric_wday1_md1_time1_wday2_md2_time2">%3$s/%2$s %1$s %5$s - %8$s/%7$s %6$s %10$s</string>
  <string name="numeric_mdy1_time1_mdy2_time2">%3$s %2$s %4$s %5$s - %8$s %7$s %9$s %10$s</string>
  <string name="wday1_date1_time1_wday2_date2_time2">%2$s %1$s %3$s - %5$s %4$s %6$s</string>
  <string name="wday1_date1_wday2_date2">%2$s %1$s - %5$s %4$s</string>
  <string name="date1_time1_date2_time2">%2$s %3$s - %5$s %6$s</string>
  <string name="time_wday_date">%3$s %2$s %1$s</string>
  <string name="wday_date">%3$s %2$s</string>
  <string name="time_wday">%2$s %1$s</string>
  <string name="same_year_md1_md2">%3$s %2$s - %8$s %7$s</string>
  <string name="same_year_wday1_md1_wday2_md2">%3$s %2$s %1$s - %8$s %7$s %6$s</string>
  <string name="same_year_md1_time1_md2_time2">%3$s %2$s %5$s - %8$s %7$s %10$s</string>
  <string name="same_month_md1_time1_md2_time2">%3$s %2$s %5$s - %8$s %7$s %10$s</string>
  <string name="same_year_wday1_md1_time1_wday2_md2_time2">%3$s %2$s %1$s %5$s - %8$s %7$s %6$s %10$s</string>
  <string name="same_month_wday1_md1_time1_wday2_md2_time2">%3$s %2$s %1$s %5$s - %8$s %7$s %6$s %10$s</string>
  <string name="same_year_mdy1_time1_mdy2_time2">%3$s %2$s %4$s %5$s - %8$s %7$s %9$s %10$s</string>
  <string name="same_month_mdy1_time1_mdy2_time2">%3$s %2$s %4$s %5$s - %8$s %7$s %9$s %10$s</string>
  <string name="same_year_wday1_mdy1_time1_wday2_mdy2_time2">%3$s %2$s %4$s %1$s %5$s - %8$s %7$s %9$s %6$s %10$s</string>
  <string name="same_month_wday1_mdy1_time1_wday2_mdy2_time2">%3$s %2$s %4$s %1$s %5$s - %8$s %7$s %9$s %6$s %10$s</string>
  <string name="same_month_wday1_mdy1_wday2_mdy2">%3$s %2$s %4$s %1$s - %8$s %7$s %9$s %6$s</string>
  <string name="same_month_md1_md2">%3$s-%8$s %2$s</string>
  <string name="same_month_wday1_md1_wday2_md2">%3$s %2$s %1$s - %8$s %7$s %6$s</string>
  <string name="same_year_mdy1_mdy2">%3$s %2$s - %8$s %7$s %9$s</string>
  <string name="same_month_mdy1_mdy2">%3$s-%8$s %2$s %9$s</string>
  <string name="same_year_wday1_mdy1_wday2_mdy2">%3$s %2$s %1$s - %8$s %7$s %6$s %9$s</string>
  <string name="short_format_month">%b</string>
  <string name="full_wday_month_day_no_year">dd MMMM EEEE</string>
  <string name="abbrev_wday_month_day_year">dd MMM yyyy EEE</string>
  <string name="common_name_prefixes">Ad ön eki</string>
  <string name="common_name_suffixes">isim öneki</string>
  <string name="common_last_name_prefixes">soy adı öneki</string>
  <string name="common_name_conjunctions">Ad bağlaçları</string>
  <string name="default_text_encoding">Latin-1</string>
  <string name="lock_pattern_view_aspect">kare</string>
  <string name="byteShort">B</string>
  <string name="kilobyteShort">KB</string>
  <string name="megabyteShort">MB</string>
  <string name="gigabyteShort">GB</string>
  <string name="terabyteShort">TB</string>
  <string name="petabyteShort">PB</string>
  <string name="fileSizeSuffix">%1$s %2$s</string>
  <string name="ellipsis">…</string>
  <string name="mmiError">Bağlantı sorunu veya geçersiz MMI kodu.</string>
  <string name="serviceEnabled">Hizmet etkindi.</string>
  <string name="serviceEnabledFor">Hizmet şunun için etkinleştirildi:</string>
  <string name="serviceDisabled">Hizmet devre dışı bırakıldı.</string>
  <string name="serviceRegistered">Kayıt işlemi başarılı oldu.</string>
  <string name="serviceErased">Silme işlemi başarılı.</string>
  <string name="passwordIncorrect">Yanlış şifre.</string>
  <string name="mmiComplete">MMI tamamlandı.</string>
  <string name="badPin">Yazdığınız eski PIN doğru değil.</string>
  <string name="badPuk">Yazdığınız PUK doğru değil.</string>
  <string name="mismatchPin">Girdiğiniz PIN kodları eşleşmiyor.</string>
  <string name="invalidPin">4 ila 8 rakamdan oluşan bir PIN girin.</string>
  <string name="needPuk">SIM kartınızın PUK kilidi devrede. Kilidi açmak için PUK kodunu yazın.</string>
  <string name="needPuk2">Engellenen SIM kartı açmak için PUK2 kodunu yazın.</string>
  <string name="ClipMmi">Gelen Çağrı Kimliği</string>
  <string name="ClirMmi">Giden Çağrı Kimliği</string>
  <string name="CfMmi">Çağrı yönlendirme</string>
  <string name="CwMmi">Çağrı bekletme</string>
  <string name="BaMmi">Çağrı engelleme</string>
  <string name="PwdMmi">Şifre değişikliği</string>
  <string name="PinMmi">PIN kodu değişikliği</string>
  <string name="CnipMmi">Arayan numara mevcut</string>
  <string name="CnirMmi">Arayan numara engellendi</string>
  <string name="ThreeWCMmi">Üç yönlü arama</string>
  <string name="RuacMmi">İstenmeyen sinir bozucu aramaların reddi</string>
  <string name="CndMmi">Aranan numara iletimi</string>
  <string name="DndMmi">Rahatsız etmeyin</string>
  <string name="CLIRDefaultOnNextCallOn">Arayan kimliği varsayılanları kısıtlanmıştır. Sonraki çağrı: Kısıtlanmış</string>
  <string name="CLIRDefaultOnNextCallOff">Arayan kimliği varsayılanları kısıtlanmıştır. Sonraki çağrı: Kısıtlanmamış</string>
  <string name="CLIRDefaultOffNextCallOn">Arayan kimliği varsayılanları kısıtlanmamıştır. Sonraki çağrı: Kısıtlanmış</string>
  <string name="CLIRDefaultOffNextCallOff">Arayan kimliği varsayılanları kısıtlanmamıştır. Sonraki çağrı: Kısıtlanmamış</string>
  <string name="serviceNotProvisioned">Hizmet sağlanamadı.</string>
  <string name="CLIRPermanent">Arayan kimliği ayarı değiştirilemez.</string>
  <string name="RestrictedChangedTitle">Kısıtlanmış erişim değiştirildi</string>
  <string name="RestrictedOnData">Veri hizmeti engellendi.</string>
  <string name="RestrictedOnEmergency">Acil durum hizmeti engellendi.</string>
  <string name="RestrictedOnNormal">Ses hizmeti engellendi.</string>
  <string name="RestrictedOnAllVoice">Tüm Ses hizmetleri engellendi.</string>
  <string name="RestrictedOnSms">SMS hizmeti engellendi.</string>
  <string name="RestrictedOnVoiceData">Ses/Veri hizmetleri engellendi.</string>
  <string name="RestrictedOnVoiceSms">Ses/SMS hizmetleri engellendi.</string>
  <string name="RestrictedOnAll">Tüm Ses/Veri/SMS hizmetleri engellendi.</string>
  <string name="serviceClassVoice">Ses</string>
  <string name="serviceClassData">Veri</string>
  <string name="serviceClassFAX">FAKS</string>
  <string name="serviceClassSMS">SMS</string>
  <string name="serviceClassDataAsync">Asenk.</string>
  <string name="serviceClassDataSync">Senk.</string>
  <string name="serviceClassPacket">Paket</string>
  <string name="serviceClassPAD">PAD</string>
  <string name="roamingText0">Dolaşım Göstergesi Açık</string>
  <string name="roamingText1">Dolaşım Göstergesi Kapalı</string>
  <string name="roamingText2">Dolaşım Göstergesi Yanıp Sönüyor</string>
  <string name="roamingText3">Semt Dışında</string>
  <string name="roamingText4">Bina Dışında</string>
  <string name="roamingText5">Dolaşım - Tercih Edilen Sistem</string>
  <string name="roamingText6">Dolaşım - Kullanılabilir Sistem</string>
  <string name="roamingText7">Dolaşım - İş Ortağı</string>
  <string name="roamingText8">Dolaşım - Özel Ortak</string>
  <string name="roamingText9">Dolaşım - Tam Hizmet İşlevselliği</string>
  <string name="roamingText10">Dolaşım - Kısmi Hizmet İşlevselliği</string>
  <string name="roamingText11">Dolaşım Başlığı Açık</string>
  <string name="roamingText12">Dolaşım Başlığı Kapalı</string>
  <string name="roamingTextSearching">Hizmet Aranıyor</string>
  <string name="cfTemplateNotForwarded">{0}: Yönlendirilmedi</string>
  <string name="cfTemplateForwarded">{0}: {1}</string>
  <string name="cfTemplateForwardedTime">{0}: {2} saniye sonra {1}</string>
  <string name="cfTemplateRegistered">{0}: Yönlendirilmedi</string>
  <string name="cfTemplateRegisteredTime">{0}: Yönlendirilmedi</string>
  <string name="fcComplete">Özellik kodu tamamlandı.</string>
  <string name="fcError">Bağlantı sorunu veya geçersiz özellik kodu.</string>
  <string name="httpErrorOk">Tamam</string>
  <string name="httpError">Web sayfası hata içeriyor.</string>
  <string name="httpErrorLookup">URL bulunamadı.</string>
  <string name="httpErrorUnsupportedAuthScheme">Site kimlik doğrulaması şeması desteklenmiyor.</string>
  <string name="httpErrorAuth">Kimlik doğrulanamadı.</string>
  <string name="httpErrorProxyAuth">Proxy sunucusu üzerinden kimlik doğrulanamadı.</string>
  <string name="httpErrorConnect">Sunucu ile bağlantı kurulamadı.</string>
  <string name="httpErrorIO">Sunucu iletişim kuramadı. Daha sonra yeniden deneyin.</string>
  <string name="httpErrorTimeout">Sunucuya bağlanma işlemi zaman aşımına uğradı.</string>
  <string name="httpErrorRedirectLoop">Sayfada çok fazla sunucu yeniden yönlendirmesi bulunuyor.</string>
  <string name="httpErrorFailedSslHandshake">Güvenli bir bağlantı kurulamadı.</string>
  <string name="httpErrorFile">Dosyaya erişilemedi.</string>
  <string name="httpErrorFileNotFound">İstenen dosya bulunamadı.</string>
  <string name="httpErrorTooManyRequests">Çok fazla sayıda istek işleniyor. Daha sonra yeniden deneyin.</string>
  <string name="notification_title">%1$s hesabı için oturum açma hatası</string>
  <string name="contentServiceSync">Senk.</string>
  <string name="contentServiceSyncNotificationTitle">Senk.</string>
  <string name="contentServiceTooManyDeletesNotificationDesc">Çok fazla %s silme var.</string>
  <string name="low_memory">Telefonun depolama alanı doldu! Yer açmak için bazı dosyaları silin.</string>
  <string name="me">Ben</string>
  <string name="power_dialog">Telefon seçenekleri</string>
  <string name="silent_mode">Sessiz mod</string>
  <string name="turn_on_radio">Kablosuzu aç</string>
  <string name="turn_off_radio">Kablosuzu kapat</string>
  <string name="screen_lock">Ekran kilidi</string>
  <string name="power_off">Kapat</string>
  <string name="shutdown_progress">Kapanıyor…</string>
  <string name="shutdown_confirm">Telefonunuz kapanacak.</string>
  <string name="recent_tasks_title">En Son Görevler</string>
  <string name="no_recent_tasks">Hiçbir yeni uygulama yok.</string>
  <string name="global_actions">Telefon seçenekleri</string>
  <string name="global_action_lock">Ekran kilidi</string>
  <string name="global_action_power_off">Kapat</string>
  <string name="global_action_toggle_silent_mode">Sessiz mod</string>
  <string name="global_action_silent_mode_on_status">Ses KAPALI</string>
  <string name="global_action_silent_mode_off_status">Ses AÇIK</string>
  <string name="global_actions_toggle_airplane_mode">Uçak modu</string>
  <string name="global_actions_airplane_mode_on_status">Uçak modu AÇIK</string>
  <string name="global_actions_airplane_mode_off_status">Uçak modu KAPALI</string>
  <string name="safeMode">Güvenli mod</string>
  <string name="android_system_label">Android Sistemi</string>
  <string name="permgrouplab_costMoney">Size maliyet getiren hizmetler</string>
  <string name="permgroupdesc_costMoney">Uygulamaların size maliyet getirebilecek işlemler yapmasına izin verir.</string>
  <string name="permgrouplab_messages">Mesajlarınız</string>
  <string name="permgroupdesc_messages">SMS mesajlarınızı, e-posta iletilerinizi ve diğer mesajlarınızı okuyup yazın.</string>
  <string name="permgrouplab_personalInfo">Kişisel bilgileriniz</string>
  <string name="permgroupdesc_personalInfo">Telefonunuzda depolanan kişilere ve takvime doğrudan erişim.</string>
  <string name="permgrouplab_location">Konumunuz</string>
  <string name="permgroupdesc_location">Fiziksel konumunuzu izleyin</string>
  <string name="permgrouplab_network">Ağ iletişimi</string>
  <string name="permgroupdesc_network">Uygulamaların çeşitli ağ özelliklerine erişmesine izin verir.</string>
  <string name="permgrouplab_accounts">Hesaplarınız</string>
  <string name="permgroupdesc_accounts">Kullanılabilir hesaplara erişin.</string>
  <string name="permgrouplab_hardwareControls">Donanım denetimleri</string>
  <string name="permgroupdesc_hardwareControls">Telefon donanımına doğrudan erişim.</string>
  <string name="permgrouplab_phoneCalls">Telefon çağrıları</string>
  <string name="permgroupdesc_phoneCalls">Telefon görüşmelerini izleyin, kaydedin ve işleyin.</string>
  <string name="permgrouplab_systemTools">Sistem araçları</string>
  <string name="permgroupdesc_systemTools">Sisteme alt düzey erişim ve denetimi.</string>
  <string name="permgrouplab_developmentTools">Geliştirme araçları</string>
  <string name="permgroupdesc_developmentTools">Yalnızca uygulama geliştiriciler için gerekli özellikler.</string>
  <string name="permgrouplab_storage">Depolama</string>
  <string name="permgroupdesc_storage">SD karta erişin.</string>
  <string name="permlab_statusBar">durum çubuğunu devre dışı bırak veya değiştir</string>
  <string name="permdesc_statusBar">Uygulamanın durum çubuğunu devre dışı bırakmasına veya sistem simgeleri ekleyip kaldırmasına izin verir.</string>
  <string name="permlab_expandStatusBar">durum çubuğunu genişlet/daralt</string>
  <string name="permdesc_expandStatusBar">Uygulamanın, durum çubuğunu genişletip daraltmasına izin verir.</string>
  <string name="permlab_processOutgoingCalls">giden aramalarda araya gir</string>
  <string name="permdesc_processOutgoingCalls">Uygulamanın, giden çağrıları işlemesine ve aranacak numarayı değiştirmesine izin verir. Kötü amaçlı uygulamalar giden çağrıları izleyebilir, yönlendirebilir veya engelleyebilir.</string>
  <string name="permlab_receiveSms">SMS al</string>
  <string name="permdesc_receiveSms">Uygulamanın SMS mesajları alıp işlemesine izin verir. Kötü amaçlı uygulamalar mesajlarınızı izleyebilir veya bunları size göstermeden silebilir.</string>
  <string name="permlab_receiveMms">MMS al</string>
  <string name="permdesc_receiveMms">Uygulamanın MMS mesajları almasına ve işlemesine izin verir. Kötü amaçlı uygulamalar mesajlarınızı izleyebilir veya size göstermeden silebilir.</string>
  <string name="permlab_sendSms">SMS mesajları gönder</string>
  <string name="permdesc_sendSms">Uygulamaların SMS mesajları göndermesine izin verir. Kötü amaçlı uygulamalar, onayınızı almadan mesaj göndererek size maliyet çıkarabilir.</string>
  <string name="permlab_readSms">SMS veya MMS oku</string>
  <string name="permdesc_readSms">Uygulamaların, telefonunuzda veya SIM kartta depolanan SMS mesajlarını okumasına izin verir. Kötü amaçlı uygulamalar gizli mesajlarınızı okuyabilir.</string>
  <string name="permlab_writeSms">SMS veya MMS düzenle</string>
  <string name="permdesc_writeSms">Uygulamanın telefonunuzda veya SIM kartta depolanan SMS mesajlarına yazmasına izin verir. Kötü amaçlı uygulamalar mesajlarınızı silebilir.</string>
  <string name="permlab_receiveWapPush">WAP al</string>
  <string name="permdesc_receiveWapPush">Uygulamanın WAP mesajları alıp işlemesine izin verir. Kötü amaçlı uygulamalar mesajlarınızı izleyebilir veya bunları size göstermeden silebilir.</string>
  <string name="permlab_getTasks">çalışan uygulamaları al</string>
  <string name="permdesc_getTasks">Uygulamaların şu anda ve yakın geçmişte çalışmakta olan işlemler hakkında bilgi almasına izin verir. Kötü amaçlı uygulamaların diğer uygulamalar ile ilgili gizli bilgileri keşfetmesine izin verebilir.</string>
  <string name="permlab_reorderTasks">çalışan uygulamaları yeniden sırala</string>
  <string name="permdesc_reorderTasks">Uygulamaların görevleri ön plana ve arka plana taşımasına izin verir. Kötü amaçlı uygulamalar kendilerini sizin denetiminiz dışında zorla ön plana çıkarabilir.</string>
  <string name="permlab_setDebugApp">uygulama hata ayıklamayı etkinleştir</string>
  <string name="permdesc_setDebugApp">Bir uygulamanın başka bir uygulama için hata ayıklamayı çalıştırmasına izin verir. Kötü amaçlı uygulamalar bu işlevi başka uygulamaları kapatmak için kullanabilir.</string>
  <string name="permlab_changeConfiguration">kullanıcı arayüzü ayarlarınızı değiştirin</string>
  <string name="permdesc_changeConfiguration">Uygulamaların güncel yapılandırmayı; örneğin yerel ayarı veya genel yazı tipi boyutunu değiştirmesine izin verir.</string>
  <string name="permlab_enableCarMode">araç modunu etkinleştir</string>
  <string name="permdesc_enableCarMode">Bir uygulamanın araç modunu etkinleştirmesine izin verir.</string>
  <string name="permlab_killBackgroundProcesses">arka plan işlemleri son erdir</string>
  <string name="permdesc_killBackgroundProcesses">Bellek düşük olmasa dahi, bir uygulamanın diğer uygulamaların arka plan işlemlerini sona erdirmesine izin verir.</string>
  <string name="permlab_forceStopPackages">diğer uygulamaları durmaya zorla</string>
  <string name="permdesc_forceStopPackages">Bir uygulamanın başka uygulamaları zorla durdurmasına izin verir.</string>
  <string name="permlab_forceBack">uygulamayı kapanmaya zorla</string>
  <string name="permdesc_forceBack">Uygulamaların, ön plandaki herhangi bir etkinliği kapanmaya ve arka plana geçmeye zorlamasına izin verir. Normal uygulamalarda hiçbir zaman gerekmemelidir.</string>
  <string name="permlab_dump">sistemin dahili durumunu al</string>
  <string name="permdesc_dump">Uygulamanın dahili sistem durumunu almasına izin verir. Kötü amaçlı uygulamalar, normalde gerekli olmaması gereken çok çeşitli özel ve koruma altındaki bilgiyi alabilir.</string>
  <string name="permlab_shutdown">kısmi kapatma</string>
  <string name="permdesc_shutdown">Eylem yöneticisini kapalı duruma getirir. Tam kapatma işlemi gerçekleştirmez.</string>
  <string name="permlab_stopAppSwitches">uygulama değişimlerini engelle</string>
  <string name="permdesc_stopAppSwitches">Kullanıcının başka bir uygulamaya geçiş yapmasını engeller.</string>
  <string name="permlab_runSetActivityWatcher">tüm uygulama başlatma işlemlerini izle ve denetle</string>
  <string name="permdesc_runSetActivityWatcher">Uygulamaların, sistemin etkinlikleri nasıl başlattığını izlemesine ve denetlemesine izin verir. Kötü amaçlı uygulamalar sistemin güvenliğini tamamen tehlikeye atabilir. Bu izin yalnızca program geliştirme amacıyla gereklidir, normal telefon kullanımı için gerekli değildir.</string>
  <string name="permlab_broadcastPackageRemoved">paket ile kaldırılan yayını gönder</string>
  <string name="permdesc_broadcastPackageRemoved">Uygulamaların bir uygulama paketinin kaldırıldığında dair bir bildirim yayınlamasına izin verir. Kötü amaçlı uygulamalar bunu çalışan diğer herhangi bir uygulamayı kapatmak için kullanabilir.</string>
  <string name="permlab_broadcastSmsReceived">SMS ile alınan yayın gönder</string>
  <string name="permdesc_broadcastSmsReceived">Uygulamaların bir SMS mesajı alındığında dair bir bildirim yayınlamasına izin verir. Kötü amaçlı uygulamalar bu işlevi telefona sahte SMS mesajları göndermek için kullanabilir.</string>
  <string name="permlab_broadcastWapPush">WAP-PUSH ile alınan yayın gönder</string>
  <string name="permdesc_broadcastWapPush">Uygulamaların, WAP PUSH mesajının alındığına dair bildirim yayınlamasına izin verir. Kötü amaçlı uygulamalar bu işlevi, sahte MMS alındıları göndermek veya bir web sayfasını sessizce kötü amaçla tasarlanmış başkaları ile değiştirmek için kullanabilir.</string>
  <string name="permlab_setProcessLimit">çalışan işlem sayısını sınırla</string>
  <string name="permdesc_setProcessLimit">Uygulamaların, çalışacak maksimum işlem sayısını denetlemesine izin verir. Normal uygulamalar için hiçbir zaman gerekmez.</string>
  <string name="permlab_setAlwaysFinish">tüm arka plan uygulamalarını kapat</string>
  <string name="permdesc_setAlwaysFinish">Uygulamaların, etkinliklerin arka planda daima tamamlanıp tamamlanmadığını denetlemesine izin verir. Normal uygulamalar için hiçbir zaman gerekli değildir.</string>
  <string name="permlab_batteryStats">pil istatistiklerini değiştir</string>
  <string name="permdesc_batteryStats">Toplanan pil istatistiklerinin değiştirilmesine izin verir. Normal uygulamalarda kullanılmamalıdır.</string>
  <string name="permlab_backup">sistem yedeğini kontrol et ve geri yükle</string>
  <string name="permdesc_backup">Uygulamaya sistem yedekleme ve geri yükleme mekanizmasını denetleme izni verir. Normal uygulamalar tarafından kullanım için değildir.</string>
  <string name="permlab_internalSystemWindow">yetkisiz pencereleri görüntüle</string>
  <string name="permdesc_internalSystemWindow">Dahili sistem kullanıcı arayüzü tarafından kullanılmak üzere tasarlanmış pencerelerin oluşturulmasına izin verir. Normal uygulamalarda kullanılmaz.</string>
  <string name="permlab_systemAlertWindow">sistem düzeyi uyarıları görüntüle</string>
  <string name="permdesc_systemAlertWindow">Uygulamaların sistem uyarı pencereleri göstermesine izin verir. Kötü amaçlı uygulamalar telefonun tüm ekranını işgal edebilir.</string>
  <string name="permlab_setAnimationScale">genel animasyon hızını değiştir</string>
  <string name="permdesc_setAnimationScale">Uygulamaların, istedikleri zaman genel animasyon hızını değiştirmesine (animasyonları hızlandırmasına veya yavaşlatmasına) izin verir.</string>
  <string name="permlab_manageAppTokens">uygulama simgelerini yönet</string>
  <string name="permdesc_manageAppTokens">Uygulamaların, kendi normal Z sıralamalarını atlayarak kendi simgelerini oluşturup yönetmelerine izin verir. Normal uygulamalar için hiçbir zaman gerekli olmamalıdır.</string>
  <string name="permlab_injectEvents">tuşlara bas ve düğmeleri denetle</string>
  <string name="permdesc_injectEvents">Uygulamaların kendi giriş işlemlerini (tuşa basma vb.) başka uygulamalara göndermesine izin verir. Kötü amaçlı uygulamalar bunu telefonun denetimini ele geçirmek için kullanabilir.</string>
  <string name="permlab_readInputState">yazdıklarınızı ve yaptığınız işlemleri kaydet</string>
  <string name="permdesc_readInputState">Uygulamaların, başka bir uygulama ile etkileşim halindeyken (örneğin bir şifre girerken) bile bastığınız tuşları izlemesine izin verir. Normal uygulamalarda hiçbir zaman gerek duyulmamalıdır.</string>
  <string name="permlab_bindInputMethod">bir giriş yöntemine bağla</string>
  <string name="permdesc_bindInputMethod">Tutucunun bir giriş yönteminin en üst düzey arayüzüne bağlanmasına izin verir. Normal uygulamalarda hiçbir zaman gerek duyulmamalıdır.</string>
  <string name="permlab_bindWallpaper">bir duvar kağıdına tabi kıl</string>
  <string name="permdesc_bindWallpaper">Hesap sahibine bir duvar kağıdının en üst düzey arayüzüne bağlanma izni verir. Normal uygulamalarda hiçbir zaman gerek duyulmamalıdır.</string>
  <string name="permlab_bindDeviceAdmin">bir cihaz yöneticisi ile etkileşimde bulun</string>
  <string name="permdesc_bindDeviceAdmin">Cihazın sahibinin cihaz yöneticisine amaç göndermesine izin verir. Normal uygulamalarda hiçbir zaman gerek duyulmamalıdır.</string>
  <string name="permlab_setOrientation">ekran yönünü değiştir</string>
  <string name="permdesc_setOrientation">Uygulamaların ekran yönünü istedikleri zaman değiştirmesine izin verir. Normal uygulamalarda hiçbir zaman gerekmemelidir.</string>
  <string name="permlab_signalPersistentProcesses">uygulamalara Linux sinyalleri gönder</string>
  <string name="permdesc_signalPersistentProcesses">Uygulamaların, sağlanan sinyalin tüm kalıcı işlemlere gönderilmesini istemesine izin verir.</string>
  <string name="permlab_persistentActivity">uygulamayı her zaman çalıştır</string>
  <string name="permdesc_persistentActivity">Uygulamaların, sistemin başka uygulamalarda kullanamaması için kendi parçalarını kalıcı kılmasına izin verir.</string>
  <string name="permlab_deletePackages">uygulamaları sil</string>
  <string name="permdesc_deletePackages">Uygulamaların Android paketlerini silmesine izin verir. Kötü amaçlı uygulamalar bu işlevi önemli uygulamaları silmek için kullanabilir.</string>
  <string name="permlab_clearAppUserData">diğer uygulamaların verilerini sil</string>
  <string name="permdesc_clearAppUserData">Uygulamaların kullanıcı verilerini temizlemesine izin verir.</string>
  <string name="permlab_deleteCacheFiles">diğer uygulamaların önbelleklerini sil</string>
  <string name="permdesc_deleteCacheFiles">Uygulamaların önbellek dosyalarını silmesine izin verir.</string>
  <string name="permlab_getPackageSize">uygulama depolama alanını ölç</string>
  <string name="permdesc_getPackageSize">Uygulamanın kodunu, verilerini ve önbellek boyutunu almasına izin verir</string>
  <string name="permlab_installPackages">doğrudan uygulama yükle</string>
  <string name="permdesc_installPackages">Uygulamaların yeni veya güncellenmiş Android paketleri yüklemesine izin verir. Kötü amaçlı uygulamalar bunu, kendilerine verilen izin derecesi keyfi olarak değişen yeni uygulamalar eklemek için kullanabilir.</string>
  <string name="permlab_clearAppCache">tüm uygulama önbelleği verilerini sil</string>
  <string name="permdesc_clearAppCache">Uygulamaların uygulama önbelleği dizinindeki dosyaları silerek telefonda yer açmasına izin verir. Erişim genellikle sistem işlemlerine ve yüksek düzeyde kısıtlı olarak verilir.</string>
  <string name="permlab_movePackage">Uygulama kaynaklarını taşı</string>
  <string name="permdesc_movePackage">Bir uygulamanın, uygulama kaynaklarını dahili ve harici ortamlar arasında taşımasına olanak tanır.</string>
  <string name="permlab_readLogs">sistem günlük dosyalarını oku</string>
  <string name="permdesc_readLogs">Uygulamaların sistemin çeşitli günlük dosyalarından okumalarına izin verir. Bu, uygulamaların telefon ile neler yaptığınız ile ilgili genel bilgi bulmasına izin verir, ancak bunlar kişisel veya özel bir bilgi içermemelidir.</string>
  <string name="permlab_diagnostic">sahibi tanılama olan kaynakları oku/bunlara yaz</string>
  <string name="permdesc_diagnostic">Uygulamanın tanılama grubundaki bir kaynağa ait herhangi bir kaynağı; örneğin /dev içindeki dosyaları okumasına ve bunlara yazmasına izin verir. Bu işlevin sistem kararlılığını ve güvenliğini olumsuz etkileme olasılığı vardır. Üretici veya operatör tarafından YALNIZCA donanıma özgü tanılama için kullanılmalıdır.</string>
  <string name="permlab_changeComponentState">uygulama bileşenlerini etkinleştir veya devre dışı bırak</string>
  <string name="permdesc_changeComponentState">Uygulamaların başka bir uygulamanın bir bileşenini etkinleştirme ayarını değiştirmesine izin verir. Kötü amaçlı uygulamalar bu ayarı telefonun önemli yeteneklerini devre dışı bırakmak için kullanabilir. Bu iznin verilmesi uygulama bileşenlerini kullanılamaz, tutarsız veya kararsız bir duruma sokabileceği için izin verilirken dikkatli olunmalıdır.</string>
  <string name="permlab_setPreferredApplications">tercih edilen uygulamaları ayarla</string>
  <string name="permdesc_setPreferredApplications">Uygulamanın tercih ettiğiniz uygulamaları değiştirmesine izin verir. Bu işlem, kötü amaçlı uygulamaların, çalışmakta olan uygulamaları sessizce değiştirerek mevcut uygulamalarınızı aldatıp kişisel bilgilerinizi almasına izin verebilir.</string>
  <string name="permlab_writeSettings">genel sistem ayarlarını değiştir</string>
  <string name="permdesc_writeSettings">Uygulamaların sistem ayar verilerini değiştirmesine izin verir. Kötü amaçlı uygulamalar sisteminizin yapılandırmasını bozabilir.</string>
  <string name="permlab_writeSecureSettings">güvenli sistem ayarlarını değiştir</string>
  <string name="permdesc_writeSecureSettings">Bir uygulamaya sistemin güvenlik ayarları verilerini değiştirme izni verir. Normal uygulamalar tarafından kullanım için değildir.</string>
  <string name="permlab_writeGservices">Google hizmetler haritasını değiştir</string>
  <string name="permdesc_writeGservices">Uygulamanın, Google hizmetleri haritasını değiştirmesine izin verir. Normal uygulamalarda kullanılmaz.</string>
  <string name="permlab_receiveBootCompleted">açılışta otomatik başlat</string>
  <string name="permdesc_receiveBootCompleted">Uygulamaların, sistem açıldıktan hemen sonra kendini başlatmasına izin verir. Bu işlev, telefonu başlatma süresini uzatabilir ve uygulama, sürekli çalışması nedeniyle telefonun çalışmasını genel olarak yavaşlatabilir.</string>
  <string name="permlab_broadcastSticky">sabit yayın gönder</string>
  <string name="permdesc_broadcastSticky">Uygulamaların yayın bittikten sonra da kalan sabit yayınlar göndermesine izin verir. Kötü amaçlı uygulamalar telefonun aşırı miktarda bellek kullanmasına neden olarak telefonu yavaşlatabilir veya telefonun kararsız hale gelmesine neden olabilir.</string>
  <string name="permlab_readContacts">kişi verilerini oku</string>
  <string name="permdesc_readContacts">Uygulamaların telefonunuzda depolanan tüm kişi (adres) verilerini okumasına izin verir. Kötü amaçlı uygulamalar bu işlevi verilerinizi başkalarına göndermek için kullanabilir.</string>
  <string name="permlab_writeContacts">kişi verileri yaz</string>
  <string name="permdesc_writeContacts">Uygulamaların telefonunuzda depolanan kişi (adres) verilerini değiştirmesine izin verir. Kötü amaçlı uygulamalar bu işlevi kişi verilerinizi silmek veya değiştirmek için kullanabilir.</string>
  <string name="permlab_writeOwnerData">sahip verilerini yaz</string>
  <string name="permdesc_writeOwnerData">Uygulamaların telefonunuzda depolanan telefon sahibi verilerini değiştirmesine izin verir. Kötü amaçlı uygulamalar bu işlevi kullanıcı verilerini silmek veya değiştirmek için kullanabilir.</string>
  <string name="permlab_readOwnerData">sahip verilerini oku</string>
  <string name="permdesc_readOwnerData">Uygulamaların telefonunuzda depolanan telefon sahibi verilerini okumasına izin verir. Kötü amaçlı uygulamalar bunu telefon sahibi verilerini okumak için kullanabilir.</string>
  <string name="permlab_readCalendar">takvim etkinliklerini oku</string>
  <string name="permdesc_readCalendar">Uygulamaların telefonunuzda depolanan takvim etkinliklerinin tümünü okumasına izin verir. Kötü amaçlı uygulamalar bunu, takvim etkinliklerinizi başkalarına göndermek için kullanabilir.</string>
  <string name="permlab_writeCalendar">takvim etkinlikleri ekle veya değiştir ve konuklara e-posta gönder</string>
  <string name="permdesc_writeCalendar">Bir uygulamanın takviminize etkinlik ekleyebilmesini veya takviminizdeki etkinlikleri değiştirebilmesini sağlar ve konuklara e-posta gönderebilir. Kötü amaçlı uygulamalar, bunu takvim etkinliklerinizi silmek veya değiştirmek veya konuklara e-posta göndermek için kullanabilir.</string>
  <string name="permlab_accessMockLocation">test için sahte konum kaynakları</string>
  <string name="permdesc_accessMockLocation">Test amacıyla sahte konum kaynakları oluşturur. Kötü amaçlı uygulamalar bu işlevi GPS veya Ağ Hizmeti sağlayıcılar gibi gerçek kaynaklardan gelen konum ve/veya durum bilgilerini geçersiz kılmak için kullanabilir.</string>
  <string name="permlab_accessLocationExtraCommands">ek konum sağlayıcı komutlarına eriş</string>
  <string name="permdesc_accessLocationExtraCommands">Ek konum sağlayıcı komutlarına erişin. Kötü amaçlı uygulamalar bu işlevi GPS veya diğer konum kaynaklarının işleyişine müdahale etmek için kullanabilir.</string>
  <string name="permlab_installLocationProvider">konum sağlayıcı yükleme izni</string>
  <string name="permdesc_installLocationProvider">Test için sahte konum kaynakları oluşturun. Kötü amaçlı uygulamalar bunu GPS veya Ağ sağlayıcılarının gerçek konum kaynakları tarafından gönderilen konum ve/veya durumu geçersiz kılmak veya konumunuzu izleyerek bir dış kaynağa bildirmek için kullanabilir.</string>
  <string name="permlab_accessFineLocation">kesinliği yüksek (GPS) konum</string>
  <string name="permdesc_accessFineLocation">Bulunduğu yerlerde telefondan Küresel Konumlandırma Sistemi gibi hassas konum bulma kaynaklarına erişin. Kötü amaçlı uygulamalar bu işlevi bulunduğunuz yeri belirlemek için kullanabilir ve ek pil gücü tüketebilir.</string>
  <string name="permlab_accessCoarseLocation">kesinliği düşük (ağ tabanlı) konum</string>
  <string name="permdesc_accessCoarseLocation">Telefonun yaklaşık yerini belirlemek için bulunduğu yerlerde hücresel ağ veritabanı gibi tahmini konum kaynaklarına erişir. Kötü amaçlı uygulamalar, bu işlevi bulunduğunuz yeri yaklaşık olarak belirlemek için kullanabilir.</string>
  <string name="permlab_accessSurfaceFlinger">SurfaceFlinger\'a eriş</string>
  <string name="permdesc_accessSurfaceFlinger">Uygulamanın SurfaceFlinger alt düzey özelliklerini kullanmasına izin verir.</string>
  <string name="permlab_readFrameBuffer">çerçeve arabelleğini oku</string>
  <string name="permdesc_readFrameBuffer">Uygulamaya çerçeve arabelleğinin içeriğini okuma izni verir.</string>
  <string name="permlab_modifyAudioSettings">ses ayarlarınızı değiştirin</string>
  <string name="permdesc_modifyAudioSettings">Uygulamaların, ses düzeyi ve yönlendirme gibi genel ses ayarlarını değiştirmesine izin verir.</string>
  <string name="permlab_recordAudio">ses kaydet</string>
  <string name="permdesc_recordAudio">Uygulamanın, ses kayıt yoluna erişmesine izin verir.</string>
  <string name="permlab_camera">resim çek</string>
  <string name="permdesc_camera">Uygulamaların kamera ile resim çekmesine izin verir. Bu işlev herhangi bir zamanda kameranın görmekte olduğu görüntüyü uygulamaların toplamasına izin verir.</string>
  <string name="permlab_brick">telefonu tamamen devre dışı bırak</string>
  <string name="permdesc_brick">Uygulamaların tüm telefonu kalıcı olarak devre dışı bırakmasına izin verir. Bu çok tehlikelidir.</string>
  <string name="permlab_reboot">telefonu yeniden başlamaya zorla</string>
  <string name="permdesc_reboot">Uygulamanın telefonu yeniden açılmaya zorlamasına izin verir.</string>
  <string name="permlab_mount_unmount_filesystems">dosya sistemlerini bağla ve bağlantısını kes</string>
  <string name="permdesc_mount_unmount_filesystems">Uygulamaların çıkarılabilir depolama birimleri için dosya sistemleri ile bağlantı kurmasına ve bağlantıyı kesmesine izin verir.</string>
  <string name="permlab_mount_format_filesystems">harici depolama birimini biçimlendir</string>
  <string name="permdesc_mount_format_filesystems">Uygulamanın çıkarılabilir depolama birimini biçimlendirmesine izin verir.</string>
  <string name="permlab_asec_access">güvenli depolama birimi hakkında bilgi al</string>
  <string name="permdesc_asec_access">Uygulamanın güvenli depolama birimi hakkında bilgi almasına izin verir.</string>
  <string name="permlab_asec_create">güvenli depolama birimi oluştur</string>
  <string name="permdesc_asec_create">Uygulamanın güvenli depolama birimi oluşturmasına izin verir.</string>
  <string name="permlab_asec_destroy">güvenli depolama birimini yok et</string>
  <string name="permdesc_asec_destroy">Uygulamanın güvenli depolama birimini yok etmesine izin verir.</string>
  <string name="permlab_asec_mount_unmount">güvenli depolama birimini ekle / kaldır</string>
  <string name="permdesc_asec_mount_unmount">Uygulamanın güvenli depolama birimini yeniden eklemesine / kaldırmasına izin verir.</string>
  <string name="permlab_asec_rename">güvenli depolama birimini yeniden adlandır</string>
  <string name="permdesc_asec_rename">Uygulamanın güvenli depolama birimini yeniden adlandırmasına izin verir.</string>
  <string name="permlab_vibrate">titreşimi denetle</string>
  <string name="permdesc_vibrate">Uygulamanın titreşimi denetlemesine izin verir.</string>
  <string name="permlab_flashlight">flaşı denetle</string>
  <string name="permdesc_flashlight">Uygulamaların flaş ışığını denetlemesine izin verir.</string>
  <string name="permlab_hardware_test">donanımı test et</string>
  <string name="permdesc_hardware_test">Uygulamanın donanım testi için çeşitli çevre birimlerini denetlemesine izin verir.</string>
  <string name="permlab_callPhone">telefon numaralarına doğrudan çağrı yap</string>
  <string name="permdesc_callPhone">Uygulamanın müdahaleniz olmadan telefon numaralarına çağrı yapmasına izin verir. Kötü amaçlı uygulamalar, telefon faturanızda beklenmedik görüşmeler çıkmasına neden olabilir. Bu işlev, uygulamanın acil numaralara çağrı yapmasına izin vermez.</string>
  <string name="permlab_callPrivileged">herhangi bir telefon numarasına doğrudan çağrı yap</string>
  <string name="permdesc_callPrivileged">Uygulamanın, siz müdahale etmeden acil numaralar dahil herhangi bir numarayı aramasına izin verir. Kötü amaçlı uygulamalar acil servisleri gereksiz yere ve yasal olmayan şekilde arayabilir.</string>
  <string name="permlab_performCdmaProvisioning">CDMA telefon kurulumunu doğrudan başlat</string>
  <string name="permdesc_performCdmaProvisioning">Uygulamaya CDMA hazırlığını başlatma izni verir. Kötü niyetli uygulamalar CDMA hazırlığını gereksiz yere başlatabilir</string>
  <string name="permlab_locationUpdates">konum güncelleme bildirimlerini denetle</string>
  <string name="permdesc_locationUpdates">Radyo ile alınan konum güncelleme bildirimlerini etkinleştirmeye/devreden çıkarmaya izin verir. Normal uygulamalarda kullanılmamalıdır.</string>
  <string name="permlab_checkinProperties">erişim giriş özellikleri</string>
  <string name="permdesc_checkinProperties">Kayıt hizmeti tarafından karşıya yüklenen özelliklere okuma/yazma erişimi verir. Normal uygulamalarda kullanılmamalıdır.</string>
  <string name="permlab_bindGadget">widget seç</string>
  <string name="permdesc_bindGadget">Uygulamaların sisteme hangi uygulamalar tarafından hangi widget\'ların kullanılabileceğini söylemesine izin verir. Bu izin sayesinde uygulamalar, başka uygulamalara kişisel verilere erişim verebilir. Normal uygulamalarda kullanılmaz.</string>
  <string name="permlab_modifyPhoneState">telefon durumunu değiştir</string>
  <string name="permdesc_modifyPhoneState">Uygulamaların cihazın telefon özelliklerini kullanmasına izin verir. Bu izne sahip bir uygulama, size bildirmeden ağ değiştirebilir ve telefon radyosunu kapatıp açabilir.</string>
  <string name="permlab_readPhoneState">telefon durumunu ve kimliğini oku</string>
  <string name="permdesc_readPhoneState">Uygulamaların cihazın telefon özelliklerine erişmesine izin verir. Bu izne sahip bir uygulama telefonun telefon numarasını, bu telefonun seri numarasını, o anda bir çağrı sürmekte olup olmadığını, çağrının bağlanmış olduğu numarayı ve benzerini belirleyebilir.</string>
  <string name="permlab_wakeLock">telefonunun uykuya geçmesini önle</string>
  <string name="permdesc_wakeLock">Uygulamaların telefonun uykuya geçmesini önlemesine izin verir.</string>
  <string name="permlab_devicePower">telefonu aç veya kapat</string>
  <string name="permdesc_devicePower">Uygulamaların telefonunuzu açmasına veya kapatmasına izin verir.</string>
  <string name="permlab_factoryTest">fabrika test modunda çalıştır</string>
  <string name="permdesc_factoryTest">Telefon donanımına tam erişim veren alt düzey bir üretici testi olarak çalıştırılır. Yalnızca telefon üretici test modunda çalışırken kullanılabilir.</string>
  <string name="permlab_setWallpaper">duvar kağıdını ayarla</string>
  <string name="permdesc_setWallpaper">Uygulamanın sistem duvar kağıdını ayarlamasına izin verir.</string>
  <string name="permlab_setWallpaperHints">duvar kağıdı boyutu ipuçlarını ayarla</string>
  <string name="permdesc_setWallpaperHints">Uygulamanın sistem duvar kağıdı boyutu ipuçlarını ayarlamasına izin verir.</string>
  <string name="permlab_masterClear">sistemi fabrika değerlerine sıfırla</string>
  <string name="permdesc_masterClear">Uygulamanın, sistemi tamamen fabrika ayarlarına sıfırlamasına; verileri, yapılandırmayı ve yüklü uygulamaları silmesine izin verir.</string>
  <string name="permlab_setTime">saati ayarla</string>
  <string name="permdesc_setTime">Bu uygulamanın telefonun saatini değiştirmesine izin verir.</string>
  <string name="permlab_setTimeZone">saat dilimini ayarla</string>
  <string name="permdesc_setTimeZone">Uygulamaların telefonun saat dilimini değiştirmesine izin verir.</string>
  <string name="permlab_accountManagerService">Hesap Yönetici Hizmeti gibi davran</string>
  <string name="permdesc_accountManagerService">Bir uygulamaya Hesap Doğrulayıcılarını arama izni verir</string>
  <string name="permlab_getAccounts">bilinen hesapları keşfet</string>
  <string name="permdesc_getAccounts">Uygulamaların telefonda bilinen hesapların listesini almasına izin verir.</string>
  <string name="permlab_authenticateAccounts">hesap denetleyicisi gibi davran</string>
  <string name="permdesc_authenticateAccounts">Bir uygulamaya, hesaplar oluşturma ve bunların şifrelerini alma ve ayarlama da dahil olmak üzere Hesap Yöneticisi\'nin hesap doğrulama yetkilerini kullanma izni verir.</string>
  <string name="permlab_manageAccounts">hesaplar listesini yönet</string>
  <string name="permdesc_manageAccounts">Bir uygulamaya hesapları ekleme, kaldırma ve hesapların şifrelerini silme gibi işlemleri yapma izni verir.</string>
  <string name="permlab_useCredentials">bir hesabın kimlik doğrulama bilgilerini kullan</string>
  <string name="permdesc_useCredentials">Bir uygulamaya kimlik doğrulama bilgilerini isteme izni verir.</string>
  <string name="permlab_accessNetworkState">ağ durumunu görüntüle</string>
  <string name="permdesc_accessNetworkState">Uygulamaların, tüm ağların durumunu görmesine izin verir.</string>
  <string name="permlab_createNetworkSockets">tam İnternet erişimi</string>
  <string name="permdesc_createNetworkSockets">Uygulamaların ağ yuvaları oluşturmasına izin verir.</string>
  <string name="permlab_writeApnSettings">Erişim Noktası Adı ayarlarını yaz</string>
  <string name="permdesc_writeApnSettings">Uygulamaların herhangi bir APN\'nin Proxy ve Bağlantı Noktası gibi APN ayarlarını değiştirmesine izin verir.</string>
  <string name="permlab_changeNetworkState">ağ bağlantısını değiştir</string>
  <string name="permdesc_changeNetworkState">Bir uygulamanın ağ bağlantı durumunu değiştirmesine izin verir.</string>
  <string name="permlab_changeTetherState">Kullanılan bağlantıyı değiştir</string>
  <string name="permdesc_changeTetherState">Bir uygulamanın bağlanılan ağ bağlantısı durumunu değiştirmesine izin verir.</string>
  <string name="permlab_changeBackgroundDataSetting">arka plan veri kullanımı ayarını değiştir</string>
  <string name="permdesc_changeBackgroundDataSetting">Uygulamaların arka plan veri kullanımı ayarını değiştirmesine izin verir.</string>
  <string name="permlab_accessWifiState">Kablosuz durumunu görüntüle</string>
  <string name="permdesc_accessWifiState">Uygulamaların, kablosuz bağlantının durumu ile ilgili bilgileri görüntülemesine izin verir.</string>
  <string name="permlab_changeWifiState">Kablosuz durumunu değiştir</string>
  <string name="permdesc_changeWifiState">Uygulamaların kablosuz erişim noktalarına bağlanıp bunlarla bağlantısını kesmesine ve yapılandırılmış kablosuz ağlarda değişiklikler yapmasına izin verir.</string>
  <string name="permlab_changeWifiMulticastState">Kablosuz Çoklu Yayın alımına izin ver</string>
  <string name="permdesc_changeWifiMulticastState">Bir uygulamaya doğrudan cihazınıza yönlendirilmemiş paketleri alma izni verir. Yakın yerlerde sunulan hizmetlerin keşfedilmesi sırasında faydalı olabilir. Birden fazla noktaya yayın yapmayan moda göre daha fazla güç harcar.</string>
  <string name="permlab_bluetoothAdmin">bluetooth yönetimi</string>
  <string name="permdesc_bluetoothAdmin">Uygulamaların yerel Bluetooth telefonunu yapılandırmasına ve uzak cihazları keşfedip bunlar ile eşleşmesine izin verir.</string>
  <string name="permlab_bluetooth">Bluetooth bağlantıları oluştur</string>
  <string name="permdesc_bluetooth">Uygulamaların yerel Bluetooth telefonunun yapılandırmasını görüntülemesine ve eşleşilmiş cihazlar ile bağlantı kurup kabul etmesine izin verir.</string>
  <string name="permlab_disableKeyguard">tuş kilidini devre dışı bırak</string>
  <string name="permdesc_disableKeyguard">Uygulamaların tuş kilidini ve ilgili şifreli güvenlik önlemini devre dışı bırakmasına izin verir. Bunun geçerli bir örneği gelen bir çağrı alındığında tuş kilidinin devre dışı bırakılması, sonra çağrı bittiğinde kilidin yeniden devreye sokulmasıdır.</string>
  <string name="permlab_readSyncSettings">senk. ayarlarını oku</string>
  <string name="permdesc_readSyncSettings">Uygulamanın, senkronizasyon işlevinin Kişiler için devrede olup olmadığı gibi senkronizasyon ayarlarını okumasına izin verir.</string>
  <string name="permlab_writeSyncSettings">senk. ayarlarını yaz</string>
  <string name="permdesc_writeSyncSettings">Uygulamanın, senkronizasyon işlevinin Kişiler için devrede olup olmadığı gibi senkronizasyon ayarlarını değiştirmesine izin verir.</string>
  <string name="permlab_readSyncStats">senk. istatistiklerini oku</string>
  <string name="permdesc_readSyncStats">Uygulamaların senk. istatistiklerini; örn. geçmişte yapılmış senkronizasyonları okumasına izin verir.</string>
  <string name="permlab_subscribedFeedsRead">abone olunan yayınları oku</string>
  <string name="permdesc_subscribedFeedsRead">Uygulamaların, o anda senkronize olan yayınlar ile ilgili bilgi almasına izin verir.</string>
  <string name="permlab_subscribedFeedsWrite">abone olunan yayınları yaz</string>
  <string name="permdesc_subscribedFeedsWrite">Uygulamaların senkronize edilmiş yayınlarınızı değiştirmesine izin verir. Bu ayar, kötü amaçlı bir uygulamanın senkronize edilmiş yayınlarınızı değiştirmesine izin verebilir.</string>
  <string name="permlab_readDictionary">kullanıcı tanımlı sözlüğü oku</string>
  <string name="permdesc_readDictionary">Kullanıcının kullanıcı sözlüğünde depolamış olabileceği kişisel kelimeleri, adları ve kelime öbeklerini uygulamaların okumasına izin verir.</string>
  <string name="permlab_writeDictionary">kullanıcı tanımlı sözlüğe yaz</string>
  <string name="permdesc_writeDictionary">Uygulamaların kullanıcı sözlüğüne yeni kelimeler yazmasına izin verir.</string>
  <string name="permlab_sdcardWrite">SD kart içeriklerini değiştir/sil</string>
  <string name="permdesc_sdcardWrite">Bir uygulamaya SD karta yazma izni verir.</string>
  <string name="permlab_cache_filesystem">önbellek dosya sistemine eriş</string>
  <string name="permdesc_cache_filesystem">Bir uygulamanın önbellek dosya sisteminde okuma yazma yapmasına izin verir.</string>
  <string name="policylab_limitPassword">Şifreyi sınırla</string>
  <string name="policydesc_limitPassword">Kullanmanıza izin verilen şifre türlerini sınırlayın.</string>
  <string name="policylab_watchLogin">Oturum açma denemelerini izle</string>
  <string name="policydesc_watchLogin">Bir işlem gerçekleştirmek için cihazdaki başarısız oturum açma girişimlerini izleyin.</string>
  <string name="policylab_resetPassword">Şifre sıfırlama</string>
  <string name="policydesc_resetPassword">Şifrenizi yeni bir değer alması için zorlayın. Giriş yapabilmeniz için yöneticinin size yeni bir değer sağlamasını gerekecektir.</string>
  <string name="policylab_forceLock">Kilitlemeye zorlama</string>
  <string name="policydesc_forceLock">Cihaz kilitlendiğinde, şifresini yeniden girmenizi gerektiren denetim.</string>
  <string name="policylab_wipeData">Tüm verileri sil</string>
  <string name="policydesc_wipeData">Tüm verilerinizi onay olmadan silmek için fabrika ayarlarına sıfırlayın.</string>
  <string name="phoneTypeCustom">Özel</string>
  <string name="phoneTypeHome">Ev</string>
  <string name="phoneTypeMobile">Mobil</string>
  <string name="phoneTypeWork">İş</string>
  <string name="phoneTypeFaxWork">İş Faksı</string>
  <string name="phoneTypeFaxHome">Ev Faksı</string>
  <string name="phoneTypePager">Çağrı cihazı</string>
  <string name="phoneTypeOther">Diğer</string>
  <string name="phoneTypeCallback">Geri Arama</string>
  <string name="phoneTypeCar">Araç</string>
  <string name="phoneTypeCompanyMain">Şirket Merkezi</string>
  <string name="phoneTypeIsdn">ISDN</string>
  <string name="phoneTypeMain">Ana</string>
  <string name="phoneTypeOtherFax">Diğer Faks</string>
  <string name="phoneTypeRadio">Telsiz</string>
  <string name="phoneTypeTelex">Teleks</string>
  <string name="phoneTypeTtyTdd">TTY TDD</string>
  <string name="phoneTypeWorkMobile">İş Yeri Cep Telefonu</string>
  <string name="phoneTypeWorkPager">İş Yeri Çağrı Cihazı</string>
  <string name="phoneTypeAssistant">Yardımcı</string>
  <string name="phoneTypeMms">MMS</string>
  <string name="eventTypeBirthday">Doğum günü</string>
  <string name="eventTypeAnniversary">Yıldönümü</string>
  <string name="eventTypeOther">Etkinlik</string>
  <string name="emailTypeCustom">Özel</string>
  <string name="emailTypeHome">Ev</string>
  <string name="emailTypeWork">İş</string>
  <string name="emailTypeOther">Diğer</string>
  <string name="emailTypeMobile">Mobil</string>
  <string name="postalTypeCustom">Özel</string>
  <string name="postalTypeHome">Ev</string>
  <string name="postalTypeWork">İş</string>
  <string name="postalTypeOther">Diğer</string>
  <string name="imTypeCustom">Özel</string>
  <string name="imTypeHome">Ev</string>
  <string name="imTypeWork">İş</string>
  <string name="imTypeOther">Diğer</string>
  <string name="imProtocolCustom">Özel</string>
  <string name="imProtocolAim">AIM</string>
  <string name="imProtocolMsn">Windows Live</string>
  <string name="imProtocolYahoo">Yahoo</string>
  <string name="imProtocolSkype">Skype</string>
  <string name="imProtocolQq">QQ</string>
  <string name="imProtocolGoogleTalk">Google Talk</string>
  <string name="imProtocolIcq">ICQ</string>
  <string name="imProtocolJabber">Jabber</string>
  <string name="imProtocolNetMeeting">NetMeeting</string>
  <string name="orgTypeWork">İş</string>
  <string name="orgTypeOther">Diğer</string>
  <string name="orgTypeCustom">Özel</string>
  <string name="contact_status_update_attribution">%1$s aracılığıyla</string>
  <string name="contact_status_update_attribution_with_date">%2$s ile %1$s tarihinde</string>
  <string name="keyguard_password_enter_pin_code">PIN kodunu gir</string>
  <string name="keyguard_password_enter_password_code">Kilidi açmak için şifreyi girin</string>
  <string name="keyguard_password_wrong_pin_code">Yanlış PIN kodu!</string>
  <string name="keyguard_label_text">Kilidi açmak için önce Menü\'ye, sonra 0\'a basın.</string>
  <string name="emergency_call_dialog_number_for_display">Acil durum numarası</string>
  <string name="lockscreen_carrier_default">(Hizmet yok)</string>
  <string name="lockscreen_screen_locked">Ekran kilitli.</string>
  <string name="lockscreen_instructions_when_pattern_enabled">Kilidi açmak veya acil çağrı yapmak için Menü\'ye basın.</string>
  <string name="lockscreen_instructions_when_pattern_disabled">Kilidi açmak için Menü\'ye basın.</string>
  <string name="lockscreen_pattern_instructions">Kilit açmak için deseni çizin</string>
  <string name="lockscreen_emergency_call">Acil durum çağrısı</string>
  <string name="lockscreen_return_to_call">Çağrıya dön</string>
  <string name="lockscreen_pattern_correct">Doğru!</string>
  <string name="lockscreen_pattern_wrong">Üzgünüz, lütfen yeniden deneyin</string>
  <string name="lockscreen_plugged_in">Şarj oluyor (%%%d)</string>
  <string name="lockscreen_charged">Şarj oldu.</string>
  <string name="lockscreen_battery_short">%d %%</string>
  <string name="lockscreen_low_battery">Şarj cihazınızı bağlayın.</string>
  <string name="lockscreen_missing_sim_message_short">SIM kart yok.</string>
  <string name="lockscreen_missing_sim_message">Telefonda SIM kart yok.</string>
  <string name="lockscreen_missing_sim_instructions">Lütfen SIM kart takın.</string>
  <string name="emergency_calls_only">Yalnızca acil çağrılar için</string>
  <string name="lockscreen_network_locked_message">Ağ kilitli</string>
  <string name="lockscreen_sim_puk_locked_message">SIM kart PUK kilidi devrede.</string>
  <string name="lockscreen_sim_puk_locked_instructions">Lütfen Kullanıcı Rehberi\'ne bakın veya Müşteri Hizmetleri\'ne başvurun.</string>
  <string name="lockscreen_sim_locked_message">SIM kart kilitli.</string>
  <string name="lockscreen_sim_unlock_progress_dialog_message">SIM kart kilidi açılıyor…</string>
  <string name="lockscreen_too_many_failed_attempts_dialog_message">Kilit açma deseninizi %d kez yanlış çizdiniz. \n\nLütfen %d saniye içinde yeniden deneyin.</string>
  <string name="lockscreen_failed_attempts_almost_glogin">Kilit açma deseninizi %d kez yanlış çizdiniz. %d başarısız denemeden sonra telefonunuzu Google oturum açma bilgilerinizi kullanarak açmanız istenir.\n\n Lütfen %d saniye içinde yeniden deneyin.</string>
  <string name="lockscreen_too_many_failed_attempts_countdown">%d saniye içinde yeniden deneyin.</string>
  <string name="lockscreen_forgot_pattern_button_text">Deseni unuttunuz mu?</string>
  <string name="lockscreen_glogin_forgot_pattern">Hesap kilidini açma</string>
  <string name="lockscreen_glogin_too_many_attempts">Çok fazla sayıda desen denemesi yapıldı!</string>
  <string name="lockscreen_glogin_instructions">Kilidi açmak için Google hesabınızla oturum açın</string>
  <string name="lockscreen_glogin_username_hint">Kullanıcı adı (e-posta)</string>
  <string name="lockscreen_glogin_password_hint">Şifre</string>
  <string name="lockscreen_glogin_submit_button">Oturum aç</string>
  <string name="lockscreen_glogin_invalid_input">Geçersiz kullanıcı adı veya şifre.</string>
  <string name="lockscreen_glogin_checking_password">Kontrol ediliyor...</string>
  <string name="lockscreen_unlock_label">Kilit Aç</string>
  <string name="lockscreen_sound_on_label">Sesi aç</string>
  <string name="lockscreen_sound_off_label">Sesi kapat</string>
  <string name="password_keyboard_label_symbol_key">\?123</string>
  <string name="password_keyboard_label_alpha_key">ABC</string>
  <string name="password_keyboard_label_alt_key">ALT</string>
  <string name="hour_ampm">%-l %P</string>
  <string name="hour_cap_ampm">%-l %p</string>
  <string name="status_bar_clear_all_button">Temizle</string>
  <string name="status_bar_no_notifications_title">Bildirim yok</string>
  <string name="status_bar_ongoing_events_title">Sürüyor</string>
  <string name="status_bar_latest_events_title">Bildirimler</string>
  <string name="battery_status_text_percent_format">%d %%</string>
  <string name="battery_status_charging">Şarj oluyor…</string>
  <string name="battery_low_title">Lütfen şarj cihazını takın</string>
  <string name="battery_low_subtitle">Pil tükeniyor:</string>
  <string name="battery_low_percent_format">%d%% veya daha az kaldı.</string>
  <string name="battery_low_why">Pil kullanımı</string>
  <string name="factorytest_failed">Fabrika testi yapılamadı</string>
  <string name="factorytest_not_system">FACTORY_TEST işlemi yalnızca /system/app dizinine yüklenmiş paketler için desteklenir.</string>
  <string name="factorytest_no_action">FACTORY_TEST işlemini sağlayan hiçbir paket bulunamadı.</string>
  <string name="factorytest_reboot">Yeniden başlat</string>
  <string name="web_user_agent">Mozilla/5.0 (Linux; U; Android %s) AppleWebKit/533.1 (KHTML, like Gecko) Version/4.0 Mobile Safari/533.1</string>
  <string name="js_dialog_title">\"%s\" adresindeki sayfada şunlar belirtiliyor:</string>
  <string name="js_dialog_title_default">JavaScript</string>
  <string name="js_dialog_before_unload">Bu sayfadan ayrılıyor musunuz?\n\n%s\n\nDevam etmek için Tamam\'ı, sayfada kalmak için İptal\'i tıklatın.</string>
  <string name="save_password_label">Onayla</string>
  <string name="double_tap_toast">İpucu: Yakınlaştırmak ve uzaklaştırmak için iki kez hafifçe vurun.</string>
  <string name="permlab_readHistoryBookmarks">Tarayıcı geçmişini ve favorileri oku</string>
  <string name="permdesc_readHistoryBookmarks">Uygulamaya Tarayıcının ziyaret etmiş olduğu tüm URL\'leri ve Tarayıcının tüm favorilerini okuma izni verir.</string>
  <string name="permlab_writeHistoryBookmarks">Tarayıcı geçmişini ve favorileri yaz</string>
  <string name="permdesc_writeHistoryBookmarks">Uygulamaya telefonunuzda depolanan Tarayıcı geçmişini veya favorileri değiştirme izni verir. Kötü amaçlı uygulamalar bunu Tarayıcı verilerinizi silmek veya değiştirmek için kullanabilir.</string>
  <string name="permlab_writeGeolocationPermissions">Tarayıcı\'nın coğrafi konum izinlerini değiştir</string>
  <string name="permdesc_writeGeolocationPermissions">Bir uygulamanın, Tarayıcı\'nın coğrafi konum izinlerini değiştirmesine izin verir. Kötü amaçlı uygulamalar, bu özelliği konum bilgilerini rastgele web sitelerine göndermek için kullanabilir.</string>
  <string name="save_password_message">Tarayıcının bu şifreyi anımsamasını istiyor musunuz?</string>
  <string name="save_password_notnow">Şimdi değil</string>
  <string name="save_password_remember">Anımsa</string>
  <string name="save_password_never">Hiçbir zaman</string>
  <string name="open_permission_deny">Bu sayfayı açma izniniz yok.</string>
  <string name="text_copied">Metin panoya kopyalandı.</string>
  <string name="more_item_label">Diğer</string>
  <string name="prepend_shortcut_label">Menü+</string>
  <string name="menu_space_shortcut_label">boşluk</string>
  <string name="menu_enter_shortcut_label">gir</string>
  <string name="menu_delete_shortcut_label">sil</string>
  <string name="oneMonthDurationPast">1 ay önce</string>
  <string name="beforeOneMonthDurationPast">1 ay önce</string>
  <string name="last_month">Son ay</string>
  <string name="older">Daha eski</string>
  <string name="preposition_for_date">%s tarihinde</string>
  <string name="preposition_for_time">%s saatinde</string>
  <string name="preposition_for_year">%s yılında</string>
  <string name="day">gün</string>
  <string name="days">gün</string>
  <string name="hour">saat</string>
  <string name="hours">saat</string>
  <string name="minute">dak</string>
  <string name="minutes">dakika</string>
  <string name="second">san.</string>
  <string name="seconds">saniye</string>
  <string name="week">hafta</string>
  <string name="weeks">hafta</string>
  <string name="year">yıl</string>
  <string name="years">yıl</string>
  <string name="relative_time">%1$s, %2$s</string>
  <string name="noon">öğle</string>
  <string name="Noon">Öğle</string>
  <string name="midnight">geceyarısı</string>
  <string name="Midnight">Gece Yarısı</string>
  <string name="elapsed_time_short_format_mm_ss">%1$02d:%2$02d</string>
  <string name="elapsed_time_short_format_h_mm_ss">%1$d:%2$02d:%3$02d</string>
  <string name="selectText">Metin seç</string>
  <string name="stopSelectingText">Metin seçmeyi durdur</string>
  <string name="cutAll">Tümünü kes</string>
  <string name="copyAll">Tümünü kopyala</string>
  <string name="inputMethod">Giriş yöntemi</string>
  <string name="addToDictionary">\"%s\" kelimesini sözlüğe ekle</string>
  <string name="editTextMenuTitle">Metin düzenle</string>
  <string name="low_internal_storage_view_title">Yer az</string>
  <string name="low_internal_storage_view_text">Telefonun depolama alanı azalıyor.</string>
  <string name="capital_on">AÇIK</string>
  <string name="capital_off">KAPALI</string>
  <string name="whichApplication">İşlemi şunu kullanarak tamamla</string>
  <string name="alwaysUse">Varsayılan olarak bu işlem için kullan.</string>
  <string name="clearDefaultHintMsg">Limpar o padrão em definições da página inicial &gt; Aplicações &gt; Gerenciar aplicações.</string>
  <string name="chooseActivity">İşlem seç</string>
  <string name="noApplications">Hiçbir uygulama bu işlemi yapamaz.</string>
  <string name="aerr_title">Üzgünüz!</string>
  <string name="aerr_application">%1$s uygulaması (%2$s işlemi) beklenmedik biçimde durdu. Lütfen yeniden deneyin.</string>
  <string name="aerr_process">%1$s işlemi beklenmedik biçimde durdu. Lütfen yeniden deneyin.</string>
  <string name="anr_title">Üzgünüz!</string>
  <string name="anr_activity_application">%1$s etkinliği (%2$s uygulamasında) yanıt vermiyor.</string>
  <string name="anr_activity_process">%1$s etkinliği (%2$s işleminde) yanıt vermiyor.</string>
  <string name="anr_application_process">%1$s uygulaması (%2$s işleminde) yanıt vermiyor.</string>
  <string name="anr_process">%1$s işlemi yanıt vermiyor.</string>
  <string name="force_close">Kapanmaya zorla</string>
  <string name="report">Rapor</string>
  <string name="wait">Bekle</string>
  <string name="sendText">Metin için bir işlem seçin</string>
  <string name="volume_ringtone">Zil sesi düzeyi</string>
  <string name="volume_music">Medya ses düzeyi</string>
  <string name="volume_music_hint_playing_through_bluetooth">Bluetooth üzerinden çalıyor</string>
  <string name="volume_music_hint_silent_ringtone_selected">Sessiz zil sesi seçildi</string>
  <string name="volume_call">Gelen çağrı ses düzeyi</string>
  <string name="volume_bluetooth_call">Bluetooth gelen çağrı ses düzeyi</string>
  <string name="volume_alarm">Alarm ses düzeyi</string>
  <string name="volume_notification">Bildirim ses düzeyi</string>
  <string name="volume_unknown">Ses</string>
  <string name="ringtone_default">Varsayılan zil sesi</string>
  <string name="ringtone_default_with_actual">Varsayılan zil sesi (%1$s)</string>
  <string name="ringtone_silent">Sessiz</string>
  <string name="ringtone_picker_title">Zil sesleri</string>
  <string name="ringtone_unknown">Bilinmeyen zil sesi</string>
  <string name="wifi_tether_configure_ssid_default">AndroidAP</string>
  <string name="select_character">Karakter ekle</string>
  <string name="sms_control_default_app_name">Bilinmeyen uygulama</string>
  <string name="sms_control_title">SMS mesajları gönderiliyor</string>
  <string name="sms_control_message">Çok sayıda SMS mesajı gönderiliyor. Devam etmek için \"Tamam\"ı, göndermeyi durdurmak için \"İptal\"i seçin.</string>
  <string name="sms_control_yes">Tamam</string>
  <string name="sms_control_no">İptal</string>
  <string name="date_time_set">Ayarla</string>
  <string name="default_permission_group">Varsayılan</string>
  <string name="permissions_format">%1$s, %2$s</string>
  <string name="no_permissions">İzin gerektirmez</string>
  <string name="perms_hide">İzinleri gizle</string>
  <string name="perms_show_all">Hepsini göster</string>
  <string name="usb_storage_activity_title">USB Yığın Depolama</string>
  <string name="usb_storage_title">USB bağlandı</string>
  <string name="usb_storage_message">Telefonunuzu USB ile bilgisayarınıza bağladınız. Bilgisayarınız ile Android\'inizin SD kartı arasında dosya kopyalamak istiyorsanız aşağıdaki düğmeyi seçin.</string>
  <string name="usb_storage_button_mount">USB depolama birimini aç</string>
  <string name="usb_storage_error_message">SD kartınızı USB depolama birimi için kullanmada bir sorun var.</string>
  <string name="usb_storage_notification_title">USB bağlandı</string>
  <string name="usb_storage_notification_message">Bilgisayarınıza/bilgisayarınızdan dosya kopyalamak için seçin.</string>
  <string name="usb_storage_stop_notification_title">USB depolama birimini kapat</string>
  <string name="usb_storage_stop_notification_message">USB depolama birimini kapatmak için seçin.</string>
  <string name="usb_storage_stop_title">USB depolama birimi kullanılıyor</string>
  <string name="usb_storage_stop_message">USB depolama birimini kapatmadan önce Android SD kartını bilgisayarınızdan kaldırdığınızdan (\"çıkardığınızdan\") emin olun.</string>
  <string name="usb_storage_stop_button_mount">USB depolama birimini kapat</string>
  <string name="usb_storage_stop_error_message">USB depolama birimini kapatırken bir sorun oluştu. USB ana makinesini kaldırdığınızdan emin olun ve daha sonra tekrar deneyin.</string>
  <string name="dlg_confirm_kill_storage_users_title">USB depolama birimini aç</string>
  <string name="dlg_confirm_kill_storage_users_text">USB depolama birimini açarsanız, kullanmakta olduğunuz bazı uygulamalar durur ve USB depolama birimi kapatılıncaya kadar kullanılamayabilir.</string>
  <string name="dlg_error_title">USB işlemi başarısız oldu</string>
  <string name="dlg_ok">Tamam</string>
  <string name="extmedia_format_title">SD kartı biçimlendir</string>
  <string name="extmedia_format_message">SD kartı biçimlendirmek istediğinizden emin misiniz? Kartınızdaki tüm veriler yok olacak.</string>
  <string name="extmedia_format_button_format">Biçimlendir</string>
  <string name="adb_active_notification_title">USB hata ayıklaması bağlandı</string>
  <string name="adb_active_notification_message">USB hata ayıklamasını devre dışı bırakmak için tıklayın.</string>
  <string name="locale_replacement">Bölge değişimi</string>
  <string name="select_input_method">Giriş yöntemini seç</string>
  <string name="fast_scroll_alphabet">\u0020ABCÇDEFGHIİJKLMNOÖPQRSTUÜVWXYZ</string>
  <string name="fast_scroll_numeric_alphabet">\u00200123456789ABCÇDEFGHIİJKLMNOÖPQRSTUÜVWXYZ</string>
  <string name="candidates_style">Stiller</string>
  <string name="ext_media_checking_notification_title">SD kart hazırlanıyor</string>
  <string name="ext_media_checking_notification_message">Hatalar denetleniyor.</string>
  <string name="ext_media_nofs_notification_title">Boş SD kart</string>
  <string name="ext_media_nofs_notification_message">SD kart boş veya desteklenmeyen dosya sistemi içeriyor</string>
  <string name="ext_media_unmountable_notification_title">Hasarlı SD kart</string>
  <string name="ext_media_unmountable_notification_message">SD kart zarar gördü. Yeniden biçimlendirmeniz gerekebilir.</string>
  <string name="ext_media_badremoval_notification_title">SD kart beklenmedik biçimde çıkarıldı</string>
  <string name="ext_media_badremoval_notification_message">Veri kaybından kaçınmak için SD kartı çıkarmadan önce bağlantısını kesin.</string>
  <string name="ext_media_safe_unmount_notification_title">SD kart güvenle çıkarılabilir</string>
  <string name="ext_media_safe_unmount_notification_message">SD kartı güvenle kaldırabilirsiniz.</string>
  <string name="ext_media_nomedia_notification_title">SD kart çıkarılmış</string>
  <string name="ext_media_nomedia_notification_message">SD kart çıkarıldı. Yeni bir SD kart takın.</string>
  <string name="activity_list_empty">Eşleşen hiçbir etkinlik bulunamadı</string>
  <string name="permlab_pkgUsageStats">bileşen kullanım istatistiklerini güncelle</string>
  <string name="permdesc_pkgUsageStats">Toplanmış bileşen istatistiklerinin değiştirilmesine izin verir. Normal uygulamalarda kullanılmamalıdır.</string>
  <string name="permlab_copyProtectedData">Varsayılan kapsayıcı hizmetin içeriği kopyalamak için çağrılmasına izin verir. Normal uygulamalar tarafından kullanılmaz.</string>
  <string name="permdesc_copyProtectedData">Varsayılan kapsayıcı hizmetin içeriği kopyalamak için çağrılmasına izin verir. Normal uygulamalar tarafından kullanılmaz.</string>
  <string name="tutorial_double_tap_to_zoom_message_short">Yakınlaştırma denetimi için iki kez dokun</string>
  <string name="gadget_host_error_inflating">Widget\'ı genişletirken hata oluştu</string>
  <string name="ime_action_go">Git</string>
  <string name="ime_action_search">Ara</string>
  <string name="ime_action_send">Gönder</string>
  <string name="ime_action_next">İleri</string>
  <string name="ime_action_done">Bitti</string>
  <string name="ime_action_default">Çalıştır</string>
  <string name="dial_number_using">Numarayı çevir:\n %s</string>
  <string name="create_contact_using">%s \n ile kişi oluştur</string>
  <string name="accessibility_compound_button_selected">seçildi</string>
  <string name="accessibility_compound_button_unselected">seçilmedi</string>
  <string name="grant_credentials_permission_message_header">Aşağıdaki bir veya daha fazla uygulama, şimdi ve ileride hesabınıza erişmek için izin istiyor.</string>
  <string name="grant_credentials_permission_message_footer">Bu isteğe izin vermek istiyor musunuz?</string>
  <string name="grant_permissions_header_text">Erişim İsteği</string>
  <string name="allow">İzin Ver</string>
  <string name="deny">Reddet</string>
  <string name="permission_request_notification_title">İzin İstendi</string>
  <string name="permission_request_notification_with_subtitle">%s hesabı için\nİzin İstendi</string>
  <string name="input_method_binding_label">Giriş yöntemi</string>
  <string name="sync_binding_label">Senkronizasyon</string>
  <string name="accessibility_binding_label">Erişebilirlik</string>
  <string name="wallpaper_binding_label">Duvar Kağıdı</string>
  <string name="chooser_wallpaper">Duvar kağıdını değiştir</string>
  <string name="alternate_eri_file">/data/eri.xml</string>
  <string name="pptp_vpn_description">Noktadan Noktaya Tünel Protokolü Kuralları</string>
  <string name="l2tp_vpn_description">Katman 2 Tünel Protokolü</string>
  <string name="l2tp_ipsec_psk_vpn_description">L2TP/IPSec VPN temelli önceden paylaşılmış anahtar</string>
  <string name="l2tp_ipsec_crt_vpn_description">L2TP/IPSec VPN temelli sertifika</string>
  <string name="upload_file">Dosya seç</string>
  <string name="reset">Sıfırla</string>
  <string name="submit">Gönder</string>
  <string name="description_star">favori</string>
  <string name="car_mode_disable_notification_title">Araba modu etkin</string>
  <string name="car_mode_disable_notification_message">Araba modundan çıkmak için seçin.</string>
  <string name="tethered_notification_title">Doğrudan bağlantı veya ortak erişim noktası etkin</string>
  <string name="tethered_notification_message">Yapılandırmak için dokunun</string>
  <string name="throttle_warning_notification_title">Yüksek düzeyde mobil veri kullanımı</string>
  <string name="throttle_warning_notification_message">Mobil veri kullanımı hakkında daha fazla bilgi edinmek için dokunun</string>
  <string name="throttled_notification_title">Mobil veri limiti aşıldı</string>
  <string name="throttled_notification_message">Mobil veri kullanımı hakkında daha fazla bilgi edinmek için dokunun</string>
  <string name="openvpn_vpn_description">OpenVPN SSL VPN</string>
  <string name="lockscreen_dial_label">Numarayı çevirin</string>
  <string name="lockscreen_mms_label">Metni girin</string>
  <string name="status_bar_back_to_call">Çağrıya Dönmek için Buraya Dokun</string>
  <string name="lockscreen_bottom_hint">Açmak için yukarı veya aşağı kaydır</string>
  <string name="lockscreen_unlock_hint">Ekran kilidini aç</string>
  <string name="unknown">Bilinmeyen</string>
  <string name="private_num">Özel numara</string>
  <string name="payphone">Ödemeli Arama</string>
  <string name="callNoAnswerTimeFormat">Cevapsız Çağrı %s</string>
  <string name="callDetailsDurationFormat">%1$s Dakika %2$s Saniye</string>
  <string name="date_day">Gün</string>
  <string name="status_bar_battery_low_notification">Telefon pil seviyesi düşük</string>
  <string name="status_bar_battery_low_notification_button">Güç değeri</string>
  <string name="status_bar_button_wifi">Wi-Fi</string>
  <string name="status_bar_button_apn">Veri</string>
  <string name="status_bar_button_bluetooth">Bluetooth</string>
  <string name="status_bar_button_rotate">rotasyon</string>
  <string name="status_bar_button_brightness">Parlaklık</string>
  <string name="status_bar_button_ringer_normal">Ses</string>
  <string name="status_bar_button_ringer_vibrate">Titreşim</string>
  <string name="status_bar_button_ringer_mute">Sessiz</string>
  <string name="status_bar_button_gps">GPS</string>
  <string name="status_bar_button_sync">Eşitle</string>
  <string name="status_bar_button_cpu">CPU frekansı</string>
  <string name="status_bar_button_vibrate">Titreşim</string>
  <string name="status_bar_button_flight_mode">Uçuş modu</string>
  <string name="status_bar_button_reboot">Reset</string>
  <string name="status_bar_button_shutdown">Kapanma</string>
  <string name="recent_dialog_buttonAppKiller_summary">MIUI  %1$s bellek kullanıyor. \ N mevcut bellek: %2$s</string>
  <string name="recent_dialog_buttonAppKiller">temizlik</string>
  <string name="recent_dialog_buttonTaskManager">Görev Yöneticisi</string>
  <string name="theme_changing_dialog_title">Yeni bir stil ikonu hazırlanıyor</string>
  <string name="theme_changed_dialog_title">Simge stili başarıyla değişti</string>
  <string name="theme_changed_dialog_message">Tema şu anda masa üstünde kullanılabilir, güncelleme sağlamak için telefonu yeniden başlatmanız önerilir</string>
</resources>
