<?xml version="1.0" encoding="utf-8"?>
<!--Generated by crowdin.net-->
<resources>
  <string name="app_label">Mesajlar</string>
  <string name="new_message">Yeni mesaj</string>
  <string name="create_new_message">Yeni mesaj yaz</string>
  <string name="menu_call_back">Şunu Ara %s</string>
  <string name="menu_send_email">Email gönder %s</string>
  <string name="menu_compose_new">Yaz</string>
  <string name="menu_preferences">Ayarlar</string>
  <string name="menu_add_address_to_contacts">%s kişilere ekle</string>
  <string name="menu_call">Ara</string>
  <string name="menu_delete_all">Konuları sil</string>
  <string name="menu_delete">Konuyu sil</string>
  <string name="menu_undelivered_messages">İletilemeyen mesajlar</string>
  <string name="menu_view">Konuyu göster</string>
  <string name="refreshing">Yenileniyor...</string>
  <string name="has_draft">Taslak</string>
  <string name="broadcast_from_to">%1$s burdan buraya %2$s</string>
  <string name="anonymous_recipient">İsimsiz</string>
  <string name="no_subject_view">(Konusuz)</string>
  <string name="messagelist_sender_self">Ben</string>
  <string name="view_picture">Resmi görüntüle</string>
  <string name="view_slideshow">Slayt gösterisini görüntüle</string>
  <string name="view_message_details">Mesaj ayrıntılarını göster</string>
  <string name="view_delivery_report">Raporu göster</string>
  <string name="delete_message">Mesajı sil</string>
  <string name="sent_on">Gönder: %s</string>
  <string name="expire_on">Geçerlilik :%s</string>
  <string name="kilobyte">KB</string>
  <string name="undelivered_msg_dialog_title">Teslim edilemeyen mesaj</string>
  <string name="undelivered_msg_dialog_body">Bu mesajı gönderilemiyor..\n yapılan deneme: %s.</string>
  <string name="undelivered_sms_dialog_body">Bu mesaj gönderilemedi.</string>
  <string name="delete_thread">Konuyu sil</string>
  <string name="menu_forward">Yönlendir</string>
  <string name="download">İndir</string>
  <string name="downloading">İndiriliyor</string>
  <string name="name_colon">:\u0020</string>
  <string name="inline_subject"><Konu: %s></string>
  <string name="drm_protected_text">* DRM korumalı metin *</string>
  <string name="insufficient_drm_rights">DRM uyumsuzluğu bulundu.</string>
  <string name="copy_message_text">Mesaj metnini kopyala</string>
  <string name="message_options">Mesaj seçenekleri</string>
  <string name="done">Tamam</string>
  <string name="move_up">Yukarı taşı</string>
  <string name="move_down">Aşağı taşı</string>
  <string name="remove_slide">Slaydı kaldır</string>
  <string name="add_slide">Slayt ekle</string>
  <string name="add_slide_hint">Yeni slayt için seç.</string>
  <string name="discard_slideshow">Slayt showu geç.</string>
  <string name="slide_show_part">Bölüm %1$s/%2$s</string>
  <string name="remove_text">Metni kaldır</string>
  <string name="add_picture">Resim ekle</string>
  <string name="remove_picture">Resmi kaldır</string>
  <string name="add_music">Müzik ekle</string>
  <string name="remove_music">Müziği kaldır</string>
  <string name="add_video">Video ekle</string>
  <string name="remove_video">Videoyu sil</string>
  <string name="compose_title">Yaz</string>
  <string name="to_hint">Kime</string>
  <string name="subject_hint">Konu</string>
  <string name="add_attachment">Ekle</string>
  <string name="add_subject">Konu ekle</string>
  <string name="discard">Vazgeç</string>
  <string name="view">Gör</string>
  <string name="replace">Değiştir</string>
  <string name="remove">Kaldır</string>
  <string name="send">Gönder</string>
  <string name="mms">MMS</string>
  <string name="all_threads">Tüm Konular</string>
  <string name="type_to_compose_text_enter_to_send">Cevapla</string>
  <string name="open_keyboard_to_compose_message">Klavyeyi aç ve cevapla</string>
  <string name="image_too_large">Resim çok büyük</string>
  <string name="ask_for_automatically_resize">Resim gönderilmeden önce boyutlandırılsın mı?</string>
  <string name="compressing">Resim çok büyük. Sıkıştırılıyor...</string>
  <string name="unsupported_media_format">Desteklenmeyen format: %1$s</string>
  <string name="select_different_media"> Lütfen Farklı bir% 1 $ s. seçin</string>
  <string name="exceed_message_size_limitation">Mesaj boyutu sınırına ulaştı.</string>
  <string name="message_too_big_for_video">Mesaj video eklemek için çok büyük </string>
  <string name="failed_to_add_media">Üzgünüz, mesaja %1$s ekleyemezsiniz.</string>
  <string name="failed_to_resize_image">Resmi yeniden boyutlandırılmadı</string>
  <string name="resize_image_error_information">Göndermek için hala çok büyük.</string>
  <string name="forward_prefix">İlet:\u0020</string>
  <string name="discard_message">Vazgeç</string>
  <string name="discard_message_reason">Geçerli bir alıcı olmadığından İletiniz iptal edilecektir.</string>
  <string name="has_invalid_recipient">Hatalı Alıcı(lar):<%1$s></string>
  <string name="invalid_destination">Hatalı bir adres girdiniz.</string>
  <string name="invalid_recipient_message">Alıcı(ları) düzeltin yoksa iletiyi alamazlar.</string>
  <string name="cannot_send_message">Bu mesaj gönderilemez.</string>
  <string name="cannot_send_message_reason">Mesajınızın geçerli bir alıcısı yok.</string>
  <string name="cannot_forward_drm_obj">Mesajının içerdiği DRM nesne iletilemez.</string>
  <string name="converting_to_picture_message">Resim mesajına çevriliyor.</string>
  <string name="converting_to_text_message">Metin mesajına çevriliyor.</string>
  <string name="cannot_add_slide_anymore">Daha fazla slayt eklenemiyor.</string>
  <string name="cannot_add_picture_and_video">Video ve resim aynı slayta eklenemez.</string>
  <string name="cannot_save_message">Mesaj kaydedilemiyor.</string>
  <string name="cannot_load_message">Mesaj yüklenemiyor.</string>
  <string name="message_saved_as_draft">Taslak olarak kaydedildi.</string>
  <string name="locked_message_cannot_be_deleted">Killitli mesaj silinemez.</string>
  <string name="too_many_recipients">Alıcı sınırı aşıldı (%1$s). Maksimum gönderme limiti %2$s.</string>
  <string name="too_many_attachments">Ek sınırı %1$s dosyadır. Sadece %2$s ek iletiye eklenecek.</string>
  <string name="adding_attachments_title">Ekleniyor</string>
  <string name="adding_attachments">Nesneler slayta eklenirken bekleyiniz...</string>
  <string name="multiple_recipients">Toplam %1$s alıcı</string>
  <string name="cannot_play_audio">Dosya yürütülemedi.</string>
  <string name="preview">Önizleme</string>
  <string name="preview_slideshow">Önizleme</string>
  <string name="replace_image">Fotoğrafı değiştir.</string>
  <string name="duration_sec">Süre (%s sn)</string>
  <string name="duration_selector_title">Slayt süresi \u0020</string>
  <string name="layout_selector_title">Slayt düzeni\u0020</string>
  <string name="layout_top">Hizala (üst)</string>
  <string name="layout_bottom">Hizala (alt)</string>
  <string name="type_to_compose_text_or_leave_blank">Metin oluşturmak için yaz ya da boş bırakın</string>
  <string name="duration_not_a_number">Süre bir sayı olmalıdır</string>
  <string name="duration_zero">Sure sıfırdan buyuk olmalıdır</string>
  <string name="secs">saniye</string>
  <string name="menu_view_contact">Kişiyi görüntüle</string>
  <string name="menu_add_to_contacts">Kişilere Ekle</string>
  <string name="hidden_sender_address">Gönderenin adresini gizle</string>
  <string name="yes">Tamam</string>
  <string name="no">İptal</string>
  <string name="set">Ayarla</string>
  <string name="play">Yürüt</string>
  <string name="edit">Düzenle</string>
  <string name="resize">Yeniden boyutlandır</string>
  <string name="try_to_send">Göndermeyi dene</string>
  <string name="preferences_title">Ayarlar</string>
  <string name="restore_default">Varsayılanı yükle</string>
  <string name="pref_notification_settings_title">Uyarı seçenekleri</string>
  <string name="pref_mms_settings_title">MMS ayarları</string>
  <string name="pref_sms_settings_title">SMS ayarları</string>
  <string name="pref_sms_storage_title">Kaydetme ayarları</string>
  <string name="pref_summary_manage_sim_messages">Sim\'e kayıtlı mesajları yönet</string>
  <string name="pref_summary_mms_delivery_reports">İleti gönderim raporu iste</string>
  <string name="pref_summary_mms_read_reports">Okundu onayı iste</string>
  <string name="pref_summary_sms_delivery_reports">İleti gönderim raporu iste</string>
  <string name="pref_summary_auto_delete">Gerektiğinde eski mesajları sil</string>
  <string name="pref_summary_delete_limit">Görüşme başına %1$s metin mesajı</string>
  <string name="pref_title_manage_sim_messages">SIM mesajlarını yönet</string>
  <string name="pref_title_mms_delivery_reports">İleti raporları</string>
  <string name="pref_title_mms_read_reports">Okundu raporları</string>
  <string name="pref_title_sms_delivery_reports">İleti raporları</string>
  <string name="pref_title_auto_delete">Eski mesajları sil</string>
  <string name="pref_title_sms_delete">Metin mesajı sınırı</string>
  <string name="pref_title_mms_delete">MMS sınırı</string>
  <string name="pref_title_popup_enabled">pop-up penceresi</string>
  <string name="pref_summary_popup_enabled">Mesaj geldiğinde pop-up ile bildir</string>
  <string name="pref_title_notification_enabled">Bildirimler</string>
  <string name="pref_summary_notification_enabled">Mesaj bildirimlerini uyarı penceresinde göster</string>
  <string name="pref_title_notification_vibrateWhen">Titret</string>
  <string name="pref_summary_notification_vibrateWhen">Bildirimlerde titret</string>
  <string name="pref_title_notification_ringtone">Zil sesini seç</string>
  <string name="pref_messages_to_save">Saklanacak mesaj sayısı</string>
  <string name="prefDefault_vibrateWhen">Asla</string>
  <string name="prefDefault_vibrate_true">Her zaman</string>
  <string name="prefDefault_vibrate_false">Asla</string>
  <string name="prefDialogTitle_vibrateWhen">Titret</string>
  <string name="pref_title_mms_auto_retrieval">Otomatik al</string>
  <string name="pref_summary_mms_auto_retrieval">Mesajları otomatik al</string>
  <string name="pref_title_mms_retrieval_during_roaming">Dolaşımda otomatik al</string>
  <string name="pref_summary_mms_retrieval_during_roaming">Dolaşımda mesajları otomatik al</string>
  <string name="to_label">Kime\u0020</string>
  <string name="confirm_dialog_title">Sil</string>
  <string name="confirm_dialog_locked_title">Kilitli mesajları sil ?</string>
  <string name="confirm_delete_conversation">Tüm konu silinecektir.</string>
  <string name="confirm_delete_all_conversations">Tüm konular silinecek.</string>
  <string name="confirm_delete_message">Mesaj silinecek.</string>
  <string name="confirm_delete_locked_message">Kilitli mesajlar silinsin mi?</string>
  <string name="confirm_delete_all_messages">Tüm konu silinecektir.</string>
  <string name="confirm_delete_all_SIM_messages">SIM deki mesajlar silinecek.</string>
  <string name="confirm_delete_SIM_message">SIM mesajı silinecek.</string>
  <string name="delete_unlocked">Kilitli mesajları sil</string>
  <string name="delete">Sil</string>
  <string name="cannot_get_details">Detaylar alınamıyor.</string>
  <string name="message_details_title">Mesaj ayrıntıları.</string>
  <string name="message_type_label">Tür:\u0020</string>
  <string name="text_message">Metin mesajı</string>
  <string name="multimedia_message">MMS mesajı</string>
  <string name="multimedia_notification">MMS bildirimi</string>
  <string name="from_label">Kimden:\u0020</string>
  <string name="to_address_label">Kime:\u0020</string>
  <string name="bcc_label">Bcc:\u0020</string>
  <string name="sent_label">Gönderildi:\u0020</string>
  <string name="received_label">Alındı:\u0020</string>
  <string name="saved_label">Saklandı:\u0020</string>
  <string name="subject_label">Konu:\u0020</string>
  <string name="message_size_label">Mesaj Boyutu:\u0020</string>
  <string name="priority_label">Öncelik:\u0020</string>
  <string name="priority_high">Yüksek</string>
  <string name="priority_normal">Normal</string>
  <string name="priority_low">Düşük</string>
  <string name="message_class_label">Mesaj sınıfı:\u0020</string>
  <string name="error_code_label">Hata kodu:\u0020</string>
  <string name="menu_edit">Düzenle</string>
  <string name="menu_retry_sending">Tekrar dene</string>
  <string name="menu_retry_sending_all">Hepsini tekrar dene</string>
  <string name="menu_delete_messages">Mesajları sil</string>
  <string name="retrying_dialog_body">Bu mesaj %s bir bağlantı sorunu nedeniyle gönderilmedi. \n Tekrar deneniyor...</string>
  <string name="menu_lock">Mesajı kilitle</string>
  <string name="menu_unlock">Kilidi aç</string>
  <string name="sim_copy_to_phone_memory">Telefona kaydet</string>
  <string name="sim_delete">Sil</string>
  <string name="sim_manage_messages_title">SIM deki mesajlar</string>
  <string name="sim_view">Göster</string>
  <string name="sim_empty">SIM de mesaj yok.</string>
  <string name="delivery_header_title">Rapor</string>
  <string name="status_none">(Hiçbiri)</string>
  <string name="status_pending">Beklemede</string>
  <string name="status_read">Oku</string>
  <string name="status_received">Alındı</string>
  <string name="status_failed">Başarısız</string>
  <string name="status_unread">Okunmadı</string>
  <string name="status_rejected">Reddedilen</string>
  <string name="recipient_label">Alıcı:\u0020</string>
  <string name="status_label">Durum:\u0020</string>
  <string name="attach_image">Resimler</string>
  <string name="attach_take_photo">Kameradan</string>
  <string name="attach_video">Videolar</string>
  <string name="attach_record_video">Kameradan</string>
  <string name="attach_sound">Ses</string>
  <string name="attach_record_sound">Kaydet</string>
  <string name="attach_slideshow">Slayt Gösterisi</string>
  <string name="select_bottom_text">Metin altta</string>
  <string name="select_top_text">Metin üstte</string>
  <string name="delivery_toast_body">Mesaj %s tarafından alındı</string>
  <string name="notification_multiple">%s okunmayan mesaj.</string>
  <string name="notification_multiple_title">Yeni mesaj</string>
  <string name="notification_failed_multiple">%s mesaj iletilemedi.</string>
  <string name="notification_failed_multiple_title">Mesaj gönderilmedi</string>
  <string name="sim_full_title">SIM dolu</string>
  <string name="sim_full_body">Yer açmak için mesaj silin</string>
  <string name="sms_full_title">Metin mesajı hafızası dolu</string>
  <string name="sms_full_body">Gelen mesaj yer olmadığı için alınamadı.Lütfen yer açın.</string>
  <string name="sms_rejected_title">Metin Mesajı reddedildi.</string>
  <string name="sms_rejected_body">Mesaj alınamadı.</string>
  <string name="type_audio">Ses</string>
  <string name="type_picture">Resim</string>
  <string name="type_video">Video</string>
  <string name="confirm">Onayla</string>
  <string name="message_send_read_report">Okundu onayı gönderilecek.</string>
  <string name="message_queued">Şu anda iletiniz gönderilemiyor. Servis sağlandığında gönderilecek.</string>
  <string name="no_subject">(Konu Yok)</string>
  <string name="unknown_sender">Bilinmeyen gönderici</string>
  <string name="dl_failure_notification">%1$s mesajın %2$s i indirilemedi.</string>
  <string name="dl_expired_notification">Mesajın süresi doldu silinecek.</string>
  <string name="rate_limit_surpassed">Onayla</string>
  <string name="confirm_rate_limit">Çok sayıda MMS gönderilecek. Onaylıyor musunuz.?</string>
  <string name="message_download_failed_title">Mesaj indirilmedi</string>
  <string name="message_send_failed_title">Mesaj gönderilemedi.</string>
  <string name="message_failed_body">Görüntülenecek mesajı seçip tekrar deneyin.</string>
  <string name="download_later">Şuan indirilemiyor. Sonra tekrar deneyiniz.</string>
  <string name="select_audio">Ses dosyası</string>
  <string name="copy_to_sdcard">Eki SD\'ye kaydet.</string>
  <string name="copy_to_sdcard_success">Kaydedildi.</string>
  <string name="copy_to_sdcard_fail">Kaydedilemedi.</string>
  <string name="save_ringtone">Zil sesi olarak kaydet.</string>
  <string name="saved_ringtone">Zil sesi kaydedildi</string>
  <string name="saved_ringtone_fail">Zil sesi kaydedilemedi</string>
  <string name="menu_insert_smiley">İfade ekle</string>
  <string name="select_link_title">Eylem seç</string>
  <string name="slide_number">Slayt %s</string>
  <string name="delivery_report_activity">İleti raporları</string>
  <string name="storage_limits_activity">Boş Alan Bilgisi</string>
  <string name="add_attachment_activity">Dosya ekle:</string>
  <string name="select_layout_activity">Düzen seç</string>
  <string name="change_duration_activity">Süreyi değiştir</string>
  <string name="edit_text_activity">Metin düzenle</string>
  <string name="edit_slideshow_activity">Slayt düzenle</string>
  <string name="edit_slide_activity">Slayt düzenle</string>
  <string name="pick_numbers_activity">Numara seç</string>
  <string name="slideshow_activity">Slayt Gösterisi</string>
  <string name="popup_activity">Hızlı cevap penceresi</string>
  <string name="popup_btn_send">Cevap</string>
  <string name="class_0_message_activity">Class 0 Mesaj</string>
  <string name="send_using_mms_activity">MMS olarak gönder.</string>
  <string name="select_contact_method_activity">Kartvizit Yöntemi</string>
  <string name="search_label">Mesajlaşma</string>
  <string name="search_hint">Mesajlarda ara</string>
  <string name="search">Mesajlaşma</string>
  <string name="search_setting_description">Mesajdaki metin</string>
  <string name="search_empty">Eşleşme bulunamadı</string>
  <string name="search_history">%1$s için sonuçlar \"%2$s\"</string>
  <string name="confirm_clear_search_title">Temizle</string>
  <string name="confirm_clear_search_text">Arama geçmişi temizlenecek.</string>
  <string name="pref_mms_clear_search_history_title">Arama geçmişini temizle</string>
  <string name="pref_mms_clear_search_history_summary">Arama kutusunu temizle.</string>
  <string name="save">Kaydet</string>
  <string name="storage_limits_title">Mesaj Limiti</string>
  <string name="storage_limits_message">Mesaj kısıtlaması belirlemek istiyor musunuz.</string>
  <string name="storage_limits_setting">Limit</string>
  <string name="storage_limits_setting_dismiss">Limit yok</string>
  <string name="too_many_unsent_mms">Şuan gönderilemiyor. Kuyrukta bekleyen gönderilmemiş mesajlar var.</string>
  <string name="me">Ben</string>
  <string name="sending_message">Gönderiliyor...</string>
  <string name="bookmark_sms">SMS Koleksiyonu</string>
  <string name="bookmark_sms_message">SMS koleksiyonu var ...</string>
  <string name="recent_conversation">Oturum</string>
  <string name="contacts">Kişiler</string>
  <string name="sms_bookmark">Bağlantılar</string>
  <string name="sms_push">Push</string>
  <string name="forward_from_format">%s transfer %s</string>
  <string name="msg_forward_from_format">—aktarma:%s</string>
  <string name="forward_count_format">%d kez yönlendirildi.</string>
  <string name="recipient_count_format">Toplam %d kişi</string>
  <string name="notification_color_title">Renk Seç</string>
  <string name="notification_color_summary">Highlight rengi</string>
  <string name="group_msg_contact_title">%sgönderildi:%s</string>
  <string name="sms_bookmark_welcome">Buraya eklemek için "Ekle SMS" e uzun basın.</string>
  <string name="mms_increase_font_size">Metin boyutunu büyüt</string>
  <string name="mms_decrease_font_size">Metin boyutunu küçült</string>
  <string name="mms_reading_mode_day">Gündüz modu</string>
  <string name="mms_reading_mode_night">Gece modu</string>
  <string name="menu_patch_delete">Sil</string>
  <string name="btn_done">ayarı sil</string>
  <string name="btn_cancel">İptal et</string>
  <string name="pref_title_forward_contact">Yönlendirme kişisi</string>
  <string name="pref_summary_forward_contact">Yönlendirme bilgisi</string>
  <string name="save_image">Resmi kaydet</string>
  <string name="mms_image_folder_name">MMS resimleri</string>
  <string name="mms_image_saved_successfully">Fotoğraf başarıyla kaydedildi</string>
  <string name="mms_image_saving_failed">Resmi kaydedilmedi.SD durumunu kontrol edin</string>
  <string name="festival_sms_category_count_format">(%s)</string>
  <string name="festival_msg_loading">Yükleniyor ...</string>
  <string name="festival_sms_push">Tavsiye</string>
  <string name="menu_group_sending">Mesajı</string>
  <string name="miui_push">MIUI Tavsiye</string>
  <string name="pushed_sms_category">SMS</string>
  <string name="converstaion_list_tile">SMS</string>
  <string name="conversations_count_format">(%d)</string>
  <string name="quick_sms_to">Kime:%s</string>
  <string name="popup_sms_deleted">SMS silindi</string>
  <string name="pref_set_font_size">metin boyutu</string>
  <string name="pref_summery_set_font_size">Kısa mesaj ekran boyutu</string>
  <string name="menu_batch_delete">Evet</string>
  <string name="batch_delete_confirm_dialog_title">Hepsini Sil</string>
  <string name="batch_delete_confrom_dialog_message">Seçilen mesajlar silinecek ?</string>
  <string name="btn_delete_with_number">Kaldır(%d)</string>
</resources>
