<?xml version="1.0" encoding="utf-8"?>
<!--Generated by crowdin.net-->
<resources>
  <string name="contactsIconLabel">Kişiler</string>
  <string name="contactsFavoritesLabel">Favoriler</string>
  <string name="dialerIconLabel">Çevirici</string>
  <string name="emergencyDialerIconLabel">Acil arama</string>
  <string name="phoneIconLabel">Telefon</string>
  <string name="recentCallsIconLabel">Arama kaydı</string>
  <string name="fdnListLabel">FDN Listesi</string>
  <string name="unknown">bilinmeyen</string>
  <string name="private_num">özel numara</string>
  <string name="payphone">Ödemeli Telefon</string>
  <string name="onHold">Beklemede</string>
  <string name="ongoing">Geçerli arama</string>
  <string name="callFailed_userBusy">Meşgul</string>
  <string name="callFailed_congestion">Şebeke meşgul</string>
  <string name="callFailed_noSignal">Sinyal yok</string>
  <string name="callFailed_limitExceeded">ACM sınırı aşıldı</string>
  <string name="callFailed_powerOff">Radio kapalı</string>
  <string name="callFailed_simError">Sim yok veya hatalı</string>
  <string name="callFailed_outOfService">Servis dışı</string>
  <string name="callFailed_fdn_only">Giden çağrılar engellenmiş.</string>
  <string name="callFailed_cb_enabled">Arama engelleme aktif, arama yapılamaz.</string>
  <string name="callFailed_dsac_restricted">Giden çağrılar engellenmiş.</string>
  <string name="callFailed_dsac_restricted_emergency">Acil aramalar engellenmiş.</string>
  <string name="callFailed_dsac_restricted_normal">Giden çağrılar engellenmiş.</string>
  <string name="callFailed_cdma_lockedUntilPowerCycle">CDMA: Telefon şarja bağlanana kadar kilitli.</string>
  <string name="callFailed_cdma_drop">CDMA: Çağrı düştü.</string>
  <string name="callFailed_cdma_intercept">CDMA: Çağrı engellendi.</string>
  <string name="callFailed_cdma_reorder">CDMA: yeniden düzenleme.</string>
  <string name="callFailed_cdma_SO_reject">CDMA: Hizmet Seçeneği reddet.</string>
  <string name="callFailed_cdma_retryOrder">CDMA: Yeniden deneyin.</string>
  <string name="callFailed_cdma_accessFailure">CDMA: Erişim hatası.</string>
  <string name="callFailed_cdma_preempted">CDMA: Önceden ayrıldı.</string>
  <string name="callFailed_cdma_notEmergency">Sadece Acil aramalar.</string>
  <string name="confCall">Konferans görüşme</string>
  <string name="call_lost">Arama kesildi.</string>
  <string name="retry">Tekrar dene</string>
  <string name="call_lost_title">Çağrı Kesildi</string>
  <string name="mmiStarted">MMI kod başladı</string>
  <string name="ussdRunning">USSD kod devrede...</string>
  <string name="mmiCancelled">MMI kod iptal edildi</string>
  <string name="cancel">iptal</string>
  <string name="menu_rejectCallAndSms">Çağrı &amp; Sms engelleme</string>
  <string name="menu_speaker">Hoparlör</string>
  <string name="menu_bluetooth">Bluetooth</string>
  <string name="menu_mute">Sessiz</string>
  <string name="menu_hold">Beklet</string>
  <string name="menu_endCall">Bitir</string>
  <string name="menu_swapCalls">Çağrı değiştir</string>
  <string name="menu_mergeCalls">Çağrıları birleştir</string>
  <string name="menu_addCall">Çağrı ekle</string>
  <string name="menu_manageConference">Konferans arama ayarları</string>
  <string name="menu_showDialpad">Tuş takımını göster</string>
  <string name="menu_hideDialpad">Tuş takımını gizle</string>
  <string name="menu_answerAndHold">Çağrı beklet\n&amp; Cevapla</string>
  <string name="menu_answerAndEnd">Çağrı Sonlandır\n&amp; Cevapla</string>
  <string name="ok">OK</string>
  <string name="menuButtonKeyboardDialHint">Çağrı ayarları için Menü\'ye bas \u0020•\u0020 arama yapmak için tuş takımını kullan</string>
  <string name="menu_answer">Cevapla</string>
  <string name="menu_ignore">Reddet</string>
  <string name="wait_prompt_str">Aşağıdaki ton gönderilsin mi? \n</string>
  <string name="pause_prompt_str">Ton gönderiliyor \n</string>
  <string name="send_button">Gönder</string>
  <string name="pause_prompt_yes">Evet</string>
  <string name="pause_prompt_no">Hayır</string>
  <string name="wild_prompt_str">Karakteri değiştir</string>
  <string name="no_vm_number">Eksik sesli mesaj numarası</string>
  <string name="no_vm_number_msg">SIM kartta hiçbir sesli mesaj numarası bulunamadı.</string>
  <string name="add_vm_number_str">Numara Ekle</string>
  <string name="dialer_emptyListWorking">Yükleniyor...</string>
  <string name="enterPin">SIM kart kilidini açmak için PIN kodunu girin.</string>
  <string name="pinUnlocked">SIM kilidi açıldı</string>
  <string name="enterNewPin">Yeni SIM kodu girin</string>
  <string name="verifyNewPin">Sım kodunu yeniden girin</string>
  <string name="verifyFailed">Girdiğiniz kodlar eşleşmiyor.Lütfen tekrar deneyin.</string>
  <string name="enterPuk">SIM kart kilidini açmak için PIN kodunu girin</string>
  <string name="badPuk">Hatalı PUK kodu!</string>
  <string name="buttonTxtContinue">Devam</string>
  <string name="puk_unlocked">Sim kart bloğu kaldırıldı. Telefon devreye alınıyor...</string>
  <string name="label_ndp">SIM PIN Kodu</string>
  <string name="sim_ndp_unlock_text">Kilit Aç</string>
  <string name="sim_ndp_dismiss_text">Reddet</string>
  <string name="requesting_unlock">Ağ kilidi açılıyor...</string>
  <string name="unlock_failed">Ağ kilidi açma başarısız.</string>
  <string name="unlock_success">Ağ kilidi açıldı.</string>
  <string name="imei">IMEI</string>
  <string name="meid">MEID</string>
  <string name="labelGSMMore">GSM arama ayarları</string>
  <string name="labelCDMAMore">CDMA Çağrı Ayarları</string>
  <string name="apn_settings">Erişim Noktaları</string>
  <string name="settings_label">Ağ Ayarları</string>
  <string name="voicemail">Sesli Mesaj</string>
  <string name="voicemail_abbreviated">SP:</string>
  <string name="networks">Ağ Operatörleri:</string>
  <string name="call_settings">Çağrı Ayarları</string>
  <string name="additional_gsm_call_settings">Genel Ayarlar</string>
  <string name="sum_gsm_call_settings">Ek GSM Çağrı ayarları</string>
  <string name="additional_cdma_call_settings">Ek CDMA Çağrı ayarları</string>
  <string name="sum_cdma_call_settings">Ek CDMA Çağrı Ayarları</string>
  <string name="labelNwService">Operatör Servis Ayarları</string>
  <string name="labelCallerId">Arayan Kimliği</string>
  <string name="sum_hide_caller_id">Numaramı Gizle</string>
  <string name="sum_show_caller_id">Numaramı Göster</string>
  <string name="sum_default_caller_id">Operatör Varsayılan Numaramı Göster ayarları</string>
  <string name="labelCW">Çağrı bekletme</string>
  <string name="sum_cw_enabled">Bekleyen çağrı bildir</string>
  <string name="sum_cw_disabled">Bekleyen çağrı bildir</string>
  <string name="call_forwarding_settings">Yönlendirme İşlemleri</string>
  <string name="labelCF">Çağrı yönlendirme</string>
  <string name="labelCFU">Her Zaman Yönlendir</string>
  <string name="messageCFU">Her zaman bu numarayı kullan</string>
  <string name="sum_cfu_enabled_indicator">Tüm çağrıları yönlendir</string>
  <string name="sum_cfu_enabled">Tüm çağrıları {0} a yönlendir</string>
  <string name="sum_cfu_enabled_no_number">Numara erişilmez</string>
  <string name="sum_cfu_disabled">Devre dışı</string>
  <string name="labelCFB">Meşgulse yönlendir</string>
  <string name="messageCFB">Meşgulse yönlendir</string>
  <string name="sum_cfb_enabled">{0} a yönlendir</string>
  <string name="sum_cfb_disabled">Devre dışı</string>
  <string name="disable_cfb_forbidden">Operatörünüz meşgulde yönlendirmeyi desteklemiyor.</string>
  <string name="labelCFNRy">Cevap yoksa yönlendir</string>
  <string name="messageCFNRy">Numara cevap vermiyorsa</string>
  <string name="sum_cfnry_enabled">{0} a yönlendir</string>
  <string name="sum_cfnry_disabled">Devre dışı</string>
  <string name="disable_cfnry_forbidden">Operatörünüz cevap yoksa yönlendir işlemini desteklemiyor.</string>
  <string name="labelCFNRc">Ulaşılamıyorsa yönlendir</string>
  <string name="messageCFNRc">Numaraya ulaşılamıyorsa</string>
  <string name="sum_cfnrc_enabled">{0} a yönlendir</string>
  <string name="sum_cfnrc_disabled">Devre dışı</string>
  <string name="disable_cfnrc_forbidden">Operatörünüz ulaşılamadığında yönlendir işlemini desteklemiyor.</string>
  <string name="updating_title">Çağrı Ayarları</string>
  <string name="error_updating_title">Çağrı ayarları hatası</string>
  <string name="reading_settings">Ayarlar Okunuyor...</string>
  <string name="updating_settings">Ayarlar Güncelleniyor...</string>
  <string name="reverting_settings">Ayarlar Geri yükleniyor...</string>
  <string name="response_error">Ağdan beklenmeyen yanıt.</string>
  <string name="exception_error">Şebeke veya SIM kart hatası.</string>
  <string name="radio_off_error">Bu ayarları görüntülemeden önce lütfen anteni aktif hale getirin.</string>
  <string name="close_dialog">OK</string>
  <string name="enable">Etkinleştir</string>
  <string name="disable">Kapat</string>
  <string name="change_num">Güncelle</string>
  <string name="vm_save_number">Sesli mesaj numarasını kaydet</string>
  <string name="vm_changed">Sesli mesaj numarası değişti.</string>
  <string name="vm_change_failed">Sesli mesaj numaranızı değiştirme başarısız. \n Bu sorun devam ederse Lütfen operatöre başvurun.</string>
  <string name="fw_change_failed">Yönlendirme numarasını değiştirmeyi başarısız. \n Bu sorun devam ederse Lütfen operatöre başvurun.</string>
  <string name="fw_get_in_vm_failed">Yönlendirme numarası ayarları alınamadı. \n Yeni operatöre geçmek istiyor musun?</string>
  <string name="no_change">Değişiklik yapılmadı.</string>
  <string name="sum_voicemail_choose_provider">Sesli posta servisi seç</string>
  <string name="voicemail_default">Operatörüm</string>
  <string name="mobile_networks">Mobil şebeke ayarları</string>
  <string name="label_available">Kullanılabilir ağlar</string>
  <string name="load_networks_progress">Aranıyor...</string>
  <string name="empty_networks_list">Operatör bulunamadı.</string>
  <string name="search_networks">Ağları ara</string>
  <string name="network_query_error">Ağ arama başarısız.</string>
  <string name="register_on_network">%s ağına kayıt olunuyor...</string>
  <string name="not_allowed">Sim kartınızla bu ağa kayıt olamazsınız.</string>
  <string name="connect_later">Ağa bağlanılamadı. Lütfen tekrar deneyin.</string>
  <string name="registration_done">Ağa kayıt olundu.</string>
  <string name="sum_carrier_select">Bir şebeke operatörü seçin</string>
  <string name="sum_search_networks">Bütün uygun ağları tara.</string>
  <string name="select_automatically">Otomatik seç.</string>
  <string name="sum_select_automatically">Tercih edilen servise otomatik bağlan.</string>
  <string name="register_automatically">Otomatik kayıt...</string>
  <string name="preferred_network_mode_title">Ağ modu</string>
  <string name="preferred_network_mode_summary">Ağ işletim modunu değiştirme</string>
  <string name="preferred_network_mode_dialogtitle">Tercih edilen şebeke modu</string>
  <string name="data_enabled">Data açık</string>
  <string name="data_enable_summary">Mobil şebeke üzerinden veri erişimi etkin</string>
  <string name="roaming">Data dolaşımı</string>
  <string name="roaming_enable">Dolaşımda data servislerine bağlan</string>
  <string name="roaming_disable">Dolaşımda data servislerine bağlan</string>
  <string name="roaming_reenable_message">Dolaşımda data erişimi pasif bırakıldığından data erişiminiz sona erdi.</string>
  <string name="roaming_warning">Dolaşımda data aktif olsunmu ? Dikkat Yüksek tarifelerden ücretlendirile bilirsiniz.</string>
  <string name="gsm_umts_options">GSM/UMTS Seçenekleri</string>
  <string name="cdma_options">CDMA Seçenekleri</string>
  <string name="throttle_data_usage">Data kullanımı</string>
  <string name="throttle_settings_title">Taşıyıcı veri politikası</string>
  <string name="throttle_current_usage">Dönem içi data kullanımı</string>
  <string name="throttle_time_frame">Data kullanım dönemi</string>
  <string name="throttle_rate">Veri hızı politikası</string>
  <string name="throttle_help">Daha fazla bilgi</string>
  <string name="throttle_status_subtext">%1$s (%2$d%)un %3$s dönem maksimum \n bir sonraki dönem %4$d gün (%5$s)</string>
  <string name="throttle_data_usage_subtext">%1$s (%2$d٪) un %3$s Dönem en fazla</string>
  <string name="throttle_data_rate_reduced_subtext">%1$s maksimumu aştı \n DATA\'ya oranı %2$d Kb/s ye düşürüldü.</string>
  <string name="throttle_time_frame_subtext">%1$d% doldu. \n Sonraki dönem %2$d gün (%3$s) sonra başlar.</string>
  <string name="throttle_rate_subtext">Veri kullanım limiti aşıldığında hız %1$d Kb/s ye düşürülür.</string>
  <string name="throttle_help_subtext">operatörünüzün hakkında daha fazla bilgi\mobil şebeke veri politikası kullanmak </string>
  <string name="cdma_cell_broadcast_sms">Hücre Yayını SMS</string>
  <string name="cell_broadcast_sms">Hücre Yayını SMS</string>
  <string name="enable_disable_cell_bc_sms">Hücre Yayını SMS</string>
  <string name="cell_bc_sms_enable">Hücre Yayını SMS etkin</string>
  <string name="cell_bc_sms_disable">Hücre Yayını SMS etkin değıl</string>
  <string name="cb_sms_settings">Hücre Yayını SMS ayarları</string>
  <string name="enable_disable_emergency_broadcast">Acil Yayını</string>
  <string name="emergency_broadcast_enable">Acil Yayın Etkin</string>
  <string name="emergency_broadcast_disable">Acil Yayın etkin değil</string>
  <string name="enable_disable_administrative">Admin</string>
  <string name="administrative_enable">Admin izinli</string>
  <string name="administrative_disable">Admin izinsiz</string>
  <string name="enable_disable_maintenance">Bakım</string>
  <string name="maintenance_enable">Bakım etkin</string>
  <string name="maintenance_disable">Bakım etkin Değil</string>
  <string name="general_news_settings">Genel Haberler</string>
  <string name="bf_news_settings">İş ve Finans Haberleri</string>
  <string name="sports_news_settings">Spor Haberleri</string>
  <string name="entertainment_news_settings">Eglence Haberleri</string>
  <string name="enable_disable_local">Yerel</string>
  <string name="local_enable">Yerel Haber Etkin</string>
  <string name="local_disable">Yerel Haber Devredışı</string>
  <string name="enable_disable_regional">Bölgesel</string>
  <string name="regional_enable">Bölgesel Haber Etkin</string>
  <string name="regional_disable">Bölgesel Haber Devredışı</string>
  <string name="enable_disable_national">Ulusal</string>
  <string name="national_enable">Ulusal Haber Etkin</string>
  <string name="national_disable">Ulusal haber Devredışı</string>
  <string name="enable_disable_international">Uluslararası</string>
  <string name="international_enable">Uluslararası haberler etkin</string>
  <string name="international_disable">Uluslararası Haberler etkin değil</string>
  <string name="list_language_title">Dil</string>
  <string name="list_language_summary">Haber Dilini Seçin</string>
  <string name="list_language_dtitle">Diller</string>
  <string name="enable_disable_local_weather">Yerel Hava Durumu</string>
  <string name="local_weather_enable">Yerel Hava Durumu Etkin</string>
  <string name="local_weather_disable">Yerel Hava Durumu Devredışı</string>
  <string name="enable_disable_atr">Bölge Trafik Raporları</string>
  <string name="atr_enable">Bölge Trafik Raporları Etkin</string>
  <string name="atr_disable">Bölge Trafik Raporları Devredışı</string>
  <string name="enable_disable_lafs">Yerel Havalimanı Uçuş Tarifeleri</string>
  <string name="lafs_enable">Yerel Havalimanı Uçuş Tarifeleri Etkin</string>
  <string name="lafs_disable">Yerel Havalimanı Uçuş Tarifeleri Devredışı</string>
  <string name="enable_disable_restaurants">Restoranlar</string>
  <string name="restaurants_enable">Restoranlar Etkin</string>
  <string name="restaurants_disable">Restoranlar Devredışı</string>
  <string name="enable_disable_lodgings">Pansiyon</string>
  <string name="lodgings_enable">Pansiyon Etkin</string>
  <string name="lodgings_disable">Lodgings devre dışı</string>
  <string name="enable_disable_retail_directory">Perakende Rehberi</string>
  <string name="retail_directory_enable">Perakende Rehberi Aktif</string>
  <string name="retail_directory_disable">Perakende Rehberi Pasif</string>
  <string name="enable_disable_advertisements">Reklamlar</string>
  <string name="advertisements_enable">Reklamlar devrede</string>
  <string name="advertisements_disable">Reklamlar devre dışı</string>
  <string name="enable_disable_stock_quotes">Hisse Senedi Fiyatları</string>
  <string name="stock_quotes_enable">Hisse Senedi Fiyatları Aktif</string>
  <string name="stock_quotes_disable">Hisse Senedi Fiyatları Pasif</string>
  <string name="enable_disable_eo">İş Fırsatları</string>
  <string name="eo_enable">İş Fırsatları Aktif</string>
  <string name="eo_disable">İş Fırsatları Pasif</string>
  <string name="enable_disable_mhh">Tıbbi, Sağlık ve Hastane</string>
  <string name="mhh_enable">Tıbbi, Sağlık ve Hastane Aktif</string>
  <string name="mhh_disable">Tıbbi, Sağlık ve Hastane Pasif</string>
  <string name="enable_disable_technology_news">Teknoloji Haberleri</string>
  <string name="technology_news_enable">Teknoloji Haberleri Aktif</string>
  <string name="technology_news_disable">Teknoloji Haberleri Pasif</string>
  <string name="enable_disable_multi_category">Multi-category</string>
  <string name="multi_category_enable">Multi-category Aktif</string>
  <string name="multi_category_disable">Multi-category Pasif</string>
  <string name="gsm_umts_network_preferences_title">GSM/UMTS ağ tercihleri</string>
  <string name="gsm_umts_network_preferneces_summary">Henüz uygulanmadı!</string>
  <string name="gsm_umts_network_preferences_dialogtitle">GSM/UMTS ağ tercihleri</string>
  <string name="prefer_2g">Sadece 2G kullan</string>
  <string name="prefer_2g_summary">Pil kullanım süresini arttırır.</string>
  <string name="cdma_system_select_title">Sistem seç</string>
  <string name="cdma_system_select_summary">CDMA dolaşım moduna geç.</string>
  <string name="cdma_system_select_dialogtitle">Sistem seç</string>
  <string name="cdma_roaming_mode_title">CDMA dolaşım modu</string>
  <string name="cdma_roaming_mode_summary">CDMA dolaşım moduna geç</string>
  <string name="cdma_roaming_mode_dialogtitle">CDMA dolaşım modu</string>
  <string name="cdma_network_preferences_title">CDMA ağ tercihleri</string>
  <string name="cdma_network_preferneces_summary">Henüz uygulanmadı!</string>
  <string name="cdma_network_preferences_dialogtitle">CDMA ağ tercihleri</string>
  <string name="subscription_title">CDMA abonelik Test</string>
  <string name="subscription_summary">Tercih et RUIM/SIM veya NV</string>
  <string name="subscription_dialogtitle">Abonelik</string>
  <string name="fdn">Sabit Arama Numaraları</string>
  <string name="manage_fdn_list">FDN Listesi</string>
  <string name="fdn_activation">FDN etkinleştirme</string>
  <string name="fdn_enabled">Sabit Arama Numaraları etkin</string>
  <string name="fdn_disabled">Sabit Arama Numaraları devre dışı.</string>
  <string name="enable_fdn">FDN Etkin</string>
  <string name="disable_fdn">FDN Devre dışı.</string>
  <string name="change_pin2">PIN2 Değiştir.</string>
  <string name="enable_fdn_ok">FDN Devre dışı.</string>
  <string name="disable_fdn_ok">FDN Etkin.</string>
  <string name="sum_fdn">Sabit Arama Numaralarını yönet</string>
  <string name="sum_fdn_change_pin">FDN erişimi için PIN değiştir. </string>
  <string name="sum_fdn_manage_list">Numaraları Yönet</string>
  <string name="voice_privacy">Ses gizliliği</string>
  <string name="voice_privacy_summary">Gelişmiş Gizlilik aktif</string>
  <string name="tty_mode_title">TTY modu</string>
  <string name="tty_mode_summary">TTY modu aktif</string>
  <string name="tty_mode_option_title">TTY modu</string>
  <string name="tty_mode_option_summary">TTY modunu ayarla</string>
  <string name="auto_retry_mode_title">Otomatik Tekrar</string>
  <string name="auto_retry_mode_summary">Otomatik Tekrar modu aktif</string>
  <string name="menu_add">Kişi Ekle</string>
  <string name="menu_edit">Kişiyi düzenle</string>
  <string name="menu_delete">Kişiyi sil</string>
  <string name="get_pin2">PIN2\'yi giriniz</string>
  <string name="name">Adı</string>
  <string name="number">Numara</string>
  <string name="save">Kaydet</string>
  <string name="add_fdn_contact">Hızlı aramaya ekle</string>
  <string name="adding_fdn_contact">Hızlı arama numarası ekleniyor ...</string>
  <string name="fdn_contact_added">Hızlı arama numarası eklendi.</string>
  <string name="edit_fdn_contact">Hızlı arama numarası düzenle</string>
  <string name="updating_fdn_contact">Hızlı arama numarası güncelleniyor...</string>
  <string name="fdn_contact_updated">Hızlı arama numarası güncelledi.</string>
  <string name="delete_fdn_contact">Hızlı arama listesinden sil</string>
  <string name="deleting_fdn_contact">Hızlı arama numarası siliniyor...</string>
  <string name="fdn_contact_deleted">Hızlı arama numarası silindi.</string>
  <string name="pin2_invalid">FDN güncellenmedi: Hatalı PIN girildi.</string>
  <string name="fdn_invalid_number">FDN güncellenmedi: Numara 20 haneden uzun olamaz.</string>
  <string name="simContacts_emptyLoading">SIM Karttan Okunuyor...</string>
  <string name="simContacts_empty">SIM kartta kayıt yok.</string>
  <string name="simContacts_title">Aktarılacak kayıtları seçiniz.</string>
  <string name="enable_pin">SIM Kilidi Devrede Aç/Kapat</string>
  <string name="change_pin">SIM PIN kodunu değiştir</string>
  <string name="enter_pin_text">Sim Pin</string>
  <string name="oldPinLabel">Eski PIN:</string>
  <string name="newPinLabel">Yeni PIN:</string>
  <string name="confirmPinLabel">Yeni PIN Onayla:</string>
  <string name="badPin">Eski PIN bilginiz doğru değil. Tekrar deneyiniz.</string>
  <string name="mismatchPin">Girdiğiniz PIN\'ler eşleşmiyor.Tekrar deneyiniz.</string>
  <string name="invalidPin">4 ila 8 rakamdan oluşan bir PIN girin.</string>
  <string name="disable_sim_pin">SIM Kilidi devre dışı.</string>
  <string name="enable_sim_pin">SIM kilidini aç</string>
  <string name="enable_in_progress">lütfen bekleyin</string>
  <string name="enable_pin_ok">SIM Kilidi devrede</string>
  <string name="disable_pin_ok">SIM Kilidi devre dışı</string>
  <string name="pin_failed">Hatalı PIN kodu girdiniz.</string>
  <string name="pin_changed">SIM PIN kodu başarıyla değişti.</string>
  <string name="puk_requested">Hatalı Şifre, SIM Bloke Oldu! PUK2 bilgisi gerekli.</string>
  <string name="enter_pin2_text">PIN2</string>
  <string name="oldPin2Label">Eski PIN2</string>
  <string name="newPin2Label">Yeni PiN2</string>
  <string name="confirmPin2Label">PIN2 yi onayla</string>
  <string name="badPuk2">Hatalı PUK2. Tekrar deneyin.</string>
  <string name="badPin2">Eski PIN2 kodu doğru değil. Tekrar deneyin.</string>
  <string name="mismatchPin2">PIN2\'ler eşleşmiyor. Lütfen tekrar deneyin.</string>
  <string name="invalidPin2">4 ila 8 rakamdan oluşan bir PIN2 girin.</string>
  <string name="invalidPuk2">8 karakterli PUK2\'yi girin.</string>
  <string name="pin2_changed">PIN2 değiştirildi.</string>
  <string name="label_puk2_code">PUK2 kodunu girin.</string>
  <string name="fdn_enable_puk2_requested">Hatalı şifre,PIN2\'yi değiştirip tekrar deneyiniz.</string>
  <string name="puk2_requested">Hatalı Şifre, SIM Bloke Oldu! PUK2 bilgisi gerekli.</string>
  <string name="doneButton">Tamam</string>
  <string name="caller_manage_header">Konferans görüşme %s</string>
  <string name="caller_manage_manage_done_text">Geri al</string>
  <string name="fake_phone_activity_phoneNumber_text">(212) 444 0375</string>
  <string name="fake_phone_activity_infoText_text">Gelen Çağrı Numarası</string>
  <string name="fake_phone_activity_placeCall_text">Sahte Gelen Çağrı</string>
  <string name="sim_missing_continueView_text">SIM olmadan devam et</string>
  <string name="sim_missing_msg_text">Sim kart bulunamadı. Lütfen Sim kart takınız.</string>
  <string name="sim_unlock_dismiss_text">Geç</string>
  <string name="sim_unlock_unlock_text">Kilit Aç</string>
  <string name="sim_unlock_status_text">Şifre Doğrulanıyor ...</string>
  <string name="voicemail_settings_number_label">Sesli Mesaj Numarası</string>
  <string name="card_title_dialing">Aranıyor</string>
  <string name="card_title_redialing">Yeniden Aranıyor</string>
  <string name="card_title_in_progress">Geçerli arama</string>
  <string name="card_title_conf_call">Konferans görüşme</string>
  <string name="card_title_incoming_call">Gelen çağrı</string>
  <string name="card_title_cdma_call_waiting">Cdma Bekleyen Arama</string>
  <string name="card_title_call_ended">Çağrı sonlandı</string>
  <string name="card_title_on_hold">Beklemede</string>
  <string name="card_title_hanging_up">Kapatılıyor</string>
  <string name="card_title_in_call">Görüşme</string>
  <string name="notification_missedCallTitle">Cevapsız çağrı</string>
  <string name="notification_missedCallsTitle">Cevapsız çağrılar</string>
  <string name="notification_missedCallsMsg">%s Cevapsız çağrı</string>
  <string name="notification_missedCallTicker">Cevapsız gelen çağrı %s</string>
  <string name="notification_ongoing_call_format">Gelen Çağrı (%s)</string>
  <string name="notification_on_hold">Beklemede</string>
  <string name="notification_voicemail_title">Yeni Sesli Posta</string>
  <string name="notification_voicemail_title_count">Yeni Sesli Posta (%d)</string>
  <string name="notification_voicemail_text_format">Ara %s</string>
  <string name="notification_voicemail_no_vm_number">Sesli Posta Numarası bilinmiyor</string>
  <string name="notification_network_selection_title">Servis Yok</string>
  <string name="notification_network_selection_text">Seçilen (%s)Ağı erişilmez</string>
  <string name="incall_error_power_off">Arama yapmak için önce Uçak modundan çıkmalısınız.</string>
  <string name="incall_error_emergency_only">Ağa bağlı değil.</string>
  <string name="incall_error_out_of_service">Mobil şebeke yok.</string>
  <string name="incall_error_no_phone_number_supplied">Çağrı yapılamadı, geçerli bir numara girilmedi.</string>
  <string name="incall_error_call_failed">Çağrı yapılamadı.</string>
  <string name="incall_status_dialed_mmi">MMI dizisi başlatılıyor ...</string>
  <string name="incall_status_dialed_fc">özellik kodu dizisi başlatılıyor </string>
  <string name="incall_error_supp_service_unknown">Desteklenmeyen hizmet.</string>
  <string name="incall_error_supp_service_switch">Aramalar arası geçiş yapamazsınız.</string>
  <string name="incall_error_supp_service_separate">Baska bir çağrı yapılamaz.</string>
  <string name="incall_error_supp_service_transfer">çağrı transfer edilemiyor.</string>
  <string name="incall_error_supp_service_conference">Konferans görüşmeleri yapılamıyor.</string>
  <string name="incall_error_supp_service_reject">çağrıyı reddedin.</string>
  <string name="incall_error_supp_service_hangup">aramalar serbest yapılamıyor</string>
  <string name="emergency_enable_radio_dialog_title">Acil Aramalar</string>
  <string name="emergency_enable_radio_dialog_message">Radyo açılıyor</string>
  <string name="emergency_enable_radio_dialog_retry">hizmet DıSı alan, deneniyor ...</string>
  <string name="dial_emergency_error">hizmet DıSı alan, deneniyor ...</string>
  <string name="dial_emergency_empty_error">Arama Gönderilemedi, lütfen acil numarayı gönderin!</string>
  <string name="dialerKeyboardHintText">Çevirmek için klavyeyi kullan</string>
  <string name="dtmfDialpadHintText">Dokunmatik tuş takımı </string>
  <string name="dtmfDialpadHandleLabel">Tuş takımı</string>
  <string name="touchLockText">Çift tıkla \ kilidi aç</string>
  <string name="onscreenAnswerText">Çift tıkla \ yanıtla</string>
  <string name="onscreenRejectText">Çift tıklama \ düşüş</string>
  <string name="onscreenHoldText">Beklet</string>
  <string name="onscreenUnholdText">Devam Et</string>
  <string name="onscreenEndCallText">Bitir</string>
  <string name="onscreenShowDialpadText">Tuş takımı</string>
  <string name="onscreenHideDialpadText">Gizle</string>
  <string name="onscreenSpeakerText">Hoparlör</string>
  <string name="onscreenMuteText">Sessiz</string>
  <string name="onscreenBluetoothText">Bluetooth</string>
  <string name="onscreenAddCallText">Çağrı ekle</string>
  <string name="onscreenMergeCallsText">çağrıları Birleştir</string>
  <string name="onscreenSwapCallsText">Takas</string>
  <string name="onscreenManageCallsText">Çağrıları yönet</string>
  <string name="onscreenManageConferenceText">Yönet</string>
  <string name="importSimEntry">Aktar</string>
  <string name="importAllSimEntries">Hepsini Aktar</string>
  <string name="importingSimContacts">Sim Kisileri Aktariliyor</string>
  <string name="importToFDNfromContacts">Kişilerinden Aktar</string>
  <string name="hac_mode_title">İşitme cihazları</string>
  <string name="hac_mode_summary"> işitme açın</string>
  <string name="eri_text_label">ERG metin</string>
  <string name="dtmf_tones_title">DTMF sesleri</string>
  <string name="dtmf_tones_summary">DTMF tonları Set uzunluğu</string>
  <string name="network_message">Ağ Mesajı</string>
  <string name="ota_title_activate">Telefonunuzu etkinleştirin</string>
  <string name="ota_touch_activate">Özel bir çağrı telefon hizmeti etkinleştirmek için yapılması gerekmektedir.`/n/ bastıktan sonra, "Etkinleştir" Telefonunuzu etkinleştirmek için verilen talimatları uygulayin</string>
  <string name="ota_touch_activate_new">Operatörünüz telefonunuzu harekete geçiren özel bir arama yapmak için \ "Activate" \'mobil şebeke var, aramaları yerleştirebilir ve mobil veri ağlarına bağlanabilirsiniz.</string>
  <string name="ota_skip_activation_dialog_title">Aktiviteyi Atla </string>
  <string name="ota_skip_activation_dialog_message">Eğer aktivasyon atlarsanız, şunları yapabilirsiniz \ \'t yer aramaları veya (Wi-Fi ağlarına bağlanabilir rağmen) mobil veri ağlarına bağlanın. Telefonunuzu etkinleştirmek kadar, istenir her zaman açın etkinleştirebilirsiniz.</string>
  <string name="ota_skip_activation_dialog_skip_label">Atla</string>
  <string name="ota_skip_activation_dialog_continue_label">Aktivasyon</string>
  <string name="ota_activate">Aktivasyon</string>
  <string name="ota_title_activate_success">Cihaz aktif !</string>
  <string name="ota_title_problem_with_activation">Aktivasyon yapılamadı</string>
  <string name="ota_listen">Bu etkinleştirme tamamlanana kadar sözlü yönergeleri izleyin.</string>
  <string name="ota_dialpad">Tuş Takımı</string>
  <string name="ota_speaker">hoparlör</string>
  <string name="ota_progress">Telefonunuz programlanırken lütfen bekleyin.</string>
  <string name="ota_failure">Programlama başarısız</string>
  <string name="ota_successful">Aktivasyon yapıldı. Servislerin başlaması 15 dk. sürebilir.</string>
  <string name="ota_unsuccessful">Telefonunuzun aktivasyonu yapılamadı.\n\n Tekrar deneyin ya da daha fazla seçenek için müşteri hizmetlerini arayınız.</string>
  <string name="ota_spc_failure">SPC HATASI</string>
  <string name="ota_call_end">geri</string>
  <string name="ota_try_again">Tekrar Dene</string>
  <string name="ota_next">Sonraki</string>
  <string name="ota_back">Geri</string>
  <string name="ecm_exit_dialog">EcmExitDialog</string>
  <string name="phone_entered_ecm_text">Acil geri arama modu</string>
  <string name="phone_in_ecm_notification_title">Acil geri arama modu</string>
  <string name="phone_in_ecm_call_notification_text">Veri iletişimi devre dışı</string>
  <string name="alert_dialog_in_ecm_call">Acil arama modunda seçilen işlem yapılamaz.</string>
  <string name="progress_dialog_exiting_ecm">Acil arama moduna geçiliyor.</string>
  <string name="alert_dialog_yes">Evet</string>
  <string name="alert_dialog_no">Hayır</string>
  <string name="alert_dialog_dismiss">Geç</string>
  <string name="absent_num">GEÇERSIZ NUMARA</string>
  <string name="voicemail_settings">Sesli posta ayarları</string>
  <string name="voicemail_number_not_set">&lt;boş&gt;</string>
  <string name="voicemail_provider">Sesli Posta servisi</string>
  <string name="voicemail_settings_for">%s Ayarları</string>
  <string name="other_settings">Diğer arama ayarları</string>
  <string name="dial_button_label">Ara</string>
  <string name="calling_via_template">^1\n üzerinden aranıyor</string>
  <string name="slide_to_answer">Cevaplamak için sağa sürükle</string>
  <string name="slide_to_silence">Sessiz için sola sürükle</string>
  <string name="slide_to_decline">Meşgul için sola sürükle</string>
  <string name="slide_to_answer_and_hold">Cevaplamak için sağa sürükle \n ve görüşmeyi beklemeye al</string>
  <string name="slide_to_answer_and_end_active">Cevaplamak için sağa sürükle \n ve görüşmeyi sonlandır</string>
  <string name="slide_to_answer_and_end_onhold">Cevaplamak için sağa sürükle \n bekleyen çağrıyı sonlandır.</string>
  <string name="slide_to_answer_hint">Cevapla</string>
  <string name="slide_to_decline_hint">Reddet</string>
  <string name="notification_ongoing_calling_format">Gelen Çağrı (%s)</string>
  <string name="advanced_setting">Gelişmiş Ayarlar</string>
  <string name="call_reject_hint">Çağrı Reddetme</string>
  <string name="hangup_sms">Çağrıyı reddet ve metin mesajı yolla</string>
  <string name="hangup_sms_body">Şuan müsait değilim, sizi sonra arayacağım.</string>
  <string name="onscreenNoteText">Rekor</string>
  <string name="query_telocation_title">Sorgu</string>
  <string name="query_telocation_sum">Cep telefonu veya sabit hat numarası </string>
  <string name="button_query_hint">Cep ya da sabit hat numarasını girin</string>
  <string name="button_query">Sorgu</string>
  <string name="button_clear">Boş</string>
  <string name="text_location">Kime:</string>
  <string name="text_areacode">Bölge Kodu:</string>
  <string name="unknown_location">Bilinmeyen Bölge</string>
  <string name="autoip">Akıllı IP Arama</string>
  <string name="autoip_sum">Uzak IP numarası aramasında otomatik olarak öneki ekleyin,</string>
  <string name="ip_prefix">IP numarası önek</string>
  <string name="ip_prefix_sum">IP arama öneki:%s</string>
  <string name="current_areacode">Sabit hat kodu</string>
  <string name="current_areacode_sum">Alan Kodu. Örneğin: 010</string>
  <string name="always_enable_mms">Alan Kodu. Örneğin: 010</string>
  <string name="always_enable_mms_summary">MMS Etkin</string>
  <string name="dialer_click_pref_title">Kişi listesini tıklatın</string>
  <string name="dialer_click_pref_summary">Özel kişi listesi</string>
  <string name="auto_dialpad_pref_title">Otomatik pop-up tuş takımı</string>
  <string name="auto_dialpad_pref_summary">Otomatik pop-up tuş takımı aramayı başlat</string>
  <string name="anti_disturb_settings">DND Ayarları</string>
  <string name="incoming_call_limit_title">Gelen Çağrı Engelleme</string>
  <string name="incoming_call_limit_summary">Engelli Listesini otomatik reddet.</string>
</resources>
