<?xml version="1.0" encoding="utf-8"?>
<!--Generated by crowdin.net-->
<resources>
  <string name="app_name">Uyulama ismi</string>
  <string name="apply_now_button_text">güncelleme tuşu</string>
  <string name="apply_later_button_text">sonra güncelleme tuşu</string>
  <string name="apply_update_button_text">güncelleme tuşu metnı</string>
  <string name="apply_title_textview_text">mentı göster güncelle</string>
  <string name="apply_subtitle_textview_text">başlık metni güncelle</string>
  <string name="apply_unable_to_reboot_toast">yeniden başlat</string>
  <string name="apply_trying_to_get_root_access">uygulama yeniden başlatılacak</string>
  <string name="available_updates_text">güncellemeler hazır</string>
  <string name="choose_available_update_text">mevcut güncellemeyi seçin</string>
  <string name="no_updates_found_instructions">نسخه های اخیر در حال حاضر \ نفر را کلیک کنید \ \'بررسی کن \' چک کردن دوباره برای به روز رسانی</string>
  <string name="check_error_instructions">بررسی برای به روز رسانی ناموفق \ نفر را کلیک کنید \ \'بررسی کن \' چک کردن دوباره برای به روز رسانی</string>
  <string name="downloaded_update_found_text">güncelleme yüklendi</string>
  <string name="checking_for_updates">yeni güncellemeler aranıyor</string>
  <string name="downloading_update">güncelleme yükleniyor</string>
  <string name="sdcard_is_not_present_dialog_body">SD kartı bulunamadı</string>
  <string name="sdcard_is_not_present_dialog_title">SD kart hazır değil</string>
  <string name="sdcard_is_not_present_dialog_ok_button">ok</string>
  <string name="current_version_text">Sürüm ： {0}</string>
  <string name="delete_updates_text">güncellemeleri sil</string>
  <string name="delete_updates_success_message">Bu güncelleştirme silindi</string>
  <string name="delete_updates_failure_message">Güncelleme kaldırılamadı</string>
  <string name="delete_updates_noFolder_message">Yerel güncelleme bulunamadı</string>
  <string name="apply_update_dialog_title">Onaylayın</string>
  <string name="apply_update_dialog_text">شما می خواهید به درخواست این بروز رسانی بلافاصله پرونده : {0} \ ازت اگر شما بر روی "به روز رسانی"کلیک کنید، تلفن به طور خودکار به حالت بهبود راه اندازی مجدد نصب بروز رسانی.</string>
  <string name="apply_update_dialog_update_button">Güncelleme</string>
  <string name="apply_update_dialog_backup_and_update_button">Yedekleme ve Uygulamaları Güncelleme</string>
  <string name="apply_update_dialog_cancel_button">iptal et</string>
  <string name="check_now">Güncelleştirmeleri denetleyin</string>
  <string name="menu_config">Uygula</string>
  <string name="menu_about">Hakkında</string>
  <string name="menu_changelog">Güncelleme Bilgisi</string>
  <string name="cancel_download_buton_text">İndirmeyi iptal et</string>
  <string name="confirm_download_cancelation_dialog_message">Gerçekten geçerli indirmeyi iptal etmek istiyor musunuz?</string>
  <string name="confirm_download_cancelation_dialog_yes">Evet</string>
  <string name="confirm_download_cancelation_dialog_no">Hayır</string>
  <string name="download_canceled_toast_message">İndirme iptal edildi</string>
  <string name="verify_and_apply_dialog_title">Onayla ve uygula</string>
  <string name="verify_and_apply_dialog_message">MD5 dosya doğrulaması</string>
  <string name="apply_existing_update_md5error_message">خطا:کد می دی 5 فایل صحیح نیست </string>
  <string name="file_not_found_error_message">Dosya bulunamadı</string>
  <string name="apply_upload_info_message">"Şimdi Güncelle"düğmesine tıklayın, telefon otomatik güncelleştirmeyi uygulamak için yeniden başlayacaktır</string>
  <string name="notes_about_recovery">ROM\'un kurtarma modu uyumlu kullanmanız gerekir</string>
  <string name="last_update_check_text">Güncellemeler için son kontrol</string>
  <string name="overwrite_update_title">Güncelleme mevcut</string>
  <string name="overwrite_update_summary">Güncelleme zaten indirilmiş yeniden indirilsin mi?</string>
  <string name="overwrite_update_positive">Evet</string>
  <string name="overwrite_update_negative">Hayır</string>
  <string name="no_md5_found_summary"> MD5 doğrulama bulunmadı \n gözardı ederek bu güncelleştirmeyi uygulamak istiyor musunuz?</string>
  <string name="no_md5_found_positive">Evet</string>
  <string name="no_md5_found_negative">Hayır</string>
  <string name="notification_tickertext">Güncelleme indiriliyor</string>
  <string name="notification_finished">Yükleme Tamamlandı</string>
  <string name="stable_description">= Kararlı Sürüm</string>
  <string name="experimental_description">=Test Sürümü</string>
  <string name="changelog_button_text">Log</string>
  <string name="changelog_title_rom">ROM güncelleme günlüğü</string>
  <string name="md5_check_cancelled">MD5 doğrulama iptal edildi</string>
  <string name="title_running">Güncel sürüm</string>
  <string name="no_updatecheck_executed">Güncelleme kontrolü yapılmadı</string>
  <string name="about_dialog_title">Hakkında</string>
  <string name="no_updates_found">Güncelleme bulunamadı</string>
  <string name="not_new_updates_found_title">Yeni güncelleme bulunamadı</string>
  <string name="exception_while_downloading">Güncelleme indirilirken hata oluştu</string>
  <string name="not_update_check_error_title">Güncelleştirmeleri denetleyin</string>
  <string name="not_update_download_error_title">Güncelleme indirilirken hata oluştu</string>
  <string name="not_update_downloaded_title">Güncellemeyi indir</string>
  <string name="not_update_downloaded_body">{0} yüklemeye hazır</string>
  <string name="download_info_filename">Dosya Adı:</string>
  <string name="download_info_mirror">Ayna sunucusu:</string>
  <string name="download_info_downloading">Yükleniyor...</string>
  <string name="download_info_speed">İndirme hızları:</string>
  <string name="download_info_remaining_time">Kalan süre:</string>
  <string name="md5_verification_failed">MD5 doğrulaması başarısız oldu</string>
  <string name="not_new_updates_found_body">Güncelleştirmelere bakılıyor</string>
  <string name="not_network_error">Ağa bağlanılamıyor.</string>
  <string name="version_description">Versiyon Bilgisi</string>
  <string name="acknowledge">Teşekkürler</string>
  <string name="pleasea_check_update">Güncellemeleri kontrol edin</string>
  <string name="already_applied">Zaten Yüklü</string>
  <string name="stable_version">Kararlı sürüm</string>
  <string name="test_version">Beta</string>
  <string name="wifi_not_available_title">WIFI bağlı değil</string>
  <string name="wifi_not_available_body">ROM dosyaları indirmek için WIFI kullanmanız önerilir</string>
  <string name="widget_title">Benim MIUI\'im</string>
  <string name="widget_feedback">Bize görüş bildirmek ister misiniz?</string>
  <string name="unable_to_flash_recovery">Kurtarma Konsolu başlatılamadı</string>
  <string name="flash_recovery_successfully">Kurtarma Konsolu başlatıldı</string>
  <string name="reflash_recovery">Gelişmiş Kurtarma Konsolu</string>
  <string name="boot_recovery">Fabrika Ayarları</string>
  <string name="flash_recovery_dialog_message">Yeniden Başlatma</string>
  <string name="applying_rom_message">Rom uygulama</string>
  <string name="loading">MIUI Yükleniyor</string>
  <string name="page_error_title">Erişilemiyor</string>
  <string name="page_error">MIUI\'ya erişilemiyor Ağ da bir sorun olabilir veya sunucu askıda olabilir
</string>
  <string name="page_reload">Yenile</string>
  <string name="install_rom_from_sd">ROM seçerek yükleme</string>
</resources>
