<?xml version="1.0" encoding="utf-8"?>
<!--Generated by crowdin.net-->
<resources>
  <string name="app_name">Gallery</string>
  <string name="gadget_title">Picture frame</string>
  <string name="details_ms">%1$02d:%2$02d</string>
  <string name="details_hms">%1$d:%2$02d:%3$02d</string>
  <string name="movie_view_label">Movies</string>
  <string name="loading_video">Loading video…</string>
  <string name="resume_playing_title">Resume video</string>
  <string name="resume_playing_message">Resume playing from %s ?</string>
  <string name="resume_playing_resume">Resume playing</string>
  <string name="resume_playing_restart">Start over</string>
  <string name="camera">Camera</string>
  <string name="crop_save_text">Save</string>
  <string name="crop_discard_text">Discard</string>
  <string name="multiface_crop_help">Tap a face to begin.</string>
  <string name="saving_image">Saving picture…</string>
  <string name="crop_label">Crop picture</string>
  <string name="running_face_detection">Please wait…</string>
  <string name="set_image">Set picture as</string>
  <string name="wallpaper">Setting wallpaper, please wait…</string>
  <string name="camera_setas_wallpaper">Wallpaper</string>
  <string name="details_ok">OK</string>
  <string name="loading_new">Loading new albums and photos</string>
  <string name="initializing">Loading</string>
  <string name="pick_prompt">Pick an item from your collection</string>
  <string name="no_items">There are no items in your collection</string>
  <string name="pick">Pick</string>
  <string name="delete">Delete</string>
  <string name="confirm_delete">Confirm Delete</string>
  <string name="cancel">Cancel</string>
  <string name="share">Share</string>
  <string name="no_sd_card">SD Card unmounted or not present</string>
  <string name="more">More</string>
  <string name="select_all">Select All</string>
  <string name="deselect_all">Deselect All</string>
  <string name="slideshow">Slideshow</string>
  <string name="menu">Menu</string>
  <string name="details">Details</string>
  <string name="album_selected">album selected</string>
  <string name="item_selected">item selected</string>
  <string name="albums_selected">albums selected</string>
  <string name="items_selected">items selected</string>
  <string name="album">Album</string>
  <string name="start">Start</string>
  <string name="end">End</string>
  <string name="location">Location</string>
  <string name="location_unknown">Unknown location</string>
  <string name="title">Title</string>
  <string name="type">Type</string>
  <string name="taken_on">Taken on</string>
  <string name="added_on">Added on</string>
  <string name="show_on_map">Show on map</string>
  <string name="rotate_left">Rotate Left</string>
  <string name="rotate_right">Rotate Right</string>
  <string name="crop">Crop</string>
  <string name="set_as">Set as</string>
  <string name="set_as_wallpaper">Set as wallpaper</string>
  <string name="item">item</string>
  <string name="items">items</string>
  <string name="around">Around</string>
  <string name="date_unknown">Date unknown</string>
  <string name="video_err">Unable to play video</string>
  <string name="lockscreen_wallpaper">Setting lockscreen wallpaper, please wait…</string>
  <string name="wallpaper_set">Choose Wallpaper from Gallery</string>
  <string name="lockscreen_set">Choose Lockscreen from Gallery</string>
  <string name="miui_screenshot">MIUI Screenshots</string>
</resources>
