<?xml version="1.0" encoding="utf-8"?>
<!--Generated by crowdin.net-->
<resources>
  <string name="app_label">Kontaktlagring</string>
  <string name="provider_label">Kontakter</string>
  <string name="upgrade_out_of_memory_notification_ticker">Kontaktuppgradering behöver mer minne</string>
  <string name="upgrade_out_of_memory_notification_title">Uppgraderar kontaktlagring</string>
  <string name="upgrade_out_of_memory_notification_text">Välj för att slutföra uppgraderingen.</string>
  <string name="edit_contact">Lägg till i befintlig kontakt</string>
  <string name="create_contact">Ny kontakt</string>
</resources>
