<?xml version="1.0" encoding="utf-8"?>
<!--Generated by crowdin.net-->
<resources>
  <string name="config_import_vcard_type">Standard</string>
  <string name="config_export_vcard_type">standard</string>
  <string name="config_export_dir">/sdcard</string>
  <string name="config_export_file_prefix">Prefix</string>
  <string name="config_export_file_suffix">Suffix</string>
  <string name="config_export_file_extension">vcf</string>
  <string name="config_export_extensions_to_consider">Andra tillägg</string>
  <string name="contactsList">Kontakter</string>
  <string name="launcherDialer">Telefon</string>
  <string name="shortcutContact">Kontakt</string>
  <string name="shortcutDialContact">Ring kontakt</string>
  <string name="shortcutMessageContact">Direktmeddelande</string>
  <string name="shortcutActivityTitle">Välj en kontaktgenväg</string>
  <string name="callShortcutActivityTitle">Välj nummer att ringa</string>
  <string name="messageShortcutActivityTitle">Välj ett nummer att skicka meddelande till</string>
  <string name="starredList">Favorit</string>
  <string name="frequentList">Frekvent</string>
  <string name="strequentList">Favoriter</string>
  <string name="viewContactTitle">Kontaktinformation</string>
  <string name="viewContactDesription">Visa kontakt</string>
  <string name="editContactDescription">Redigera kontakt</string>
  <string name="insertContactDescription">Skapa kontakt</string>
  <string name="searchHint">Sök kontakter</string>
  <string name="menu_search">Sök</string>
  <string name="menu_newContact">Ny kontakt</string>
  <string name="menu_viewContact">Visa kontakt</string>
  <string name="menu_callNumber">Ring upp %s</string>
  <string name="menu_addStar">Lägg till i favoriter</string>
  <string name="menu_removeStar">Ta bort från favoriter</string>
  <string name="menu_editContact">Redigera kontakt</string>
  <string name="menu_deleteContact">Ta bort kontakt</string>
  <string name="menu_call">Ring upp kontakt</string>
  <string name="menu_sendSMS">Skriv meddelande till kontakt</string>
  <string name="menu_sendEmail">skicka e-brev</string>
  <string name="menu_viewAddress">Kartadress</string>
  <string name="menu_makeDefaultNumber">Gör till standardnummer</string>
  <string name="menu_makeDefaultEmail">Gör till standardemail</string>
  <string name="menu_splitAggregate">Separera</string>
  <string name="contactsSplitMessage">Kontakter separerade</string>
  <string name="splitConfirmation_title">Separera kontakter</string>
  <string name="splitConfirmation">Är du säker på att du vill separera den här kontakten och bilda flera kontakter, en för varje delinformation som den består av?</string>
  <string name="menu_joinAggregate">Sammanfoga</string>
  <string name="titleJoinContactDataWith">Sammanfoga kontakter</string>
  <string name="blurbJoinContactDataWith">Välj kontakten du vill sammanfoga med %s.</string>
  <string name="showAllContactsJoinItem">Visa alla kontakter</string>
  <string name="separatorJoinAggregateSuggestions">Föreslagna kontakter</string>
  <string name="separatorJoinAggregateAll">Alla kontakter</string>
  <string name="contactsJoinedMessage">Kontakter sammanfogade</string>
  <string name="menu_contactOptions">Alternativ</string>
  <string name="contactOptionsTitle">Alternativ</string>
  <string name="deleteConfirmation_title">Ta bort</string>
  <string name="readOnlyContactWarning">Du kan inte ta bort kontakter från skrivskyddade konton, men du kan dölja dem i din kontaktlista.</string>
  <string name="readOnlyContactDeleteConfirmation">Den här kontakten innehåller information från flera konton. Information från skrivskyddade konton kommer att döljas i din kontaktlista, inte raderas.</string>
  <string name="multipleContactDeleteConfirmation">Borttagning av denna kontakt medför att information tas bort från flera konton.</string>
  <string name="deleteConfirmation">Denna kontakt kommer att raderas.</string>
  <string name="menu_done">Klar</string>
  <string name="menu_doNotSave">Ångra</string>
  <string name="editContact_title_edit">Redigera kontakt</string>
  <string name="editContact_title_insert">Ny kontakt</string>
  <string name="label_phonetic_name">Fonetisk</string>
  <string name="label_notes">Anteckningar</string>
  <string name="label_ringtone">Ringsignal</string>
  <string name="ghostData_name">Första och sista</string>
  <string name="ghostData_phonetic_name">Fonetiskt namn</string>
  <string name="ghostData_company">Företag</string>
  <string name="ghostData_title">Titel</string>
  <string name="invalidContactMessage">Kontakten finns inte.</string>
  <string name="pickerNewContactHeader">Skapa ny kontakt</string>
  <string name="selectLabel">Välj etikett</string>
  <string name="phoneLabelsGroup">Telefon</string>
  <string name="emailLabelsGroup">E-post</string>
  <string name="imLabelsGroup">IM</string>
  <string name="postalLabelsGroup">Postadress</string>
  <string name="photoPickerNotFoundText">Inga bilder är tillgängliga på telefonen.</string>
  <string name="attachToContact">Kontaktikon</string>
  <string name="customLabelPickerTitle">Anpassad etikett</string>
  <string name="send_to_voicemail_checkbox">Skicka samtal direkt till röstbrevlåda</string>
  <string name="default_ringtone">Standard</string>
  <string name="changePicture">Ändra ikon</string>
  <string name="removePicture">Ta bort ikon</string>
  <string name="noContacts">Inga kontakter.</string>
  <string name="noMatchingContacts">Inga matchande kontakter funna.</string>
  <string name="noContactsWithPhoneNumbers">Inga kontakter med telefonnummer.</string>
  <string name="savingContact">Sparar kontakt...</string>
  <string name="contactSavedToast">Kontakt sparad.</string>
  <string name="contactSavedErrorToast">Fel, kan inte spara kontaktändringar.</string>
  <string name="listTotalPhoneContactsZero">Inga synliga kontakter med telefonnummer</string>
  <string name="listTotalAllContactsZero">Inga synliga kontakter</string>
  <string name="listFoundAllContactsZero">Kontakt hittades inte</string>
  <string name="contactsIconLabel">Kontakter</string>
  <string name="contactsFavoritesLabel">Favoriter</string>
  <string name="dialerIconLabel">Telefon</string>
  <string name="recentCallsIconLabel">Samtalslogg</string>
  <string name="liveFolderAll">Alla kontakter</string>
  <string name="liveFolderFavorites">Stjärnmarkerade kontakter</string>
  <string name="liveFolderPhone">Kontakter med telefonnummer</string>
  <string name="menu_sendTextMessage">Skicka meddelande</string>
  <string name="recentCalls_callNumber">Ring %s</string>
  <string name="recentCalls_editNumberBeforeCall">Redigera nummer innan samtal</string>
  <string name="recentCalls_addToContact">Lägg till i kontakter</string>
  <string name="recentCalls_removeFromRecentList">Ta bort från samtalslogg</string>
  <string name="recentCalls_deleteAll">Rensa samtalslogg</string>
  <string name="recentCalls_empty">Samtalsloggen är tom.</string>
  <string name="clearCallLogConfirmation_title">Rensa samtalslogg</string>
  <string name="clearCallLogConfirmation">Är du säker på att du vill rensa samtalsloggen?</string>
  <string name="imei">IMEI</string>
  <string name="meid">MEID</string>
  <string name="voicemail">Röstmeddelande</string>
  <string name="unknown">Okänd</string>
  <string name="private_num">Skyddat nummer</string>
  <string name="payphone">Betaltelefon</string>
  <string name="dialerKeyboardHintText">Använd tangentbord för att ringa</string>
  <string name="dialerDialpadHintText">Ring för att lägga till ett samtal</string>
  <string name="simContacts_emptyLoading">Laddar från SIM-kort...</string>
  <string name="simContacts_title">SIM-kortskontakter</string>
  <string name="liveFolder_all_label">Alla kontakter</string>
  <string name="liveFolder_favorites_label">Favorit</string>
  <string name="liveFolder_phones_label">Telefoner</string>
  <string name="callDetailTitle">Samtalsdetaljer</string>
  <string name="toast_call_detail_error">Kunde inte läsa detaljer för valt samtal.</string>
  <string name="type_incoming">Inkommande samtal</string>
  <string name="type_outgoing">Utgående samtal</string>
  <string name="type_missed">Missat samtal</string>
  <string name="actionIncomingCall">Inkommande samtal</string>
  <string name="callBack">Återringning</string>
  <string name="callAgain">Ring igen</string>
  <string name="returnCall">Återuppringning</string>
  <string name="callDetailsDurationFormat">%1$s min %2$s sek</string>
  <string name="favoritesFrquentSeparator">Kontaktad ofta</string>
  <string name="add_contact_dlg_title">Lägg till kontakt</string>
  <string name="add_contact_dlg_message_fmt">Lägg till \"%s\" till kontakter?</string>
  <string name="all_tab_label">Alla</string>
  <string name="description_image_button_one">en</string>
  <string name="description_image_button_two">två</string>
  <string name="description_image_button_three">tre</string>
  <string name="description_image_button_four">fyra</string>
  <string name="description_image_button_five">fem</string>
  <string name="description_image_button_six">sex</string>
  <string name="description_image_button_seven">sju</string>
  <string name="description_image_button_eight">åtta</string>
  <string name="description_image_button_nine">nio</string>
  <string name="description_image_button_star">stjärna</string>
  <string name="description_image_button_delete">radera</string>
  <string name="description_image_button_zero">noll</string>
  <string name="description_image_button_pound">fyrkant</string>
  <string name="description_voicemail_button">röstbrevlåda</string>
  <string name="description_dial_button">ring</string>
  <string name="description_delete_button">radera</string>
  <string name="description_digits_edittext">nummer att slå</string>
  <string name="description_contact_photo">kontaktfoto</string>
  <string name="description_minus_button">Minustecken</string>
  <string name="description_plus_button">plustecken</string>
  <string name="no_sdcard_title">Inget SD-kort</string>
  <string name="no_sdcard_message">Inget SD-kort hittades</string>
  <string name="searching_vcard_title">Letar efter vCard</string>
  <string name="import_from_sim">Importera från SIM-kort</string>
  <string name="import_from_sdcard">Importera från SD-kort</string>
  <string name="export_to_sdcard">Exportera till SD-kort</string>
  <string name="share_visible_contacts">Dela synliga kontakter</string>
  <string name="import_one_vcard_string">Importera en vCard-fil</string>
  <string name="import_multiple_vcard_string">Importera flera vCard-filer</string>
  <string name="import_all_vcard_string">Importera alla vCard-filer</string>
  <string name="searching_vcard_message">Letar efter vCard data på SD-kort</string>
  <string name="scanning_sdcard_failed_title">Genomsökningen av SD-kort misslyckades</string>
  <string name="scanning_sdcard_failed_message">Genomsökning av SD-kort misslyckades (Anledning:\"%s\")</string>
  <string name="fail_reason_io_error">I/O Fel</string>
  <string name="fail_reason_vcard_parse_error">Lyckades inte läsa vCard av okänd anledning</string>
  <string name="fail_reason_vcard_not_supported_error">Lyckades inte bearbeta vCard även om den verkar vara korrekt, eftersom den nuvarande implementation inte stödjer det</string>
  <string name="fail_reason_no_vcard_file">Inget vCard hittades på SD-kortet</string>
  <string name="fail_reason_failed_to_read_files">En eller flera filer importerades inte (%s).</string>
  <string name="fail_reason_unknown">Okänt fel</string>
  <string name="select_vcard_title">Välj vCard-fil</string>
  <string name="progress_shower_message">%1$s\n%2$s</string>
  <string name="reading_vcard_title">Läser vCard</string>
  <string name="reading_vcard_message">Läser vCard-fil(er)</string>
  <string name="reading_vcard_failed_title">Läsning av vCard-data misslyckades</string>
  <string name="reading_vcard_contacts">%1$s av %2$s kontakter</string>
  <string name="reading_vcard_files">%1$s av %2$s filer</string>
  <string name="confirm_export_title">Bekräfta exportering</string>
  <string name="confirm_export_message">Är du säker på att du vill exportera din kontaktlista till \"%s\"?</string>
  <string name="exporting_contact_failed_title">Lyckades inte exportera kontaktdata</string>
  <string name="exporting_contact_failed_message">Lyckades inte exportera kontaktdata.\nAnledning: \"%s\"</string>
  <string name="fail_reason_no_exportable_contact">Det finns ingen exporterbar kontakt</string>
  <string name="fail_reason_too_many_vcard">För många vCard-filer på SD-kortet</string>
  <string name="fail_reason_too_long_filename">Filnamnet är för långt (\"%s\")</string>
  <string name="exporting_contact_list_title">Exporterar kontaktinfo</string>
  <string name="exporting_contact_list_message">Exporterar kontaktinfo till \"%s\"</string>
  <string name="fail_reason_could_not_initialize_exporter">Kunde inte initialisera exporteraren. \"%s\"</string>
  <string name="fail_reason_error_occurred_during_export">Ett fel uppstod under exportering: \"%s\"</string>
  <string name="composer_failed_to_get_database_infomation">Lyckades inte hämta databasinformation</string>
  <string name="composer_has_no_exportable_contact">Det finns ingen kontakt som går att exportera. Om du har kontakter på telefonen så kanske alla kontakter är förbjudna att exporteras från telefonen av någon dataleverantör.</string>
  <string name="composer_not_initialized">vCard-skaparen initierade inte korrekt</string>
  <string name="fail_reason_could_not_open_file">Kunde inte öppna \"%1$s\": %2$s</string>
  <string name="exporting_contact_list_progress">%1$s av %2$s kontakter</string>
  <string name="search_settings_description">Namn på dina kontakter</string>
  <string name="add_2sec_pause">Lägg till 2-sek paus</string>
  <string name="add_wait">Lägg till paus</string>
  <string name="call_disambig_title">Samtal använder</string>
  <string name="sms_disambig_title">Texta via</string>
  <string name="make_primary">Kom ihåg det här valet</string>
  <string name="quickcontact_missing_app">Ingen applikation funnen som kan hantera denna förfrågan</string>
  <string name="quickcontact_remember_choice">Kom ihåg det här valet</string>
  <string name="quickcontact_missing_name">Okänd</string>
  <string name="menu_accounts">Konton</string>
  <string name="menu_import_export">Importera/Exportera</string>
  <string name="dialog_import_export">Importera/Exportera kontakter</string>
  <string name="menu_share">Dela</string>
  <string name="share_via">Dela kontakt via</string>
  <string name="share_error">Den här kontakten kan inte delas.</string>
  <string name="nameLabelsGroup">Namn</string>
  <string name="nicknameLabelsGroup">Smeknamn</string>
  <string name="organizationLabelsGroup">Organisation</string>
  <string name="websiteLabelsGroup">Webbsida</string>
  <string name="eventLabelsGroup">Händelse</string>
  <string name="type_short_home">H</string>
  <string name="type_short_mobile">M</string>
  <string name="type_short_work">A</string>
  <string name="type_short_pager">P</string>
  <string name="type_short_other">O</string>
  <string name="edit_read_only">Kontakten är endast läsbar</string>
  <string name="edit_secondary_collapse">Mer</string>
  <string name="dialog_primary_name">Första Namnet</string>
  <string name="dialog_new_contact_account">Skapa kontakt under konto</string>
  <string name="account_phone">Enbart på telefonen (utan sync)</string>
  <string name="call_custom">Ring %s</string>
  <string name="call_home">Ring hem</string>
  <string name="call_mobile">Ring mobil</string>
  <string name="call_work">Ring arbete</string>
  <string name="call_fax_work">Ring arbetsfax</string>
  <string name="call_fax_home">Ring hemfax</string>
  <string name="call_pager">Ring personsökare</string>
  <string name="call_other">Ring</string>
  <string name="call_callback">Ring återuppringning</string>
  <string name="call_car">Ring bil</string>
  <string name="call_company_main">Ring företagsväxel</string>
  <string name="call_isdn">Ring ISDN</string>
  <string name="call_main">Ring huvudnummer</string>
  <string name="call_other_fax">Ring fax</string>
  <string name="call_radio">Ring radio</string>
  <string name="call_telex">Ring telex</string>
  <string name="call_tty_tdd">Ring TTY/TDD</string>
  <string name="call_work_mobile">Ring jobbmobil</string>
  <string name="call_work_pager">Ring jobb-personsökaren</string>
  <string name="call_assistant">Ring %s</string>
  <string name="call_mms">Ring MMS</string>
  <string name="sms_custom">SMSa %s</string>
  <string name="sms_home">SMSa hem</string>
  <string name="sms_mobile">SMSa mobil</string>
  <string name="sms_work">SMSa arbete</string>
  <string name="sms_fax_work">SMSa arbetsfax</string>
  <string name="sms_fax_home">SMSa hemfax</string>
  <string name="sms_pager">SMSa personsökare</string>
  <string name="sms_other">SMSa</string>
  <string name="sms_callback">SMSa återringning</string>
  <string name="sms_car">SMSa bil</string>
  <string name="sms_company_main">SMSa huvudföretag</string>
  <string name="sms_isdn">SMSa ISDN</string>
  <string name="sms_main">SMSa huvudnummer</string>
  <string name="sms_other_fax">SMSa fax</string>
  <string name="sms_radio">SMSa radio</string>
  <string name="sms_telex">SMSa telex</string>
  <string name="sms_tty_tdd">SMSa TTY/TDD</string>
  <string name="sms_work_mobile">SMSa jobbmobil</string>
  <string name="sms_work_pager">SMSa jobb-personsökare</string>
  <string name="sms_assistant">SMSa %s</string>
  <string name="sms_mms">Skicka MMS</string>
  <string name="email_home">Maila hem</string>
  <string name="email_mobile">Maila mobil</string>
  <string name="email_work">Maila arbete</string>
  <string name="email_other">Maila</string>
  <string name="email_custom">E-mail %s</string>
  <string name="email">E-post</string>
  <string name="map_home">Visa hemadress</string>
  <string name="map_work">Visa jobbadress</string>
  <string name="map_other">Visa adress</string>
  <string name="map_custom">Visa %s adress</string>
  <string name="chat_aim">Chatta via AIM</string>
  <string name="chat_msn">Chatta via Windows Live</string>
  <string name="chat_yahoo">Chatta via Yahoo</string>
  <string name="chat_skype">Chatta via Skype</string>
  <string name="chat_qq">Chatta via QQ</string>
  <string name="chat_gtalk">Chatta via Google Talk</string>
  <string name="chat_icq">Chatta via ICQ</string>
  <string name="chat_jabber">Chatta via Jabber</string>
  <string name="chat">Chatta</string>
  <string name="postal_street">Gata</string>
  <string name="postal_pobox">Postbox</string>
  <string name="postal_neighborhood">Grannområde</string>
  <string name="postal_city">Stad</string>
  <string name="postal_region">Stat</string>
  <string name="postal_postcode">Post/ZIP code</string>
  <string name="postal_country">Land</string>
  <string name="name_given">Förnamn</string>
  <string name="name_family">Efternamn</string>
  <string name="name_prefix">Namn Prefix</string>
  <string name="name_middle">Mellan namn</string>
  <string name="name_suffix">Namn Suffix</string>
  <string name="name_phonetic_given">Förnamn</string>
  <string name="name_phonetic_middle">Mellannamn</string>
  <string name="name_phonetic_family">Efternamn</string>
  <string name="account_type_format">%1$s kontakt</string>
  <string name="from_account_format">från %1$s</string>
  <string name="use_photo_as_primary">Använd den här bilden</string>
  <string name="contact_read_only">%1$s kontaktinformationen är inte editerbar på denna enhet.</string>
  <string name="no_contact_details">Ingen ytterligare information för den här kontakten</string>
  <string name="search_bar_hint">Sök kontakter</string>
  <string name="search_for_all_contacts">Sök i alla kontakter</string>
  <string name="take_photo">Ta kort</string>
  <string name="pick_photo">Välj kort från Galleriet</string>
  <string name="locale_change_in_progress">"Contact list is being updated to reflect the change of language.

Please wait..."</string>
  <string name="upgrade_in_progress">"Contact list is being updated.

Please wait..."</string>
  <string name="upgrade_out_of_memory">"Contacts are in the process of being upgraded. 

The upgrade process requires approximately %dMb of internal phone storage.

Choose one of the following options:"</string>
  <string name="upgrade_out_of_memory_uninstall">Avinstallera några applikationer</string>
  <string name="upgrade_out_of_memory_retry">Försök uppdatera igen</string>
  <string name="search_results_for">Sökresultat för: %s</string>
  <string name="search_results_searching">Söker...</string>
  <string name="callNoAnswerTimeFormat">%s obesvarade samtal</string>
  <string name="numberCountFormat">%s stycken</string>
  <string name="menu_display_all">Show all contacts</string>
  <string name="menu_display_only_phones">Only show contacts with phone number</string>
  <string name="contactsGroupsLabel">Groups</string>
  <string name="group_summary_format">%s member(s)</string>
  <string name="no_member">Group contains no contacts</string>
  <string name="applyGroupsSelection">Uppdatera gruppens inställningar</string>
  <string name="no_availablePhone">Medlemmarna i gruppen är inte tillgängliga</string>
  <string name="add_group_member">Lägg till medlemmar</string>
  <string name="group_name_contacts">Contacts</string>
  <string name="group_name_friends">Friends</string>
  <string name="group_name_family">Family</string>
  <string name="group_name_coworkers">Colleagues</string>
  <string name="group_name_important">Important Contacts</string>
  <string name="group_name_life_info">Lifestyle</string>
  <string name="group_name_white_list">Whitelist</string>
  <string name="group_name_black_list">Blacklist</string>
  <string name="button_manage_groups">Redigera</string>
  <string name="button_back">Bakåt</string>
  <string name="button_remove_contacts">Ta bort kontakt</string>
  <string name="duplicatedGroupNameHelpText">Group name must be unique</string>
  <string name="system_groups_unchangable">Systemgrupp, det går ej att ta bort eller döpa om denna grupp</string>
  <string name="menu_add">Add</string>
  <string name="menu_remove">Ta bort</string>
  <string name="create_new_group">Create group</string>
  <string name="manage_groups">Edit group</string>
  <string name="menu_viewGroup">View group</string>
  <string name="menu_deleteGroup">Delete group</string>
  <string name="menu_editGroupName">Rename group</string>
  <string name="input_group_name_hint">Ange gruppens namn</string>
  <string name="notification_invalid_group_name">The group name cannot be blank</string>
  <string name="add_to_group_format">Add to %s</string>
  <string name="name_full">Full name</string>
  <string name="add_more_items">Add more</string>
  <string name="saveConfirmationTitle">Save contact</string>
  <string name="saveConfirmationBody">Confirm changes to contact?</string>
  <string name="saveConfirmationYes">Save</string>
  <string name="saveConfirmationNo">"Don\'t Save"</string>
  <string name="import_from_account">Import from other accounts</string>
  <string name="select_account_import_from">Choose account to import from</string>
  <string name="importing_from_account">Importing contacts</string>
  <string name="fail_message_account_needed">Please configure your MIUI account</string>
  <string name="success_message_import_from_account">Import completed</string>
  <string name="date_day">Day</string>
  <string name="fast_scroll_alphabet">\#ABCDEFGHIJKLMNOPQRSTUVWXYZÅÄÖ</string>
  <string name="belong_no_group">Not in group</string>
  <string name="menu_remove_member">Remove contacts</string>
  <string name="removeConfirmation_title">Remove</string>
  <string name="menu_add_favorite_contact">Add/Remove from Favorites</string>
  <string name="menu_group_sms">Group SMS</string>
  <string name="menu_group_ringtone">Group ringtone</string>
  <string name="menu_add_member">Add contacts</string>
  <string name="menu_callIpNumber">Dial IP phone (dial %s)</string>
  <string name="menu_clearDefaultNumber">Clear the default number settings</string>
  <string name="menu_clearDefaultEmail">Clear default E-mail settings</string>
  <string name="favoriteContactDescription">Lägg till favoriter</string>
  <string name="unfavoriteContactDescription">Avsluta prenumeration</string>
  <string name="shareContactDescription">Dela Kontakter</string>
  <string name="titlePickOrCreateNewContact">Select contact</string>
  <string name="titlePickContactNumber">Välj ett telefonnummer</string>
  <string name="fixedPhoneLabel">Fast telefon</string>
  <string name="fixedFaxLabel">Fax</string>
  <string name="goto_album">Gå till album</string>
  <string name="recommneded_photos">Rekommenderad Avatar</string>
  <string name="downloading_photos">Laddar hem dina kontakters avatarer</string>
  <string name="callButtonText">Call</string>
  <string name="callrecordview_menu_phone_all">Visa alla samtal</string>
  <string name="callrecordview_menu_phone_missed">Visa missade samtal</string>
  <string name="callrecordview_menu_delete_one">Remove from call log</string>
  <string name="callrecordview_menu_delete_stranger">Clear unknown numbers</string>
  <string name="callrecordview_menu_delete_all">Clear all calls</string>
  <string name="callrecordview_menu_set">Inställningar</string>
  <string name="callrecordview_more">Se mer</string>
  <string name="callrecordview_more_title">%s Samtalshistorik</string>
  <string name="callrecordview_item_calls">Totalt %d telefonsamtal</string>
  <string name="callrecordview_item_op_time_missed">Not connected</string>
  <string name="callrecordview_item_op_time_short_incoming">"Incoming: "</string>
  <string name="callrecordview_item_op_time_short_outgoing">"Outgoing: "</string>
  <string name="callDetailsDurationFormat_incoming">Längd %1 $ s%2 $s sekunder min</string>
  <string name="callDetailsDurationFormat_outgoing">Längd %1 $ s%2 $s sekunder min</string>
  <string name="group_delete_confirmation">"The selected group will be deleted "</string>
  <string name="no_sms_availabe_contact_in_group">No SMS contact is available in this group</string>
  <string name="showDialpadTip">Klicka för att öppna tangentbordet</string>
  <string name="set_ringtone_for_group_members_success">Group ringtone successfully set</string>
  <string name="noContactHelpText">No Contacts, you can:</string>
  <string name="noFavoriteHelpText">No Favorites, you can:</string>
  <string name="noGroupMemberHelpText">There is no group member, you can:</string>
  <string name="noContactHelpTextAccounts">Configure Accounts</string>
  <string name="noContactHelpTextImportSim">Import from SIM</string>
  <string name="noContactHelpTextImportSD">Import from SD Card</string>
  <string name="noContactHelpTextAddContact">Skapa en ny kontakt</string>
  <string name="noContactHelpTextAddStarred">Add to Favorites</string>
  <string name="noContactHelpTextAddMember">Add to group</string>
</resources>
