<?xml version="1.0" encoding="utf-8"?>
<!--Generated by crowdin.net-->
<resources>
  <string name="cancel">Avbryt</string>
  <string name="copy">Kopiera</string>
  <string name="copyUrl">Kopiera webbadress</string>
  <string name="cut">Klipp ut</string>
  <string name="defaultVoiceMailAlphaTag">Röstbrevlåda</string>
  <string name="defaultMsisdnAlphaTag">MSISDN1</string>
  <string name="emptyPhoneNumber">(Inget telefonnummer)</string>
  <string name="httpErrorBadUrl">Sidan kunde inte öppnas eftersom webbadressen är ogiltig.</string>
  <string name="httpErrorUnsupportedScheme">Protokollet stöds inte.</string>
  <string name="no">Avbryt</string>
  <string name="ok">OK</string>
  <string name="paste">Klistra in</string>
  <string name="search_go">Sök</string>
  <string name="selectAll">Välj alla</string>
  <string name="unknownName">(Okänd)</string>
  <string name="untitled"><utan titel></string>
  <string name="VideoView_error_button">OK</string>
  <string name="VideoView_error_text_unknown">Det går tyvärr inte att spela upp den här videon.</string>
  <string name="VideoView_error_title">Det går inte att spela upp videon</string>
  <string name="yes">OK</string>
  <string name="dialog_alert_title">Obs!</string>
  <string name="VideoView_error_text_invalid_progressive_playback">Videon kan tyvärr inte spelas upp i den här enheten.</string>
  <string name="config_tether_apndata">Ställ in APN för internetdelning</string>
  <string name="config_networkLocationProvider">com.google.android.location.NetworkLocationProvider</string>
  <string name="config_geocodeProvider">com.google.android.location.GeocodeProvider</string>
  <string name="config_datause_iface">rmnet0</string>
  <string name="month_long_standalone_january">januari</string>
  <string name="month_long_standalone_february">februari</string>
  <string name="month_long_standalone_march">mars</string>
  <string name="month_long_standalone_april">april</string>
  <string name="month_long_standalone_may">maj</string>
  <string name="month_long_standalone_june">juni</string>
  <string name="month_long_standalone_july">juli</string>
  <string name="month_long_standalone_august">augusti</string>
  <string name="month_long_standalone_september">september</string>
  <string name="month_long_standalone_october">oktober</string>
  <string name="month_long_standalone_november">november</string>
  <string name="month_long_standalone_december">december</string>
  <string name="month_long_january">januari</string>
  <string name="month_long_february">februari</string>
  <string name="month_long_march">mars</string>
  <string name="month_long_april">april</string>
  <string name="month_long_may">maj</string>
  <string name="month_long_june">juni</string>
  <string name="month_long_july">juli</string>
  <string name="month_long_august">augusti</string>
  <string name="month_long_september">september</string>
  <string name="month_long_october">oktober</string>
  <string name="month_long_november">november</string>
  <string name="month_long_december">december</string>
  <string name="month_medium_january">jan</string>
  <string name="month_medium_february">feb</string>
  <string name="month_medium_march">mar</string>
  <string name="month_medium_april">apr</string>
  <string name="month_medium_may">maj</string>
  <string name="month_medium_june">jun</string>
  <string name="month_medium_july">jul</string>
  <string name="month_medium_august">aug</string>
  <string name="month_medium_september">sep</string>
  <string name="month_medium_october">okt</string>
  <string name="month_medium_november">nov</string>
  <string name="month_medium_december">dec</string>
  <string name="month_shortest_january">J</string>
  <string name="month_shortest_february">F</string>
  <string name="month_shortest_march">M</string>
  <string name="month_shortest_april">A</string>
  <string name="month_shortest_may">M</string>
  <string name="month_shortest_june">J</string>
  <string name="month_shortest_july">J</string>
  <string name="month_shortest_august">A</string>
  <string name="month_shortest_september">S</string>
  <string name="month_shortest_october">O</string>
  <string name="month_shortest_november">N</string>
  <string name="month_shortest_december">D</string>
  <string name="day_of_week_long_sunday">söndag</string>
  <string name="day_of_week_long_monday">måndag</string>
  <string name="day_of_week_long_tuesday">tisdag</string>
  <string name="day_of_week_long_wednesday">onsdag</string>
  <string name="day_of_week_long_thursday">torsdag</string>
  <string name="day_of_week_long_friday">fredag</string>
  <string name="day_of_week_long_saturday">lördag</string>
  <string name="day_of_week_medium_sunday">sön</string>
  <string name="day_of_week_medium_monday">mån</string>
  <string name="day_of_week_medium_tuesday">tis</string>
  <string name="day_of_week_medium_wednesday">ons</string>
  <string name="day_of_week_medium_thursday">tors</string>
  <string name="day_of_week_medium_friday">fre</string>
  <string name="day_of_week_medium_saturday">lör</string>
  <string name="day_of_week_short_sunday">sön</string>
  <string name="day_of_week_short_monday">mån</string>
  <string name="day_of_week_short_tuesday">tis</string>
  <string name="day_of_week_short_wednesday">ons</string>
  <string name="day_of_week_short_thursday">tors</string>
  <string name="day_of_week_short_friday">fre</string>
  <string name="day_of_week_short_saturday">lör</string>
  <string name="day_of_week_shortest_sunday">S</string>
  <string name="day_of_week_shortest_monday">M</string>
  <string name="day_of_week_shortest_tuesday">T</string>
  <string name="day_of_week_shortest_wednesday">O</string>
  <string name="day_of_week_shortest_thursday">T</string>
  <string name="day_of_week_shortest_friday">F</string>
  <string name="day_of_week_shortest_saturday">L</string>
  <string name="am">f.m.</string>
  <string name="pm">e.m.</string>
  <string name="yesterday">igår</string>
  <string name="today">idag</string>
  <string name="tomorrow">imorgon</string>
  <string name="hour_minute_24">%-k:%M</string>
  <string name="hour_minute_ampm">%-l:%M %p</string>
  <string name="hour_minute_cap_ampm">%-l:%M %^p</string>
  <string name="twelve_hour_time_format">h:mm a</string>
  <string name="twenty_four_hour_time_format">H:mm</string>
  <string name="numeric_date">%d-%m-%Y</string>
  <string name="numeric_date_format">dd-MM-yyyy</string>
  <string name="numeric_date_template">%s-%s-%s</string>
  <string name="month_day_year">%-e %B %Y</string>
  <string name="time_of_day">%H:%M:%S</string>
  <string name="date_and_time">%H:%M:%S %-e %b %Y</string>
  <string name="date_time">%2$s %1$s</string>
  <string name="time_date">%1$s %3$s</string>
  <string name="abbrev_month_day_year">%-e %b %Y</string>
  <string name="month_day">%-e %B</string>
  <string name="month">%-B</string>
  <string name="month_year">%Y %B</string>
  <string name="abbrev_month_day">%-e %b</string>
  <string name="abbrev_month">%-b</string>
  <string name="abbrev_month_year">%b %Y</string>
  <string name="time1_time2">%1$s–%2$s</string>
  <string name="date1_date2">%2$s – %5$s</string>
  <string name="numeric_md1_md2">%3$s/%2$s – %8$s/%7$s</string>
  <string name="numeric_wday1_md1_wday2_md2">%1$s %3$s/%2$s – %6$s %8$s/%7$s</string>
  <string name="numeric_mdy1_mdy2">%3$s-%2$s-%4$s – %8$s-%7$s-%9$s</string>
  <string name="numeric_wday1_mdy1_wday2_mdy2">%1$s %3$s-%2$s-%4$s – %6$s %8$s-%7$s-%9$s</string>
  <string name="numeric_wday1_mdy1_time1_wday2_mdy2_time2">%5$s %1$s %3$s-%2$s-%4$s – %10$s %6$s %8$s-%7$s-%9$s</string>
  <string name="numeric_md1_time1_md2_time2">%5$s %3$s/%2$s – %10$s %8$s/%7$s</string>
  <string name="numeric_wday1_md1_time1_wday2_md2_time2">%5$s %1$s %3$s/%2$s – %10$s %6$s %8$s/%7$s</string>
  <string name="numeric_mdy1_time1_mdy2_time2">%5$s %3$s-%2$s-%4$s – %10$s %8$s-%7$s-%9$s</string>
  <string name="wday1_date1_time1_wday2_date2_time2">%3$s %1$s %2$s – %6$s %4$s %5$s</string>
  <string name="wday1_date1_wday2_date2">%1$s %2$s – %4$s %5$s</string>
  <string name="date1_time1_date2_time2">%3$s %2$s – %6$s %5$s</string>
  <string name="time_wday_date">%1$s %2$s %3$s</string>
  <string name="wday_date">%2$s %3$s</string>
  <string name="time_wday">%1$s %2$s</string>
  <string name="same_year_md1_md2">%3$s %2$s – %8$s %7$s</string>
  <string name="same_year_wday1_md1_wday2_md2">%1$s %3$s %2$s – %6$s %8$s %7$s</string>
  <string name="same_year_md1_time1_md2_time2">%5$s %3$s %2$s – %10$s %8$s %7$s</string>
  <string name="same_month_md1_time1_md2_time2">%5$s %3$s %2$s – %10$s %8$s %7$s</string>
  <string name="same_year_wday1_md1_time1_wday2_md2_time2">%5$s %1$s %3$s %2$s – %10$s %6$s %8$s %7$s</string>
  <string name="same_month_wday1_md1_time1_wday2_md2_time2">%5$s %1$s %3$s %2$s – %10$s %6$s %8$s %7$s</string>
  <string name="same_year_mdy1_time1_mdy2_time2">%5$s %3$s %2$s %4$s – %10$s %8$s %7$s %9$s</string>
  <string name="same_month_mdy1_time1_mdy2_time2">%5$s %3$s %2$s %4$s – %10$s %8$s %7$s %9$s</string>
  <string name="same_year_wday1_mdy1_time1_wday2_mdy2_time2">%5$s %1$s %3$s %2$s %4$s – %10$s %6$s %8$s %7$s %9$s</string>
  <string name="same_month_wday1_mdy1_time1_wday2_mdy2_time2">%5$s %1$s %3$s %2$s %4$s – %10$s %6$s %8$s %7$s %9$s</string>
  <string name="same_month_wday1_mdy1_wday2_mdy2">%1$s %3$s %2$s %4$s – %6$s %8$s %7$s %9$s</string>
  <string name="same_month_md1_md2">%3$s–%8$s %2$s</string>
  <string name="same_month_wday1_md1_wday2_md2">%1$s %3$s %2$s – %6$s %8$s %7$s</string>
  <string name="same_year_mdy1_mdy2">%3$s %2$s – %8$s %7$s %9$s</string>
  <string name="same_month_mdy1_mdy2">%3$s–%8$s %2$s %9$s</string>
  <string name="same_year_wday1_mdy1_wday2_mdy2">%1$s %3$s %2$s – %6$s %8$s %7$s %9$s</string>
  <string name="short_format_month">%b</string>
  <string name="full_wday_month_day_no_year">EEEE d MMMM</string>
  <string name="abbrev_wday_month_day_year">EEE d MMM yyyy</string>
  <string name="common_name_prefixes">Vanliga namn_prefix</string>
  <string name="common_name_suffixes">Vanliga namn_suffix</string>
  <string name="common_last_name_prefixes">Vanliga namn_prefix</string>
  <string name="common_name_conjunctions">Vanliga namn</string>
  <string name="default_text_encoding">Latin-1</string>
  <string name="lock_pattern_view_aspect">square</string>
  <string name="byteShort">B</string>
  <string name="kilobyteShort">kB</string>
  <string name="megabyteShort">MB</string>
  <string name="gigabyteShort">GB</string>
  <string name="terabyteShort">TB</string>
  <string name="petabyteShort">PB</string>
  <string name="fileSizeSuffix">%1$s%2$s</string>
  <string name="ellipsis">…</string>
  <string name="mmiError">Anslutningsproblem eller ogiltig MMI-kod.</string>
  <string name="serviceEnabled">Tjänsten har aktiverats.</string>
  <string name="serviceEnabledFor">Tjänsten har aktiverats för:</string>
  <string name="serviceDisabled">Tjänsten har inaktiverats.</string>
  <string name="serviceRegistered">Registreringen slutförd.</string>
  <string name="serviceErased">Radering lyckades.</string>
  <string name="passwordIncorrect">Fel lösenord.</string>
  <string name="mmiComplete">MMI slutförd.</string>
  <string name="badPin">Den gamla PIN-koden som du angav är fel.</string>
  <string name="badPuk">PUK-koden som du angav är fel.</string>
  <string name="mismatchPin">PIN-koderna som du angav matchar inte.</string>
  <string name="invalidPin">Ange en PIN-kod som är 4 till 8 siffror.</string>
  <string name="needPuk">Ditt SIM-kort är PUK-låst. Ange PUK-koden om du vill låsa upp det.</string>
  <string name="needPuk2">Ange PUK2-koden för att häva spärren av SIM-kortet.</string>
  <string name="ClipMmi">Nummerpresentatör för inkommande samtal</string>
  <string name="ClirMmi">Nummerpresentatör för utgående samtal</string>
  <string name="CfMmi">Vidarebefordra samtal</string>
  <string name="CwMmi">Samtal väntar</string>
  <string name="BaMmi">Samtalsspärr</string>
  <string name="PwdMmi">Byt lösenord</string>
  <string name="PinMmi">Byt PIN-kod</string>
  <string name="CnipMmi">Nummer för inkommande samtal tillgängligt</string>
  <string name="CnirMmi">Begränsad åtkomst till nummer för inkommande samtal</string>
  <string name="ThreeWCMmi">Trepartssamtal</string>
  <string name="RuacMmi">Avvisande av oönskade irriterande samtal</string>
  <string name="CndMmi">Leverans av nummer för inkommande samtal</string>
  <string name="DndMmi">Stör ej</string>
  <string name="CLIRDefaultOnNextCallOn">Nummerpresentatören är begränsad som standard. Nästa samtal: Begränsad</string>
  <string name="CLIRDefaultOnNextCallOff">Nummerpresentatörens standardinställning är begränsad. Nästa samtal: Inte begränsad</string>
  <string name="CLIRDefaultOffNextCallOn">Nummerpresentatörens standardinställning är inte begränsad. Nästa samtal: Begränsad</string>
  <string name="CLIRDefaultOffNextCallOff">Nummerpresentatörens standardinställning är inte begränsad. Nästa samtal: Inte begränsad</string>
  <string name="serviceNotProvisioned">Tjänsten är inte etablerad.</string>
  <string name="CLIRPermanent">Det går inte att ändra inställningen för nummerpresentatör.</string>
  <string name="RestrictedChangedTitle">Begränsad åtkomst har ändrats</string>
  <string name="RestrictedOnData">Datatjänsten är blockerad.</string>
  <string name="RestrictedOnEmergency">Räddningstjänsten är blockerad.</string>
  <string name="RestrictedOnNormal">Rösttjänsten är blockerad.</string>
  <string name="RestrictedOnAllVoice">Alla rösttjänster är blockerade.</string>
  <string name="RestrictedOnSms">SMS-tjänsten är blockerad.</string>
  <string name="RestrictedOnVoiceData">Röst- och datatjänster är blockerade.</string>
  <string name="RestrictedOnVoiceSms">Röst- och SMS-tjänster är blockerade.</string>
  <string name="RestrictedOnAll">Alla röst-, data- och SMS-tjänster är blockerade.</string>
  <string name="serviceClassVoice">Röst</string>
  <string name="serviceClassData">Data</string>
  <string name="serviceClassFAX">FAX</string>
  <string name="serviceClassSMS">SMS</string>
  <string name="serviceClassDataAsync">Asynkront</string>
  <string name="serviceClassDataSync">Synkronisera</string>
  <string name="serviceClassPacket">Paket</string>
  <string name="serviceClassPAD">PAD</string>
  <string name="roamingText0">Indikator för roaming på</string>
  <string name="roamingText1">Indikator för roaming av</string>
  <string name="roamingText2">Blinkande roamingindikator</string>
  <string name="roamingText3">Utanför kvarteret</string>
  <string name="roamingText4">Utanför huset</string>
  <string name="roamingText5">Roaming – föredraget system</string>
  <string name="roamingText6">Roaming - tillgängligt system</string>
  <string name="roamingText7">Roaming – alllianspartner</string>
  <string name="roamingText8">Roaming – premiumpartner</string>
  <string name="roamingText9">Roaming – full funktionalitet för tjänst</string>
  <string name="roamingText10">Roaming – delvis funktionalitet för tjänst</string>
  <string name="roamingText11">Roamingbanner på</string>
  <string name="roamingText12">Roamingbanner av</string>
  <string name="roamingTextSearching">Söker efter tjänst</string>
  <string name="cfTemplateNotForwarded">{0}: Vidarebefordras inte</string>
  <string name="cfTemplateForwarded">{0}: {1}</string>
  <string name="cfTemplateForwardedTime">{0}{1} efter {2} sekunder</string>
  <string name="cfTemplateRegistered">{0}. Vidarebefordras inte</string>
  <string name="cfTemplateRegisteredTime">{0}: Vidarebefordras inte</string>
  <string name="fcComplete">Funktionskoden är fullständig.</string>
  <string name="fcError">Anslutningsproblem eller ogiltig funktionskod.</string>
  <string name="httpErrorOk">OK</string>
  <string name="httpError">Webbsidan innehåller ett fel.</string>
  <string name="httpErrorLookup">Webbadressen kunde inte hittas.</string>
  <string name="httpErrorUnsupportedAuthScheme">Webbplatsens autentiseringsmetod stöds inte.</string>
  <string name="httpErrorAuth">Det gick inte att autentisera.</string>
  <string name="httpErrorProxyAuth">Det gick inte att autentisera via proxyservern.</string>
  <string name="httpErrorConnect">Det gick inte att ansluta till servern.</string>
  <string name="httpErrorIO">Servern kommunicerade inte. Försök igen senare.</string>
  <string name="httpErrorTimeout">Anslutningen till servern har kopplats ifrån.</string>
  <string name="httpErrorRedirectLoop">Sidan innehåller för många serveromdirigeringar.</string>
  <string name="httpErrorFailedSslHandshake">Det gick inte att upprätta en säker anslutning.</string>
  <string name="httpErrorFile">Det gick inte att komma åt filen.</string>
  <string name="httpErrorFileNotFound">Den begärda filen hittades inte.</string>
  <string name="httpErrorTooManyRequests">För många begäranden bearbetas. Försök igen senare.</string>
  <string name="notification_title">Inloggningsfel för %1$s</string>
  <string name="contentServiceSync">Synkronisera</string>
  <string name="contentServiceSyncNotificationTitle">Synkronisera</string>
  <string name="contentServiceTooManyDeletesNotificationDesc">För många %s-borttagningar.</string>
  <string name="low_memory">Telefonens lagringsutrymme är fullt! Radera några filer för att frigöra utrymme.</string>
  <string name="me">Jag</string>
  <string name="power_dialog">Telefonalternativ</string>
  <string name="silent_mode">Tyst läge</string>
  <string name="turn_on_radio">Aktivera trådlöst</string>
  <string name="turn_off_radio">Inaktivera trådlöst</string>
  <string name="screen_lock">Skärmlås</string>
  <string name="power_off">Stäng av</string>
  <string name="shutdown_progress">Avslutar…</string>
  <string name="shutdown_confirm">Din telefon stängs av.</string>
  <string name="recent_tasks_title">Senaste</string>
  <string name="no_recent_tasks">Inga nya program.</string>
  <string name="global_actions">Telefonalternativ</string>
  <string name="global_action_lock">Skärmlås</string>
  <string name="global_action_power_off">Stäng av</string>
  <string name="global_action_toggle_silent_mode">Tyst läge</string>
  <string name="global_action_silent_mode_on_status">Ljudet är AV</string>
  <string name="global_action_silent_mode_off_status">Ljudet är PÅ</string>
  <string name="global_actions_toggle_airplane_mode">Flygplansläge</string>
  <string name="global_actions_airplane_mode_on_status">Flygplansläge är AKTIVERAT</string>
  <string name="global_actions_airplane_mode_off_status">Flygplansläge är INAKTIVERAT</string>
  <string name="safeMode">Säkert läge</string>
  <string name="android_system_label">Android-system</string>
  <string name="permgrouplab_costMoney">Tjänster som kostar pengar</string>
  <string name="permgroupdesc_costMoney">Tillåter att program gör saker som kostar pengar.</string>
  <string name="permgrouplab_messages">Dina meddelanden</string>
  <string name="permgroupdesc_messages">Läs och skriv SMS, e-post och andra meddelanden.</string>
  <string name="permgrouplab_personalInfo">Dina personliga uppgifter</string>
  <string name="permgroupdesc_personalInfo">Direktåtkomst till dina kontakter och kalendern som har lagrats på telefonen.</string>
  <string name="permgrouplab_location">Din plats</string>
  <string name="permgroupdesc_location">Övervaka din fysiska plats</string>
  <string name="permgrouplab_network">Nätverkskommunikation</string>
  <string name="permgroupdesc_network">Tillåt att program kommer åt olika nätverksfunktioner.</string>
  <string name="permgrouplab_accounts">Dina konton</string>
  <string name="permgroupdesc_accounts">Få åtkomst till tillgängliga konton.</string>
  <string name="permgrouplab_hardwareControls">Kontroller för maskinvara</string>
  <string name="permgroupdesc_hardwareControls">Direkt åtkomst till maskinvara på handenheten.</string>
  <string name="permgrouplab_phoneCalls">Telefonsamtal</string>
  <string name="permgroupdesc_phoneCalls">Övervaka, spela in och bearbeta telefonsamtal</string>
  <string name="permgrouplab_systemTools">Systemverktyg</string>
  <string name="permgroupdesc_systemTools">Åtkomst och kontroll av systemet på lägre nivå.</string>
  <string name="permgrouplab_developmentTools">Utvecklingsverktyg</string>
  <string name="permgroupdesc_developmentTools">Funktioner som endast behövs för programutvecklare.</string>
  <string name="permgrouplab_storage">Lagring</string>
  <string name="permgroupdesc_storage">Få åtkomst till SD-kortet.</string>
  <string name="permlab_statusBar">inaktivera eller ändra statusfält</string>
  <string name="permdesc_statusBar">Tillåter att programmet inaktiverar statusfältet eller lägger till och tar bort systemikoner.</string>
  <string name="permlab_expandStatusBar">expandera/komprimera statusfält</string>
  <string name="permdesc_expandStatusBar">Tillåter att program expanderar eller komprimerar statusfältet.</string>
  <string name="permlab_processOutgoingCalls">spärra utgående samtal</string>
  <string name="permdesc_processOutgoingCalls">Tillåter att program hanterar utgående samtal och ändrar numret som ska ringas upp. Skadliga program kan övervaka, omdirigera eller förhindra utgående samtal.</string>
  <string name="permlab_receiveSms">ta emot SMS</string>
  <string name="permdesc_receiveSms">Tillåter att program tar emot och bearbetar SMS-meddelanden. Skadliga program kan övervaka dina meddelanden eller ta bort dem utan att visa dem för dig.</string>
  <string name="permlab_receiveMms">ta emot MMS</string>
  <string name="permdesc_receiveMms">Tillåter att program tar emot och bearbetar MMS-meddelanden. Skadliga program kan övervaka dina meddelanden eller ta bort dem innan du har sett dem.</string>
  <string name="permlab_sendSms">skicka SMS</string>
  <string name="permdesc_sendSms">Tillåter att programmet skickar SMS-meddelanden. Skadliga program kan skicka meddelanden utan ditt godkännande vilket kan kosta pengar.</string>
  <string name="permlab_readSms">läsa SMS eller MMS</string>
  <string name="permdesc_readSms">Tillåter att program läser SMS-meddelanden som sparats på din telefon eller SIM-kort. Skadliga program kan läsa dina konfidentiella meddelanden.</string>
  <string name="permlab_writeSms">redigera SMS eller MMS</string>
  <string name="permdesc_writeSms">Tillåter att program skriver till SMS-meddelanden som lagrats på din telefon eller SIM-kort. Skadliga program kan radera dina meddelanden.</string>
  <string name="permlab_receiveWapPush">ta emot WAP</string>
  <string name="permdesc_receiveWapPush">Tillåter att program tar emot och bearbetar WAP-meddelanden. Skadliga program kan övervaka dina meddelanden eller ta bort dem utan att visa dem för dig.</string>
  <string name="permlab_getTasks">hämta program som körs</string>
  <string name="permdesc_getTasks">Tillåter att program hämtar information om uppgifter som körs och har körts. Skadliga program kan upptäcka privat information om andra program.</string>
  <string name="permlab_reorderTasks">byt ordning på program som körs</string>
  <string name="permdesc_reorderTasks">Tillåter att ett program flyttar uppgifter till förgrunden eller bakgrunden. Skadliga program kan tvinga sig till förgrunden utan att du kan styra det.</string>
  <string name="permlab_setDebugApp">aktivera felsökning av program</string>
  <string name="permdesc_setDebugApp">Tillåter att ett program aktiverar felsökning för ett annat program. Skadliga program kan använda detta för att avsluta andra program.</string>
  <string name="permlab_changeConfiguration">ändra dina gränssnittsinställningar</string>
  <string name="permdesc_changeConfiguration">Tillåter att ett program ändrar den aktuella konfigurationen, till exempel språk eller övergripande teckenformat.</string>
  <string name="permlab_enableCarMode">aktivera trafikläge</string>
  <string name="permdesc_enableCarMode">Tillåter att ett program aktiverar trafikläge.</string>
  <string name="permlab_killBackgroundProcesses">avbryt bakgrundsprocesser</string>
  <string name="permdesc_killBackgroundProcesses">Tillåter att ett program avslutar bakgrundsprocesser för andra program även om det inte finns för lite ledigt minne.</string>
  <string name="permlab_forceStopPackages">framtvinga avslutning av andra program</string>
  <string name="permdesc_forceStopPackages">Tillåter att ett program framtvingar avslutning av andra program.</string>
  <string name="permlab_forceBack">tvinga program att avsluta</string>
  <string name="permdesc_forceBack">Tillåter att ett program tvingar en aktivitet som finns i förgrunden att avsluta och gå tillbaka. Behövs inte för vanliga program.</string>
  <string name="permlab_dump">hämta systemets interna status</string>
  <string name="permdesc_dump">Tillåter att ett program hämtar systemets interna status. Skadliga program kan hämta privat och skyddad information som de normalt aldrig ska behöva.</string>
  <string name="permlab_shutdown">avsluta delvis</string>
  <string name="permdesc_shutdown">Sätter aktivitetshanteraren i avstängningsläge. Utför inte en fullständig avstängning.</string>
  <string name="permlab_stopAppSwitches">förhindrar programbyten</string>
  <string name="permdesc_stopAppSwitches">Hindrar att användaren byter till ett annat program.</string>
  <string name="permlab_runSetActivityWatcher">övervaka och styra alla program som öppnas</string>
  <string name="permdesc_runSetActivityWatcher">Tillåter att ett program övervakar och styr hur systemet startar aktiviteter. Skadliga program kan bryta systemet helt. Den här behörigheten behövs bara för programmering, aldrig för vanlig telefonanvändning.</string>
  <string name="permlab_broadcastPackageRemoved">skicka meddelande om borttaget paket</string>
  <string name="permdesc_broadcastPackageRemoved">Tillåter att ett program skickar ett meddelande om att ett programpaket har tagits bort. Skadliga program kan använda detta för att avsluta alla andra program som körs.</string>
  <string name="permlab_broadcastSmsReceived">skicka SMS-mottagen sändning</string>
  <string name="permdesc_broadcastSmsReceived">Tillåter att ett program sänder ut en avisering när SMS tas emot. Skadliga program kan använda detta för att förfalska inkommande SMS-meddelanden.</string>
  <string name="permlab_broadcastWapPush">skicka WAP-PUSH-mottagen sändning</string>
  <string name="permdesc_broadcastWapPush">Tillåter att ett program skickar ut en avisering när ett WAP PUSH-meddelande tas emot. Skadliga program kan använda detta för att förfalska mottagning av MMS eller för att obemärkt byta ut innehållet på en webbsida mot skadligt innehåll.</string>
  <string name="permlab_setProcessLimit">begränsa antalet processer som körs</string>
  <string name="permdesc_setProcessLimit">Tillåter att ett program styr högsta antalet processer som körs. Behövs inte för vanliga program.</string>
  <string name="permlab_setAlwaysFinish">gör så att alla bakgrundsprogram stängs</string>
  <string name="permdesc_setAlwaysFinish">Tillåter att ett program bestämmer om aktiviteter alltid är slutförda när de hamnar i bakgrunden. Ska inte behövas för vanliga program.</string>
  <string name="permlab_batteryStats">ändra batteristatistik</string>
  <string name="permdesc_batteryStats">Tillåter att samlad batteristatistik ändras. Används inte av vanliga program.</string>
  <string name="permlab_backup">kontrollera säkerhetskopiering och återställning av systemet</string>
  <string name="permdesc_backup">Tillåter att programmet styr över systemets mekanism för säkerhetskopiering och återställning. Används inte av vanliga program.</string>
  <string name="permlab_internalSystemWindow">visa otillåtna fönster</string>
  <string name="permdesc_internalSystemWindow">Tillåter att fönster skapas och används av det interna systemgränssnittet. Används inte av vanliga program.</string>
  <string name="permlab_systemAlertWindow">visa varningar på systemnivå</string>
  <string name="permdesc_systemAlertWindow">Tillåter att ett program visar fönster med systemvarningar. Skadliga program kan överta hela telefonens skärm.</string>
  <string name="permlab_setAnimationScale">ändra global animeringshastighet</string>
  <string name="permdesc_setAnimationScale">Tillåter att ett program när som helst ändrar den globala animeringshastigheten (snabbare eller långsammare).</string>
  <string name="permlab_manageAppTokens">hantera programtoken</string>
  <string name="permdesc_manageAppTokens">Tillåter att program skapar och hanterar egna token och förbigår normala Z-beställningar. Behövs inte för vanliga program.</string>
  <string name="permlab_injectEvents">trycka på knappar och styrknappar</string>
  <string name="permdesc_injectEvents">Tillåter att ett program levererar egna inmatningshändelser (knapptryckningar, osv.) till andra program. Skadliga program använder detta för att kapa telefonen.</string>
  <string name="permlab_readInputState">registrera vad du skriver och vilka åtgärder du vidtar</string>
  <string name="permdesc_readInputState">Tillåter att program övervakar knapparna som du trycker på, till och med när du använder andra program (till exempel när du anger ett lösenord). Ska inte behövas för vanliga program.</string>
  <string name="permlab_bindInputMethod">binda till en metod för indata</string>
  <string name="permdesc_bindInputMethod">Innehavaren tillåts att binda till den översta nivåns gränssnitt för en inmatningsmetod. Ska inte behövas för vanliga program.</string>
  <string name="permlab_bindWallpaper">binda till en bakgrund</string>
  <string name="permdesc_bindWallpaper">Innehavaren tillåts att binda till den översta nivåns gränssnitt för en bakgrund. Ska inte behövas för vanliga program.</string>
  <string name="permlab_bindDeviceAdmin">arbeta med en enhetsadministratör</string>
  <string name="permdesc_bindDeviceAdmin">Tillåter att innehavaren skickar avsikter till en enhetsadministratör. Vanliga program behöver aldrig göra detta.</string>
  <string name="permlab_setOrientation">ändra bildskärmens rikting</string>
  <string name="permdesc_setOrientation">Tillåter att ett program när som helst ändrar skärmens rotering. Behövs inte för vanliga program.</string>
  <string name="permlab_signalPersistentProcesses">skicka Linux-signaler till program</string>
  <string name="permdesc_signalPersistentProcesses">Tillåter att programmet begär att den angivna signalen skickas till alla beständiga processer.</string>
  <string name="permlab_persistentActivity">se till att programmet alltid körs</string>
  <string name="permdesc_persistentActivity">Tillåter att ett program gör vissa delar beständiga så att systemet inte kan använda det för andra program.</string>
  <string name="permlab_deletePackages">ta bort program</string>
  <string name="permdesc_deletePackages">Tillåter att ett program tar bort Android-paket. Skadliga program kan använda detta för att ta bort viktiga program.</string>
  <string name="permlab_clearAppUserData">ta bort de andra programmens uppgifter</string>
  <string name="permdesc_clearAppUserData">Tillåter att ett program tar bort användardata.</string>
  <string name="permlab_deleteCacheFiles">ta bort de andra programmens cacheminnen</string>
  <string name="permdesc_deleteCacheFiles">Tillåter att ett program raderar cachefiler.</string>
  <string name="permlab_getPackageSize">mäta telefonens lagringsutrymme</string>
  <string name="permdesc_getPackageSize">Tillåter att ett program hämtar kod, data och cachestorlekar</string>
  <string name="permlab_installPackages">installera program direkt</string>
  <string name="permdesc_installPackages">Tillåter att ett program installerar nya eller uppdaterade Android-paket. Skadliga program kan använda detta för att lägga till nya program med godtyckliga och starka behörigheter.</string>
  <string name="permlab_clearAppCache">ta bort cacheinformation för alla program</string>
  <string name="permdesc_clearAppCache">Tillåter att ett program frigör lagringsutrymme i telefonen genom att ta bort filer i programmets katalog för cachelagring. Åtkomst är mycket begränsad, vanligtvis till systemprocesser.</string>
  <string name="permlab_movePackage">Flytta programresurser</string>
  <string name="permdesc_movePackage">Tillåter att ett program flyttar programresurser från interna till externa medier och tvärt om.</string>
  <string name="permlab_readLogs">läsa systemets loggfiler</string>
  <string name="permdesc_readLogs">Tillåter att ett program läser från systemets olika loggfiler. Det innebär att programmet kan upptäcka allmän information om vad du gör med telefonen, men den bör inte innehålla personlig eller privat information.</string>
  <string name="permlab_diagnostic">läsa/skriva till resurser som ägs av diag</string>
  <string name="permdesc_diagnostic">Tillåter att ett program läser och skriver till en resurs som ägs av diag-gruppen; till exempel filer i /dev. Detta kan eventuellt påverka systemets stabilitet och säkerhet. Detta bör ENDAST används av tillverkaren eller operatören för maskinvaruspecifik diagnostik.</string>
  <string name="permlab_changeComponentState">aktivera eller inaktivera programkomponenter</string>
  <string name="permdesc_changeComponentState">Tillåter att ett program ändrar inställningen för om en komponent i ett annat program har aktiverats eller inte. Skadliga program kan använda detta för att inaktivera viktiga telefonfunktioner. Var försiktig med behörigheten, eftersom programkomponenter kan bli oanvändbara, inkonsekventa eller ostabila.</string>
  <string name="permlab_setPreferredApplications">ange önskade program</string>
  <string name="permdesc_setPreferredApplications">Tillåter att ett program ändrar dina önskade program. Skadliga program kan utan varning ändra de program som körs och förfalska dina befintliga program så att de samlar privata data från dig.</string>
  <string name="permlab_writeSettings">ändra globala systeminställningar</string>
  <string name="permdesc_writeSettings">Tillåter att ett program ändrar systemets inställningar. Skadliga program kan skada systemets konfiguration.</string>
  <string name="permlab_writeSecureSettings">ändra skyddade systeminställningar</string>
  <string name="permdesc_writeSecureSettings">Tillåter att ett program ändrar systemets data för skyddade inställningar. Används inte av vanliga program.</string>
  <string name="permlab_writeGservices">ändra kartan för Googles tjänster</string>
  <string name="permdesc_writeGservices">Tillåter att ett program ändrar kartan för Google-tjänster. Används inte av vanliga program.</string>
  <string name="permlab_receiveBootCompleted">starta automatiskt vid systemstart</string>
  <string name="permdesc_receiveBootCompleted">Tillåter att ett program startar när systemet har startats om. Detta kan innebära att det tar längre tid att starta om telefonen och att telefonen blir långsammare i och med att programmet hela tiden körs i bakgrunden.</string>
  <string name="permlab_broadcastSticky">Skicka sticky broadcast</string>
  <string name="permdesc_broadcastSticky">Tillåter att ett program skickar sticky broadcasts, som finns kvar när sändningen är slut. Skadliga program kan göra telefonen seg eller instabil genom att se till att den använder för mycket minne.</string>
  <string name="permlab_readContacts">läsa kontaktinformation</string>
  <string name="permdesc_readContacts">Tillåter att ett program läser alla kontaktuppgifter (adresser) som har lagrats på din telefon. Skadliga program kan använda detta för att skicka dina data till andra personer.</string>
  <string name="permlab_writeContacts">skriva kontaktuppgifter</string>
  <string name="permdesc_writeContacts">Tillåter att ett program ändrar kontaktuppgifter (adress) som har lagrats på din telefon. Skadliga program kan använda detta för att radera eller ändra kontaktuppgifter.</string>
  <string name="permlab_writeOwnerData">skriva ägarinformation</string>
  <string name="permdesc_writeOwnerData">Tillåter att ett program ändrar information om telefonens ägare som har lagrats på din telefon. Skadliga program kan använda detta för att radera eller ändra ägaruppgifter.</string>
  <string name="permlab_readOwnerData">läsa information om ägare</string>
  <string name="permdesc_readOwnerData">Tillåter att ett program läser information om telefonens ägare som har lagrats på telefonen. Skadliga program kan använda detta för att läsa telefonens ägaruppgifter.</string>
  <string name="permlab_readCalendar">läsa kalenderhändelser</string>
  <string name="permdesc_readCalendar">Tillåter att ett program läser alla händelser i kalendern som har lagrats på din telefon. Skadliga program kan använda detta för att skicka din kalender till andra personer.</string>
  <string name="permlab_writeCalendar">lägg till och ändra kalenderhändelser och skicka e-post till gäster</string>
  <string name="permdesc_writeCalendar">Tillåter att ett program lägger till och ändrar händelser i din kalender, t.ex. genom att skicka e-post till gäster. Skadliga program kan använda detta för att radera eller ändra dina kalenderhändelser och för att skicka e-post till gäster.</string>
  <string name="permlab_accessMockLocation">skenplatser för att testa</string>
  <string name="permdesc_accessMockLocation">Skapa skenplatser för att testa. Skadliga program kan använda detta för att åsidosätta platsen och/eller statusen som returneras av riktiga platser, till exempel GPS- eller nätverksleverantörer.</string>
  <string name="permlab_accessLocationExtraCommands">få åtkomst till extra kommandon för platsleverantör</string>
  <string name="permdesc_accessLocationExtraCommands">Få åtkomst till extra kommandon för platsleverantörer. Skadliga program kan använda detta för att störa hur GPS eller andra platskällor fungerar.</string>
  <string name="permlab_installLocationProvider">behörighet att installera en platsleverantör</string>
  <string name="permdesc_installLocationProvider">Skapa skenplatser för att testa. Skadliga program kan använda detta för att åsidosätta platsen och/eller statusen som returneras av riktiga platser, till exempel GPS- eller nätverksleverantörer, eller övervaka och rapportera din plats till en extern källa.</string>
  <string name="permlab_accessFineLocation">hitta plats (GPS)</string>
  <string name="permdesc_accessFineLocation">Få åtkomst till detaljerade platskällor som Global Positioning System på telefonen, om det är tillgängligt. Skadliga program kan använda detta för att identifiera var du befinner dig, vilket drar mycket batteri.</string>
  <string name="permlab_accessCoarseLocation">grov (nätverksbaserad) plats</string>
  <string name="permdesc_accessCoarseLocation">Få åtkomst till grova platser, till exempel mobilnätverkets databas, för att bestämma ungefärlig plats för en telefon. Skadliga program kan använda detta för att avgöra ungefär var du befinner dig.</string>
  <string name="permlab_accessSurfaceFlinger">få åtkomst till SurfaceFlinger</string>
  <string name="permdesc_accessSurfaceFlinger">Tillåter att program använder lågnivåfunktioner i SurfaceFlinger.</string>
  <string name="permlab_readFrameBuffer">läsa rambuffert</string>
  <string name="permdesc_readFrameBuffer">Tillåter att program läser innehållet i rambufferten.</string>
  <string name="permlab_modifyAudioSettings">ändra dina ljudinställningar</string>
  <string name="permdesc_modifyAudioSettings">Tillåter att ett program ändrar globala ljudinställningar, till exempel volym och routning.</string>
  <string name="permlab_recordAudio">spela in ljud</string>
  <string name="permdesc_recordAudio">Tillåter att program får åtkomst till sökvägen för ljudinspelning.</string>
  <string name="permlab_camera">ta bilder</string>
  <string name="permdesc_camera">Tillåter att program tar kort med kameran. Då kan programmet när som helst samla bilderna som visas i kameran.</string>
  <string name="permlab_brick">inaktivera telefonen permanent</string>
  <string name="permdesc_brick">Tillåter att programmet inaktiverar hela telefonen permanent. Detta är mycket farligt.</string>
  <string name="permlab_reboot">tvinga omstart av telefon</string>
  <string name="permdesc_reboot">Tillåter att ett program tvingar telefonen att starta om.</string>
  <string name="permlab_mount_unmount_filesystems">montering och demontering av filsystem</string>
  <string name="permdesc_mount_unmount_filesystems">Tillåter att programmet monterar och demonterar filsystem för flyttbara lagringsmedia.</string>
  <string name="permlab_mount_format_filesystems">formatera extern lagring</string>
  <string name="permdesc_mount_format_filesystems">Tillåter att programmet formaterar flyttbara lagringsmedia.</string>
  <string name="permlab_asec_access">få information om säker lagring</string>
  <string name="permdesc_asec_access">Tillåter att programmet får information om säker lagring.</string>
  <string name="permlab_asec_create">skapa säker lagring</string>
  <string name="permdesc_asec_create">Tillåter att programmet skapar säker lagring.</string>
  <string name="permlab_asec_destroy">förstör säker lagring</string>
  <string name="permdesc_asec_destroy">Tillåter att programmet förstör säker lagring.</string>
  <string name="permlab_asec_mount_unmount">montera/avmontera säker lagring</string>
  <string name="permdesc_asec_mount_unmount">Tillåter att programmet monterar/avmonterar säker lagring.</string>
  <string name="permlab_asec_rename">byt namn på säker lagring</string>
  <string name="permdesc_asec_rename">Tillåter att programmet byter namn på säker lagring.</string>
  <string name="permlab_vibrate">kontrollera vibration</string>
  <string name="permdesc_vibrate">Tillåter att programmet styr vibratorn.</string>
  <string name="permlab_flashlight">styra lampa</string>
  <string name="permdesc_flashlight">Tillåter att programmet styr lampan.</string>
  <string name="permlab_hardware_test">testa maskinvara</string>
  <string name="permdesc_hardware_test">Tillåter att ett program styr kringutrustning i syfte att testa maskinvara.</string>
  <string name="permlab_callPhone">ringa telefonnummer direkt</string>
  <string name="permdesc_callPhone">Tillåter att programmet ringer telefonnummer utan åtgärd från dig. Skadliga program kan orsaka oväntade samtal på din telefonräkning. Observera att programmet inte tillåts att ringa nödsamtal.</string>
  <string name="permlab_callPrivileged">ringa telefonnummer direkt</string>
  <string name="permdesc_callPrivileged">Tillåter att programmet ringer ett telefonnummer, inklusive nödnummer, utan att du behöver göra något. Skadliga program kan ringa onödiga och olagliga samtal till räddningtjänsten.</string>
  <string name="permlab_performCdmaProvisioning">starta CDMA-telefoninställningar direkt</string>
  <string name="permdesc_performCdmaProvisioning">Tillåter att programmet startar CDMA-anslutning. Skadliga program kan starta CDMA-anslutningar i onödan.</string>
  <string name="permlab_locationUpdates">styra meddelanden för platsuppdatering</string>
  <string name="permdesc_locationUpdates">Tillåter aktivering och inaktivering av avisering om platsuppdatering i radion. Används inte av vanliga program.</string>
  <string name="permlab_checkinProperties">få åtkomst till incheckningsegenskaper</string>
  <string name="permdesc_checkinProperties">Tillåter läs/skrivåtkomst till egenskaper som läggs upp via incheckningstjänsten. Används inte av vanliga program.</string>
  <string name="permlab_bindGadget">välja widgetar</string>
  <string name="permdesc_bindGadget">Tillåter att programmet instruerar systemet vilka widgetar som kan användas av vilket program. Med den här behörigheten kan åtkomst till personliga data beviljas andra program. Används inte av vanliga program.</string>
  <string name="permlab_modifyPhoneState">ändra telefonstatus</string>
  <string name="permdesc_modifyPhoneState">Tillåter att programmet styr enhetens telefonfunktioner. Ett program med denna behörighet kan växla nätverk, aktivera och inaktivera telefonens radio och så vidare utan att ens meddela dig.</string>
  <string name="permlab_readPhoneState">läsa telefonstatus och identitet</string>
  <string name="permdesc_readPhoneState">Tillåter att programmet kommer åt enhetens telefonfunktioner. Ett program som har den här behörigheten kan identifiera telefonens telefonnummer och serienummer, om ett samtal pågår, numret som samtalet är kopplat till och så vidare.</string>
  <string name="permlab_wakeLock">förhindra att telefonen sätts i viloläge</string>
  <string name="permdesc_wakeLock">Tillåter att ett program förhindrar att telefonen går in i viloläge.</string>
  <string name="permlab_devicePower">sätta på eller stänga av telefonen</string>
  <string name="permdesc_devicePower">Tillåter att ett program sätter på eller stänger av telefonen.</string>
  <string name="permlab_factoryTest">kör i fabrikstestläge</string>
  <string name="permdesc_factoryTest">Köra som ett testläge för tillverkaren på låg nivå. På så sätt får du fullständig åtkomst till telefonens maskinvara. Är endast tillgänglig när telefonen körs i tillverkarens testläge.</string>
  <string name="permlab_setWallpaper">ange bakgrund</string>
  <string name="permdesc_setWallpaper">Tillåter att programmet anger systemets bakgrund.</string>
  <string name="permlab_setWallpaperHints">ange tips för bakgrundsstorlek</string>
  <string name="permdesc_setWallpaperHints">Tillåter att programmet ger tips om systemets bakgrundsstorlek.</string>
  <string name="permlab_masterClear">återställa systemets fabriksinställningar</string>
  <string name="permdesc_masterClear">Tillåter att ett program helt återställer systemets fabriksinställningar. Alla data, inställningar och installerade program raderas.</string>
  <string name="permlab_setTime">ange tid</string>
  <string name="permdesc_setTime">Tillåter att ett program ändrar telefonens tid.</string>
  <string name="permlab_setTimeZone">ange tidszon</string>
  <string name="permdesc_setTimeZone">Tillåter att ett program ändrar telefonens tidszon.</string>
  <string name="permlab_accountManagerService">fungera som AccountManagerService</string>
  <string name="permdesc_accountManagerService">Tillåter att ett program anropar AccountAuthenticators</string>
  <string name="permlab_getAccounts">upptäcka kända konton</string>
  <string name="permdesc_getAccounts">Tillåter att ett program hämtar en lista över konton som telefonen känner till.</string>
  <string name="permlab_authenticateAccounts">fungera som kontoautentiserare</string>
  <string name="permdesc_authenticateAccounts">Tillåter att ett program använder kontohanterarens funktioner för AccountManager, inklusive funktioner för att skapa konton och hämta och ange lösenord för dem.</string>
  <string name="permlab_manageAccounts">hantera kontolistan</string>
  <string name="permdesc_manageAccounts">Tillåter att ett program utför åtgärder som att lägga till och ta bort konton och ta bort lösenord.</string>
  <string name="permlab_useCredentials">använda ett kontos autentiseringsuppgifter</string>
  <string name="permdesc_useCredentials">Tillåter att ett program begär autentiseringstokens.</string>
  <string name="permlab_accessNetworkState">visa nätverksstatus</string>
  <string name="permdesc_accessNetworkState">Tillåter att ett program ser status för alla nätverk.</string>
  <string name="permlab_createNetworkSockets">fullständig Internetåtkomst</string>
  <string name="permdesc_createNetworkSockets">Tillåter att ett program skapar nätverksuttag.</string>
  <string name="permlab_writeApnSettings">skriva inställningar för åtkomstpunktens namn</string>
  <string name="permdesc_writeApnSettings">Tillåter att ett program ändrar APN-inställningarna, till exempel Proxy och Port för alla APN.</string>
  <string name="permlab_changeNetworkState">ändra nätverksanslutning</string>
  <string name="permdesc_changeNetworkState">Tillåter att ett program ändrar statusens för en kopplad nätverksanslutning.</string>
  <string name="permlab_changeTetherState">ändra sammanlänkad anslutning</string>
  <string name="permdesc_changeTetherState">Tillåter att ett program ändrar statusens för en sammanlänkad nätverksanslutning.</string>
  <string name="permlab_changeBackgroundDataSetting">ändra inställningar för användning av bakgrundsdata</string>
  <string name="permdesc_changeBackgroundDataSetting">Tillåter att ett program ändrar inställningen för användning av bakgrundsdata.</string>
  <string name="permlab_accessWifiState">visa Wi-Fi-status</string>
  <string name="permdesc_accessWifiState">Tillåter att ett program visar information om statusen för Wi-Fi.</string>
  <string name="permlab_changeWifiState">byta Wi-Fi-status</string>
  <string name="permdesc_changeWifiState">Tillåter att ett program ansluter till och kopplar från Wi-Fi-åtkomstpunkter och gör ändringar i konfigurerade Wi-Fi-nätverk.</string>
  <string name="permlab_changeWifiMulticastState">tillåt Wi-Fi multicast-mottagning</string>
  <string name="permdesc_changeWifiMulticastState">Tillåter att ett program tar emot paket som inte är adresserade direkt till din enhet. Detta är användbart om du vill upptäcka tillgängliga tjänster i närheten. Det drar mer batteri än om telefonen inte är i multicast-läge.</string>
  <string name="permlab_bluetoothAdmin">administrera bluetooth</string>
  <string name="permdesc_bluetoothAdmin">Tillåter att ett program konfigurerar den lokala Bluetooth-telefonen samt upptäcker och parkopplar den med fjärranslutna enheter.</string>
  <string name="permlab_bluetooth">skapa Bluetooth-anslutningar</string>
  <string name="permdesc_bluetooth">Tillåter att ett program ser den lokala Bluetooth-telefonens konfiguration, och skapar och accepterar anslutningar med parkopplade enheter.</string>
  <string name="permlab_disableKeyguard">inaktivera tangentlås</string>
  <string name="permdesc_disableKeyguard">Tillåter att ett program inaktiverar tangentlåset och tillhörande lösenordsskydd. Ett exempel på detta är att telefonen inaktiverar tangentlåset vid inkommande samtal och sedan aktiverar det igen när samtalet är avslutat.</string>
  <string name="permlab_readSyncSettings">läsa synkroniseringsinställningar</string>
  <string name="permdesc_readSyncSettings">Tillåter att ett program läser synkroniseringsinställningarna, till exempel om synkronisering har aktiverats för kontakter.</string>
  <string name="permlab_writeSyncSettings">skriva synkroniseringsinställningar</string>
  <string name="permdesc_writeSyncSettings">Tillåter att ett program ändrar synkroniseringsinställningarna, till exempel om synkronisering har aktiverats för kontakter.</string>
  <string name="permlab_readSyncStats">läsa synkroniseringsstatistik</string>
  <string name="permdesc_readSyncStats">Tillåter att ett program läser synkroniseringsstatistiken, t.ex. historiken över synkroniseringar som har inträffat.</string>
  <string name="permlab_subscribedFeedsRead">läsa flöden som du prenumererar på</string>
  <string name="permdesc_subscribedFeedsRead">Tillåter att ett program får information om aktuella synkroniserade flöden.</string>
  <string name="permlab_subscribedFeedsWrite">skriva flöden som du prenumererar på</string>
  <string name="permdesc_subscribedFeedsWrite">Tillåter att ett program ändrar dina aktuella synkroniserade flöden. Det kan innebära att ett skadligt program kan ändra dina synkroniserade flöden.</string>
  <string name="permlab_readDictionary">läsa användardefinierad ordlista</string>
  <string name="permdesc_readDictionary">Tillåt att ett program läser alla privata ord, namn och fraser som användaren lagrar i sin ordlista.</string>
  <string name="permlab_writeDictionary">skriva till användardefinierad ordlista</string>
  <string name="permdesc_writeDictionary">Tillåter att ett program skriver in nya ord i användarordlistan.</string>
  <string name="permlab_sdcardWrite">ändra/ta bort innehåll på SD-kortet</string>
  <string name="permdesc_sdcardWrite">Tillåter att ett program skriver till SD-kortet.</string>
  <string name="permlab_cache_filesystem">åtkomst till cachefilsystemet</string>
  <string name="permdesc_cache_filesystem">Tillåter att ett program läser och skriver till cachefilsystemet.</string>
  <string name="policylab_limitPassword">Begränsa lösenord</string>
  <string name="policydesc_limitPassword">Begränsar vilka typer av lösenord som får användas.</string>
  <string name="policylab_watchLogin">Visa inloggningsförsök</string>
  <string name="policydesc_watchLogin">Övervaka misslyckade inloggningsförsök på enheten för att utföra åtgärder.</string>
  <string name="policylab_resetPassword">Återställ lösenord</string>
  <string name="policydesc_resetPassword">Framtvinga ett nytt värde för ditt lösenord. Kräver att administratören tillhandahåller det innan du kan logga in.</string>
  <string name="policylab_forceLock">Framtvinga låsning</string>
  <string name="policydesc_forceLock">Kontrollera när enheten låses, vilket kräver att du anger lösenordet igen.</string>
  <string name="policylab_wipeData">Radera alla data</string>
  <string name="policydesc_wipeData">Återställ fabriksinställningarna och ta bort alla data utan någon bekräftelse.</string>
  <string name="phoneTypeCustom">Anpassad</string>
  <string name="phoneTypeHome">Hem</string>
  <string name="phoneTypeMobile">Mobil</string>
  <string name="phoneTypeWork">Arbete</string>
  <string name="phoneTypeFaxWork">Arbetsfax</string>
  <string name="phoneTypeFaxHome">Hemfax</string>
  <string name="phoneTypePager">Personsökare</string>
  <string name="phoneTypeOther">Övrigt</string>
  <string name="phoneTypeCallback">Återuppringning</string>
  <string name="phoneTypeCar">Bil</string>
  <string name="phoneTypeCompanyMain">Nummer till företag</string>
  <string name="phoneTypeIsdn">ISDN</string>
  <string name="phoneTypeMain">Telefonnummer</string>
  <string name="phoneTypeOtherFax">Annat faxnummer</string>
  <string name="phoneTypeRadio">Radio</string>
  <string name="phoneTypeTelex">Telex</string>
  <string name="phoneTypeTtyTdd">TTY TDD</string>
  <string name="phoneTypeWorkMobile">Mobiltelefon, arbetet</string>
  <string name="phoneTypeWorkPager">Personsökare, arbetet</string>
  <string name="phoneTypeAssistant">Assistent</string>
  <string name="phoneTypeMms">MMS</string>
  <string name="eventTypeBirthday">Födelsedag</string>
  <string name="eventTypeAnniversary">Högtidsdag</string>
  <string name="eventTypeOther">Händelse</string>
  <string name="emailTypeCustom">Anpassad</string>
  <string name="emailTypeHome">Hem</string>
  <string name="emailTypeWork">Arbete</string>
  <string name="emailTypeOther">Övrigt</string>
  <string name="emailTypeMobile">Mobil</string>
  <string name="postalTypeCustom">Anpassad</string>
  <string name="postalTypeHome">Hem</string>
  <string name="postalTypeWork">Arbete</string>
  <string name="postalTypeOther">Övrigt</string>
  <string name="imTypeCustom">Anpassad</string>
  <string name="imTypeHome">Hem</string>
  <string name="imTypeWork">Arbete</string>
  <string name="imTypeOther">Övrigt</string>
  <string name="imProtocolCustom">Anpassad</string>
  <string name="imProtocolAim">AIM</string>
  <string name="imProtocolMsn">Windows Live</string>
  <string name="imProtocolYahoo">Yahoo</string>
  <string name="imProtocolSkype">Skype</string>
  <string name="imProtocolQq">QQ</string>
  <string name="imProtocolGoogleTalk">Google Talk</string>
  <string name="imProtocolIcq">ICQ</string>
  <string name="imProtocolJabber">Jabber</string>
  <string name="imProtocolNetMeeting">NetMeeting</string>
  <string name="orgTypeWork">Arbete</string>
  <string name="orgTypeOther">Övrigt</string>
  <string name="orgTypeCustom">Anpassad</string>
  <string name="contact_status_update_attribution">via %1$s</string>
  <string name="contact_status_update_attribution_with_date">%1$s via %2$s</string>
  <string name="keyguard_password_enter_pin_code">Ange PIN-kod</string>
  <string name="keyguard_password_enter_password_code">Ange lösenord för att låsa upp</string>
  <string name="keyguard_password_wrong_pin_code">Fel PIN-kod!</string>
  <string name="keyguard_label_text">Tryck på Menu och sedan på 0 om du vill låsa upp.</string>
  <string name="emergency_call_dialog_number_for_display">Nödsamtalsnummer</string>
  <string name="lockscreen_carrier_default">(Ingen tjänst)</string>
  <string name="lockscreen_screen_locked">Skärmen har låsts.</string>
  <string name="lockscreen_instructions_when_pattern_enabled">Tryck på Menu om du vill låsa upp eller ringa nödsamtal.</string>
  <string name="lockscreen_instructions_when_pattern_disabled">Tryck på Menu om du vill låsa upp.</string>
  <string name="lockscreen_pattern_instructions">Rita grafiskt lösenord för att låsa upp</string>
  <string name="lockscreen_emergency_call">Nödsamtal</string>
  <string name="lockscreen_return_to_call">Återgå till samtalet</string>
  <string name="lockscreen_pattern_correct">Korrekt!</string>
  <string name="lockscreen_pattern_wrong">Försök igen</string>
  <string name="lockscreen_plugged_in">Laddar (%d%%)</string>
  <string name="lockscreen_charged">Laddad.</string>
  <string name="lockscreen_battery_short">%d%%</string>
  <string name="lockscreen_low_battery">Anslut din laddare.</string>
  <string name="lockscreen_missing_sim_message_short">Inget SIM-kort.</string>
  <string name="lockscreen_missing_sim_message">Inget SIM-kort i telefonen.</string>
  <string name="lockscreen_missing_sim_instructions">Sätt i ett SIM-kort.</string>
  <string name="emergency_calls_only">Endast nödsamtal</string>
  <string name="lockscreen_network_locked_message">Nätverk låst</string>
  <string name="lockscreen_sim_puk_locked_message">SIM-kortet är PUK-låst.</string>
  <string name="lockscreen_sim_puk_locked_instructions">Se användarhandboken eller kontakta Kundtjänst.</string>
  <string name="lockscreen_sim_locked_message">SIM-kortet är låst.</string>
  <string name="lockscreen_sim_unlock_progress_dialog_message">Låser upp SIM-kort…</string>
  <string name="lockscreen_too_many_failed_attempts_dialog_message">Du har ritat ditt grafiska lösenord fel %d gånger. \n\nFörsök igen om %d sekunder.</string>
  <string name="lockscreen_failed_attempts_almost_glogin">Du har ritat ditt grafiska lösenord fel %d gånger. Efter %d försök till kommer du att uppmanas att låsa upp telefonen med din Google-inloggning.\n\n Försök igen om %d sekunder.</string>
  <string name="lockscreen_too_many_failed_attempts_countdown">Försök igen om %d sekunder.</string>
  <string name="lockscreen_forgot_pattern_button_text">Glömt ditt grafiska lösenord?</string>
  <string name="lockscreen_glogin_forgot_pattern">Lås upp konto</string>
  <string name="lockscreen_glogin_too_many_attempts">För många försök med grafiskt lösenord!</string>
  <string name="lockscreen_glogin_instructions">Logga in med ditt Google-konto om du vill låsa upp</string>
  <string name="lockscreen_glogin_username_hint">Användarnamn (e-post)</string>
  <string name="lockscreen_glogin_password_hint">Lösenord</string>
  <string name="lockscreen_glogin_submit_button">Logga in</string>
  <string name="lockscreen_glogin_invalid_input">Ogiltigt användarnamn eller lösenord.</string>
  <string name="lockscreen_glogin_checking_password">Kontrollerar ...</string>
  <string name="lockscreen_unlock_label">Lås upp</string>
  <string name="lockscreen_sound_on_label">Ljud på</string>
  <string name="lockscreen_sound_off_label">Ljud av</string>
  <string name="password_keyboard_label_symbol_key">\?123</string>
  <string name="password_keyboard_label_alpha_key">ABC</string>
  <string name="password_keyboard_label_alt_key">ALT</string>
  <string name="hour_ampm">%-l%P</string>
  <string name="hour_cap_ampm">%-l%p</string>
  <string name="status_bar_clear_all_button">Ta bort</string>
  <string name="status_bar_no_notifications_title">Inga aviseringar</string>
  <string name="status_bar_ongoing_events_title">Pågående</string>
  <string name="status_bar_latest_events_title">Meddelanden</string>
  <string name="battery_status_text_percent_format">%d%%</string>
  <string name="battery_status_charging">Laddar…</string>
  <string name="battery_low_title">Anslut laddaren</string>
  <string name="battery_low_subtitle">Batteriet håller på att ta slut:</string>
  <string name="battery_low_percent_format">%d%% eller mindre kvar.</string>
  <string name="battery_low_why">Batteriförbrukning</string>
  <string name="factorytest_failed">Det gick fel vid fabrikstestet</string>
  <string name="factorytest_not_system">Åtgärden FACTORY_TEST stöds endast för paket som har installerats i /system/app.</string>
  <string name="factorytest_no_action">Vi hittade inget paket som erbjuder åtgärden FACTORY_TEST.</string>
  <string name="factorytest_reboot">Starta om</string>
  <string name="web_user_agent">Mozilla/5.0 (Linux; U; Android %s) AppleWebKit/533.1 (KHTML, like Gecko) Version/4.0 Mobile Safari/533.1</string>
  <string name="js_dialog_title">På sidan på %s står det:</string>
  <string name="js_dialog_title_default">JavaScript</string>
  <string name="js_dialog_before_unload">Vill du lämna den här den här sidan?\n\n%s\n\nTryck på OK om du vill fortsätta eller på Avbryt om du vill vara kvar på den aktuella sidan.</string>
  <string name="save_password_label">Bekräfta</string>
  <string name="double_tap_toast">Tips! Dubbelklicka om du vill zooma in eller ut.</string>
  <string name="permlab_readHistoryBookmarks">läsa webbläsarhistorik och bokmärken</string>
  <string name="permdesc_readHistoryBookmarks">Tillåter att program läser alla webbadresser som webbläsaren har öppnat och alla webbläsarens bokmärken.</string>
  <string name="permlab_writeHistoryBookmarks">skriva webbläsarhistorik och bokmärken</string>
  <string name="permdesc_writeHistoryBookmarks">Tillåter att ett program ändrar webbläsarhistoriken och bokmärkena i din telefon. Skadliga program kan använda detta för att ta bort eller ändra data i webbläsaren.</string>
  <string name="permlab_writeGeolocationPermissions">Ändra geografisk plats för webbläsaren</string>
  <string name="permdesc_writeGeolocationPermissions">Tillåter att ett program ändrar webbläsarens behörigheter för geografisk plats. Skadliga program kan använda detta för att tillåta att platsinformation skickas till godtyckliga webbplatser.</string>
  <string name="save_password_message">Vill du att webbläsaren ska komma ihåg lösenordet?</string>
  <string name="save_password_notnow">Inte nu</string>
  <string name="save_password_remember">Kom ihåg</string>
  <string name="save_password_never">Aldrig</string>
  <string name="open_permission_deny">Du har inte behörighet att öppna den här sidan.</string>
  <string name="text_copied">Text har kopierats till urklipp.</string>
  <string name="more_item_label">Mer</string>
  <string name="prepend_shortcut_label">Meny+</string>
  <string name="menu_space_shortcut_label">utrymme</string>
  <string name="menu_enter_shortcut_label">retur</string>
  <string name="menu_delete_shortcut_label">ta bort</string>
  <string name="oneMonthDurationPast">för 1 månad sedan</string>
  <string name="beforeOneMonthDurationPast">För mer än en månad sedan</string>
  <string name="last_month">Föregående månad</string>
  <string name="older">Äldre</string>
  <string name="preposition_for_date">den %s</string>
  <string name="preposition_for_time">kl. %s</string>
  <string name="preposition_for_year">%s</string>
  <string name="day">dag</string>
  <string name="days">dagar</string>
  <string name="hour">timme</string>
  <string name="hours">timmar</string>
  <string name="minute">minut</string>
  <string name="minutes">minuter</string>
  <string name="second">sekunder</string>
  <string name="seconds">sekunder</string>
  <string name="week">vecka</string>
  <string name="weeks">veckor</string>
  <string name="year">år</string>
  <string name="years">år</string>
  <string name="relative_time">%1$s, %2$s</string>
  <string name="noon">eftermiddag</string>
  <string name="Noon">Mitt på dagen</string>
  <string name="midnight">midnatt</string>
  <string name="Midnight">Midnatt</string>
  <string name="elapsed_time_short_format_mm_ss">%1$02d:%2$02d</string>
  <string name="elapsed_time_short_format_h_mm_ss">%1$d:%2$02d:%3$02d</string>
  <string name="selectText">Markera text</string>
  <string name="stopSelectingText">Sluta välja text</string>
  <string name="cutAll">Klipp ut alla</string>
  <string name="copyAll">Kopiera alla</string>
  <string name="inputMethod">Indatametod</string>
  <string name="addToDictionary">Lägg till \"%s\" i ordlistan</string>
  <string name="editTextMenuTitle">Redigera text</string>
  <string name="low_internal_storage_view_title">Dåligt med utrymme</string>
  <string name="low_internal_storage_view_text">Telefonens lagringsutrymme håller på att ta slut.</string>
  <string name="capital_on">PÅ</string>
  <string name="capital_off">AV</string>
  <string name="whichApplication">Slutför åtgärd genom att använda</string>
  <string name="alwaysUse">Använd som standard för denna åtgärd.</string>
  <string name="clearDefaultHintMsg">Rensa standardinställning i Startinställningar > Program > Hantera program.</string>
  <string name="chooseActivity">Välj en åtgärd</string>
  <string name="noApplications">Inga program kan utföra den här åtgärden.</string>
  <string name="aerr_title">Tyvärr!</string>
  <string name="aerr_application">Processen %2$s för programmet %1$s stoppades oväntat. Försök igen.</string>
  <string name="aerr_process">Processen %1$s avslutades oväntat. Försök igen.</string>
  <string name="anr_title">Tyvärr!</string>
  <string name="anr_activity_application">Aktiviteten %1$s (i programmet %2$s) svarar inte.</string>
  <string name="anr_activity_process">Aktiviteten %1$s (i processen %2$s) svarar inte.</string>
  <string name="anr_application_process">Programmet %1$s (i processen %2$s) svarar inte.</string>
  <string name="anr_process">Processen %1$s svarar inte.</string>
  <string name="force_close">Tvinga fram en stängning</string>
  <string name="report">Rapportera</string>
  <string name="wait">Vänta</string>
  <string name="sendText">Välj en åtgärd för text</string>
  <string name="volume_ringtone">Ringvolym</string>
  <string name="volume_music">Mediavolym</string>
  <string name="volume_music_hint_playing_through_bluetooth">Spelar upp genom Bluetooth</string>
  <string name="volume_music_hint_silent_ringtone_selected">Tyst ringsignal har valts</string>
  <string name="volume_call">Samtalsvolym</string>
  <string name="volume_bluetooth_call">Samtalsvolym för Bluetooth</string>
  <string name="volume_alarm">Larmvolym</string>
  <string name="volume_notification">Aviseringsvolym</string>
  <string name="volume_unknown">Volym</string>
  <string name="ringtone_default">Standardringsignal</string>
  <string name="ringtone_default_with_actual">Standardringsignal (%1$s)</string>
  <string name="ringtone_silent">Tyst</string>
  <string name="ringtone_picker_title">Ringsignaler</string>
  <string name="ringtone_unknown">Okänd ringsignal</string>
  <string name="wifi_tether_configure_ssid_default">AndroidAP</string>
  <string name="select_character">Infoga tecken</string>
  <string name="sms_control_default_app_name">Okänt program</string>
  <string name="sms_control_title">Skickar SMS</string>
  <string name="sms_control_message">Flera SMS-meddelanden skickas. Tryck på OK om du vill fortsätta eller på Avbryt om du vill avsluta sändningen.</string>
  <string name="sms_control_yes">OK</string>
  <string name="sms_control_no">Avbryt</string>
  <string name="date_time_set">Ställ in</string>
  <string name="default_permission_group">Standardinställning</string>
  <string name="permissions_format">%1$s, %2$s</string>
  <string name="no_permissions">Inga behörigheter krävs</string>
  <string name="perms_hide">Dölj alla rättigheter</string>
  <string name="perms_show_all">Visa alla rättigheter</string>
  <string name="usb_storage_activity_title">USB-masslagring</string>
  <string name="usb_storage_title">USB-ansluten</string>
  <string name="usb_storage_message">Du har anslutit telefonen till datorn via USB. Välj knappen nedan om du vill kopiera filer mellan datorn och SD-kortet i din Android.</string>
  <string name="usb_storage_button_mount">Aktivera USB-lagring</string>
  <string name="usb_storage_error_message">Det gick inte att använda ditt SD-kort för USB-lagring.</string>
  <string name="usb_storage_notification_title">USB-ansluten</string>
  <string name="usb_storage_notification_message">Välj om du vill kopiera filer till/från din dator.</string>
  <string name="usb_storage_stop_notification_title">Inaktivera USB-lagring</string>
  <string name="usb_storage_stop_notification_message">Välj om USB-lagring ska inaktiveras.</string>
  <string name="usb_storage_stop_title">USB-lagret används</string>
  <string name="usb_storage_stop_message">Kontrollera att du har demonterat (\"matat ut\") Android-telefonens SD-kort från datorn, innan du inaktiverar USB-lagring.</string>
  <string name="usb_storage_stop_button_mount">Inaktivera USB-lagring</string>
  <string name="usb_storage_stop_error_message">Ett problem uppstod när USB-lagringsplatsen skulle inaktiveras. Kontrollera att USB-värden har demonterats och försök igen.</string>
  <string name="dlg_confirm_kill_storage_users_title">Aktivera USB-lagring</string>
  <string name="dlg_confirm_kill_storage_users_text">Om du aktiverar USB-lagring avbryts några av de program som körs och de kanske inte blir tillgängliga igen förrän du inaktiverar USB-lagring.</string>
  <string name="dlg_error_title">USB-åtgärd misslyckades</string>
  <string name="dlg_ok">OK</string>
  <string name="extmedia_format_title">Formatera SD-kort</string>
  <string name="extmedia_format_message">Vill du formatera SD-kortet? Alla data på ditt kort kommer att gå förlorade.</string>
  <string name="extmedia_format_button_format">Format</string>
  <string name="adb_active_notification_title">USB-felsökning ansluten</string>
  <string name="adb_active_notification_message">Välj att inaktivera USB-felsökning.</string>
  <string name="locale_replacement">Språkersättning</string>
  <string name="select_input_method">Välj indatametod</string>
  <string name="fast_scroll_alphabet">\u0020ABCDEFGHIJKLMNOPQRSTUVWXYZ</string>
  <string name="fast_scroll_numeric_alphabet">\u00200123456789ABCDEFGHIJKLMNOPQRSTUVWXYZ</string>
  <string name="candidates_style">Kandidatsstil</string>
  <string name="ext_media_checking_notification_title">Förbereder SD-kort</string>
  <string name="ext_media_checking_notification_message">Söker efter fel.</string>
  <string name="ext_media_nofs_notification_title">Tomt SD-kort</string>
  <string name="ext_media_nofs_notification_message">SD-kortet är tomt eller så har det ett filsystem som inte stöds.</string>
  <string name="ext_media_unmountable_notification_title">Skadat SD-kort</string>
  <string name="ext_media_unmountable_notification_message">SD-kortet är skadat. Du måste eventuellt formatera om det.</string>
  <string name="ext_media_badremoval_notification_title">SD-kort togs oväntat bort</string>
  <string name="ext_media_badremoval_notification_message">Demontera SD-kort innan borttagning för att undvika dataförlust.</string>
  <string name="ext_media_safe_unmount_notification_title">Säkert att ta bort SD-kort</string>
  <string name="ext_media_safe_unmount_notification_message">Det är nu säkert att ta bort SD-kortet.</string>
  <string name="ext_media_nomedia_notification_title">Borttaget SD-kort</string>
  <string name="ext_media_nomedia_notification_message">SD-kortet har tagits bort. Sätt i ett nytt.</string>
  <string name="activity_list_empty">Inga matchande aktiviteter hittades</string>
  <string name="permlab_pkgUsageStats">uppdatera statistik över användning av komponenter</string>
  <string name="permdesc_pkgUsageStats">Tillåter att samlad komponentstatistik ändras. Används inte av vanliga program.</string>
  <string name="permlab_copyProtectedData">Tillåter att innehåll kopieras genom att standardbehållartjänsten startas. Vanliga program behöver aldrig göra detta.</string>
  <string name="permdesc_copyProtectedData">Tillåter att innehåll kopieras genom att standardbehållartjänsten startas. Vanliga program behöver aldrig göra detta.</string>
  <string name="tutorial_double_tap_to_zoom_message_short">Peka två gånger för zoomkontroll</string>
  <string name="gadget_host_error_inflating">Fel när widgeten expanderades</string>
  <string name="ime_action_go">Kör</string>
  <string name="ime_action_search">Sök</string>
  <string name="ime_action_send">Skicka</string>
  <string name="ime_action_next">Nästa</string>
  <string name="ime_action_done">Färdig</string>
  <string name="ime_action_default">Utför</string>
  <string name="dial_number_using">Slå nummer \nmed %s</string>
  <string name="create_contact_using">Skapa kontakt\nmed %s</string>
  <string name="accessibility_compound_button_selected">markerad</string>
  <string name="accessibility_compound_button_unselected">inte markerad</string>
  <string name="grant_credentials_permission_message_header">Följande ett eller flera program begär tillstånd att komma åt ditt konto, nu och i framtiden.</string>
  <string name="grant_credentials_permission_message_footer">Vill du tillåta den här begäran?</string>
  <string name="grant_permissions_header_text">Begäran om åtkomst</string>
  <string name="allow">Tillåt</string>
  <string name="deny">Neka</string>
  <string name="permission_request_notification_title">Begärd behörighet</string>
  <string name="permission_request_notification_with_subtitle">Behörighet krävs\nför kontot %s</string>
  <string name="input_method_binding_label">Indatametod</string>
  <string name="sync_binding_label">Synkronisera</string>
  <string name="accessibility_binding_label">Tillgänglighet</string>
  <string name="wallpaper_binding_label">Bakgrund</string>
  <string name="chooser_wallpaper">Ändra bakgrund</string>
  <string name="alternate_eri_file">/data/eri.xml</string>
  <string name="pptp_vpn_description">Point-to-Point Tunneling Protocol</string>
  <string name="l2tp_vpn_description">Layer 2 Tunneling Protocol</string>
  <string name="l2tp_ipsec_psk_vpn_description">I förväg delad L2TP/IPSec VPN-nyckel</string>
  <string name="l2tp_ipsec_crt_vpn_description">Certifikatsbaserad L2TP/IPSec VPN</string>
  <string name="upload_file">Välj fil</string>
  <string name="reset">Återställ</string>
  <string name="submit">Skicka</string>
  <string name="description_star">favorit</string>
  <string name="car_mode_disable_notification_title">Billäge aktiverat</string>
  <string name="car_mode_disable_notification_message">Välj om du vill avsluta billäge.</string>
  <string name="tethered_notification_title">Internetdelning eller surfpunkt aktiverad</string>
  <string name="tethered_notification_message">Tryck om du vill konfigurera</string>
  <string name="throttle_warning_notification_title">Hög mobildataanvändning</string>
  <string name="throttle_warning_notification_message">Tryck om du vill veta mer om mobildataanvändning</string>
  <string name="throttled_notification_title">Gränsen för mobildata har överskridits</string>
  <string name="throttled_notification_message">Tryck om du vill veta mer om mobildataanvändning</string>
  <string name="openvpn_vpn_description">OpenVPN SSL VPN</string>
  <string name="lockscreen_dial_label">Visa telefonknappsatsen</string>
  <string name="lockscreen_mms_label">Meddelanden</string>
  <string name="status_bar_back_to_call">Tryck här för att återgå till samtal</string>
  <string name="lockscreen_bottom_hint">Dra för att låsa upp</string>
  <string name="lockscreen_unlock_hint">Släpp för att låsa upp</string>
  <string name="unknown">Okänd</string>
  <string name="private_num">Privat nummer</string>
  <string name="payphone">Telefonautomat</string>
  <string name="callNoAnswerTimeFormat">%s obesvarade samtal</string>
  <string name="callDetailsDurationFormat">%1$s Minuter %2$s Sekunder</string>
  <string name="date_day">Dag</string>
  <string name="status_bar_battery_low_notification">Låg batterinivå</string>
  <string name="status_bar_battery_low_notification_button">Låg batterinivå</string>
  <string name="status_bar_button_wifi">Wifi</string>
  <string name="status_bar_button_apn">APN</string>
  <string name="status_bar_button_bluetooth">Bluetooth</string>
  <string name="status_bar_button_rotate">Rotera</string>
  <string name="status_bar_button_brightness">Ljusstyrka</string>
  <string name="status_bar_button_ringer_normal">Ljud</string>
  <string name="status_bar_button_ringer_vibrate">Vibration</string>
  <string name="status_bar_button_ringer_mute">Ljudlös</string>
  <string name="status_bar_button_gps">GPS</string>
  <string name="status_bar_button_sync">Synka</string>
  <string name="status_bar_button_cpu">CPU</string>
  <string name="status_bar_button_vibrate">Vibration</string>
  <string name="status_bar_button_flight_mode">Flygplansläge</string>
  <string name="status_bar_button_reboot">Starta om</string>
  <string name="status_bar_button_shutdown">Stänga av</string>
  <string name="recent_dialog_buttonAppKiller_summary">MIUI frigjorde %1$s minne. Tillgängligt minne:%2$s</string>
  <string name="recent_dialog_buttonAppKiller">Avsluta program</string>
  <string name="recent_dialog_buttonTaskManager">Aktivitetshanteraren</string>
  <string name="theme_changing_dialog_title">Förbereder det nya temat</string>
  <string name="theme_changed_dialog_title">Tema ändrat</string>
  <string name="theme_changed_dialog_message">Temat är uppdaterat. Vänligen starta om telefonen för att säkerställa förändringarna</string>
</resources>
