<?xml version="1.0" encoding="utf-8"?>
<!--Generated by crowdin.net-->
<resources>
  <string name="word_separators">. ,;:!?\n()[]*&@{}/<>_+=|\"</string>
  <string name="sentence_separators">.,!?</string>
  <string name="suggested_punctuations">!?,@_</string>
  <string name="alternates_for_d">$</string>
  <string name="alternates_for_r">4</string>
  <string name="alternates_for_t">5</string>
  <string name="alternates_for_z">!</string>
  <string name="alternates_for_l">8</string>
  <string name="alternates_for_g">*</string>
  <string name="ime_name">Inmatningsmetod</string>
  <string name="ime_settings_activity_name">Tangentbordsinställningar</string>
  <string name="ime_settings_choose_other_ime">Välj annan inmatningstyp</string>
  <string name="version">1.2.8</string>
  <string name="toggle_cn">På</string>
  <string name="toggle_cn_cand">1</string>
  <string name="toggle_en_lower">2</string>
  <string name="toggle_en_upper">3</string>
  <string name="toggle_en_sym1">4</string>
  <string name="toggle_en_sym2">5</string>
  <string name="toggle_enter_go">6</string>
  <string name="toggle_enter_search">7</string>
  <string name="toggle_enter_send">8</string>
  <string name="toggle_enter_next">9</string>
  <string name="toggle_enter_done">10</string>
  <string name="toggle_row_cn">11</string>
  <string name="toggle_row_en">12</string>
  <string name="toggle_row_uri">13</string>
  <string name="toggle_row_emailaddress">14</string>
  <string name="toggle_phone_sym">15</string>
  <string name="toggle_stroke_urlqwerty">16</string>
  <string name="toggle_misc1">17</string>
  <string name="toggle_misc2">18</string>
  <string name="toggle_misc3">19</string>
  <string name="toggle_misc4">20</string>
  <string name="toggle_smiley_off">21</string>
  <string name="toggle_smiley_on">22</string>
  <string name="toggle_cn_sym1">23</string>
  <string name="toggle_cn_sym2">24</string>
  <string name="toggle_url">25</string>
  <string name="toggle_emailaddress">26</string>
  <string name="toggle_stroke_disabled">27</string>
  <string name="toggle_exit_sym_to_en">28</string>
  <string name="toggle_en_upper_locked">29</string>
  <string name="toggle_single_quote_open">30</string>
  <string name="toggle_single_quote_close">31</string>
  <string name="toggle_double_quote_open">32</string>
  <string name="toggle_double_quote_close">33</string>
  <string name="setting_stroke_key">Knapptryck</string>
  <string name="setting_fault_tolerance_key">Feltolerans</string>
  <string name="setting_sound_key">Knappljud</string>
  <string name="setting_vibrate_key">Knappvibration</string>
  <string name="setting_prediction_key">Stavningshjälp</string>
  <string name="setting_tradition_key">tradition_key</string>
  <string name="setting_switch_key">switch_key</string>
  <string name="setting_advanced_key">Avancerat</string>
  <string name="setting">Tangentbordsinställningar</string>
  <string name="setting_stroke_title">Knapptryck</string>
  <string name="setting_fault_tolerance_title">Känslighet för felslag på tangentbordet</string>
  <string name="setting_sound_key_title">Knappljud</string>
  <string name="setting_vibrate_title">Knappvibration</string>
  <string name="setting_prediction_title">Stavningshjälp</string>
  <string name="setting_tradition_title">Traditionell inmatning</string>
  <string name="setting_switch_title">Ändra</string>
  <string name="setting_switch_shift_space_title">Sgift-mellanslag</string>
  <string name="setting_enabled">På</string>
  <string name="setting_disabled">Av</string>
  <string name="setting_others">Andra inställningar</string>
  <string name="setting_others_summary">Använd Ordlista</string>
  <string name="account_label_username">Ditt Googlekonto: (t.ex. johndoe@gmail.com)</string>
  <string name="account_label_password">Lösenord:</string>
  <string name="account_label_login">Logga in</string>
  <string name="account_label_cancel">Avbryt</string>
  <string name="account_title">Logga in på kontot</string>
  <string name="account_sign_up_title">Registrera ett nytt konto</string>
  <string name="account_signing_in_title">Loggar in, var god vänta ...</string>
  <string name="setting_title">Tangentbordsinställningar</string>
  <string name="setting_update_category_key">Uppdatera</string>
  <string name="setting_update_category_title">Spara nya ord i ordlistan automatiskt</string>
  <string name="setting_update_enabled_key">Uppdatera</string>
  <string name="setting_update_enabled_title">Spara nya ord i ordlistan automatiskt</string>
  <string name="setting_sync_category_title">Din Ordlista</string>
  <string name="setting_sync_enabled_key">Synka</string>
  <string name="setting_sync_now_key">Synkronisera nu</string>
  <string name="setting_sync_clear_key">Rensa ordlistan</string>
  <string name="setting_sync_enabled_title">Använd ordlistan</string>
  <string name="setting_sync_now_title">Synkronisering pågår</string>
  <string name="setting_sync_cancel_title">Avbryt synkronisering</string>
  <string name="setting_sync_clear_title">Rensa ordlistan</string>
  <string name="setting_enabled_title">På</string>
  <string name="setting_disabled_title">Av</string>
  <string name="status_bar_message_title">Inmatningsmetod</string>
  <string name="status_bar_message_sync_title">Synkronisera användarordlistan...</string>
  <string name="status_bar_message_update_title">Uppdaterar ordlistan...</string>
  <string name="setting_dialog_sync_now_title">Vill du synka ordlistan nu?</string>
  <string name="setting_dialog_sync_now_message">Vill du synkronisera nu?</string>
  <string name="setting_dialog_sync_clear_title">Varning</string>
  <string name="setting_dialog_sync_clear_message">Ordlistan kommer att rensas och det går inte att ångra. Är du helt säker på att du vill rensa ordlistan? Om så är fallet, ange följande nummer och klicka på OK</string>
  <string name="setting_error_sync_service_inactive">Systemtjänsten inte är aktiverad det går inte att slutföra uppgiften</string>
  <string name="sign_up_url">https://www.google.com/accounts/NewAccount?hl=sv</string>
  <string name="setting_update_time">Senast uppdaterad den:</string>
  <string name="setting_sync_time">Senaste Sync:</string>
  <string name="setting_year">År</string>
  <string name="setting_month">Månad</string>
  <string name="setting_day">Dag</string>
  <string name="setting_hour">Tid</string>
  <string name="setting_minute">Min</string>
  <string name="setting_second">Sekund</string>
  <string name="setting_sync_error">Synkroniseringen misslyckades</string>
  <string name="setting_sync_ongoing">Synkroniserar ...</string>
  <string name="setting_update_error">Uppdatering Misslyckas</string>
  <string name="setting_update_ongoing">Uppdaterar...</string>
  <string name="privacy_url">http://m.google.se/static/sv/privacy.html</string>
  <string name="tos_url">http://m.google.com/tospage</string>
  <string name="setting_privacy_key">Privat</string>
  <string name="setting_tos_key">System</string>
  <string name="setting_about_key">Om</string>
  <string name="setting_privacy_title">Sekretess Villkor</string>
  <string name="setting_tos_title">Användarvilkor</string>
  <string name="setting_about_title">Om</string>
  <string name="setting_about_version_title">Aktuell version:</string>
  <string name="setting_about_loading_title">Laddar ...</string>
  <string name="touch_to_continue">Fortsätt »</string>
  <string name="touch_to_finish">Tryck för att fortsätta >></string>
  <string name="tip_to_open_keyboard">Tryck för att öppna tangentbordet</string>
  <string name="tip_to_view_accents">Tryck för att visa Accenttecken</string>
  <string name="tip_to_open_symbols">Tryck för att öppna symboler</string>
  <string name="tip_to_close_symbols">Tryck för att stänga ner</string>
  <string name="tip_to_launch_settings">Tryck för att visa inställningarna</string>
  <string name="tip_to_select_candidate">Tryck för att välja något av de föreslagna orden</string>
  <string name="tip_to_backspace">Tryck för att radera ord</string>
  <string name="tip_to_smart_key">Smartkey</string>
  <string name="tip_to_start_typing">Börja skriva</string>
  <string name="default_device_name">Android</string>
  <string name="next_button_label">Nästa</string>
  <string name="back_button_label">Tillbaka</string>
  <string name="skip_button_label">Hoppa över</string>
  <string name="done_button_label">Klar</string>
  <string name="keyboard_tutorial_title">Hur du använder tangentbordet på skärmen</string>
  <string name="open_the_keyboard">Tryck på valfritt text fält</string>
  <string name="close_the_keyboard">Tryck på "Tillbaka"-knappen</string>
  <string name="sync">Ställ in tangentbordet om du vill använda dig av ordlistan</string>
  <string name="keyboard_settings">Tryck och håll ner knappen</string>
</resources>
