<?xml version="1.0" encoding="utf-8"?>
<!--Generated by crowdin.net-->
<resources>
  <string name="app_name">Rádio FM</string>
  <string name="tx_app_name">Transmissor de FM</string>
  <string name="preset_delete">Excluir</string>
  <string name="stat_notif_frequency">FM FM MHz%1$s</string>
  <string name="sel_band_menu">Selecione Banda Regional</string>
  <string name="settings_menu">Estabelecer</string>
  <string name="regional_band">Banda Regional</string>
  <string name="aud_output_mode">Modo de saída de áudio</string>
  <string name="sel_audio_output">Selecione saída de áudio</string>
  <string name="record_dur">Duração de gravação</string>
  <string name="sel_rec_dur">Selecione a duração da gravação</string>
  <string name="auto_select_af">Freqüência alternativa</string>
  <string name="auto_select_af_enabled">Seleção automática habilitada</string>
  <string name="auto_select_af_disabled">Seleção automática desabilitada</string>
  <string name="fac_defaults">Restaurar as configurações padrão</string>
  <string name="revert_to_fac">Restaurar as configurações padrão</string>
  <string name="settings_back">Back</string>
  <string name="settings_revert_confirm_title">Confirmar redefinir configurações</string>
  <string name="settings_revert_confirm_msg">Isto irá apagar todas as configurações, incluindo Presets</string>
  <string name="settings_back_summary">Retornar à exibição anterior</string>
  <string name="settings_revert_defaults_title">Reverter para os padrões de fábrica</string>
  <string name="settings_revert_defaults_summary">Reverter todas as definições</string>
  <string name="alert_dialog_ok">Confirmar</string>
  <string name="alert_dialog_cancel">Cancelar</string>
  <string name="preset_search">Pesquisar %1$s</string>
  <string name="fm_command_failed_title">Falha na operação de FM</string>
  <string name="fm_cmd_failed_msg">A operação falhou. As possíveis causas: fones desligados, Bluetooth não ativos, está em chamada, ou o Rádio foi fechado. Por favor, tente novamente clicando no pop-up acima do botão ON/OFF e pressione o botão ON/OFF para reiniciar o Rádio</string>
  <string name="durationformat">%2$d:%5$02d</string>
  <string name="stat_no_fm">Rádio FM não está ligado</string>
  <string name="need_headset_for_antenna">Erro! Conecte os fones de ouvido.</string>
  <string name="init_FM">Aguarde, iniciando Bluetooth...</string>
  <string name="need_bluetooth">Erro! Por favor, ligue o Bluetooth para iniciar FM</string>
</resources>
