<?xml version="1.0" encoding="utf-8"?>
<!--Generated by crowdin.net-->
<resources>
  <string name="cancel">Cancel</string>
  <string name="copy">Copiar</string>
  <string name="copyUrl">Copiar URL</string>
  <string name="cut">Recortar</string>
  <string name="defaultVoiceMailAlphaTag">Voicemail</string>
  <string name="defaultMsisdnAlphaTag">MSISDN1</string>
  <string name="emptyPhoneNumber">(Nenhum número de telefone)</string>
  <string name="httpErrorBadUrl">Não foi possível abrir a página porque o URL é inválido.</string>
  <string name="httpErrorUnsupportedScheme">O protocolo não é suportado.</string>
  <string name="no">Cancel</string>
  <string name="ok">OK</string>
  <string name="paste">Colar</string>
  <string name="search_go">Search</string>
  <string name="selectAll">Select all</string>
  <string name="unknownName">(Desconhecido)</string>
  <string name="untitled">Sem título</string>
  <string name="VideoView_error_button">OK</string>
  <string name="VideoView_error_text_unknown">Este vídeo não pode ser reproduzido.</string>
  <string name="VideoView_error_title">Não é possível reproduzir o vídeo</string>
  <string name="yes">OK</string>
  <string name="dialog_alert_title">Attention</string>
  <string name="VideoView_error_text_invalid_progressive_playback">Este vídeo não é válido para transmissão com este dispositivo.</string>
  <string name="config_networkLocationProvider">com.google.android.location.NetworkLocationProvider</string>
  <string name="config_geocodeProvider">com.google.android.location.GeocodeProvider</string>
  <string name="config_datause_iface">ppp0</string>
  <string name="month_long_standalone_january">Janeiro</string>
  <string name="month_long_standalone_february">Fevereiro</string>
  <string name="month_long_standalone_march">Março</string>
  <string name="month_long_standalone_april">Abril</string>
  <string name="month_long_standalone_may">Maio</string>
  <string name="month_long_standalone_june">Junho</string>
  <string name="month_long_standalone_july">Julho</string>
  <string name="month_long_standalone_august">Agosto</string>
  <string name="month_long_standalone_september">Setembro</string>
  <string name="month_long_standalone_october">Outubro</string>
  <string name="month_long_standalone_november">Novembro</string>
  <string name="month_long_standalone_december">Dezembro</string>
  <string name="month_long_january">Janeiro</string>
  <string name="month_long_february">Fevereiro</string>
  <string name="month_long_march">Março</string>
  <string name="month_long_april">Abril</string>
  <string name="month_long_may">Maio</string>
  <string name="month_long_june">Junho</string>
  <string name="month_long_july">Julho</string>
  <string name="month_long_august">Agosto</string>
  <string name="month_long_september">Setembro</string>
  <string name="month_long_october">Outubro</string>
  <string name="month_long_november">Novembro</string>
  <string name="month_long_december">Dezembro</string>
  <string name="month_medium_january">Jan</string>
  <string name="month_medium_february">Fev</string>
  <string name="month_medium_march">Mar</string>
  <string name="month_medium_april">Abr</string>
  <string name="month_medium_may">Mai</string>
  <string name="month_medium_june">Jun</string>
  <string name="month_medium_july">Jul</string>
  <string name="month_medium_august">Ago</string>
  <string name="month_medium_september">Set</string>
  <string name="month_medium_october">Out</string>
  <string name="month_medium_november">Nov</string>
  <string name="month_medium_december">Dez</string>
  <string name="month_shortest_january">J</string>
  <string name="month_shortest_february">F</string>
  <string name="month_shortest_march">M</string>
  <string name="month_shortest_april">A</string>
  <string name="month_shortest_may">M</string>
  <string name="month_shortest_june">J</string>
  <string name="month_shortest_july">J</string>
  <string name="month_shortest_august">A</string>
  <string name="month_shortest_september">S</string>
  <string name="month_shortest_october">O</string>
  <string name="month_shortest_november">N</string>
  <string name="month_shortest_december">D</string>
  <string name="day_of_week_long_sunday">Domingo</string>
  <string name="day_of_week_long_monday">Segunda</string>
  <string name="day_of_week_long_tuesday">Terça</string>
  <string name="day_of_week_long_wednesday">Quarta</string>
  <string name="day_of_week_long_thursday">Quinta</string>
  <string name="day_of_week_long_friday">Sexta</string>
  <string name="day_of_week_long_saturday">Sábado</string>
  <string name="day_of_week_medium_sunday">Dom</string>
  <string name="day_of_week_medium_monday">Seg</string>
  <string name="day_of_week_medium_tuesday">Ter</string>
  <string name="day_of_week_medium_wednesday">Qua</string>
  <string name="day_of_week_medium_thursday">Qui</string>
  <string name="day_of_week_medium_friday">Sex</string>
  <string name="day_of_week_medium_saturday">Sáb</string>
  <string name="day_of_week_short_sunday">Dom</string>
  <string name="day_of_week_short_monday">Seg</string>
  <string name="day_of_week_short_tuesday">Ter</string>
  <string name="day_of_week_short_wednesday">Qua</string>
  <string name="day_of_week_short_thursday">Qui</string>
  <string name="day_of_week_short_friday">Sex</string>
  <string name="day_of_week_short_saturday">Sáb</string>
  <string name="day_of_week_shortest_sunday">D</string>
  <string name="day_of_week_shortest_monday">S</string>
  <string name="day_of_week_shortest_tuesday">T</string>
  <string name="day_of_week_shortest_wednesday">Q</string>
  <string name="day_of_week_shortest_thursday">Q</string>
  <string name="day_of_week_shortest_friday">S</string>
  <string name="day_of_week_shortest_saturday">S</string>
  <string name="am">AM</string>
  <string name="pm">PM</string>
  <string name="yesterday">Ontem</string>
  <string name="today">Hoje</string>
  <string name="tomorrow">Amanhã</string>
  <string name="hour_minute_24">%H:%M</string>
  <string name="hour_minute_ampm">%-l:%M %p</string>
  <string name="hour_minute_cap_ampm">%-l:%M %^p</string>
  <string name="twelve_hour_time_format">h:mm a</string>
  <string name="twenty_four_hour_time_format">HH:mm</string>
  <string name="numeric_date">%d/%m/%Y</string>
  <string name="numeric_date_format">dd/MM/yyyy</string>
  <string name="numeric_date_template">%s/%s/%s</string>
  <string name="month_day_year">%-e de %B de %Y</string>
  <string name="time_of_day">%H:%M:%S</string>
  <string name="date_and_time">%H:%M:%S %d/%m/%Y</string>
  <string name="date_time">%2$s %1$s</string>
  <string name="time_date">%1$s %3$s</string>
  <string name="abbrev_month_day_year">%d/%m/%Y</string>
  <string name="month_day">%-e de %B</string>
  <string name="month">%-B</string>
  <string name="month_year">%B de %Y</string>
  <string name="abbrev_month_day">%-e de %b</string>
  <string name="abbrev_month">%-b</string>
  <string name="abbrev_month_year">%b de %Y</string>
  <string name="time1_time2">%1$s - %2$s</string>
  <string name="date1_date2">%2$s - %5$s</string>
  <string name="numeric_md1_md2">%3$s/%2$s - %8$s/%7$s</string>
  <string name="numeric_wday1_md1_wday2_md2">%1$s, %3$s/%2$s - %6$s, %8$s/%7$s</string>
  <string name="numeric_mdy1_mdy2">%3$s/%2$s/%4$s - %8$s/%7$s/%9$s</string>
  <string name="numeric_wday1_mdy1_wday2_mdy2">%1$s, %3$s/%2$s/%4$s - %6$s, %8$s/%7$s/%9$s</string>
  <string name="numeric_wday1_mdy1_time1_wday2_mdy2_time2">%5$s %1$s, %3$s/%2$s/%4$s - %10$s %6$s, %8$s/%7$s/%9$s</string>
  <string name="numeric_md1_time1_md2_time2">%5$s %3$s/%2$s - %10$s %8$s/%7$s</string>
  <string name="numeric_wday1_md1_time1_wday2_md2_time2">%5$s %1$s, %3$s/%2$s - %10$s %6$s, %8$s/%7$s</string>
  <string name="numeric_mdy1_time1_mdy2_time2">%5$s %3$s/%2$s/%4$s - %10$s %8$s/%7$s/%9$s</string>
  <string name="wday1_date1_time1_wday2_date2_time2">%3$s %1$s, %2$s - %6$s %4$s, %5$s</string>
  <string name="wday1_date1_wday2_date2">%1$s, %2$s - %4$s, %5$s</string>
  <string name="date1_time1_date2_time2">%3$s %2$s - %6$s %5$s</string>
  <string name="time_wday_date">%1$s %2$s, %3$s</string>
  <string name="wday_date">%2$s, %3$s</string>
  <string name="time_wday">%1$s %2$s</string>
  <string name="same_year_md1_md2">%3$s de %2$s - %8$s de %7$s</string>
  <string name="same_year_wday1_md1_wday2_md2">%1$s, %3$s de %2$s - %6$s, %8$s de %7$s</string>
  <string name="same_year_md1_time1_md2_time2">%5$s %3$s de %2$s - %10$s %8$s de %7$s</string>
  <string name="same_month_md1_time1_md2_time2">%5$s %3$s de %2$s - %10$s %8$s de %7$s</string>
  <string name="same_year_wday1_md1_time1_wday2_md2_time2">%5$s %1$s, %3$s de %2$s - %10$s %6$s, %8$s de %7$s</string>
  <string name="same_month_wday1_md1_time1_wday2_md2_time2">%5$s %1$s, %3$s de %2$s - %10$s %6$s, %8$s de %7$s</string>
  <string name="same_year_mdy1_time1_mdy2_time2">%5$s %3$s de %2$s de %4$s - %10$s %8$s de %7$s de %9$s</string>
  <string name="same_month_mdy1_time1_mdy2_time2">%5$s %3$s de %2$s de %4$s - %10$s %8$s de %7$s de %9$s</string>
  <string name="same_year_wday1_mdy1_time1_wday2_mdy2_time2">%5$s %1$s, %3$s de %2$s de %4$s - %10$s %6$s, %8$s de %7$s de %9$s</string>
  <string name="same_month_wday1_mdy1_time1_wday2_mdy2_time2">%5$s %1$s, %3$s de %2$s de %4$s - %10$s %6$s, %8$s de %7$s de %9$s</string>
  <string name="same_month_wday1_mdy1_wday2_mdy2">%1$s, %3$s de %2$s de %4$s - %6$s, %8$s de %7$s de %9$s</string>
  <string name="same_month_md1_md2">%3$s-%8$s de %2$s</string>
  <string name="same_month_wday1_md1_wday2_md2">%1$s, %3$s de %2$s - %6$s, %8$s de %7$s</string>
  <string name="same_year_mdy1_mdy2">%3$s de %2$s - %8$s de %7$s de %9$s</string>
  <string name="same_month_mdy1_mdy2">%3$s-%8$s de %2$s de %9$s</string>
  <string name="same_year_wday1_mdy1_wday2_mdy2">%1$s, %3$s de %2$s - %6$s, %8$s de %7$s de %9$s</string>
  <string name="short_format_month">%b</string>
  <string name="full_wday_month_day_no_year">"EEE, d \'de\' MMMM"</string>
  <string name="abbrev_wday_month_day_year">"EEE, d \'de\' MMM \'de\' yyyy"</string>
  <string name="default_text_encoding">Latin-1</string>
  <string name="lock_pattern_view_aspect">square</string>
  <string name="byteShort">B</string>
  <string name="kilobyteShort">KB</string>
  <string name="megabyteShort">MB</string>
  <string name="gigabyteShort">GB</string>
  <string name="terabyteShort">TB</string>
  <string name="petabyteShort">PB</string>
  <string name="fileSizeSuffix">%1$s%2$s</string>
  <string name="ellipsis">…</string>
  <string name="mmiError">Problema de conexão ou código MMI inválido.</string>
  <string name="serviceEnabled">O serviço foi ativado.</string>
  <string name="serviceEnabledFor">O serviço foi ativado para:</string>
  <string name="serviceDisabled">O serviço foi desativado.</string>
  <string name="serviceRegistered">Registro bem-sucedido.</string>
  <string name="serviceErased">Exclusão bem-sucedida.</string>
  <string name="passwordIncorrect">Senha incorreta.</string>
  <string name="mmiComplete">MMI concluído.</string>
  <string name="badPin">O PIN antigo digitado não está correto.</string>
  <string name="badPuk">O PUK digitado não está correto.</string>
  <string name="mismatchPin">Os PINs digitados não correspondem.</string>
  <string name="invalidPin">Digite um PIN com 4 a 8 números.</string>
  <string name="needPuk">O seu cartão SIM está bloqueado por um PUK. Digite o código PUK para desbloqueá-lo.</string>
  <string name="needPuk2">Digite o PUK2 para desbloquear o cartão SIM.</string>
  <string name="ClipMmi">ID do chamador de entrada</string>
  <string name="ClirMmi">ID do chamador de saída</string>
  <string name="CfMmi">Encaminhamento de chamada</string>
  <string name="CwMmi">Chamada em espera</string>
  <string name="BaMmi">Bloqueio de chamadas</string>
  <string name="PwdMmi">Alteração da senha</string>
  <string name="PinMmi">Alteração do PIN</string>
  <string name="CnipMmi">Chamando número atual</string>
  <string name="CnirMmi">Chamando número restrito</string>
  <string name="ThreeWCMmi">Chamada com três participantes</string>
  <string name="RuacMmi">Rejeição das chamadas indesejadas</string>
  <string name="CndMmi">Chamando número de entrega</string>
  <string name="DndMmi">Não perturbe</string>
  <string name="CLIRDefaultOnNextCallOn">O ID do chamador assume o padrão de restrito. Próxima chamada: Restrita</string>
  <string name="CLIRDefaultOnNextCallOff">O ID do chamador assume o padrão de restrito. Próxima chamada: Não restrita</string>
  <string name="CLIRDefaultOffNextCallOn">O ID do chamador assume o padrão de não restrito. Próxima chamada: Restrita</string>
  <string name="CLIRDefaultOffNextCallOff">O ID do chamador assume o padrão de não restrito. Próxima chamada: Não restrita</string>
  <string name="serviceNotProvisioned">O serviço não foi habilitado.</string>
  <string name="CLIRPermanent">A configuração do ID do chamador não pode ser alterada.</string>
  <string name="RestrictedChangedTitle">Acesso restrito alterado</string>
  <string name="RestrictedOnData">O serviço de dados está bloqueado.</string>
  <string name="RestrictedOnEmergency">O serviço de emergência está bloqueado.</string>
  <string name="RestrictedOnNormal">O serviço de voz está bloqueado.</string>
  <string name="RestrictedOnAllVoice">Todos os serviços de voz estão bloqueados.</string>
  <string name="RestrictedOnSms">O serviço de SMS está bloqueado.</string>
  <string name="RestrictedOnVoiceData">Os serviços de voz/dados estão bloqueados.</string>
  <string name="RestrictedOnVoiceSms">Os serviços de voz/SMS estão bloqueados.</string>
  <string name="RestrictedOnAll">Todos os serviços de voz/dados/SMS estão bloqueados.</string>
  <string name="serviceClassVoice">Voz</string>
  <string name="serviceClassData">Dados</string>
  <string name="serviceClassFAX">FAX</string>
  <string name="serviceClassSMS">SMS</string>
  <string name="serviceClassDataAsync">Assíncrono</string>
  <string name="serviceClassDataSync">Sincronizar</string>
  <string name="serviceClassPacket">Pacote</string>
  <string name="serviceClassPAD">PAD</string>
  <string name="roamingText0">Indicador de roaming ativado</string>
  <string name="roamingText1">Indicador de roaming desativado</string>
  <string name="roamingText2">Indicador de roaming piscando</string>
  <string name="roamingText3">Fora da vizinhança</string>
  <string name="roamingText4">Ao ar livre</string>
  <string name="roamingText5">Roaming - Sistema recomendado</string>
  <string name="roamingText6">Roaming - Sistema disponível</string>
  <string name="roamingText7">Roaming - Parceiro do Alliance</string>
  <string name="roamingText8">Roaming - Parceiro do Google Premium</string>
  <string name="roamingText9">Roaming - Funcionalidade de serviço completo</string>
  <string name="roamingText10">Roaming - Funcionalidade de serviço parcial</string>
  <string name="roamingText11">Banner de roaming ativado</string>
  <string name="roamingText12">Banner de roaming desativado</string>
  <string name="roamingTextSearching">Pesquisando serviço</string>
  <string name="cfTemplateNotForwarded">{0}: Não encaminhado</string>
  <string name="cfTemplateForwarded">{0}: {1}</string>
  <string name="cfTemplateForwardedTime">{0}: {1} após {2} segundos</string>
  <string name="cfTemplateRegistered">{0}: Não encaminhado</string>
  <string name="cfTemplateRegisteredTime">{0}: Não encaminhado</string>
  <string name="fcComplete">Código de recurso concluído.</string>
  <string name="fcError">Problema de conexão ou código de recurso inválido.</string>
  <string name="httpErrorOk">OK</string>
  <string name="httpError">A página da web contém um erro.</string>
  <string name="httpErrorLookup">Não foi possível encontrar o URL.</string>
  <string name="httpErrorUnsupportedAuthScheme">O esquema de autenticação do site não é suportado.</string>
  <string name="httpErrorAuth">Falha na autenticação.</string>
  <string name="httpErrorProxyAuth">Falha na autenticação por meio do servidor proxy.</string>
  <string name="httpErrorConnect">Falha na conexão com o servidor.</string>
  <string name="httpErrorIO">Falha de comunicação do servidor. Tente novamente mais tarde.</string>
  <string name="httpErrorTimeout">O tempo limite de conexão com o servidor esgotou.</string>
  <string name="httpErrorRedirectLoop">A página contém muitos redirecionamentos do servidor.</string>
  <string name="httpErrorFailedSslHandshake">Não foi possível estabelecer uma conexão segura.</string>
  <string name="httpErrorFile">Não foi possível acessar o arquivo.</string>
  <string name="httpErrorFileNotFound">O arquivo solicitado não foi encontrado.</string>
  <string name="httpErrorTooManyRequests">Too many requests are being processed. Try again later.</string>
  <string name="notification_title">Erro de login para %1$s</string>
  <string name="contentServiceSync">Sincronizar</string>
  <string name="contentServiceSyncNotificationTitle">Sincronizar</string>
  <string name="contentServiceTooManyDeletesNotificationDesc">Muitas exclusões de %s.</string>
  <string name="low_memory">O armazenamento do telefone está cheio! Exclua alguns arquivos para liberar espaço.</string>
  <string name="me">Me</string>
  <string name="power_dialog">Opções do telefone</string>
  <string name="silent_mode">Modo silencioso</string>
  <string name="turn_on_radio">Ativar sem fio</string>
  <string name="turn_off_radio">Desativar a rede sem fio</string>
  <string name="screen_lock">Bloquear tela</string>
  <string name="power_off">Desligar</string>
  <string name="shutdown_progress">Encerrando…</string>
  <string name="shutdown_confirm">O seu telefone será desligado.</string>
  <string name="recent_tasks_title">Recente</string>
  <string name="no_recent_tasks">Nenhum aplicativo recente.</string>
  <string name="global_actions">Opções do telefone</string>
  <string name="global_action_lock">Bloquear tela</string>
  <string name="global_action_power_off">Desligar</string>
  <string name="global_action_toggle_silent_mode">Modo silencioso</string>
  <string name="global_action_silent_mode_on_status">Som DESATIVADO</string>
  <string name="global_action_silent_mode_off_status">O som está ATIVADO</string>
  <string name="global_actions_toggle_airplane_mode">Airplane mode</string>
  <string name="global_actions_airplane_mode_on_status">Modo Avião ATIVADO</string>
  <string name="global_actions_airplane_mode_off_status">Modo Avião DESATIVADO</string>
  <string name="safeMode">Modo de segurança</string>
  <string name="android_system_label">Sistema Android</string>
  <string name="permgrouplab_costMoney">Serviços que geram gastos</string>
  <string name="permgroupdesc_costMoney">Permite que os aplicativos façam coisas que possam gerar gastos.</string>
  <string name="permgrouplab_messages">Suas mensagens</string>
  <string name="permgroupdesc_messages">Lê e grava o seu SMS, e-mail e outras mensagens.</string>
  <string name="permgrouplab_personalInfo">Suas informações pessoais</string>
  <string name="permgroupdesc_personalInfo">Acessa diretamente os seus contatos e agenda armazenados no telefone.</string>
  <string name="permgrouplab_location">Seu local</string>
  <string name="permgroupdesc_location">Monitora o seu local físico.</string>
  <string name="permgrouplab_network">Comunicação da rede</string>
  <string name="permgroupdesc_network">Permite que os aplicativos acessem diversos recursos de rede.</string>
  <string name="permgrouplab_accounts">Suas contas</string>
  <string name="permgroupdesc_accounts">Acessar as contas disponíveis.</string>
  <string name="permgrouplab_hardwareControls">Controles de hardware</string>
  <string name="permgroupdesc_hardwareControls">Acessa o hardware diretamente no aparelho.</string>
  <string name="permgrouplab_phoneCalls">Chamadas telefônicas</string>
  <string name="permgroupdesc_phoneCalls">Monitora, registra e processa chamadas telefônicas.</string>
  <string name="permgrouplab_systemTools">Ferramentas do sistema</string>
  <string name="permgroupdesc_systemTools">Acesso de nível inferior e controle do sistema.</string>
  <string name="permgrouplab_developmentTools">Ferramentas de desenvolvimento</string>
  <string name="permgroupdesc_developmentTools">Recursos necessários apenas para desenvolvedores de aplicativo.</string>
  <string name="permgrouplab_storage">Storage</string>
  <string name="permgroupdesc_storage">Acessar o cartão SD.</string>
  <string name="permlab_statusBar">desativar ou modificar a barra de status</string>
  <string name="permdesc_statusBar">Permite que o aplicativo desative a barra de status ou adicione e remova ícones do sistema.</string>
  <string name="permlab_expandStatusBar">expandir/recolher barra de status</string>
  <string name="permdesc_expandStatusBar">Permite que o aplicativo expanda ou recolha a barra de status.</string>
  <string name="permlab_processOutgoingCalls">interceptar chamadas enviadas</string>
  <string name="permdesc_processOutgoingCalls">Permite que o aplicativo processe chamadas enviadas e altere o número a ser discado. Aplicativos maliciosos podem monitorar, redirecionar ou impedir a realização de chamadas.</string>
  <string name="permlab_receiveSms">receber SMS</string>
  <string name="permdesc_receiveSms">Permite que o aplicativo receba e processe mensagens SMS. Aplicativos maliciosos podem monitorar as suas mensagens ou excluí-las sem mostrá-las a você.</string>
  <string name="permlab_receiveMms">receber MMS</string>
  <string name="permdesc_receiveMms">Permite que o aplicativo receba e processe mensagens MMS. Aplicativos maliciosos podem monitorar as suas mensagens ou excluí-las sem mostrá-las a você.</string>
  <string name="permlab_sendSms">enviar mensagens SMS</string>
  <string name="permdesc_sendSms">Permite que o aplicativo envie mensagens SMS. Aplicativos maliciosos podem gerar gastos enviando mensagens sem a sua confirmação.</string>
  <string name="permlab_readSms">ler SMS ou MMS</string>
  <string name="permdesc_readSms">Permite que o aplicativo leia mensagens SMS armazenadas no seu telefone ou cartão SIM. Aplicativos maliciosos podem ler as suas mensagens confidenciais.</string>
  <string name="permlab_writeSms">editar SMS ou MMS</string>
  <string name="permdesc_writeSms">Permite que o aplicativo grave mensagens SMS armazenadas no seu telefone ou cartão SIM. Aplicativos maliciosos podem excluir suas mensagens.</string>
  <string name="permlab_receiveWapPush">receber WAP</string>
  <string name="permdesc_receiveWapPush">Permite que o aplicativo receba e processe mensagens WAP. Aplicativos maliciosos podem monitorar as suas mensagens ou excluí-las sem mostrá-las a você.</string>
  <string name="permlab_getTasks">recuperar aplicativos em execução</string>
  <string name="permdesc_getTasks">Permite que o aplicativo recupere as informações sobre tarefas em execução no momento ou recentemente. Pode permitir que aplicativos maliciosos descubram informações particulares sobre outros aplicativos.</string>
  <string name="permlab_reorderTasks">reorganizar aplicativos em execução</string>
  <string name="permdesc_reorderTasks">Permite que um aplicativo mova as tarefas para o primeiro e para o segundo planos. Aplicativos maliciosos podem se forçar à frente sem o seu controle.</string>
  <string name="permlab_setDebugApp">ativar depuração do aplicativo</string>
  <string name="permdesc_setDebugApp">Permite que um aplicativo ative a depuração de outro aplicativo. Aplicativos maliciosos podem usar isso para encerrar outros aplicativos.</string>
  <string name="permlab_changeConfiguration">alterar as suas configurações de UI</string>
  <string name="permdesc_changeConfiguration">Permite que um aplicativo altere a configuração atual, como o local ou o tamanho geral da fonte.</string>
  <string name="permlab_enableCarMode">ativar o modo de carro</string>
  <string name="permdesc_enableCarMode">Permite que um aplicativo ative o modo de carro.</string>
  <string name="permlab_killBackgroundProcesses">interromper processos em segundo plano</string>
  <string name="permdesc_killBackgroundProcesses">Permite que um aplicativo interrompa processos em segundo plano de outros aplicativos, mesmo se a memória não estiver baixa.</string>
  <string name="permlab_forceStopPackages">forçar a interrupção de outros aplicativos</string>
  <string name="permdesc_forceStopPackages">Permite que um aplicativo pare forçosamente outros aplicativos.</string>
  <string name="permlab_forceBack">forçar fechamento do aplicativo</string>
  <string name="permdesc_forceBack">Permite que um aplicativo force o fechamento de qualquer atividade que esteja em primeiro plano. Aplicativos normais não devem precisar disso em momento algum.</string>
  <string name="permlab_dump">recuperar o estado interno do sistema</string>
  <string name="permdesc_dump">Permite que um aplicativo recupere o estado interno do sistema. Aplicativos maliciosos podem recuperar uma grande variedade de informações privadas e de segurança que normalmente não precisariam.</string>
  <string name="permlab_shutdown">desligamento parcial</string>
  <string name="permdesc_shutdown">Coloca o gerenciador de atividades em um estado de desligamento. Não executa o desligamento completo.</string>
  <string name="permlab_stopAppSwitches">evitar trocas de aplicativo</string>
  <string name="permdesc_stopAppSwitches">Impede que o usuário passe para outro aplicativo.</string>
  <string name="permlab_runSetActivityWatcher">monitorar e controlar toda inicialização de aplicativo</string>
  <string name="permdesc_runSetActivityWatcher">Permite que um aplicativo monitore e controle a maneira como o sistema inicia as atividades. Aplicativos maliciosos podem comprometer todo o sistema. Essa permissão é necessária apenas para desenvolvimento, nunca para uso normal do telefone.</string>
  <string name="permlab_broadcastPackageRemoved">enviar transmissão removida do pacote</string>
  <string name="permdesc_broadcastPackageRemoved">Permite que um aplicativo transmita uma notificação informando que um pacote de aplicativo foi removido. Aplicativos maliciosos podem usar isso para encerrar qualquer outro aplicativo em execução.</string>
  <string name="permlab_broadcastSmsReceived">enviar transmissão SMS recebida</string>
  <string name="permdesc_broadcastSmsReceived">Permite que um aplicativo transmita uma notificação de que uma mensagem SMS foi recebida. Aplicativos maliciosos podem usar isso para forjar o recebimento de mensagens SMS.</string>
  <string name="permlab_broadcastWapPush">enviar transmissão WAP-PUSH recebida</string>
  <string name="permdesc_broadcastWapPush">Permite que um aplicativo transmita uma notificação de que uma mensagem WAP PUSH foi recebida. Aplicativos maliciosos podem usar isso para forjar o recebimento de mensagem MMS ou substituir silenciosamente o conteúdo de qualquer página da web por variantes maliciosas.</string>
  <string name="permlab_setProcessLimit">limitar número de processos em execução</string>
  <string name="permdesc_setProcessLimit">Permite que um aplicativo controle o número máximo de processos que serão executados. Aplicativos normais não precisam disso em momento algum.</string>
  <string name="permlab_setAlwaysFinish">fechar todos os aplicativos em segundo plano</string>
  <string name="permdesc_setAlwaysFinish">Permite que um aplicativo controle se as atividades são sempre concluídas assim que vão para o segundo plano. Aplicativos normais não precisam disso em momento algum.</string>
  <string name="permlab_batteryStats">modificar estatísticas da bateria</string>
  <string name="permdesc_batteryStats">Permite a modificação das estatísticas de bateria coletadas. Não deve ser usado por aplicativos normais.</string>
  <string name="permlab_backup">controlar backup e restauração do sistema</string>
  <string name="permdesc_backup">Permite que o aplicativo controle o mecanismo de backup e restauração do sistema. Não deve ser usado por aplicativos normais.</string>
  <string name="permlab_internalSystemWindow">exibir janelas não autorizadas</string>
  <string name="permdesc_internalSystemWindow">Permite a criação de janelas destinadas ao uso pela interface de usuário do sistema interno. Não deve ser usado por aplicativos normais.</string>
  <string name="permlab_systemAlertWindow">exibir alertas de nível do sistema</string>
  <string name="permdesc_systemAlertWindow">Permite que um aplicativo mostre janelas de alerta do sistema. Aplicativos maliciosos podem assumir o controle de toda a tela do telefone.</string>
  <string name="permlab_setAnimationScale">modificar velocidade de animação global</string>
  <string name="permdesc_setAnimationScale">Permite que um aplicativo altere a velocidade de animação global (animação mais rápida ou mais lenta) a qualquer momento.</string>
  <string name="permlab_manageAppTokens">gerenciar tokens do aplicativo</string>
  <string name="permdesc_manageAppTokens">Permite que os aplicativos criem e gerenciem seus próprios tokens, ignorando a ordem Z normal. Aplicativos normais não devem precisar disso em momento algum.</string>
  <string name="permlab_injectEvents">pressionar as teclas e os botões de controle</string>
  <string name="permdesc_injectEvents">Permite que um aplicativo use seus próprios eventos de entrada (pressionamentos de teclas etc.) em outros aplicativos. Aplicativos maliciosos podem usar isso para assumir o controle do telefone.</string>
  <string name="permlab_readInputState">registrar o que você digita e as ações que realiza</string>
  <string name="permdesc_readInputState">Permite que os aplicativos vejam as teclas que você pressiona, mesmo quando estiver interagindo com outro aplicativo (como ao digitar uma senha). Aplicativos normais não devem precisar disso em momento algum.</string>
  <string name="permlab_bindInputMethod">vincular a um método de entrada</string>
  <string name="permdesc_bindInputMethod">Permite que o detentor se sujeite à interface de nível superior de um método de entrada. Aplicativos normais não devem precisar disso em momento algum.</string>
  <string name="permlab_bindWallpaper">sujeitar-se a um plano de fundo</string>
  <string name="permdesc_bindWallpaper">Permite que o detentor se sujeite à interface de nível superior de um plano de fundo. Aplicativos normais não devem precisar disso em momento algum.</string>
  <string name="permlab_bindDeviceAdmin">interagir com o administrador de um dispositivo</string>
  <string name="permdesc_bindDeviceAdmin">Permite que o detentor envie tentativas ao administrador de um dispositivo. Não é necessário para aplicativos normais.</string>
  <string name="permlab_setOrientation">alterar orientação da tela</string>
  <string name="permdesc_setOrientation">Permite que um aplicativo altere a rotação da tela a qualquer momento. Aplicativos normais não devem precisar disso em momento algum.</string>
  <string name="permlab_signalPersistentProcesses">enviar sinais de Linux para os aplicativos</string>
  <string name="permdesc_signalPersistentProcesses">Permite que o aplicativo solicite que o sinal fornecido seja enviado a todos os processos persistentes.</string>
  <string name="permlab_persistentActivity">executar sempre o aplicativo</string>
  <string name="permdesc_persistentActivity">Permite que um aplicativo torne partes de si mesmo persistentes, de modo que o sistema não possa usar essas partes para outros aplicativos.</string>
  <string name="permlab_deletePackages">excluir aplicativos</string>
  <string name="permdesc_deletePackages">Permite que um aplicativo exclua pacotes do Android. Aplicativos maliciosos podem usar isso para excluir aplicativos importantes.</string>
  <string name="permlab_clearAppUserData">excluir dados de outros aplicativos</string>
  <string name="permdesc_clearAppUserData">Permite que um aplicativo limpe os dados do usuário.</string>
  <string name="permlab_deleteCacheFiles">excluir os caches de outros aplicativos</string>
  <string name="permdesc_deleteCacheFiles">Permite que um aplicativo exclua os arquivos do cache.</string>
  <string name="permlab_getPackageSize">medir espaço de armazenamento do aplicativo</string>
  <string name="permdesc_getPackageSize">Permite que um aplicativo recupere seu código, seus dados e os tamanhos do cache.</string>
  <string name="permlab_installPackages">instalar diretamente os aplicativos</string>
  <string name="permdesc_installPackages">Permite que um aplicativo instale pacotes novos ou atualizados do Android. Aplicativos maliciosos podem usar isso para adicionar novos aplicativos com permissões arbitrariamente avançadas.</string>
  <string name="permlab_clearAppCache">excluir todos os dados de cache do aplicativo</string>
  <string name="permdesc_clearAppCache">Permite que um aplicativo libere o espaço de armazenamento do telefone excluindo arquivos no diretório de cache do aplicativo. O acesso é normalmente muito restrito para o processo do sistema.</string>
  <string name="permlab_movePackage">Mover recursos do aplicativo</string>
  <string name="permdesc_movePackage">Permite que um aplicativo mova os recursos do aplicativo da mídia interna para a externa e vice-versa.</string>
  <string name="permlab_readLogs">ler dados de registro de informações confidenciais</string>
  <string name="permdesc_readLogs">Permite que um aplicativo leia os diversos arquivos de registro do sistema. Isso permite que ele descubra informações gerais sobre o que você está fazendo com o telefone, inclusive possíveis informações pessoais ou privadas.</string>
  <string name="permlab_diagnostic">ler/gravar em recursos pertencentes ao diag</string>
  <string name="permdesc_diagnostic">Permite que um aplicativo leia e grave em qualquer recurso que pertença ao grupo de diagnósticos; por exemplo, arquivos em /dev. Isso possivelmente pode afetar a estabilidade e a segurança do sistema. Isso deve ser usado APENAS para diagnósticos específicos do hardware realizados pelo fabricante ou pelo operador.</string>
  <string name="permlab_changeComponentState">ativar ou desativar os componentes do aplicativo</string>
  <string name="permdesc_changeComponentState">Permite que um aplicativo altere se um componente de outro aplicativo está ativado ou não. Aplicativos maliciosos podem usar isso para desativar recursos de telefone importantes. É preciso ter cuidado com a permissão, pois é possível deixar os componentes do aplicativo em um estado inutilizável, inconsistente ou instável.</string>
  <string name="permlab_setPreferredApplications">definir os aplicativos preferidos</string>
  <string name="permdesc_setPreferredApplications">Permite que um aplicativo modifique os seus aplicativos preferidos. Isso pode permitir que aplicativos maliciosos alterem silenciosamente os aplicativos em execução, falsificando os seus aplicativos existentes para coletar os seus dados particulares.</string>
  <string name="permlab_writeSettings">modificar configurações globais do sistema</string>
  <string name="permdesc_writeSettings">Permite que um aplicativo modifique os dados de configuração do sistema. Aplicativos maliciosos podem corromper a configuração do seu sistema.</string>
  <string name="permlab_writeSecureSettings">modificar configurações do sistema de segurança</string>
  <string name="permdesc_writeSecureSettings">Permite que um aplicativo modifique os dados de configuração de segurança do sistema. Não deve ser usado por aplicativos normais.</string>
  <string name="permlab_writeGservices">modificar o mapa de serviços do Google</string>
  <string name="permdesc_writeGservices">Permite que um aplicativo modifique o mapa de serviços do Google. Não deve ser usado por aplicativos normais.</string>
  <string name="permlab_receiveBootCompleted">iniciar automaticamente na inicialização</string>
  <string name="permdesc_receiveBootCompleted">Permite que um aplicativo inicie assim que o sistema conclui a inicialização. Isso pode retardar a inicialização do telefone e permitir que o aplicativo deixe o telefone mais lento por estar sempre em execução.</string>
  <string name="permlab_broadcastSticky">enviar transmissão persistente</string>
  <string name="permdesc_broadcastSticky">Permite que um aplicativo envie uma transmissão persistente, que permanece após o término da transmissão. Aplicativos maliciosos podem tornar o telefone lento ou instável fazendo com que ele use muita memória.</string>
  <string name="permlab_readContacts">ler dados do contato</string>
  <string name="permdesc_readContacts">Permite que um aplicativo leia todos os dados de contato (endereço) armazenados no seu telefone. Aplicativos maliciosos podem usar isso para enviar os seus dados para outras pessoas.</string>
  <string name="permlab_writeContacts">gravar dados de contato</string>
  <string name="permdesc_writeContacts">Permite que um aplicativo modifique os dados de contato (endereço) armazenados no seu telefone. Aplicativos maliciosos podem usar isso para excluir ou modificar os seus dados de contato.</string>
  <string name="permlab_writeOwnerData">Gravar dados do proprietário</string>
  <string name="permdesc_writeOwnerData">Permitir um aplicativo para modificar os dados do proprietário do telefone. Aplicativos maliciosos poderão excluir ou modificar dados.</string>
  <string name="permlab_readOwnerData">Leitura do dados do proprietário</string>
  <string name="permdesc_readOwnerData">Permitir um aplicativo para ler dados do proprietário do telefone. Aplicativos maliciosos poderão acessar dados do proprietário.</string>
  <string name="permlab_readCalendar">ler eventos da agenda</string>
  <string name="permdesc_readCalendar">Permite que um aplicativo leia todos os eventos da agenda armazenados no seu telefone. Aplicativos maliciosos podem usar isso para enviar eventos da sua agenda para outras pessoas.</string>
  <string name="permlab_writeCalendar">adicionar ou modificar eventos da agenda e enviar e-mail aos convidados</string>
  <string name="permdesc_writeCalendar">Permite que um aplicativo adicione ou altere os eventos na sua agenda, que pode enviar e-mail aos convidados. Aplicativos maliciosos podem usar isso para excluir ou modificar os eventos da sua agenda ou para enviar e-mail aos convidados.</string>
  <string name="permlab_accessMockLocation">fontes de locais fictícios para teste</string>
  <string name="permdesc_accessMockLocation">Cria fontes de locais fictícios para teste. Aplicativos maliciosos podem usar isso para substituir o local e/ou o status retornado pelas fontes de locais reais como GPS ou provedores de rede.</string>
  <string name="permlab_accessLocationExtraCommands">acessar comandos extras do provedor de localização</string>
  <string name="permdesc_accessLocationExtraCommands">Acessa comandos extras do provedor de localização. Aplicativos maliciosos podem usar isso para interferir na operação do GPS ou de outras fontes de localização.</string>
  <string name="permlab_installLocationProvider">autorização para instalar um provedor de localização</string>
  <string name="permdesc_installLocationProvider">Cria fontes de locais fictícios para teste. Aplicativos maliciosos podem usar isso para substituir o local e/ou o status retornado pelas fontes de locais reais como GPS ou provedores de rede ou para monitorar e informar sua localização para uma fonte externa.</string>
  <string name="permlab_accessFineLocation">localização exata (GPS)</string>
  <string name="permdesc_accessFineLocation">Acessa fontes de localização precisa como o GPS (Global Positioning System) no telefone, onde disponível. Aplicativos maliciosos podem usar isso para determinar onde você está e podem consumir energia adicional da bateria.</string>
  <string name="permlab_accessCoarseLocation">local aproximado (com base na rede)</string>
  <string name="permdesc_accessCoarseLocation">Acessa fontes de localização aproximada como o banco de dados de rede celular para determinar a localização aproximada de um telefone, onde disponível. Aplicativos maliciosos podem usar isso para determinar aproximadamente onde você está.</string>
  <string name="permlab_accessSurfaceFlinger">acessar SurfaceFlinger</string>
  <string name="permdesc_accessSurfaceFlinger">Permite que o aplicativo use recursos de nível inferior do SurfaceFlinger.</string>
  <string name="permlab_readFrameBuffer">ler o buffer do frame</string>
  <string name="permdesc_readFrameBuffer">Permite que o aplicativo leia o conteúdo do buffer de frame.</string>
  <string name="permlab_modifyAudioSettings">alterar as suas configurações de áudio</string>
  <string name="permdesc_modifyAudioSettings">Permite que o aplicativo modifique as configurações globais de áudio como volume e roteamento.</string>
  <string name="permlab_recordAudio">gravar áudio</string>
  <string name="permdesc_recordAudio">Permite que um aplicativo acesse o caminho de gravação do áudio.</string>
  <string name="permlab_camera">tirar fotos e gravar vídeos</string>
  <string name="permdesc_camera">Permite que o aplicativo tire fotos e grave vídeos com a câmera. Isso permite que o aplicativo colete imagens vistas pela câmera a qualquer momento.</string>
  <string name="permlab_brick">desativar permanentemente o telefone</string>
  <string name="permdesc_brick">Permite que o aplicativo desative o telefone inteiro permanentemente. Isso é muito perigoso.</string>
  <string name="permlab_reboot">forçar reinicialização do telefone</string>
  <string name="permdesc_reboot">Permite que o aplicativo force a reinicialização do telefone.</string>
  <string name="permlab_mount_unmount_filesystems">montar e desmontar sistemas de arquivos</string>
  <string name="permdesc_mount_unmount_filesystems">Permite que o aplicativo monte e desmonte arquivos de sistema para armazenamento removível.</string>
  <string name="permlab_mount_format_filesystems">formatar armazenamento externo</string>
  <string name="permdesc_mount_format_filesystems">Permite que o aplicativo formate o armazenamento removível.</string>
  <string name="permlab_asec_access">obter informações sobre o armazenamento interno</string>
  <string name="permdesc_asec_access">Permite que o aplicativo obtenha informações sobre armazenamento interno.</string>
  <string name="permlab_asec_create">criar armazenamento interno</string>
  <string name="permdesc_asec_create">Permite que o aplicativo crie um armazenamento interno.</string>
  <string name="permlab_asec_destroy">destruir armazenamento interno</string>
  <string name="permdesc_asec_destroy">Permite que o aplicativo destrua o armazenamento interno.</string>
  <string name="permlab_asec_mount_unmount">conectar/desconectar armazenamento interno</string>
  <string name="permdesc_asec_mount_unmount">Permite que o aplicativo conecte/desconecte o armazenamento interno.</string>
  <string name="permlab_asec_rename">renomear armazenamento interno</string>
  <string name="permdesc_asec_rename">Permite que o aplicativo renomeie o armazenamento interno.</string>
  <string name="permlab_vibrate">controlar o vibrador</string>
  <string name="permdesc_vibrate">Permite que o aplicativo controle o vibrador.</string>
  <string name="permlab_flashlight">controlar lanterna</string>
  <string name="permdesc_flashlight">Permite que o aplicativo controle a lanterna.</string>
  <string name="permlab_hardware_test">testar hardware</string>
  <string name="permdesc_hardware_test">Permite que o aplicativo controle diversos periféricos para teste do hardware.</string>
  <string name="permlab_callPhone">chamar diretamente os números de telefone</string>
  <string name="permdesc_callPhone">Permite que o aplicativo ligue para números de telefones sem a sua intervenção. Aplicativos maliciosos podem causar chamadas inesperadas na conta do seu telefone. Observe que isso não permite que o aplicativo ligue para números de emergência.</string>
  <string name="permlab_callPrivileged">chamar diretamente quaisquer números de telefone</string>
  <string name="permdesc_callPrivileged">Permite que o aplicativo ligue para qualquer número de telefone, incluindo números de emergência, sem a sua intervenção. Aplicativos maliciosos podem fazer chamadas desnecessárias e ilegais para serviços de emergência.</string>
  <string name="permlab_performCdmaProvisioning">iniciar a configuração do telefone CDMA diretamente</string>
  <string name="permdesc_performCdmaProvisioning">Permite que o aplicativo inicie o provisionamento CDMA. Aplicativos maliciosos podem iniciar o provisionamento CDMA desnecessariamente</string>
  <string name="permlab_locationUpdates">controlar as notificações de atualização do local</string>
  <string name="permdesc_locationUpdates">Permite a ativação/desativação de notificações de atualização do local a partir do rádio. Não deve ser usado por aplicativos normais.</string>
  <string name="permlab_checkinProperties">acessar propriedades de verificação</string>
  <string name="permdesc_checkinProperties">Permite o acesso de leitura/gravação às propriedades enviadas pelo serviço de verificação. Não deve ser usado por aplicativos normais.</string>
  <string name="permlab_bindGadget">escolher widgets</string>
  <string name="permdesc_bindGadget">Permite que o aplicativo informe ao sistema quais widgets podem ser usados por quais aplicativos. Com essa permissão, os aplicativos podem conceder acesso aos dados pessoais a outros aplicativos. Não deve ser usado por aplicativos normais.</string>
  <string name="permlab_modifyPhoneState">modificar estado do telefone</string>
  <string name="permdesc_modifyPhoneState">Permite que o aplicativo controle os recursos de telefone do dispositivo. Um aplicativo com essa permissão pode alternar redes, ligar e desligar o rádio do telefone e outras ações parecidas sem notificá-lo.</string>
  <string name="permlab_readPhoneState">ler estado e identidade do telefone</string>
  <string name="permdesc_readPhoneState">Permite que o aplicativo acesse os recursos de telefone do aparelho. Um aplicativo com essa autorização pode determinar o número e o número de série desse telefone, se uma chamada está ativa, o número ao qual a chamada está conectada e outras informações parecidas.</string>
  <string name="permlab_wakeLock">impedir modo de inatividade do telefone</string>
  <string name="permdesc_wakeLock">Permite que um aplicativo impeça o telefone de entrar no modo de inatividade.</string>
  <string name="permlab_devicePower">ligar ou desligar o telefone</string>
  <string name="permdesc_devicePower">Permite que o aplicativo ative ou desative o telefone.</string>
  <string name="permlab_factoryTest">executar no modo de teste de fábrica</string>
  <string name="permdesc_factoryTest">Executa como um teste do fabricante de nível inferior, permitindo o acesso completo ao hardware do telefone. Disponível apenas quando um telefone está em execução no modo de teste do fabricante.</string>
  <string name="permlab_setWallpaper">definir plano de fundo</string>
  <string name="permdesc_setWallpaper">Permite que o aplicativo defina o plano de fundo do sistema.</string>
  <string name="permlab_setWallpaperHints">definir sugestões de tamanho do plano de fundo</string>
  <string name="permdesc_setWallpaperHints">Permite que o aplicativo defina as dimensões do tamanho do plano de fundo do sistema.</string>
  <string name="permlab_masterClear">redefinir o sistema para os padrões de fábrica</string>
  <string name="permdesc_masterClear">Permite que um aplicativo redefina completamente o sistema para as configurações de fábrica, apagando todos os dados, configuração e aplicativos instalados.</string>
  <string name="permlab_setTime">definir hora</string>
  <string name="permdesc_setTime">Permite que um aplicativo altere o horário do telefone.</string>
  <string name="permlab_setTimeZone">definir fuso horário</string>
  <string name="permdesc_setTimeZone">Permite que um aplicativo altere o fuso horário do telefone.</string>
  <string name="permlab_accountManagerService">agir como AccountManagerService</string>
  <string name="permdesc_accountManagerService">Permite que um aplicativo faça chamadas para AccountAuthenticators</string>
  <string name="permlab_getAccounts">descobrir contas conhecidas</string>
  <string name="permdesc_getAccounts">Permite que um aplicativo obtenha a lista de contas conhecidas pelo telefone.</string>
  <string name="permlab_authenticateAccounts">agir como autenticador da conta</string>
  <string name="permdesc_authenticateAccounts">Permite que um aplicativo use os recursos do autenticador de conta do AccountManager, incluindo a criação de contas e a obtenção e definição de senhas.</string>
  <string name="permlab_manageAccounts">gerenciar a lista de contas</string>
  <string name="permdesc_manageAccounts">Permite que um aplicativo execute operações como adição e remoção de contas e exclusão de senhas.</string>
  <string name="permlab_useCredentials">usar as credenciais de autenticação de uma conta</string>
  <string name="permdesc_useCredentials">Permite que um aplicativo solicite tokens de autenticação.</string>
  <string name="permlab_accessNetworkState">ver estado da rede</string>
  <string name="permdesc_accessNetworkState">Permite que um aplicativo veja o estado de todas as redes.</string>
  <string name="permlab_createNetworkSockets">acesso total da internet</string>
  <string name="permdesc_createNetworkSockets">Permite que um aplicativo crie soquetes de rede.</string>
  <string name="permlab_writeApnSettings">gravar as configurações do Nome do ponto de acesso</string>
  <string name="permdesc_writeApnSettings">Permite que um aplicativo modifique as configurações de APN, como Proxy e Porta de qualquer APN.</string>
  <string name="permlab_changeNetworkState">alterar conectividade da rede</string>
  <string name="permdesc_changeNetworkState">Permite que um aplicativo altere o estado da conectividade de rede.</string>
  <string name="permlab_changeTetherState">Alterar conectividade vinculada</string>
  <string name="permdesc_changeTetherState">Permite que um aplicativo altere o estado da conectividade de rede vinculada.</string>
  <string name="permlab_changeBackgroundDataSetting">alterar configuração de uso dos dados de segundo plano</string>
  <string name="permdesc_changeBackgroundDataSetting">Permite que um aplicativo altere a configuração de uso dos dados de segundo plano.</string>
  <string name="permlab_accessWifiState">visualizar estado da rede Wi-Fi</string>
  <string name="permdesc_accessWifiState">Permite que um aplicativo veja as informações sobre o estado de Wi-Fi.</string>
  <string name="permlab_changeWifiState">alterar o estado de Wi-Fi</string>
  <string name="permdesc_changeWifiState">Permite que um aplicativo se conecte e desconecte dos pontos de acesso Wi-Fi e faça alterações nas redes Wi-Fi configuradas.</string>
  <string name="permlab_changeWifiMulticastState">permitir recebimento de multicast Wi-Fi</string>
  <string name="permdesc_changeWifiMulticastState">Permite que um aplicativo receba pacotes não endereçados diretamente para o seu aparelho. Isso pode ser útil ao detectar os serviços oferecidos nas proximidades. Ele consome mais energia do que o modo não-multicast.</string>
  <string name="permlab_bluetoothAdmin">administração de Bluetooth</string>
  <string name="permdesc_bluetoothAdmin">Permite que um aplicativo configure o telefone Bluetooth local, descubra e pareie com dispositivos remotos.</string>
  <string name="permlab_bluetooth">criar conexões Bluetooth</string>
  <string name="permdesc_bluetooth">Permite que um aplicativo veja a configuração do telefone Bluetooth local e que possa fazer e aceitar conexões com dispositivos pareados.</string>
  <string name="permlab_disableKeyguard">desativar o bloqueio de teclas</string>
  <string name="permdesc_disableKeyguard">Permite que um aplicativo desative o bloqueio de teclas e qualquer segurança por senha associada. Um exemplo legítimo disso é a desativação do bloqueio de teclas pelo telefone ao receber uma chamada e a reativação do bloqueio quando a chamada é finalizada.</string>
  <string name="permlab_readSyncSettings">ler as configurações de sincronização</string>
  <string name="permdesc_readSyncSettings">Permite que um aplicativo leia as configurações de sincronização, como se a sincronização está ativada para Contatos.</string>
  <string name="permlab_writeSyncSettings">gravar configurações de sincronização</string>
  <string name="permdesc_writeSyncSettings">Permite que um aplicativo modifique as configurações de sincronização, como a ativação da sincronização para Contatos.</string>
  <string name="permlab_readSyncStats">ler estatísticas de sincronização</string>
  <string name="permdesc_readSyncStats">Permite que um aplicativo leia as estatísticas de sincronização; por exemplo, o histórico de sincronizações ocorridas.</string>
  <string name="permlab_subscribedFeedsRead">ler feeds inscritos</string>
  <string name="permdesc_subscribedFeedsRead">Permite que um aplicativo obtenha detalhes sobre os feeds sincronizados no momento.</string>
  <string name="permlab_subscribedFeedsWrite">gravar feeds inscritos</string>
  <string name="permdesc_subscribedFeedsWrite">Permite que um aplicativo modifique os seus feeds atualmente sincronizados. Isso pode permitir que um aplicativo malicioso altere os seus feeds sincronizados.</string>
  <string name="permlab_readDictionary">ler dicionário definido pelo usuário</string>
  <string name="permdesc_readDictionary">Permite que um aplicativo leia quaisquer palavras, nomes e frases particulares armazenados pelo usuário no dicionário do usuário.</string>
  <string name="permlab_writeDictionary">gravar no dicionário definido pelo usuário</string>
  <string name="permdesc_writeDictionary">Permite que um aplicativo grave novas palavras no dicionário do usuário.</string>
  <string name="permlab_sdcardWrite">modificar/excluir conteúdo do cartão SD</string>
  <string name="permdesc_sdcardWrite">Permite que um aplicativo grave no cartão SD.</string>
  <string name="permlab_cache_filesystem">acessar o sistema de arquivos de cache</string>
  <string name="permdesc_cache_filesystem">Permite que um aplicativo leia e grave no sistema de arquivos de cache.</string>
  <string name="policylab_limitPassword">Definir regras para senha</string>
  <string name="policydesc_limitPassword">Controla o tamanho e os caracteres permitidos nas senhas de desbloqueio de tela</string>
  <string name="policylab_watchLogin">Monitorar tentativas de desbloqueio da tela</string>
  <string name="policydesc_watchLogin">Monitora o número de senhas incorretas inseridas ao desbloquear a tela e bloqueia o telefone ou apaga todos os dados do telefone se muitas senhas incorretas forem inseridas</string>
  <string name="policylab_resetPassword">Alterar a senha para desbloqueio da tela</string>
  <string name="policydesc_resetPassword">Altera a senha para desbloqueio da tela</string>
  <string name="policylab_forceLock">Bloquear a tela</string>
  <string name="policydesc_forceLock">Controla como e quando a tela é bloqueada</string>
  <string name="policylab_wipeData">Excluir todos os dados</string>
  <string name="policydesc_wipeData">Apaga os dados do telefone sem aviso, executando uma redefinição da configuração original</string>
  <string name="phoneTypeCustom">Personalizado</string>
  <string name="phoneTypeHome">Home</string>
  <string name="phoneTypeMobile">Celular</string>
  <string name="phoneTypeWork">Comercial</string>
  <string name="phoneTypeFaxWork">Fax comercial</string>
  <string name="phoneTypeFaxHome">Fax residencial</string>
  <string name="phoneTypePager">Pager</string>
  <string name="phoneTypeOther">Outros</string>
  <string name="phoneTypeCallback">Retorno de chamada</string>
  <string name="phoneTypeCar">Carro</string>
  <string name="phoneTypeCompanyMain">Empresa (principal)</string>
  <string name="phoneTypeIsdn">ISDN</string>
  <string name="phoneTypeMain">Principal</string>
  <string name="phoneTypeOtherFax">Outro fax</string>
  <string name="phoneTypeRadio">Rádio</string>
  <string name="phoneTypeTelex">Telex</string>
  <string name="phoneTypeTtyTdd">TTY TDD</string>
  <string name="phoneTypeWorkMobile">Celular comercial</string>
  <string name="phoneTypeWorkPager">Pager comercial</string>
  <string name="phoneTypeAssistant">Assistente</string>
  <string name="phoneTypeMms">MMS</string>
  <string name="eventTypeBirthday">Aniversário</string>
  <string name="eventTypeAnniversary">Data comemorativa</string>
  <string name="eventTypeOther">Evento</string>
  <string name="emailTypeCustom">Personalizado</string>
  <string name="emailTypeHome">Home</string>
  <string name="emailTypeWork">Comercial</string>
  <string name="emailTypeOther">Outros</string>
  <string name="emailTypeMobile">Celular</string>
  <string name="postalTypeCustom">Personalizado</string>
  <string name="postalTypeHome">Home</string>
  <string name="postalTypeWork">Comercial</string>
  <string name="postalTypeOther">Outros</string>
  <string name="imTypeCustom">Personalizado</string>
  <string name="imTypeHome">Home</string>
  <string name="imTypeWork">Comercial</string>
  <string name="imTypeOther">Outros</string>
  <string name="imProtocolCustom">Personalizado</string>
  <string name="imProtocolAim">AIM</string>
  <string name="imProtocolMsn">Windows Live</string>
  <string name="imProtocolYahoo">Yahoo</string>
  <string name="imProtocolSkype">Skype</string>
  <string name="imProtocolQq">QQ</string>
  <string name="imProtocolGoogleTalk">Google Talk</string>
  <string name="imProtocolIcq">ICQ</string>
  <string name="imProtocolJabber">Jabber</string>
  <string name="imProtocolNetMeeting">NetMeeting</string>
  <string name="orgTypeWork">Comercial</string>
  <string name="orgTypeOther">Outros</string>
  <string name="orgTypeCustom">Personalizado</string>
  <string name="contact_status_update_attribution">por meio de %1$s</string>
  <string name="contact_status_update_attribution_with_date">%1$s via %2$s</string>
  <string name="keyguard_password_enter_pin_code">Digite o código PIN</string>
  <string name="keyguard_password_enter_password_code">Digite a senha para desbloquear</string>
  <string name="keyguard_password_wrong_pin_code">Código PIN incorreto!</string>
  <string name="keyguard_label_text">Para desbloquear, pressione Menu e, em seguida, 0.</string>
  <string name="emergency_call_dialog_number_for_display">Número de emergência</string>
  <string name="lockscreen_carrier_default">(Sem serviço)</string>
  <string name="lockscreen_screen_locked">Tela bloqueada.</string>
  <string name="lockscreen_instructions_when_pattern_enabled">Pressione Menu para desbloquear ou fazer uma chamada de emergência.</string>
  <string name="lockscreen_instructions_when_pattern_disabled">Pressione Menu para desbloquear.</string>
  <string name="lockscreen_pattern_instructions">Desenhe o padrão para desbloquear</string>
  <string name="lockscreen_emergency_call">Chamada de emergência</string>
  <string name="lockscreen_return_to_call">Retornar à chamada</string>
  <string name="lockscreen_pattern_correct">Correto!</string>
  <string name="lockscreen_pattern_wrong">Tente novamente</string>
  <string name="lockscreen_plugged_in">Carregando (%d%%)</string>
  <string name="lockscreen_charged">Carregado.</string>
  <string name="lockscreen_battery_short">%d%%</string>
  <string name="lockscreen_low_battery">Conecte o seu carregador.</string>
  <string name="lockscreen_missing_sim_message_short">Sem cartão SIM.</string>
  <string name="lockscreen_missing_sim_message">Não há um cartão SIM no telefone.</string>
  <string name="lockscreen_missing_sim_instructions">Insira um cartão SIM.</string>
  <string name="emergency_calls_only">Apenas chamadas de emergência</string>
  <string name="lockscreen_network_locked_message">Rede bloqueada</string>
  <string name="lockscreen_sim_puk_locked_message">O cartão SIM está bloqueado pelo PUK.</string>
  <string name="lockscreen_sim_puk_locked_instructions">Consulte o Guia do Usuário ou entre em contato com o Serviço de atendimento ao cliente.</string>
  <string name="lockscreen_sim_locked_message">O cartão SIM está bloqueado.</string>
  <string name="lockscreen_sim_unlock_progress_dialog_message">Desbloqueando o cartão SIM…</string>
  <string name="lockscreen_too_many_failed_attempts_dialog_message">"Você desenhou incorretamente o seu padrão de desbloqueio %d vezes. 

Tente novamente em %d segundos."</string>
  <string name="lockscreen_failed_attempts_almost_glogin">"Você desenhou o seu padrão de desbloqueio incorretamente %d vezes. Mais %d tentativas incorretas e você receberá uma solicitação para desbloquear o seu telefone usando o seu login do Google.

 Tente novamente em %d segundos."</string>
  <string name="lockscreen_too_many_failed_attempts_countdown">Tente novamente em %d segundos.</string>
  <string name="lockscreen_forgot_pattern_button_text">Esqueceu o padrão?</string>
  <string name="lockscreen_glogin_forgot_pattern">Desbloqueio de conta</string>
  <string name="lockscreen_glogin_too_many_attempts">Muitas tentativas de padrão!</string>
  <string name="lockscreen_glogin_instructions">Para desbloquear, faça login com a sua Conta do Google.</string>
  <string name="lockscreen_glogin_username_hint">Nome de usuário (e-mail)</string>
  <string name="lockscreen_glogin_password_hint">Password</string>
  <string name="lockscreen_glogin_submit_button">Fazer login</string>
  <string name="lockscreen_glogin_invalid_input">Nome de usuário ou senha inválidos.</string>
  <string name="lockscreen_glogin_checking_password">Verificando...</string>
  <string name="lockscreen_unlock_label">Unlock</string>
  <string name="lockscreen_sound_on_label">Som ativado</string>
  <string name="lockscreen_sound_off_label">Som desativado</string>
  <string name="password_keyboard_label_symbol_key">\?123</string>
  <string name="password_keyboard_label_alpha_key">ABC</string>
  <string name="password_keyboard_label_alt_key">ALT</string>
  <string name="hour_ampm">%-l%P</string>
  <string name="hour_cap_ampm">%-l%p</string>
  <string name="status_bar_clear_all_button">Clear</string>
  <string name="status_bar_no_notifications_title">Nenhuma notificação</string>
  <string name="status_bar_ongoing_events_title">Executando...</string>
  <string name="status_bar_latest_events_title">Notifications</string>
  <string name="battery_status_text_percent_format">%d%%</string>
  <string name="battery_status_charging">Carregando...</string>
  <string name="battery_low_title">Conecte o carregado</string>
  <string name="battery_low_subtitle">A bateria está ficando baixa:</string>
  <string name="battery_low_percent_format">%d%% ou menos restante.</string>
  <string name="battery_low_why">Uso da bateria</string>
  <string name="factorytest_failed">Falha no teste de fábrica</string>
  <string name="factorytest_not_system">A ação FACTORY_TEST é suportada apenas para pacotes instalados em /system/app.</string>
  <string name="factorytest_no_action">Nenhum pacote que forneça a ação FACTORY_TEST foi encontrado.</string>
  <string name="factorytest_reboot">Reiniciar</string>
  <string name="web_user_agent">Mozilla/5.0 (Linux; U; Android %s) AppleWebKit/533.1 (KHTML, like Gecko) Version/4.0 Mobile Safari/533.1</string>
  <string name="js_dialog_title">A página em \"%s\" mostra:</string>
  <string name="js_dialog_title_default">JavaScript</string>
  <string name="js_dialog_before_unload">"Deseja sair desta página?

%s

Selecione OK para continuar ou Cancelar para permanecer na página atual."</string>
  <string name="save_password_label">Confirm</string>
  <string name="double_tap_toast">Dica: toque duas vezes para aumentar e diminuir o zoom.</string>
  <string name="permlab_readHistoryBookmarks">ler histórico e favoritos do Navegador</string>
  <string name="permdesc_readHistoryBookmarks">Permite que o aplicativo leia todos os URLs visitados pelo Navegador e todos os favoritos do Navegador.</string>
  <string name="permlab_writeHistoryBookmarks">gravar histórico e favoritos do Navegador</string>
  <string name="permdesc_writeHistoryBookmarks">Permite que um aplicativo modifique o histórico ou os favoritos do Navegador armazenados no seu telefone. Aplicativos maliciosos podem usar isso para excluir ou modificar os dados do seu Navegador.</string>
  <string name="permlab_writeGeolocationPermissions">Modifique as permissões de geolocalização do seu navegador</string>
  <string name="permdesc_writeGeolocationPermissions">Permite que um aplicativo modifique as permissões de geolocalização do navegador. Aplicativos maliciosos podem usar isso para permitir o envio de informações de localização a sites arbitrários.</string>
  <string name="save_password_message">Deseja que o navegador lembre desta senha?</string>
  <string name="save_password_notnow">Agora não</string>
  <string name="save_password_remember">Lembrar</string>
  <string name="save_password_never">Never</string>
  <string name="open_permission_deny">Você não tem permissão para abrir esta página.</string>
  <string name="text_copied">Texto copiado para a área de transferência.</string>
  <string name="more_item_label">More</string>
  <string name="prepend_shortcut_label">Menu+</string>
  <string name="menu_space_shortcut_label">espaço</string>
  <string name="menu_enter_shortcut_label">enter</string>
  <string name="menu_delete_shortcut_label">excluir</string>
  <string name="oneMonthDurationPast">1 mês atrás</string>
  <string name="beforeOneMonthDurationPast">Antes de 1 mês atrás</string>
  <string name="last_month">Mês passado</string>
  <string name="older">Mais antigos</string>
  <string name="preposition_for_date">em %s</string>
  <string name="preposition_for_time">às %s</string>
  <string name="preposition_for_year">em %s</string>
  <string name="day">dia</string>
  <string name="days">dias</string>
  <string name="hour">hora</string>
  <string name="hours">horas</string>
  <string name="minute">min.</string>
  <string name="minutes">min.</string>
  <string name="second">seg.</string>
  <string name="seconds">segundos</string>
  <string name="week">semana</string>
  <string name="weeks">semanas</string>
  <string name="year">ano</string>
  <string name="years">anos</string>
  <string name="relative_time">%1$s, %2$s</string>
  <string name="noon">meio-dia</string>
  <string name="Noon">Meio-dia</string>
  <string name="midnight">meia-noite</string>
  <string name="Midnight">Meia-noite</string>
  <string name="elapsed_time_short_format_mm_ss">%1$02d:%2$02d</string>
  <string name="elapsed_time_short_format_h_mm_ss">%1$d:%2$02d:%3$02d</string>
  <string name="selectText">Selecionar palavra</string>
  <string name="stopSelectingText">Parar a seleção de texto</string>
  <string name="cutAll">Recortar todos</string>
  <string name="copyAll">Copiar todos</string>
  <string name="inputMethod">Método de entrada</string>
  <string name="addToDictionary">Adicionar \"%s\" ao dicionário</string>
  <string name="editTextMenuTitle">Edit text</string>
  <string name="low_internal_storage_view_title">Pouco espaço</string>
  <string name="low_internal_storage_view_text">O espaço de armazenamento do telefone está ficando baixo.</string>
  <string name="capital_on">ATIVADO</string>
  <string name="capital_off">DESATIVADO</string>
  <string name="whichApplication">Complete a ação usando</string>
  <string name="alwaysUse">Usar como padrão para esta ação.</string>
  <string name="clearDefaultHintMsg">Limpar o padrão em Configurações da página inicial &gt; Aplicativos &gt; Gerenciar aplicativos.</string>
  <string name="chooseActivity">Selecionar uma ação</string>
  <string name="noApplications">Nenhum aplicativo pode realizar esta ação.</string>
  <string name="aerr_title">Desculpe!</string>
  <string name="aerr_application">O aplicativo %1$s (processo %2$s) parou inesperadamente. Tente novamente.</string>
  <string name="aerr_process">O processo %1$s parou inesperadamente. Tente novamente.</string>
  <string name="anr_title">Desculpe!</string>
  <string name="anr_activity_application">A atividade %1$s (no aplicativo %2$s) não está respondendo.</string>
  <string name="anr_activity_process">A atividade %1$s (no processo %2$s) não está respondendo.</string>
  <string name="anr_application_process">O aplicativo %1$s (no processo %2$s) não está respondendo.</string>
  <string name="anr_process">O processo %1$s não está respondendo.</string>
  <string name="force_close">Forçar fechamento</string>
  <string name="report">Informar</string>
  <string name="wait">Aguardar</string>
  <string name="sendText">Selecione uma ação para o texto</string>
  <string name="volume_ringtone">Volume da campainha</string>
  <string name="volume_music">Volume da mídia</string>
  <string name="volume_music_hint_playing_through_bluetooth">Reproduzindo por meio de Bluetooth</string>
  <string name="volume_music_hint_silent_ringtone_selected">Toque silencioso selecionado</string>
  <string name="volume_call">Volume na chamada</string>
  <string name="volume_bluetooth_call">Volume de chamada Bluetooth</string>
  <string name="volume_alarm">Alarm volume</string>
  <string name="volume_notification">Volume da notificação</string>
  <string name="volume_unknown">Volume</string>
  <string name="ringtone_default">Toque padrão</string>
  <string name="ringtone_default_with_actual">Toque padrão (%1$s)</string>
  <string name="ringtone_silent">Silencioso</string>
  <string name="ringtone_picker_title">Toques</string>
  <string name="ringtone_unknown">Toque desconhecido</string>
  <string name="wifi_tether_configure_ssid_default">AndroidAP</string>
  <string name="select_character">Inserir caractere</string>
  <string name="sms_control_default_app_name">Aplicativo desconhecido</string>
  <string name="sms_control_title">Enviando mensagens SMS</string>
  <string name="sms_control_message">Muitas mensagens SMS estão sendo enviadas. Selecione \"OK\" para continuar ou \"Cancelar\" para interromper o envio.</string>
  <string name="sms_control_yes">OK</string>
  <string name="sms_control_no">Cancel</string>
  <string name="date_time_set">Set</string>
  <string name="default_permission_group">Default</string>
  <string name="permissions_format">%1$s, %2$s</string>
  <string name="no_permissions">Nenhuma permissão necessária</string>
  <string name="usb_storage_activity_title">Armazenamento USB em massa</string>
  <string name="usb_storage_title">Conectado por USB</string>
  <string name="usb_storage_message">Você conectou o telefone ao computador via USB. Selecione o botão abaixo se quiser copiar arquivos entre o computador e o cartão SD do seu Android.</string>
  <string name="usb_storage_button_mount">Ativar o armazenamento USB</string>
  <string name="usb_storage_error_message">Há um problema com o uso do seu cartão SD para armazenamento USB em massa.</string>
  <string name="usb_storage_notification_title">Conectado por USB</string>
  <string name="usb_storage_notification_message">Selecione para copiar arquivos para/do seu computador.</string>
  <string name="usb_storage_stop_notification_title">Desativar o armazenamento USB</string>
  <string name="usb_storage_stop_notification_message">Selecione para desativar o armazenamento USB.</string>
  <string name="usb_storage_stop_title">Armazenamento USB em uso</string>
  <string name="usb_storage_stop_message">Antes de desativar o armazenamento USB, verifique se desconectou (“ejetou”) o cartão SD do Android do computador.</string>
  <string name="usb_storage_stop_button_mount">Desativar o armazenamento USB</string>
  <string name="usb_storage_stop_error_message">Houve um problema ao desativar o armazenamento USB. Verifique se desconectou o host USB e tente novamente.</string>
  <string name="dlg_confirm_kill_storage_users_title">Ativar o armazenamento USB</string>
  <string name="dlg_confirm_kill_storage_users_text">Se você ativar o armazenamento USB, alguns aplicativos que estão em uso serão interrompidos e poderão não estar disponíveis até você desativar o armazenamento USB.</string>
  <string name="dlg_error_title">Falha de operação de USB</string>
  <string name="dlg_ok">OK</string>
  <string name="extmedia_format_title">Formatar cartão SD</string>
  <string name="extmedia_format_message">Tem certeza de que deseja formatar o cartão SD? Todos os dados no seu cartão serão perdidos.</string>
  <string name="extmedia_format_button_format">Formatar</string>
  <string name="adb_active_notification_title">Depuração USB conectada</string>
  <string name="adb_active_notification_message">Selecione para desativar a depuração USB.</string>
  <string name="select_input_method">Selecionar método de entrada</string>
  <string name="fast_scroll_alphabet">" ABCDEFGHIJKLMNOPQRSTUVWXYZ"</string>
  <string name="fast_scroll_numeric_alphabet">" 0123456789ABCDEFGHIJKLMNOPQRSTUVWXYZ"</string>
  <string name="ext_media_checking_notification_title">Preparando o cartão SD</string>
  <string name="ext_media_checking_notification_message">Procurando erros.</string>
  <string name="ext_media_nofs_notification_title">Cartão SD em branco</string>
  <string name="ext_media_nofs_notification_message">Cartão SD vazio ou com sistema de arquivos incompatível.</string>
  <string name="ext_media_unmountable_notification_title">Cartão SD danificado</string>
  <string name="ext_media_unmountable_notification_message">O cartão SD está danificado. Talvez seja necessário reformatá-lo.</string>
  <string name="ext_media_badremoval_notification_title">Cartão SD removido inesperadamente.</string>
  <string name="ext_media_badremoval_notification_message">Desmonte o cartão SD antes da remoção para evitar a perda de dados.</string>
  <string name="ext_media_safe_unmount_notification_title">O cartão SD já pode ser removido com segurança.</string>
  <string name="ext_media_safe_unmount_notification_message">Você pode excluir o cartão SD com segurança.</string>
  <string name="ext_media_nomedia_notification_title">Cartão SD removido</string>
  <string name="ext_media_nomedia_notification_message">Cartão SD removido. Insira um novo.</string>
  <string name="activity_list_empty">Nenhum atividade correspondente foi encontrada</string>
  <string name="permlab_pkgUsageStats">atualizar estatísticas de uso do componente</string>
  <string name="permdesc_pkgUsageStats">Permite a modificação das estatísticas de uso do componente coletadas. Não deve ser usado por aplicativos normais.</string>
  <string name="permlab_copyProtectedData">Permite a invocação do serviço de recipiente padrão para copiar o conteúdo. Não deve ser usado por aplicativos normais.</string>
  <string name="permdesc_copyProtectedData">Permite a invocação do serviço de recipiente padrão para copiar o conteúdo. Não deve ser usado por aplicativos normais.</string>
  <string name="tutorial_double_tap_to_zoom_message_short">Toque duas vezes para ter controle do zoom</string>
  <string name="gadget_host_error_inflating">Erro ao aumentar o widget</string>
  <string name="ime_action_go">Go</string>
  <string name="ime_action_search">Search</string>
  <string name="ime_action_send">Send</string>
  <string name="ime_action_next">Next</string>
  <string name="ime_action_done">Done</string>
  <string name="ime_action_default">Executar</string>
  <string name="dial_number_using">"Discar número
usando %s"</string>
  <string name="create_contact_using">"Criar contato 
usando %s"</string>
  <string name="accessibility_compound_button_selected">selecionado</string>
  <string name="accessibility_compound_button_unselected">não selecionado</string>
  <string name="grant_credentials_permission_message_header">O aplicativo a seguir ou outros aplicativos solicitam permissão para acessar a sua conta, agora e no futuro.</string>
  <string name="grant_credentials_permission_message_footer">Deseja permitir essa solicitação?</string>
  <string name="grant_permissions_header_text">Solicitação de acesso</string>
  <string name="allow">Permitir</string>
  <string name="deny">Negar</string>
  <string name="permission_request_notification_title">Autorização solicitada</string>
  <string name="permission_request_notification_with_subtitle">"Solicitada a permissão
para a conta %s"</string>
  <string name="input_method_binding_label">Método de entrada</string>
  <string name="sync_binding_label">Sincronizar</string>
  <string name="accessibility_binding_label">Accessibility</string>
  <string name="wallpaper_binding_label">Wallpaper</string>
  <string name="chooser_wallpaper">Alterar plano de fundo</string>
  <string name="alternate_eri_file">/data/eri.xml</string>
  <string name="pptp_vpn_description">Protocolo de encapsulamento ponto a ponto</string>
  <string name="l2tp_vpn_description">Protocolo de encapsulamento de camada 2</string>
  <string name="l2tp_ipsec_psk_vpn_description">VPN L2TP/IPSec com base em chave pré-compartilhada</string>
  <string name="l2tp_ipsec_crt_vpn_description">VPN L2TP/IPSec com base em certificado</string>
  <string name="upload_file">Escolher arquivo</string>
  <string name="reset">Reajustar</string>
  <string name="submit">Enviar</string>
  <string name="description_star">favorito</string>
  <string name="car_mode_disable_notification_title">Modo de carro ativado</string>
  <string name="car_mode_disable_notification_message">Selecione para sair do modo de carro.</string>
  <string name="tethered_notification_title">Vínculo ou ponto de acesso ativo</string>
  <string name="tethered_notification_message">Toque para configurar</string>
  <string name="throttle_warning_notification_title">Alto uso de dados do celular</string>
  <string name="throttle_warning_notification_message">Toque para saber mais sobre uso de dados do celular</string>
  <string name="throttled_notification_title">Limite de dados do celular excedido</string>
  <string name="throttled_notification_message">Toque para saber mais sobre o uso de dados móveis</string>
  <string name="openvpn_vpn_description">OpenVPN SSL VPN</string>
  <string name="lockscreen_dial_label">Abrir teclado de discagem</string>
  <string name="lockscreen_mms_label">Abrir Mensagens</string>
  <string name="status_bar_back_to_call">Toque aqui para retornar à chamada</string>
  <string name="lockscreen_bottom_hint">Deslize para desbloquear</string>
  <string name="lockscreen_unlock_hint">Deslize para desbloquear</string>
  <string name="unknown">Número desconhecido</string>
  <string name="private_num">Número Privado</string>
  <string name="payphone">Orelhão</string>
  <string name="callNoAnswerTimeFormat">Tocou %s vezes</string>
  <string name="callDetailsDurationFormat">%1$s minutos, %2$s segundos</string>
  <string name="date_day">Data</string>
  <string name="status_bar_battery_low_notification">Bateria fraca</string>
  <string name="status_bar_battery_low_notification_button">Configurações de energia</string>
  <string name="status_bar_button_wifi">Wi-Fi</string>
  <string name="status_bar_button_apn">Dados</string>
  <string name="status_bar_button_bluetooth">Bluetooth</string>
  <string name="status_bar_button_rotate">Rotação</string>
  <string name="status_bar_button_brightness">Brilho</string>
  <string name="status_bar_button_ringer_normal">Som</string>
  <string name="status_bar_button_ringer_vibrate">Vibração</string>
  <string name="status_bar_button_ringer_mute">Mudo</string>
  <string name="status_bar_button_gps">GPS</string>
  <string name="status_bar_button_sync">Sincronização</string>
  <string name="status_bar_button_cpu">Frequência da CPU</string>
  <string name="status_bar_button_vibrate">Vibração</string>
  <string name="status_bar_button_flight_mode">Modo de voo</string>
  <string name="status_bar_button_reboot">Reiniciar</string>
  <string name="status_bar_button_shutdown">Desligar</string>
  <string name="recent_dialog_buttonAppKiller_summary">MIUI liberou %1$s de memória,\nDisponível agora:%2$s</string>
  <string name="recent_dialog_buttonAppKiller">Finalizar</string>
  <string name="recent_dialog_buttonTaskManager">Gerenciador de Tarefas</string>
  <string name="theme_changing_dialog_title">Preparando novos ícones</string>
  <string name="theme_changed_dialog_title">Ícone alterado com sucesso!</string>
  <string name="theme_changed_dialog_message">Vizualização disponível no desktop, é recomendado reiniciar o telefone</string>
</resources>
