<?xml version="1.0" encoding="utf-8"?>
<!--Generated by crowdin.net-->
<resources>
  <string name="word_separators">.	 ,;:!?\n()[]*&@{}/<>_+=|\"</string>
  <string name="sentence_separators">.,!?</string>
  <string name="suggested_punctuations">!?,@_</string>
  <string name="ime_name">Método de entrada do Google pinyin</string>
  <string name="ime_settings_activity_name">Configuração do Google Pinyin</string>
  <string name="ime_settings_choose_other_ime">Método de Entrada</string>
  <string name="version">1.2.8</string>
  <string name="toggle_cn">0</string>
  <string name="toggle_cn_cand">1</string>
  <string name="toggle_en_lower">2</string>
  <string name="toggle_en_upper">3</string>
  <string name="toggle_en_sym1">4</string>
  <string name="toggle_en_sym2">5</string>
  <string name="toggle_enter_go">6</string>
  <string name="toggle_enter_search">7</string>
  <string name="toggle_enter_send">8</string>
  <string name="toggle_enter_next">9</string>
  <string name="toggle_enter_done">10</string>
  <string name="toggle_row_cn">11</string>
  <string name="toggle_row_en">12</string>
  <string name="toggle_row_uri">13</string>
  <string name="toggle_row_emailaddress">14</string>
  <string name="toggle_phone_sym">15</string>
  <string name="toggle_stroke_urlqwerty">16</string>
  <string name="toggle_misc1">17</string>
  <string name="toggle_misc2">18</string>
  <string name="toggle_misc3">19</string>
  <string name="toggle_misc4">20</string>
  <string name="toggle_smiley_off">21</string>
  <string name="toggle_smiley_on">22</string>
  <string name="toggle_cn_sym1">23</string>
  <string name="toggle_cn_sym2">24</string>
  <string name="toggle_url">25</string>
  <string name="toggle_emailaddress">26</string>
  <string name="toggle_stroke_disabled">27</string>
  <string name="toggle_exit_sym_to_en">28</string>
  <string name="toggle_en_upper_locked">29</string>
  <string name="toggle_single_quote_open">30</string>
  <string name="toggle_single_quote_close">31</string>
  <string name="toggle_double_quote_open">32</string>
  <string name="toggle_double_quote_close">33</string>
  <string name="setting_stroke_key">config_pressionar_tecla</string>
  <string name="setting_fault_tolerance_key">config_tecla_falha</string>
  <string name="setting_sound_key">config_tecla_som</string>
  <string name="setting_vibrate_key">config_tecla_vibração</string>
  <string name="setting_prediction_key">config_tecla_predição</string>
  <string name="setting_tradition_key">setting_tradition_key</string>
  <string name="setting_switch_key">config_tecla_troca</string>
  <string name="setting_advanced_key">config_tecla_avançado</string>
  <string name="setting">Configurações IME Google Pinyin </string>
  <string name="setting_stroke_title">config_título_pressionar</string>
  <string name="setting_fault_tolerance_title">Tolerância de falhas</string>
  <string name="setting_sound_key_title">Som ao pressionar a tecla</string>
  <string name="setting_vibrate_title">Vibrar ao pressionar a tecla</string>
  <string name="setting_prediction_title">Entrada de associação</string>
  <string name="setting_tradition_title">Entrada tradicional</string>
  <string name="setting_switch_title">Opção Inglês e Chinês</string>
  <string name="setting_switch_shift_space_title">Shift-espaço</string>
  <string name="setting_enabled">Ativo</string>
  <string name="setting_disabled">Desativado</string>
  <string name="setting_others">Outras configurações</string>
  <string name="setting_others_summary">Sincronização de dicionário</string>
  <string name="account_label_username">Nome de usuário: (ex.: fulano@gmail.com)</string>
  <string name="account_label_password">Senha:</string>
  <string name="account_label_login">Login</string>
  <string name="account_label_cancel">Cancelar</string>
  <string name="account_title">Login de usuário</string>
  <string name="account_sign_up_title">Criar novo usuário</string>
  <string name="account_signing_in_title">Entrando, por favor, aguarde...</string>
  <string name="setting_title">Configuração do Google Pinyin</string>
  <string name="setting_update_category_key">setting_update_category_key</string>
  <string name="setting_update_category_title">Atualizações automáticas</string>
  <string name="setting_update_enabled_key">setting_update_enabled_key</string>
  <string name="setting_update_enabled_title">Dicionário é atualizado automaticamente</string>
  <string name="setting_sync_category_title">Sincronização de dicionário do usuário</string>
  <string name="setting_sync_enabled_key">setting_sync_enabled_key</string>
  <string name="setting_sync_now_key">setting_sync_now_key</string>
  <string name="setting_sync_clear_key">setting_sync_clear_key</string>
  <string name="setting_sync_enabled_title">Sincronizar dicionário do usuário</string>
  <string name="setting_sync_now_title">Sincronizar Agora</string>
  <string name="setting_sync_cancel_title">Cancelar sincronização</string>
  <string name="setting_sync_clear_title">Limpar Dicionário</string>
  <string name="setting_enabled_title">Ligado</string>
  <string name="setting_disabled_title">Desligar</string>
  <string name="status_bar_message_title">Método de Entrada Google Pinyin</string>
  <string name="status_bar_message_sync_title">Sincronizando dicionário do usuário...</string>
  <string name="status_bar_message_update_title">Baixando vocabulário popular...</string>
  <string name="setting_dialog_sync_now_title">Perguntar</string>
  <string name="setting_dialog_sync_now_message">Deseja sincronizar agora</string>
  <string name="setting_dialog_sync_clear_title">Atenção</string>
  <string name="setting_dialog_sync_clear_message">Realmente deseja apagar do servidor de dicionário do usuário? Se sim, por favor, digite o número que se segue e, em seguida, clique em OK.</string>
  <string name="setting_error_sync_service_inactive">O serviço de sistema não está habilitado, não é possível concluir a operação.</string>
  <string name="sign_up_url">https://www.google.com/accounts/NewAccount</string>
  <string name="setting_update_time">Última atualização:</string>
  <string name="setting_sync_time">Última sincronização:</string>
  <string name="setting_year">Ano</string>
  <string name="setting_month">Mês</string>
  <string name="setting_day">Dia</string>
  <string name="setting_hour">Hora</string>
  <string name="setting_minute">Minuto</string>
  <string name="setting_second">Segundo</string>
  <string name="setting_sync_error">Falha na sincronização</string>
  <string name="setting_sync_ongoing">Sincronizando...</string>
  <string name="setting_update_error">Falha na atualização</string>
  <string name="setting_update_ongoing">Atualizando...</string>
  <string name="privacy_url">http://m.google.com/static/pt-BR/privacy.html</string>
  <string name="tos_url">http://m.google.com/tospage?dc=gorganic&hl=pt_BR</string>
  <string name="setting_privacy_key">setting_privacy_key</string>
  <string name="setting_tos_key">setting_tos_key</string>
  <string name="setting_about_key">setting_about_key</string>
  <string name="setting_privacy_title">Política de privacidade</string>
  <string name="setting_tos_title">Termos de serviço</string>
  <string name="setting_about_title">Sobre</string>
  <string name="setting_about_version_title">Versão atual:</string>
  <string name="setting_about_loading_title">Carregando...</string>
  <string name="touch_to_continue">Continuar»</string>
  <string name="touch_to_finish">Toque para finalizar</string>
  <string name="default_device_name">Android</string>
  <string name="next_button_label">Próximo passo</string>
  <string name="back_button_label">Voltar</string>
  <string name="skip_button_label">Pular</string>
  <string name="done_button_label">Concluir</string>
  <string name="keyboard_tutorial_title">Usar o teclado na tela</string>
  <string name="open_the_keyboard">Toque em qualquer campo de texto.</string>
  <string name="close_the_keyboard">Pressione a tecla "enter".</string>
  <string name="sync">Nas configurações de teclado para ligar ou desligar as capacidades de sincronização do dicionário do usuário.</string>
  <string name="keyboard_settings">Toque e segure a tecla.</string>
</resources>
