<?xml version="1.0" encoding="utf-8"?>
<!--Generated by crowdin.net-->
<resources>
  <string name="app_label">Messaging</string>
  <string name="new_message">Nova mensagem</string>
  <string name="create_new_message">Compor nova mensagem</string>
  <string name="menu_call_back">Chamada %s</string>
  <string name="menu_send_email">Enviar e-mail para %s</string>
  <string name="menu_compose_new">Compose</string>
  <string name="menu_preferences">Settings</string>
  <string name="menu_add_address_to_contacts">Adicionar %s aos Contatos</string>
  <string name="menu_call">Call</string>
  <string name="menu_delete_all">Excluir conversas</string>
  <string name="menu_delete">Delete thread</string>
  <string name="menu_undelivered_messages">Mensagens não entregues</string>
  <string name="menu_view">Ver conversa</string>
  <string name="refreshing">Atualizando...</string>
  <string name="has_draft">Rascunho</string>
  <string name="broadcast_from_to">%1$s para %2$s</string>
  <string name="anonymous_recipient">Anônimo</string>
  <string name="no_subject_view">(No subject)</string>
  <string name="messagelist_sender_self">Me</string>
  <string name="view_picture">View picture</string>
  <string name="view_slideshow">Ver slideshow</string>
  <string name="view_message_details">Ver detalhes da mensagem</string>
  <string name="view_delivery_report">Ver relatório</string>
  <string name="delete_message">Excluir a mensagem</string>
  <string name="sent_on">Enviado: %s</string>
  <string name="expire_on">Expira: %s</string>
  <string name="kilobyte">KB</string>
  <string name="undelivered_msg_dialog_title">Mensagens não entregues</string>
  <string name="undelivered_msg_dialog_body">Incapaz de enviar esta mensagem.\nTentativa realizada: %s.</string>
  <string name="undelivered_sms_dialog_body">Incapaz de enviar esta mensagem.</string>
  <string name="delete_thread">Delete thread</string>
  <string name="menu_forward">Forward</string>
  <string name="download">Baixar</string>
  <string name="downloading">Baixando</string>
  <string name="name_colon">:\u0020</string>
  <string name="inline_subject"><Subject: %s></string>
  <string name="drm_protected_text">* texto protegido por DRM *</string>
  <string name="insufficient_drm_rights">Direitos de DRM insuficientes.</string>
  <string name="copy_message_text">Copiar texto da mensagem</string>
  <string name="message_options">Opções de mensagem</string>
  <string name="done">Done</string>
  <string name="move_up">Mover para cima</string>
  <string name="move_down">Mover para baixo</string>
  <string name="remove_slide">Remover slide</string>
  <string name="add_slide">Adicionar slide</string>
  <string name="add_slide_hint">Selecione para criar novo slide</string>
  <string name="discard_slideshow">Descartar slideshow</string>
  <string name="slide_show_part">Parte %1$s/%2$s</string>
  <string name="remove_text">Remover texto</string>
  <string name="add_picture">Adicionar imagem</string>
  <string name="remove_picture">Remover imagem</string>
  <string name="add_music">Adicionar música</string>
  <string name="remove_music">Remover música</string>
  <string name="add_video">Adicionar vídeo</string>
  <string name="remove_video">Remover vídeo</string>
  <string name="compose_title">Compose</string>
  <string name="to_hint">Para</string>
  <string name="subject_hint">Assunto</string>
  <string name="add_attachment">Attach</string>
  <string name="add_subject">Adicionar assunto</string>
  <string name="discard">Discard</string>
  <string name="view">View</string>
  <string name="replace">Replace</string>
  <string name="remove">Remove</string>
  <string name="send">Send</string>
  <string name="mms">MMS</string>
  <string name="all_threads">Todos as Mensagens</string>
  <string name="type_to_compose_text_enter_to_send">Escrever Mensagem</string>
  <string name="open_keyboard_to_compose_message">Abrir teclado para escrever mensagem</string>
  <string name="image_too_large">Imagem muito grande</string>
  <string name="ask_for_automatically_resize">Redimensionar imagem antes de enviar?</string>
  <string name="compressing">Imagem muito grande. Compactando</string>
  <string name="unsupported_media_format">Formato %1$s não suportado</string>
  <string name="select_different_media">Por Favor, selecione uma diferente %1$s</string>
  <string name="exceed_message_size_limitation">Tamanho máximo da mensagem atingido</string>
  <string name="message_too_big_for_video">Esta mensagem é muito grande para adicionar um vídeo.</string>
  <string name="failed_to_add_media">Desculpe, não é possível adicionar este %1$s à mensagem</string>
  <string name="failed_to_resize_image">Imagem não redimensionada</string>
  <string name="resize_image_error_information">Desculpe, mesmo redimensionando a imagem é muito grande.</string>
  <string name="forward_prefix">Fwd:\u0020</string>
  <string name="discard_message">Discard</string>
  <string name="discard_message_reason">Sua mensagem foi descartada pois não há destinatário válido.</string>
  <string name="has_invalid_recipient">Destinatário(s) Inválido: <%1$s></string>
  <string name="invalid_destination">Você digitou um endereço errado.</string>
  <string name="invalid_recipient_message">Por favor, corrija o(s) destinatário(s) ou eles não receberão a mensagem.</string>
  <string name="cannot_send_message">Não é possível enviar esta mensagem</string>
  <string name="cannot_send_message_reason">Sua mensagem não tem destinatários válidos.</string>
  <string name="cannot_forward_drm_obj">O objeto DRM incluído na mensagem não pode ser encaminhado.</string>
  <string name="converting_to_picture_message">Convertendo para mensagem multimídia...</string>
  <string name="converting_to_text_message">Convertendo para mensagem de texto...</string>
  <string name="cannot_add_slide_anymore">Não é possível adicionar mais slides.</string>
  <string name="cannot_add_picture_and_video">Não é possível adicionar vídeo e imagem em um slide.</string>
  <string name="cannot_save_message">Não é possível salvar a mensagem.</string>
  <string name="cannot_load_message">Não é possível carregar a mensagem.</string>
  <string name="message_saved_as_draft">Mensagem salva como rascunho.</string>
  <string name="locked_message_cannot_be_deleted">Mensagem bloqueada não pode ser excluída.</string>
  <string name="too_many_recipients">Esta mensagem tem muitos destinatários (%1$s). Há um limite de %2$s destinatários.</string>
  <string name="too_many_attachments">Há um limite de %1$s anexos. Somente os primeiros %2$s serão adicionados.</string>
  <string name="adding_attachments_title">Adicionando anexos</string>
  <string name="adding_attachments">Por favor, aguarde enquanto os itens são adicionados ao slideshow.</string>
  <string name="multiple_recipients">%1$s destinatários</string>
  <string name="cannot_play_audio">Não é possível reproduzir o áudio.</string>
  <string name="preview">Preview</string>
  <string name="preview_slideshow">Preview</string>
  <string name="replace_image">Substituir imagem</string>
  <string name="duration_sec">Duração (%s seg)</string>
  <string name="duration_selector_title">Duração do slide\u0020</string>
  <string name="layout_selector_title">Layout do Slideshow\u0020</string>
  <string name="layout_top">Layout (topo)</string>
  <string name="layout_bottom">Layout (inferior)</string>
  <string name="type_to_compose_text_or_leave_blank">Escreva para compor texto ou deixe em branco</string>
  <string name="duration_not_a_number">Duração deve ser um número</string>
  <string name="duration_zero">Duração deve ser maior que zero segundos</string>
  <string name="secs">seg</string>
  <string name="menu_view_contact">View contact</string>
  <string name="menu_add_to_contacts">Add to Contacts</string>
  <string name="hidden_sender_address">Ocultar endereço do remetente</string>
  <string name="yes">OK</string>
  <string name="no">Cancel</string>
  <string name="set">Set</string>
  <string name="play">Play</string>
  <string name="edit">Edit</string>
  <string name="resize">Redimensionar</string>
  <string name="try_to_send">Tentando enviar</string>
  <string name="preferences_title">Settings</string>
  <string name="restore_default">Restaurar configurações padrão</string>
  <string name="pref_notification_settings_title">Configurações de notificação</string>
  <string name="pref_mms_settings_title">Configurações de mensagem multimídia (MMS)</string>
  <string name="pref_sms_settings_title">Configurações de mensagem de texto (SMS)</string>
  <string name="pref_sms_storage_title">Storage settings</string>
  <string name="pref_summary_manage_sim_messages">Gerenciar mensagens armazenadas no cartão SIM</string>
  <string name="pref_summary_mms_delivery_reports">Request a delivery report for each message you send</string>
  <string name="pref_summary_mms_read_reports">Solicitar comprovação de leitura a cada mensagem enviada</string>
  <string name="pref_summary_sms_delivery_reports">Request a delivery report for each message you send</string>
  <string name="pref_summary_auto_delete">Apagar mensagens antigas quando o limite for atingido</string>
  <string name="pref_summary_delete_limit">%1$s mensagens por conversação</string>
  <string name="pref_title_manage_sim_messages">Gerenciar mensagens do cartão SIM</string>
  <string name="pref_title_mms_delivery_reports">Delivery reports</string>
  <string name="pref_title_mms_read_reports">Relatórios de leitura</string>
  <string name="pref_title_sms_delivery_reports">Delivery reports</string>
  <string name="pref_title_auto_delete">Apagar as mensagens antigas</string>
  <string name="pref_title_sms_delete">Limite de mensagem de texto</string>
  <string name="pref_title_mms_delete">Limite de mensagens multimídia</string>
  <string name="pref_title_popup_enabled">Janela de informações pop-up</string>
  <string name="pref_summary_popup_enabled">Exibir na tela inicial quando a janela pop-up de mensagens exibe o conteúdo da informação</string>
  <string name="pref_title_notification_enabled">Notifications</string>
  <string name="pref_summary_notification_enabled">Exibir notificações de mensagem na barra de status</string>
  <string name="pref_title_notification_vibrateWhen">Vibrate</string>
  <string name="pref_summary_notification_vibrateWhen">Também vibrar quando notificado</string>
  <string name="pref_title_notification_ringtone">Selecionar ringtone</string>
  <string name="pref_messages_to_save">Definir o número de mensagens para salvar</string>
  <string name="prefDefault_vibrateWhen">never</string>
  <string name="prefDefault_vibrate_true">always</string>
  <string name="prefDefault_vibrate_false">never</string>
  <string name="prefDialogTitle_vibrateWhen">Vibrate</string>
  <string name="pref_title_mms_auto_retrieval">Auto-recuperar</string>
  <string name="pref_summary_mms_auto_retrieval">Recuperar mensagens automaticamente</string>
  <string name="pref_title_mms_retrieval_during_roaming">Auto-recuperação em roaming</string>
  <string name="pref_summary_mms_retrieval_during_roaming">Recuperar automaticamente mensagens enquanto em roaming</string>
  <string name="to_label">Para\u0020</string>
  <string name="confirm_dialog_title">Delete</string>
  <string name="confirm_dialog_locked_title">Excluir a mensagem bloqueada?</string>
  <string name="confirm_delete_conversation">The entire thread will be deleted.</string>
  <string name="confirm_delete_all_conversations">Todas as conversações serão excluídas.</string>
  <string name="confirm_delete_message">A mensagem será excluída.</string>
  <string name="confirm_delete_locked_message">Você tem certeza que quer apagar esta mensagem bloqueada?</string>
  <string name="confirm_delete_all_messages">The entire thread will be deleted.</string>
  <string name="confirm_delete_all_SIM_messages">Todas as mensagens no cartão SIM serão apagados.</string>
  <string name="confirm_delete_SIM_message">Esta mensagem no cartão SIM será eliminado.</string>
  <string name="delete_unlocked">Excluir mensagens bloqueadas</string>
  <string name="delete">Delete</string>
  <string name="cannot_get_details">Não é possível obter detalhes</string>
  <string name="message_details_title">Detalhes da mensagem</string>
  <string name="message_type_label">Tipo:\u0020</string>
  <string name="text_message">Mensagem de texto</string>
  <string name="multimedia_message">Mensagem multimídia</string>
  <string name="multimedia_notification">Notificação de mensagem multimídia</string>
  <string name="from_label">De: \u0020</string>
  <string name="to_address_label">Para: \u0020</string>
  <string name="bcc_label">Cco:\u0020</string>
  <string name="sent_label">Enviado:\u0020</string>
  <string name="received_label">Recebido: \u0020</string>
  <string name="saved_label">Salvo: \u0020</string>
  <string name="subject_label">Assunto:\u0020</string>
  <string name="message_size_label">Tamanho da Mensagem: \u0020</string>
  <string name="priority_label">Prioridade: \u0020</string>
  <string name="priority_high">High</string>
  <string name="priority_normal">Normal</string>
  <string name="priority_low">Low</string>
  <string name="message_class_label">Classe da Mensagem:\u0020</string>
  <string name="error_code_label">Erro código: \u0020</string>
  <string name="menu_edit">Edit</string>
  <string name="menu_retry_sending">Tente enviar novamente</string>
  <string name="menu_retry_sending_all">Tentando reenviar todas</string>
  <string name="menu_delete_messages">Apagar mensagem</string>
  <string name="retrying_dialog_body">Esta mensagem %s não foi enviada devido a um problema de conexão. \nTentando reenvio…</string>
  <string name="menu_lock">Bloquear mensagem</string>
  <string name="menu_unlock">Desbloquear Mensagem</string>
  <string name="sim_copy_to_phone_memory">Copiar para memória do telefone</string>
  <string name="sim_delete">Delete</string>
  <string name="sim_manage_messages_title">Mensagens de texto no cartão SIM</string>
  <string name="sim_view">View</string>
  <string name="sim_empty">Nenhuma mensagem no cartão SIM.</string>
  <string name="delivery_header_title">Relatar</string>
  <string name="status_none">(Nenhum)</string>
  <string name="status_pending">Pendente</string>
  <string name="status_read">Ler</string>
  <string name="status_received">Recebido</string>
  <string name="status_failed">Unsuccessful</string>
  <string name="status_unread">Não lidas</string>
  <string name="status_rejected">Rejeitado</string>
  <string name="recipient_label">Recipiente:\u0020</string>
  <string name="status_label">Estado:\u0020</string>
  <string name="attach_image">Pictures</string>
  <string name="attach_take_photo">Capture picture</string>
  <string name="attach_video">Vídeos</string>
  <string name="attach_record_video">Capture video</string>
  <string name="attach_sound">Audio</string>
  <string name="attach_record_sound">Gravar áudio</string>
  <string name="attach_slideshow">Slideshow</string>
  <string name="select_bottom_text">Texto na parte inferior</string>
  <string name="select_top_text">Texto na parte superior</string>
  <string name="delivery_toast_body">Mensagem recebida por %s</string>
  <string name="notification_multiple">%s mensagens não lidas.</string>
  <string name="notification_multiple_title">Novas mensagens</string>
  <string name="notification_failed_multiple">%s mensagens não puderam ser enviadas.</string>
  <string name="notification_failed_multiple_title">Mensagens não enviadas</string>
  <string name="sim_full_title">Cartão SIM está cheio</string>
  <string name="sim_full_body">Apague algumas mensagens para liberar espaço para outras.</string>
  <string name="sms_full_title">Memória de texto de mensagens cheio</string>
  <string name="sms_full_body">Uma mensagem foi rejeitada devido a memória cheia. Por favor, apague mensagens antigas.</string>
  <string name="sms_rejected_title">Mensagem de texto rejeitada</string>
  <string name="sms_rejected_body">Uma mensagem foi rejeitada devido a motivo desconhecido.</string>
  <string name="type_audio">áudio</string>
  <string name="type_picture">imagem</string>
  <string name="type_video">vídeo</string>
  <string name="confirm">Confirm</string>
  <string name="message_send_read_report">Uma confirmação de leitura será enviada.</string>
  <string name="message_queued">Atualmente não é possível enviar sua mensagem. Ela será enviada quando o serviço ficar disponível.</string>
  <string name="no_subject">(No subject)</string>
  <string name="unknown_sender">Remetente desconhecido</string>
  <string name="dl_failure_notification">O download de mensagem %1$ s de %2$ s não teve êxito.</string>
  <string name="dl_expired_notification">Esta mensagem expirou e será excluída.</string>
  <string name="rate_limit_surpassed">Confirm</string>
  <string name="confirm_rate_limit">Um grande número de mensagens multimídia está sendo enviado. OK?</string>
  <string name="message_download_failed_title">Mensagem não baixada</string>
  <string name="message_send_failed_title">Mensagem não enviada</string>
  <string name="message_failed_body">Selecione esta opção para rever a mensagem e tente novamente.</string>
  <string name="download_later">Atualmente não é possível fazer o download. Por favor, tente novamente mais tarde.</string>
  <string name="select_audio">Selecione áudio</string>
  <string name="copy_to_sdcard">Cópia anexada para cartão SD</string>
  <string name="copy_to_sdcard_success">Anexo copiado para cartão SD</string>
  <string name="copy_to_sdcard_fail">Falha ao copiar o anexo para o cartão SD</string>
  <string name="save_ringtone">Salvar como ringtone</string>
  <string name="saved_ringtone">Ringtone salvo</string>
  <string name="saved_ringtone_fail">Falha ao salvar ringtone</string>
  <string name="menu_insert_smiley">Inserir Emoticon</string>
  <string name="select_link_title">Selecione a ação</string>
  <string name="slide_number">Deslize %s</string>
  <string name="delivery_report_activity">Relatório de entrega</string>
  <string name="storage_limits_activity">Limites de armazenamento</string>
  <string name="add_attachment_activity">Adicione anexo:</string>
  <string name="select_layout_activity">Selecione o layout</string>
  <string name="change_duration_activity">Alterar a duração</string>
  <string name="edit_text_activity">Edit text</string>
  <string name="edit_slideshow_activity">Editar slideshow</string>
  <string name="edit_slide_activity">Editar slide</string>
  <string name="pick_numbers_activity">Escolha os números</string>
  <string name="slideshow_activity">Slideshow</string>
  <string name="popup_activity">Janela de resposta rápida</string>
  <string name="popup_btn_send">responder</string>
  <string name="class_0_message_activity">Mensagem de classe 0</string>
  <string name="send_using_mms_activity">Enviar como mensagem multimídia...</string>
  <string name="select_contact_method_activity">Selecione o Método de Contato</string>
  <string name="search_label">Messaging</string>
  <string name="search_hint">Pesquisa de mensagens</string>
  <string name="search">Messaging</string>
  <string name="search_setting_description">Texto em suas mensagens</string>
  <string name="search_empty">No matches</string>
  <string name="search_history">%1$s resultados para \"%2$s\"</string>
  <string name="confirm_clear_search_title">Clear</string>
  <string name="confirm_clear_search_text">Histórico de pesquisa será apagado.</string>
  <string name="pref_mms_clear_search_history_title">Apagar histórico de pesquisa</string>
  <string name="pref_mms_clear_search_history_summary">Retire procuras de mensagens anteriores de mostrar na caixa de pesquisa</string>
  <string name="save">Save</string>
  <string name="storage_limits_title">Limitar mensagens</string>
  <string name="storage_limits_message">Você deseja limitar o número de mensagens que você salva por conversa?</string>
  <string name="storage_limits_setting">Definir limites</string>
  <string name="storage_limits_setting_dismiss">Sem limites</string>
  <string name="too_many_unsent_mms">Não é possivel enviar a mensagem agora. Existem muitas mensagens multimídia não enviadas.</string>
  <string name="me">Me</string>
  <string name="sending_message">Enviando...</string>
  <string name="bookmark_sms">SMS Favoritos</string>
  <string name="bookmark_sms_message">Tem mensagens de texto em favoritos...</string>
  <string name="recent_conversation">conversas recentes</string>
  <string name="contacts">contatos</string>
  <string name="sms_bookmark">favoritos</string>
  <string name="sms_push">Pressione</string>
  <string name="forward_from_format">Transferindo %s de %s</string>
  <string name="msg_forward_from_format">- Transferência: %s</string>
  <string name="forward_count_format">Encaminhar %d vezes</string>
  <string name="recipient_count_format">Total de %d pessoas</string>
  <string name="notification_color_title">Escolha uma cor</string>
  <string name="notification_color_summary">Cor do LED para novas notificações</string>
  <string name="group_msg_contact_title">%s enviado para: %s</string>
  <string name="sms_bookmark_welcome">Você tem mensagens de texto sem favoritos, em uma mensagem de texto único longa após o ponto em "mensagens de texto favorito" pode ser adicionado aqui</string>
  <string name="mms_increase_font_size">Zoom de texto</string>
  <string name="mms_decrease_font_size">Texto pequeno</string>
  <string name="mms_reading_mode_day">Modo dia</string>
  <string name="mms_reading_mode_night">Modo noite</string>
  <string name="menu_patch_delete">Excluir a sessão</string>
  <string name="btn_done">Excluir</string>
  <string name="btn_cancel">Cancelar</string>
  <string name="pref_title_forward_contact">Fonte de encaminhar</string>
  <string name="pref_summary_forward_contact">Definir informações adicionais para as fontes de encaminhamento</string>
  <string name="save_image">Salvar imagem</string>
  <string name="mms_image_folder_name">Fotos MMS</string>
  <string name="mms_image_saved_successfully">Imagens salvas com êxito</string>
  <string name="mms_image_saving_failed">Falha ao salvar a imagem, por favor, verifique se o SD está disponível</string>
  <string name="festival_sms_category_count_format">(%s)</string>
  <string name="festival_msg_loading">Carregando...</string>
  <string name="festival_sms_push">Recomendado</string>
  <string name="menu_group_sending">Mensagem em grupo</string>
  <string name="miui_push">MIUI recomendado</string>
  <string name="pushed_sms_category">SMS</string>
  <string name="converstaion_list_tile">SMS</string>
  <string name="conversations_count_format">(%d)</string>
  <string name="quick_sms_to">Enviada para %s</string>
  <string name="popup_sms_deleted">Mensagem excluída</string>
  <string name="pref_set_font_size">Definir o tamanho do texto</string>
  <string name="pref_summery_set_font_size">Definir o tamanho do texto de exibição da mensagem</string>
  <string name="menu_batch_delete">Exclusão em massa</string>
  <string name="batch_delete_confirm_dialog_title">Apagar Todas</string>
  <string name="batch_delete_confrom_dialog_message">Apagar mensagem</string>
  <string name="btn_delete_with_number">Excluir %d</string>
</resources>
