<?xml version="1.0" encoding="utf-8"?>
<!--Generated by crowdin.net-->
<resources>
  <string name="contactsIconLabel">Contacts</string>
  <string name="contactsFavoritesLabel">Favorites</string>
  <string name="dialerIconLabel">Discador</string>
  <string name="emergencyDialerIconLabel">Discador de emergência</string>
  <string name="phoneIconLabel">Phone</string>
  <string name="recentCallsIconLabel">Call log</string>
  <string name="fdnListLabel">FDN list</string>
  <string name="unknown">Unknown</string>
  <string name="private_num">Private number</string>
  <string name="payphone">Pay phone</string>
  <string name="onHold">On hold</string>
  <string name="ongoing">Current call</string>
  <string name="callFailed_userBusy">Linha ocupada</string>
  <string name="callFailed_congestion">Rede ocupada</string>
  <string name="callFailed_noSignal">Sem sinal</string>
  <string name="callFailed_limitExceeded">Limite de ACM excedido</string>
  <string name="callFailed_powerOff">Radio off</string>
  <string name="callFailed_simError">Sem SIM, ou SIM com erro</string>
  <string name="callFailed_outOfService">Fora da área de serviço</string>
  <string name="callFailed_fdn_only">As chamadas enviadas são restringidas pelo FDN.</string>
  <string name="callFailed_cb_enabled">Você não pode fazer chamadas enquanto o bloqueio de chamadas estiver ativado.</string>
  <string name="callFailed_dsac_restricted">Todas as chamada são restringidas pelo controle de acesso.</string>
  <string name="callFailed_dsac_restricted_emergency">As chamadas de emergência são restringidas pelo controle de acesso.</string>
  <string name="callFailed_dsac_restricted_normal">As chamadas normais são restringidas pelo controle de acesso.</string>
  <string name="callFailed_cdma_lockedUntilPowerCycle">CDMA: Telefone bloqueado até ser carregado</string>
  <string name="callFailed_cdma_drop">CDMA: Ligação Interrompida</string>
  <string name="callFailed_cdma_intercept">CDMA: Ligação Interceptada</string>
  <string name="callFailed_cdma_reorder">CDMA: Reordenamento.</string>
  <string name="callFailed_cdma_SO_reject">CDMA: Opção de Rejeitar Serviço.</string>
  <string name="callFailed_cdma_retryOrder">CDMA: Repetir Ordem.</string>
  <string name="callFailed_cdma_accessFailure">CDMA: Falha no Acesso</string>
  <string name="callFailed_cdma_preempted">CDMA: Interrompido.</string>
  <string name="callFailed_cdma_notEmergency">Permitidas somente chamadas de Emergência.</string>
  <string name="confCall">Conference call</string>
  <string name="call_lost">A chamada foi perdida.</string>
  <string name="retry">Retry</string>
  <string name="call_lost_title">Chamada Perdida.</string>
  <string name="mmiStarted">Código MMI iniciado</string>
  <string name="ussdRunning">Código USSD em execução…</string>
  <string name="mmiCancelled">Código MMI cancelado</string>
  <string name="cancel">Cancel</string>
  <string name="menu_rejectCallAndSms">Rejeitar Ligação e Responder com SMS.</string>
  <string name="menu_speaker">Speaker</string>
  <string name="menu_bluetooth">Bluetooth</string>
  <string name="menu_mute">Mute</string>
  <string name="menu_hold">Hold</string>
  <string name="menu_endCall">Terminar Ligação.</string>
  <string name="menu_swapCalls">Trocar Chamada.</string>
  <string name="menu_mergeCalls">Merge calls</string>
  <string name="menu_addCall">Add call</string>
  <string name="menu_manageConference">Gerenciar chamada em conferência.</string>
  <string name="menu_showDialpad">Mostrar Teclado</string>
  <string name="menu_hideDialpad">Esconder Teclado</string>
  <string name="menu_answerAndHold">Reter a chamada atual e\n& atender</string>
  <string name="menu_answerAndEnd">Terminar a chamada atual e\n& atender</string>
  <string name="ok">OK</string>
  <string name="menuButtonKeyboardDialHint">Pressione Menu para opções de chamada \u0020• \u0020Use o teclado para discar</string>
  <string name="menu_answer">Answer</string>
  <string name="menu_ignore">Ignorar</string>
  <string name="wait_prompt_str">"Enviar os toques a seguir?
"</string>
  <string name="pause_prompt_str">"Enviando tons
"</string>
  <string name="send_button">Send</string>
  <string name="pause_prompt_yes">Yes</string>
  <string name="pause_prompt_no">No</string>
  <string name="wild_prompt_str">Substitua o caractere curinga por</string>
  <string name="no_vm_number">Número da caixa postal ausente</string>
  <string name="no_vm_number_msg">Não há um número caixa postal armazenado no cartão SIM.</string>
  <string name="add_vm_number_str">Adicionar número</string>
  <string name="dialer_emptyListWorking">Carregando...</string>
  <string name="enterPin">Digitar PIN para desbloqueio do SIM.</string>
  <string name="pinUnlocked">SIM desbloqueado</string>
  <string name="enterNewPin">Novo Código PIN </string>
  <string name="verifyNewPin">Digite novo código PIN para confirmar</string>
  <string name="verifyFailed">O novo código PIN que você digitou não bate. Por favor, tente de novo</string>
  <string name="enterPuk">Digite o PUK para desbloquear SIM</string>
  <string name="badPuk">PUK incorreto</string>
  <string name="buttonTxtContinue">Continue</string>
  <string name="puk_unlocked">O seu cartão SIM foi desbloqueado. O seu telefone está desbloqueando…</string>
  <string name="label_ndp">PIN de desbloqueio da rede SIM</string>
  <string name="sim_ndp_unlock_text">Unlock</string>
  <string name="sim_ndp_dismiss_text">Dismiss</string>
  <string name="requesting_unlock">Solicitando o desbloqueio de rede…</string>
  <string name="unlock_failed">Falha na solicitação de desbloqueio de rede.</string>
  <string name="unlock_success">Desbloqueio de rede bem-sucedido.</string>
  <string name="imei">IMEI</string>
  <string name="meid">MEID</string>
  <string name="labelGSMMore">Configurações de Ligação GSM</string>
  <string name="labelCDMAMore">Configurações de chamada CDMA</string>
  <string name="apn_settings">Lista de APNs</string>
  <string name="settings_label">Configurações de rede</string>
  <string name="voicemail">Voicemail</string>
  <string name="voicemail_abbreviated">CP:</string>
  <string name="networks">Operadoras de rede</string>
  <string name="call_settings">Call settings</string>
  <string name="additional_gsm_call_settings">Configurações adicionais</string>
  <string name="sum_gsm_call_settings">Configurações adicionais somente de chamada CDMA</string>
  <string name="additional_cdma_call_settings">Configuração de chamada CDMA adicionais</string>
  <string name="sum_cdma_call_settings">Configurações adicionais somente de chamada CDMA</string>
  <string name="labelNwService">Configuração de Serviços de Rede</string>
  <string name="labelCallerId">ID da chamada</string>
  <string name="sum_hide_caller_id">Número oculto nas chamadas enviadas</string>
  <string name="sum_show_caller_id">Número exibido nas chamadas enviadas</string>
  <string name="sum_default_caller_id">Usar configurações padrão da operadora para exibir meu número em chamadas efetuadas</string>
  <string name="labelCW">Chamada em espera</string>
  <string name="sum_cw_enabled">During a call, notify me of incoming calls</string>
  <string name="sum_cw_disabled">During a call, notify me of incoming calls</string>
  <string name="call_forwarding_settings">Configurações de encaminhamento de chamada</string>
  <string name="labelCF">Encaminhamento</string>
  <string name="labelCFU">Sempre encaminhar</string>
  <string name="messageCFU">Sempre usar esse número</string>
  <string name="sum_cfu_enabled_indicator">Encaminhando todas as chamadas</string>
  <string name="sum_cfu_enabled">Encaminhando todas as chamadas para {0}</string>
  <string name="sum_cfu_enabled_no_number">Número indisponível</string>
  <string name="sum_cfu_disabled">Disabled</string>
  <string name="labelCFB">Enc. quando ocupado</string>
  <string name="messageCFB">Número quando ocupado</string>
  <string name="sum_cfb_enabled">Forwarding to {0}</string>
  <string name="sum_cfb_disabled">Disabled</string>
  <string name="disable_cfb_forbidden">A sua operadora não suporta a desativação do encaminhamento de chamada quando o seu telefone estiver ocupado.</string>
  <string name="labelCFNRy">Enc. se não atendido</string>
  <string name="messageCFNRy">Número quando sem resposta</string>
  <string name="sum_cfnry_enabled">Forwarding to {0}</string>
  <string name="sum_cfnry_disabled">Disabled</string>
  <string name="disable_cfnry_forbidden">A sua operadora não suporta a desativação do encaminhamento de chamada quando o seu telefone não responder.</string>
  <string name="labelCFNRc">Enc. se não acessível</string>
  <string name="messageCFNRc">Número quando inacessível</string>
  <string name="sum_cfnrc_enabled">Forwarding to {0}</string>
  <string name="sum_cfnrc_disabled">Disabled</string>
  <string name="disable_cfnrc_forbidden">A sua operadora não suporta a desativação do encaminhamento de chamada quando o seu telefone não estiver acessível.</string>
  <string name="updating_title">Call settings</string>
  <string name="error_updating_title">Erro de configuração da chamada</string>
  <string name="reading_settings">Lendo as configurações…</string>
  <string name="updating_settings">Atualizando configurações…</string>
  <string name="reverting_settings">Revertendo configurações…</string>
  <string name="response_error">Resposta inesperada da rede.</string>
  <string name="exception_error">Erro de rede ou do cartão SIM.</string>
  <string name="radio_off_error">Ative o rádio antes de ver essas configurações.</string>
  <string name="close_dialog">OK</string>
  <string name="enable">Enable</string>
  <string name="disable">Disable</string>
  <string name="change_num">Update</string>
  <string name="vm_save_number">Salvar o número de correio de voz</string>
  <string name="vm_changed">Número da caixa postal alterado.</string>
  <string name="vm_change_failed">"Falha na alteração do número da caixa postal.
Entre em contato com a sua operadora se este problema continuar."</string>
  <string name="fw_change_failed">"Falha na alteração do número de encaminhamento.
Entre em contato com a sua operadora se este problema continuar."</string>
  <string name="fw_get_in_vm_failed">"Falha ao recuperar e salvar as configurações atuais de números de encaminhamento.
Deseja mudar para a nova operadora mesmo assim?"</string>
  <string name="no_change">Nenhuma alteração foi feita.</string>
  <string name="sum_voicemail_choose_provider">Escolha o serviço de Caixa Postal</string>
  <string name="voicemail_default">Minha Operadora</string>
  <string name="mobile_networks">Configurações de rede para celular</string>
  <string name="label_available">Redes disponíveis</string>
  <string name="load_networks_progress">Pesquisando...</string>
  <string name="empty_networks_list">Nenhuma rede encontrada.</string>
  <string name="search_networks">Pesquisar redes</string>
  <string name="network_query_error">Erro ao pesquisar redes.</string>
  <string name="register_on_network">Registrando na %s…</string>
  <string name="not_allowed">O seu cartão SIM não permite uma conexão com esta rede.</string>
  <string name="connect_later">Não é possível conectar a esta rede no momento. Tente novamente mais tarde.</string>
  <string name="registration_done">Registrado na rede.</string>
  <string name="sum_carrier_select">Select a network operator</string>
  <string name="sum_search_networks">Pesquisar todas as redes disponíveis</string>
  <string name="select_automatically">Selecionar automaticamente</string>
  <string name="sum_select_automatically">Selecionar automaticamente a rede preferida</string>
  <string name="register_automatically">Registro automático...</string>
  <string name="preferred_network_mode_title">Modo de rede</string>
  <string name="preferred_network_mode_summary">Alterar o modo de operação de rede</string>
  <string name="preferred_network_mode_dialogtitle">Modo de rede de preferência</string>
  <string name="data_enabled">Dados ativados</string>
  <string name="data_enable_summary">Ativar acesso a dados pela rede móvel</string>
  <string name="roaming">Roaming de dados</string>
  <string name="roaming_enable">Connect to data services when roaming</string>
  <string name="roaming_disable">Connect to data services when roaming</string>
  <string name="roaming_reenable_message">You have lost data connectivity because you left your home network with data roaming turned off.</string>
  <string name="roaming_warning">Allow data roaming? You may incur significant roaming charges!</string>
  <string name="gsm_umts_options">Opções GSM/UMTS</string>
  <string name="cdma_options">Opções CDMA</string>
  <string name="throttle_data_usage">Uso de dados</string>
  <string name="throttle_settings_title">Política de Dados da Operadora</string>
  <string name="throttle_current_usage">Uso de dados no período atual</string>
  <string name="throttle_time_frame">Período de uso de dados</string>
  <string name="throttle_rate">Política de taxa de dados</string>
  <string name="throttle_help">Saiba mais</string>
  <string name="throttle_status_subtext">"%1$s (%2$d٪) de %3$s do período máximo
Próximo perído começa em %4$d dias (%5$s)"</string>
  <string name="throttle_data_usage_subtext">%1$s (%2$d٪) de %3$s do período máximo</string>
  <string name="throttle_data_rate_reduced_subtext">"Máximo de %1$s excedido
Taxa de dados reduzida para %2$d Kb/s"</string>
  <string name="throttle_time_frame_subtext">"%1$d٪ do ciclo expirou
O próximo período começa em %2$d dias (%3$s)"</string>
  <string name="throttle_rate_subtext">Taxa de dados reduzida para %1$d Kb/s se o limite de uso de dados for excedido</string>
  <string name="throttle_help_subtext">Mais informações sobre a política de uso de dados da rede móvel da sua operadora</string>
  <string name="cdma_cell_broadcast_sms">Cell Broadcast SMS</string>
  <string name="cell_broadcast_sms">Cell Broadcast SMS</string>
  <string name="enable_disable_cell_bc_sms">Cell Broadcast SMS</string>
  <string name="cell_bc_sms_enable">SMS de difusão celular ativado</string>
  <string name="cell_bc_sms_disable">SMS de difusão celular desativado</string>
  <string name="cb_sms_settings">Configurações de SMS de difusão celular</string>
  <string name="enable_disable_emergency_broadcast">Difusão de emergência</string>
  <string name="emergency_broadcast_enable">Difusão de emergência ativada</string>
  <string name="emergency_broadcast_disable">Difusão de emergência desativada</string>
  <string name="enable_disable_administrative">Administrativo</string>
  <string name="administrative_enable">Administrativo ativado</string>
  <string name="administrative_disable">Administrativo desativado</string>
  <string name="enable_disable_maintenance">Manutenção</string>
  <string name="maintenance_enable">Manutenção ativada</string>
  <string name="maintenance_disable">Manutenção desativada</string>
  <string name="general_news_settings">Notícias gerais</string>
  <string name="bf_news_settings">Notícias de negócios e finanças</string>
  <string name="sports_news_settings">Notícias de esporte</string>
  <string name="entertainment_news_settings">Notícias de entretenimento</string>
  <string name="enable_disable_local">Local</string>
  <string name="local_enable">Notícias locais ativadas</string>
  <string name="local_disable">Notícias locais desativadas</string>
  <string name="enable_disable_regional">Regional</string>
  <string name="regional_enable">Notícias regionais ativadas</string>
  <string name="regional_disable">Notícias regionais desativadas</string>
  <string name="enable_disable_national">Nacional</string>
  <string name="national_enable">Notícias nacionais ativadas</string>
  <string name="national_disable">Notícias nacionais desativadas</string>
  <string name="enable_disable_international">Internacional</string>
  <string name="international_enable">Notícias internacionais ativadas</string>
  <string name="international_disable">Notícias internacionais desativadas</string>
  <string name="list_language_title">Language</string>
  <string name="list_language_summary">Selecione o idioma das notícias</string>
  <string name="list_language_dtitle">Idiomas</string>
  <string name="enable_disable_local_weather">Clima local</string>
  <string name="local_weather_enable">Clima local ativado</string>
  <string name="local_weather_disable">Clima local desativado</string>
  <string name="enable_disable_atr">Relatórios de trânsito da área</string>
  <string name="atr_enable">Relatórios de trânsito da área ativados</string>
  <string name="atr_disable">Relatórios de trânsito da área desativados</string>
  <string name="enable_disable_lafs">Programação de voos do aeroporto local</string>
  <string name="lafs_enable">Programação de voos do aeroporto local ativada</string>
  <string name="lafs_disable">Programação de voos do aeroporto local desativada</string>
  <string name="enable_disable_restaurants">Restaurantes</string>
  <string name="restaurants_enable">Restaurantes ativados</string>
  <string name="restaurants_disable">Restaurantes desativados</string>
  <string name="enable_disable_lodgings">Alojamentos</string>
  <string name="lodgings_enable">Alojamentos ativados</string>
  <string name="lodgings_disable">Alojamentos desativados</string>
  <string name="enable_disable_retail_directory">Diretório de varejo</string>
  <string name="retail_directory_enable">Diretório de varejo ativado</string>
  <string name="retail_directory_disable">Diretório de varejo desativado</string>
  <string name="enable_disable_advertisements">Anúncios</string>
  <string name="advertisements_enable">Anúncios ativados</string>
  <string name="advertisements_disable">Anúncios desativados</string>
  <string name="enable_disable_stock_quotes">Cotação de ações</string>
  <string name="stock_quotes_enable">Cotação de ações ativada</string>
  <string name="stock_quotes_disable">Cotação de ações desativada</string>
  <string name="enable_disable_eo">Oportunidades de emprego</string>
  <string name="eo_enable">Oportunidades de emprego ativadas</string>
  <string name="eo_disable">Oportunidades de emprego desativadas</string>
  <string name="enable_disable_mhh">Serviços médicos, de saúde e hospitalares</string>
  <string name="mhh_enable">Serviços médicos, de saúde e hospitalares ativados</string>
  <string name="mhh_disable">Serviços médicos, de saúde e hospitalares desativados</string>
  <string name="enable_disable_technology_news">Notícias de tecnologia</string>
  <string name="technology_news_enable">Notícias de tecnologia ativadas</string>
  <string name="technology_news_disable">Notícias de tecnologia desativadas</string>
  <string name="enable_disable_multi_category">Várias categorias</string>
  <string name="multi_category_enable">Várias categorias ativadas</string>
  <string name="multi_category_disable">Várias categorias desativadas</string>
  <string name="gsm_umts_network_preferences_title">Preferências de rede GSM/UMTS.</string>
  <string name="gsm_umts_network_preferneces_summary">Ainda não implementado!</string>
  <string name="gsm_umts_network_preferences_dialogtitle">Preferências de rede GSM/UMTS.</string>
  <string name="prefer_2g">Use apenas redes 2G</string>
  <string name="prefer_2g_summary">Poupa bateria</string>
  <string name="cdma_system_select_title">System select</string>
  <string name="cdma_system_select_summary">Change the cdma roaming mode</string>
  <string name="cdma_system_select_dialogtitle">System select</string>
  <string name="cdma_roaming_mode_title">Modo de Roaming CDMA</string>
  <string name="cdma_roaming_mode_summary">Change the cdma roaming mode</string>
  <string name="cdma_roaming_mode_dialogtitle">Modo de Roaming CDMA</string>
  <string name="cdma_network_preferences_title">Preferências de rede CDMA</string>
  <string name="cdma_network_preferneces_summary">Ainda não implementado!</string>
  <string name="cdma_network_preferences_dialogtitle">Preferências de rede CDMA</string>
  <string name="subscription_title">Teste de Assinatura CDMA</string>
  <string name="subscription_summary">Alterar entre RUIM/SIM e NV</string>
  <string name="subscription_dialogtitle">Assinatura</string>
  <string name="fdn">Chamadas fixas</string>
  <string name="manage_fdn_list">FDN list</string>
  <string name="fdn_activation">Ativação de FDN</string>
  <string name="fdn_enabled">Os números de chamadas fixas estão ativados</string>
  <string name="fdn_disabled">Os números de chamadas fixas estão desativados</string>
  <string name="enable_fdn">Enable FDN</string>
  <string name="disable_fdn">Disable FDN</string>
  <string name="change_pin2">Alterar PIN2</string>
  <string name="enable_fdn_ok">Disable FDN</string>
  <string name="disable_fdn_ok">Enable FDN</string>
  <string name="sum_fdn">Gerenciar Números de marcação fixa</string>
  <string name="sum_fdn_change_pin">Alterar PIN para acesso FDN</string>
  <string name="sum_fdn_manage_list">Gerenciar lista de números telefônicos</string>
  <string name="voice_privacy">Privacidade de voz</string>
  <string name="voice_privacy_summary">Ativar modo de privacidade aprimorado</string>
  <string name="tty_mode_title">TTY mode</string>
  <string name="tty_mode_summary">Habilitar o modo TTY</string>
  <string name="tty_mode_option_title">TTY mode</string>
  <string name="tty_mode_option_summary">Ativar modo TTY</string>
  <string name="auto_retry_mode_title">Repetir automaticamente</string>
  <string name="auto_retry_mode_summary">Ativar modo Repetir automaticamente</string>
  <string name="menu_add">Add contact</string>
  <string name="menu_edit">Edit contact</string>
  <string name="menu_delete">Delete contact</string>
  <string name="get_pin2">Inserir PIN2</string>
  <string name="name">Name</string>
  <string name="number">Número</string>
  <string name="save">Save</string>
  <string name="add_fdn_contact">Adicionar número de chamadas fixas</string>
  <string name="adding_fdn_contact">Adicionando número de chamadas fixas…</string>
  <string name="fdn_contact_added">Número de chamadas fixas adicionado.</string>
  <string name="edit_fdn_contact">Editar o número de chamadas fixas</string>
  <string name="updating_fdn_contact">Atualizando o número de chamadas fixas…</string>
  <string name="fdn_contact_updated">Número de chamadas fixas atualizado.</string>
  <string name="delete_fdn_contact">Excluir o número de discagem fixa</string>
  <string name="deleting_fdn_contact">Excluindo número de chamadas fixas…</string>
  <string name="fdn_contact_deleted">Número de chamadas fixas excluído.</string>
  <string name="pin2_invalid">FDN não atualizado: você digitou um PIN incorreto.</string>
  <string name="fdn_invalid_number">FDN não atualizado: o número não pode exceder 20 dígitos.</string>
  <string name="simContacts_emptyLoading">Lendo a partir do cartão SIM…</string>
  <string name="simContacts_empty">Não há contatos no seu cartão SIM.</string>
  <string name="simContacts_title">Selecione os contatos a serem importados</string>
  <string name="enable_pin">Ativar/desativar PIN do SIM</string>
  <string name="change_pin">Change SIM PIN</string>
  <string name="enter_pin_text">PIN do SIM:</string>
  <string name="oldPinLabel">PIN antigo</string>
  <string name="newPinLabel">Novo PIN</string>
  <string name="confirmPinLabel">Confirmar o novo PIN</string>
  <string name="badPin">O PIN antigo digitado não é correto. Por favor, tente novamente.</string>
  <string name="mismatchPin">Os PINs que você digitou não são iguais. Por favor, tente novamente.</string>
  <string name="invalidPin">Digite um PIN com 4 a 8 números.</string>
  <string name="disable_sim_pin">Desativar PIN do SIM</string>
  <string name="enable_sim_pin">Ativar PIN do SIM</string>
  <string name="enable_in_progress">Aguarde...</string>
  <string name="enable_pin_ok">PIN do SIM ativado</string>
  <string name="disable_pin_ok">PIN do SIM desativado</string>
  <string name="pin_failed">O PIN digitado estava incorreto</string>
  <string name="pin_changed">SIM PIN changed successfully</string>
  <string name="puk_requested">Password incorrect, SIM is locked! PUK2 requested.</string>
  <string name="enter_pin2_text">PIN2</string>
  <string name="oldPin2Label">Antigo PIN2</string>
  <string name="newPin2Label">Novo PIN2</string>
  <string name="confirmPin2Label">Confirmar novo PIN2</string>
  <string name="badPuk2">O PUK2 digitado não está correto. Por favor, tente novamente.</string>
  <string name="badPin2">O PIN2 antigo digitado não está correto. Por favor, tente novamente.</string>
  <string name="mismatchPin2">O PIN2s que você digitou não coincidem. Por favor, tente novamente.</string>
  <string name="invalidPin2">Digite um PIN2 com 4 a 8 números.</string>
  <string name="invalidPuk2">Digite um PUK2 com 8 números.</string>
  <string name="pin2_changed">PIN2 alterado com êxito</string>
  <string name="label_puk2_code">Digitar o código PUK2</string>
  <string name="fdn_enable_puk2_requested">Senha incorreta. Altere o PIN2 e tente novamente!</string>
  <string name="puk2_requested">Password incorrect, SIM is locked! PUK2 requested.</string>
  <string name="doneButton">Done</string>
  <string name="caller_manage_header">Chamadas em Conferência %s</string>
  <string name="caller_manage_manage_done_text">Voltar à chamada</string>
  <string name="fake_phone_activity_phoneNumber_text">(650) 555-1234</string>
  <string name="fake_phone_activity_infoText_text">Chamada de celular</string>
  <string name="fake_phone_activity_placeCall_text">Chamada falsa</string>
  <string name="sim_missing_continueView_text">Continuar sem cartão SIM</string>
  <string name="sim_missing_msg_text">Nenhum cartão SIM encontrado. Por favor, inserir um cartão SIM no telefone.</string>
  <string name="sim_unlock_dismiss_text">Dismiss</string>
  <string name="sim_unlock_unlock_text">Unlock</string>
  <string name="sim_unlock_status_text">Autenticando PIN…</string>
  <string name="voicemail_settings_number_label">Número da caixa postal</string>
  <string name="card_title_dialing">Discando</string>
  <string name="card_title_redialing">Tentando novamente</string>
  <string name="card_title_in_progress">Current call</string>
  <string name="card_title_conf_call">Conference call</string>
  <string name="card_title_incoming_call">Incoming call</string>
  <string name="card_title_cdma_call_waiting">Espera de chamada CDMA</string>
  <string name="card_title_call_ended">Chamada encerrada</string>
  <string name="card_title_on_hold">On hold</string>
  <string name="card_title_hanging_up">Desligando</string>
  <string name="card_title_in_call">Chamada</string>
  <string name="notification_missedCallTitle">Missed call</string>
  <string name="notification_missedCallsTitle">Chamadas perdidas</string>
  <string name="notification_missedCallsMsg">%s chamadas perdidas</string>
  <string name="notification_missedCallTicker">Chamada perdida de %s</string>
  <string name="notification_ongoing_call_format">Chamada atual (%s)</string>
  <string name="notification_on_hold">On hold</string>
  <string name="notification_voicemail_title">Nova mensagem de voz</string>
  <string name="notification_voicemail_title_count">Nova mensagem de voz (%d)</string>
  <string name="notification_voicemail_text_format">Discar %s</string>
  <string name="notification_voicemail_no_vm_number">Número da caixa postal desconhecido</string>
  <string name="notification_network_selection_title">Sem serviço</string>
  <string name="notification_network_selection_text">A rede selecionada (%s) não está disponível</string>
  <string name="incall_error_power_off">Para fazer uma chamada, primeiro desative o modo avião.</string>
  <string name="incall_error_emergency_only">Não registrado na rede.</string>
  <string name="incall_error_out_of_service">Rede móvel não disponível.</string>
  <string name="incall_error_no_phone_number_supplied">Chamada não completada, o número inserido é inválido.</string>
  <string name="incall_error_call_failed">Chamada não completada.</string>
  <string name="incall_status_dialed_mmi">Iniciando sequência MMI…</string>
  <string name="incall_status_dialed_fc">Começando seqüência de código de recurso ...</string>
  <string name="incall_error_supp_service_unknown">Serviço não suportado.</string>
  <string name="incall_error_supp_service_switch">Não é possível alternar chamadas.</string>
  <string name="incall_error_supp_service_separate">Não é possível separar a chamada.</string>
  <string name="incall_error_supp_service_transfer">Não é possível transferir a chamada.</string>
  <string name="incall_error_supp_service_conference">Não é possível realizar conferências telefônicas.</string>
  <string name="incall_error_supp_service_reject">Não é possível rejeitar a chamada.</string>
  <string name="incall_error_supp_service_hangup">Não é possível liberar a(s) chamada(s).</string>
  <string name="emergency_enable_radio_dialog_title">Chamada de emergência</string>
  <string name="emergency_enable_radio_dialog_message">Ativando o rádio…</string>
  <string name="emergency_enable_radio_dialog_retry">Área fora de serviço, tentando novamente...</string>
  <string name="dial_emergency_error">Chamada não completada. %s não é um número de emergência.</string>
  <string name="dial_emergency_empty_error">Chamada não completada. Disque um número de emergência.</string>
  <string name="dialerKeyboardHintText">Use keyboard to dial</string>
  <string name="dtmfDialpadHintText">Teclado tom de toque</string>
  <string name="dtmfDialpadHandleLabel">Dialpad</string>
  <string name="touchLockText">"Toque duas vezes
para desbloquear"</string>
  <string name="onscreenAnswerText">Duplo toque\npara atender</string>
  <string name="onscreenRejectText">Duplo toque\npara rejeitar</string>
  <string name="onscreenHoldText">Hold</string>
  <string name="onscreenUnholdText">Retomar</string>
  <string name="onscreenEndCallText">End</string>
  <string name="onscreenShowDialpadText">Dialpad</string>
  <string name="onscreenHideDialpadText">Hide</string>
  <string name="onscreenSpeakerText">Speaker</string>
  <string name="onscreenMuteText">Mute</string>
  <string name="onscreenBluetoothText">Bluetooth</string>
  <string name="onscreenAddCallText">Add call</string>
  <string name="onscreenMergeCallsText">Merge calls</string>
  <string name="onscreenSwapCallsText">Trocar</string>
  <string name="onscreenManageCallsText">Gerenciar chamadas</string>
  <string name="onscreenManageConferenceText">Gerenciar</string>
  <string name="importSimEntry">Importar</string>
  <string name="importAllSimEntries">Importar tudo</string>
  <string name="importingSimContacts">Importando contatos do SIM</string>
  <string name="importToFDNfromContacts">Importar dos contatos</string>
  <string name="hac_mode_title">Aparelhos auditivos</string>
  <string name="hac_mode_summary">Ativar compatibilidade com aparelhos auditivos</string>
  <string name="eri_text_label">Texto ERI</string>
  <string name="dtmf_tones_title">Tons DTMF</string>
  <string name="dtmf_tones_summary">Definir duração dos tons DTMF</string>
  <string name="network_message">Mensagem de rede</string>
  <string name="ota_title_activate">Ativar o seu telefone</string>
  <string name="ota_touch_activate">"Uma chamada especial precisa ser feita para ativar o serviço do seu telefone. 

Depois de pressionar “Ativar”, ouça as instruções fornecidas para ativar o seu telefone."</string>
  <string name="ota_touch_activate_new">Toque "Ativar" para fazer uma chamada especial que ativa o seu telefone em rede da operadora\, assim que você pode fazer chamadas e se conectar a redes de dados móveis.</string>
  <string name="ota_skip_activation_dialog_title">Ignorar ativação?</string>
  <string name="ota_skip_activation_dialog_message">Se você ignorar a ativação, não poderá fazer chamadas ou se conectar a redes móveis de dados (embora possa se conectar a redes Wi-Fi). Até que o seu telefone seja ativado, você receberá solicitações de ativação sempre que o ligar.</string>
  <string name="ota_skip_activation_dialog_skip_label">Ignorar</string>
  <string name="ota_skip_activation_dialog_continue_label">Activate</string>
  <string name="ota_activate">Activate</string>
  <string name="ota_title_activate_success">O telefone está ativado!</string>
  <string name="ota_title_problem_with_activation">Problema com a ativação</string>
  <string name="ota_listen">Siga as instruções faladas até ouvir que a ativação está concluída.</string>
  <string name="ota_dialpad">Teclado</string>
  <string name="ota_speaker">Speaker</string>
  <string name="ota_progress">Aguarde enquanto o seu telefone está sendo programado.</string>
  <string name="ota_failure">Falha de programação</string>
  <string name="ota_successful">O seu telefone está ativado. Pode demorar até 15 minutos para o serviço ser iniciado.</string>
  <string name="ota_unsuccessful">"O seu telefone não foi ativado. 
Talvez seja necessário encontrar uma área com uma cobertura melhor (próximo de uma janela ou no lado de fora). 

Tente novamente ou ligue para o serviço de atendimento ao cliente para obter mais opções."</string>
  <string name="ota_spc_failure">FALHAS EM EXCESSO DE SPC</string>
  <string name="ota_call_end">Back</string>
  <string name="ota_try_again">Try again</string>
  <string name="ota_next">Next</string>
  <string name="ota_back">Back</string>
  <string name="ecm_exit_dialog">EcmExitDialog</string>
  <string name="phone_entered_ecm_text">Modo de retorno de chamada de emergência acessado</string>
  <string name="phone_in_ecm_notification_title">Modo de retorno de chamada de emergência</string>
  <string name="phone_in_ecm_call_notification_text">Conexão de dados desativada</string>
  <string name="alert_dialog_in_ecm_call">A ação selecionada não está disponível durante uma chamada de emergência</string>
  <string name="progress_dialog_exiting_ecm">Saindo do modo de retorno de chamada de emergência</string>
  <string name="alert_dialog_yes">Yes</string>
  <string name="alert_dialog_no">No</string>
  <string name="alert_dialog_dismiss">Dismiss</string>
  <string name="absent_num">NÚMERO AUSENTE</string>
  <string name="voicemail_settings">Caixa Postal</string>
  <string name="voicemail_number_not_set">não definido</string>
  <string name="voicemail_provider">Serviço de Caixa Postal</string>
  <string name="voicemail_settings_for">Configurações para %s</string>
  <string name="other_settings">Outras configurações de chamada</string>
  <string name="dial_button_label">Discagem</string>
  <string name="calling_via_template">"Chamando por meio de ^1
"<b>^2</b></string>
  <string name="slide_to_answer">Arraste para a direita para responder</string>
  <string name="slide_to_silence">Arraste para a esquerda para silencioso</string>
  <string name="slide_to_decline">Arraste para a esquerda para rejeitar</string>
  <string name="slide_to_answer_and_hold">Arraste para a direita para atender\ne colocar em espera a chamada ativa</string>
  <string name="slide_to_answer_and_end_active">Arraste para a direita para atender\ne terminar a chamada ativa</string>
  <string name="slide_to_answer_and_end_onhold">Arraste para a direita para atender\ne terminar a chamada em espera</string>
  <string name="slide_to_answer_hint">Answer</string>
  <string name="slide_to_decline_hint">Decline</string>
  <string name="notification_ongoing_calling_format">Chamando (%s)</string>
  <string name="advanced_setting">Configurações avançadas</string>
  <string name="call_reject_hint">Deslize para atender.</string>
  <string name="hangup_sms">Rejeitar e responder com SMS</string>
  <string name="hangup_sms_body">Infelizmente não posso responder agora, ligue mais tarde</string>
  <string name="onscreenNoteText">Notas</string>
  <string name="query_telocation_title">Atribuir Número</string>
  <string name="query_telocation_sum">Verificar localização do número do celular ou fixo</string>
  <string name="button_query_hint">Digite seu número de celular ou telefone fixo</string>
  <string name="button_query">Consulta</string>
  <string name="button_clear">Vazio</string>
  <string name="text_location">Atribuição:</string>
  <string name="text_areacode">Código de área:</string>
  <string name="unknown_location">Nenhuma consulta às informações relevantes</string>
  <string name="autoip">Discagem de IP autom.</string>
  <string name="autoip_sum">Adicionar prefixo IP para um número estrangeiro. Insira o código de área abaixo.</string>
  <string name="ip_prefix">Prefixo IP</string>
  <string name="ip_prefix_sum">Prefixo IP da carregadora: %s</string>
  <string name="current_areacode">Atual código de área</string>
  <string name="current_areacode_sum">Código de área da localização atual, ou da área de roaming. Exemplo: 010</string>
  <string name="always_enable_mms">Sempre receber MMS</string>
  <string name="always_enable_mms_summary">Sempre receber MMS quando a transferência de dados está desativada.</string>
  <string name="dialer_click_pref_title">Toque único na lista de contatos</string>
  <string name="dialer_click_pref_summary">Clique em lista de contatos personalizada</string>
  <string name="auto_dialpad_pref_title">Exibir teclado na ligação</string>
  <string name="auto_dialpad_pref_summary">Mostrar teclado de discagem automaticamente numa chamada</string>
  <string name="anti_disturb_settings">Configurações DND</string>
  <string name="incoming_call_limit_title">Bloqueio de chamadas recebidas</string>
  <string name="incoming_call_limit_summary">Limite da Lista de chamadas recebidas</string>
</resources>
