<?xml version="1.0" encoding="utf-8"?>
<!--Generated by crowdin.net-->
<resources>
  <string name="app_name">Atualização do sistema</string>
  <string name="apply_now_button_text">Atualizar agora</string>
  <string name="apply_later_button_text">Atualizar depois</string>
  <string name="apply_update_button_text">Aplicar atualização</string>
  <string name="apply_title_textview_text">{0} Pronto para uso</string>
  <string name="apply_subtitle_textview_text">Notas de versão:</string>
  <string name="apply_unable_to_reboot_toast">Não é possível reiniciar em modo de recuperação</string>
  <string name="apply_trying_to_get_root_access">Tentando obter acesso ROOT para rebootar em modo Recovery</string>
  <string name="available_updates_text">Por favor selecione ROM para fazer o download:</string>
  <string name="choose_available_update_text">Atualização</string>
  <string name="no_updates_found_instructions">Você tem a versão mais recente\n clique em \'check now\' para verificar atualizações
</string>
  <string name="check_error_instructions">Atualização falhou \n Clique \' Verificar agora \' verificar se há atualizações novamente</string>
  <string name="downloaded_update_found_text">Atualização encontrada no cartão SD:</string>
  <string name="checking_for_updates">Procurando atualizações</string>
  <string name="downloading_update">Baixar as atualizações</string>
  <string name="sdcard_is_not_present_dialog_body">Você precisa de um cartão SD gravável para baixar a atualização</string>
  <string name="sdcard_is_not_present_dialog_title">Não foi possível encontrar cartão SD</string>
  <string name="sdcard_is_not_present_dialog_ok_button">Ok</string>
  <string name="current_version_text">Usando atualmente a versão: {0}</string>
  <string name="delete_updates_text">Remover a atualização</string>
  <string name="delete_updates_success_message">Atualização excluída</string>
  <string name="delete_updates_failure_message">Remover um erro de atualização</string>
  <string name="delete_updates_noFolder_message">Não encontrou a atualização local</string>
  <string name="apply_update_dialog_title">Certifique-se de que o</string>
  <string name="apply_update_dialog_text">Atualização: {0}.\n clique em "Atualizar", para reinicializar no modo de recuperação, e instalar a atualização.</string>
  <string name="apply_update_dialog_update_button">Atualizações</string>
  <string name="apply_update_dialog_backup_and_update_button">Backup e atualização</string>
  <string name="apply_update_dialog_cancel_button">Cancelar</string>
  <string name="check_now">Verificar se há atualizações</string>
  <string name="menu_config">Configurações</string>
  <string name="menu_about">Sobre</string>
  <string name="menu_changelog">Log de atualizações</string>
  <string name="cancel_download_buton_text">Cancelar o download</string>
  <string name="confirm_download_cancelation_dialog_message">Você realmente deseja cancelar o download atual?</string>
  <string name="confirm_download_cancelation_dialog_yes">Sim</string>
  <string name="confirm_download_cancelation_dialog_no">Não</string>
  <string name="download_canceled_toast_message">Download cancelado</string>
  <string name="verify_and_apply_dialog_title">Verificação da integridade dos arquivos</string>
  <string name="verify_and_apply_dialog_message">Verificando MD5 dos arquivos</string>
  <string name="apply_existing_update_md5error_message">Erros. MD5 do arquivo não corresponde.</string>
  <string name="file_not_found_error_message">Arquivo não existe ou você não tem acesso a ele</string>
  <string name="apply_upload_info_message">Clique em "Update Now", o telefone irá reiniciar e atualizar. Se você deseja fazer o backup do trabalho, cancele o update.</string>
  <string name="notes_about_recovery">(Observe que para oferecer suporte a atualização OTA, você deve usar compatível com a ROM da recuperação. Para garantir a compatibilidade da recuperação, você pode usar o item de menu "Hard Recovery" para verificar a compatibilidade. )</string>
  <string name="last_update_check_text">A última verificação de atualizações</string>
  <string name="overwrite_update_title">Atualização já instalada</string>
  <string name="overwrite_update_summary">As atualizações que você selecionou já estão instaladas, \n baixar novamente?</string>
  <string name="overwrite_update_positive">Faça o download novamente</string>
  <string name="overwrite_update_negative">Use a ROM atual</string>
  <string name="no_md5_found_summary">Soma de verificação MD5 das atualizações não for encontrado, \n você realmente quer fazer isso sem verificação de MD5 da atualização?</string>
  <string name="no_md5_found_positive">Atualizações de aplicativos</string>
  <string name="no_md5_found_negative">Cancelar</string>
  <string name="notification_tickertext">Baixar as atualizações</string>
  <string name="notification_finished">O download está completo</string>
  <string name="stable_description">= Estável</string>
  <string name="experimental_description">= Versão experimental</string>
  <string name="changelog_button_text">Log</string>
  <string name="changelog_title_rom">Log de atualização da ROM</string>
  <string name="md5_check_cancelled">Checksum MD5 foi cancelada.</string>
  <string name="title_running">Versão atual</string>
  <string name="no_updatecheck_executed">Não executar a verificação de atualização</string>
  <string name="about_dialog_title">Sobre</string>
  <string name="no_updates_found">Não há atualizações</string>
  <string name="not_new_updates_found_title">Atualizações encontradas</string>
  <string name="exception_while_downloading">Erro ao fazer download de atualizações</string>
  <string name="not_update_check_error_title">Não é possível verificar se há atualizações</string>
  <string name="not_update_download_error_title">Erro ao fazer download de atualizações</string>
  <string name="not_update_downloaded_title">Download  da atualização completa</string>
  <string name="not_update_downloaded_body">{0} pronto para instalar</string>
  <string name="download_info_filename">Nome do arquivo:</string>
  <string name="download_info_mirror">Servidor espelho:</string>
  <string name="download_info_downloading">Download do ...</string>
  <string name="download_info_speed">Velocidade de download:</string>
  <string name="download_info_remaining_time">Tempo restante:</string>
  <string name="md5_verification_failed">Falha de verificação MD5</string>
  <string name="not_new_updates_found_body">Nova Versão encontrada</string>
  <string name="not_network_error">Não é possível conectar, verifique se está conectado a rede</string>
  <string name="version_description">Descrição de versões</string>
  <string name="acknowledge">Obrigado</string>
  <string name="pleasea_check_update">Por favor, verificar se há atualizações</string>
  <string name="already_applied">Instalado</string>
  <string name="stable_version">Versão estável</string>
  <string name="test_version">Beta</string>
  <string name="wifi_not_available_title">WIFI não está conectado</string>
  <string name="wifi_not_available_body">Arquivos de ROM muito grande, é recomendado o uso de Wi-Fi para download. Você não está conectado via WIFI, deseja continuar download?</string>
  <string name="widget_title">Meu MIUI</string>
  <string name="widget_feedback">Algum Feedback?</string>
  <string name="unable_to_flash_recovery">Impossível flash recovery</string>
  <string name="flash_recovery_successfully">Recovery flash sucesso</string>
  <string name="reflash_recovery">Re-aplicar recovery</string>
  <string name="boot_recovery">Reiniciar em recuperação</string>
  <string name="flash_recovery_dialog_message">Flashing recovery</string>
  <string name="applying_rom_message">Rom sendo aplicada</string>
  <string name="loading">Conectando-se a MIUI</string>
  <string name="page_error_title">Não é possível acessar</string>
  <string name="page_error">Não é possível acessar MIUI, pode ser um problema com a rede, o servidor pode estar sobrecarregado.</string>
  <string name="page_reload">Novamente</string>
  <string name="install_rom_from_sd">Instalar ROM do Cartão SD</string>
</resources>
