<?xml version="1.0" encoding="utf-8"?>
<!--Generated by crowdin.net-->
<resources>
  <string name="app_label">Bộ nhớ danh bạ</string>
  <string name="provider_label">Danh bạ</string>
  <string name="upgrade_out_of_memory_notification_ticker">Cần thêm bộ nhớ để lưu trữ danh bạ</string>
  <string name="upgrade_out_of_memory_notification_title">Đang cập nhật danh bạ lưu trữ</string>
  <string name="upgrade_out_of_memory_notification_text">Lựa chọn để hoàn tất quá trình nâng cấp.</string>
  <string name="edit_contact">Sửa danh bạ</string>
  <string name="create_contact">Tạo danh bạ mới</string>
</resources>
