<?xml version="1.0" encoding="utf-8"?>
<!--Generated by crowdin.net-->
<resources>
  <string name="config_import_vcard_type">Mặc định</string>
  <string name="config_export_vcard_type">mặc định</string>
  <string name="config_export_dir">/sdcard</string>
  <string name="config_export_file_prefix">-</string>
  <string name="config_export_file_suffix">-</string>
  <string name="config_export_file_extension">vcf</string>
  <string name="config_export_extensions_to_consider">vcf</string>
  <string name="contactsList">Danh bạ</string>
  <string name="launcherDialer">Điện thoại</string>
  <string name="shortcutContact">Danh bạ</string>
  <string name="shortcutDialContact">Gọi trực tiếp</string>
  <string name="shortcutMessageContact">Nhắn tin trực tiếp</string>
  <string name="shortcutActivityTitle">Chọn 1 số trong danh bạ</string>
  <string name="callShortcutActivityTitle">Gọi 1 số để gọi</string>
  <string name="messageShortcutActivityTitle">Chọn 1 số để gửi SMS</string>
  <string name="starredList">Đã đánh dấu</string>
  <string name="frequentList">Thường liên lạc</string>
  <string name="strequentList">Danh sách ưa thích</string>
  <string name="viewContactTitle">Chi tiết</string>
  <string name="viewContactDesription">Vào xem</string>
  <string name="editContactDescription">Chỉnh sửa</string>
  <string name="insertContactDescription">Tạo Mới</string>
  <string name="searchHint">Tìm danh bạ</string>
  <string name="menu_search">Tìm</string>
  <string name="menu_newContact">Tạo mới</string>
  <string name="menu_viewContact">vào xem</string>
  <string name="menu_callNumber">Gọi đi %s</string>
  <string name="menu_addStar">Thêm vào yêu thích</string>
  <string name="menu_removeStar">Gỡ khỏi yêu thích</string>
  <string name="menu_editContact">Sửa danh bạ</string>
  <string name="menu_deleteContact">Xóa bỏ</string>
  <string name="menu_call">Gọi đi</string>
  <string name="menu_sendSMS">Gửi tin</string>
  <string name="menu_sendEmail">Gửi thư</string>
  <string name="menu_viewAddress">Địa chỉ Maps</string>
  <string name="menu_makeDefaultNumber">Làm mặc định</string>
  <string name="menu_makeDefaultEmail">Làm thư chính</string>
  <string name="menu_splitAggregate">Chia ra</string>
  <string name="contactsSplitMessage">Tách danh bạ</string>
  <string name="splitConfirmation_title">Dạnh bạ riêng</string>
  <string name="splitConfirmation">Bạn có chắc là muốn chia liên lạc đơn này thành nhiều liên lạc: mỗi cái được đặt với một thông tin của liên lạc đó?</string>
  <string name="menu_joinAggregate">Tham gia</string>
  <string name="titleJoinContactDataWith">Nối danh bạ</string>
  <string name="blurbJoinContactDataWith">Lựa chọn liên lạc mà bạn muốn nhập với %s.</string>
  <string name="showAllContactsJoinItem">Hiện tất cả danh bạ</string>
  <string name="separatorJoinAggregateSuggestions">Danh bạ khuyến nghị</string>
  <string name="separatorJoinAggregateAll">Tất cả danh bạ</string>
  <string name="contactsJoinedMessage">Đã nối danh bạ</string>
  <string name="menu_contactOptions">Tùy chọn</string>
  <string name="contactOptionsTitle">Tùy chọn</string>
  <string name="deleteConfirmation_title">Xoá</string>
  <string name="readOnlyContactWarning">Bạn không thể xóa danh bạ từ tài khoản "chỉ đọc", nhưng bạn có thể ẩn chúng trong danh sách danh bạ.</string>
  <string name="readOnlyContactDeleteConfirmation">Đây là danh bạ chứa thông tin nhiều tài khoản. Thông tin từ những tài khoản read-only này sẽ ẩn đi trong danh bạ của bạn, không bị xóa.</string>
  <string name="multipleContactDeleteConfirmation">Xóa danh bạ này sẽ xóa thông tin từ nhiều tài khoản khác.</string>
  <string name="deleteConfirmation">Số liên lạc này sẽ bị xóa</string>
  <string name="menu_done">Xong</string>
  <string name="menu_doNotSave">Không lưu</string>
  <string name="editContact_title_edit">Sửa danh bạ</string>
  <string name="editContact_title_insert">Tạo danh bạ mới</string>
  <string name="label_phonetic_name">Ngữ âm</string>
  <string name="label_notes">Ghi chú</string>
  <string name="label_ringtone">Nhạc chuông</string>
  <string name="ghostData_name">Đầu và cuối</string>
  <string name="ghostData_phonetic_name">Tên phiên âm</string>
  <string name="ghostData_company">Công ty</string>
  <string name="ghostData_title">Tiêu đề</string>
  <string name="invalidContactMessage">Liên hệ không tồn tại.</string>
  <string name="pickerNewContactHeader">Tạo liên hệ mới</string>
  <string name="selectLabel">Chọn nhãn</string>
  <string name="phoneLabelsGroup">Điện thoại</string>
  <string name="emailLabelsGroup">Thư điện tử</string>
  <string name="imLabelsGroup">IM</string>
  <string name="postalLabelsGroup">Địa chỉ bưu chính</string>
  <string name="photoPickerNotFoundText">Điện thoại của bạn không có hình ảnh nào.</string>
  <string name="attachToContact">Ảnh cho liên hệ</string>
  <string name="customLabelPickerTitle">Đặt tên danh bạ</string>
  <string name="send_to_voicemail_checkbox">Gửi cuộc gọi trực tiếp tới hộp thư thoại</string>
  <string name="default_ringtone">Mặc định</string>
  <string name="changePicture">Đổi Icon</string>
  <string name="removePicture">Bỏ Icon</string>
  <string name="noContacts">Không có danh bạ.</string>
  <string name="noMatchingContacts">Không tìm thấy danh bạ phù hợp.</string>
  <string name="noContactsWithPhoneNumbers">Không có danh bạ với số điện thoại này.</string>
  <string name="savingContact">Lưu danh bạ</string>
  <string name="contactSavedToast">Đã lưu danh bạ.</string>
  <string name="contactSavedErrorToast">Lỗi: Không thể lưu những thay đổi của danh bạ.</string>
  <string name="listTotalPhoneContactsZero">Không thấy danh bạ phù hợp với số điện thoại</string>
  <string name="listTotalAllContactsZero">Không thấy danh bạ</string>
  <string name="listFoundAllContactsZero">Danh bạ không tìm thấy</string>
  <string name="contactsIconLabel">Danh Bạ</string>
  <string name="contactsFavoritesLabel">Danh sách ưa thích</string>
  <string name="dialerIconLabel">Điện thoại</string>
  <string name="recentCallsIconLabel">Nhật ký cuộc gọi</string>
  <string name="liveFolderAll">Tất cả Danh Bạ</string>
  <string name="liveFolderFavorites">Những danh bạ được đánh dấu</string>
  <string name="liveFolderPhone">Danh bạ có số điện thoại</string>
  <string name="menu_sendTextMessage">Gửi tin nhắn văn bản</string>
  <string name="recentCalls_callNumber">Gọi %s</string>
  <string name="recentCalls_editNumberBeforeCall">Sửa số trước khi gọi</string>
  <string name="recentCalls_addToContact">Thêm vào danh bạ</string>
  <string name="recentCalls_removeFromRecentList">Xóa khỏi danh sách cuộc gọi</string>
  <string name="recentCalls_deleteAll">Xóa lịch sử cuộc gọi</string>
  <string name="recentCalls_empty">Danh sách trống.</string>
  <string name="clearCallLogConfirmation_title">Xóa lịch sử cuộc gọi</string>
  <string name="clearCallLogConfirmation">Bạn có chắc chắn muốn xóa danh sách cuộc gọi?</string>
  <string name="imei">IMEI</string>
  <string name="meid">MEID</string>
  <string name="voicemail">Hộp thư thoại</string>
  <string name="unknown">Người gọi chưa biết</string>
  <string name="private_num">Số cá nhân</string>
  <string name="payphone">Tính tiền cuộc gọi</string>
  <string name="dialerKeyboardHintText">Gọi từ bàn phím</string>
  <string name="dialerDialpadHintText">Bấm số để gọi</string>
  <string name="simContacts_emptyLoading">Đang tải từ thẻ SIM</string>
  <string name="simContacts_title">Danh bạ trên SIM</string>
  <string name="liveFolder_all_label">Tất cả Danh bạ</string>
  <string name="liveFolder_favorites_label">Đã đánh dấu</string>
  <string name="liveFolder_phones_label">Điện thoại</string>
  <string name="callDetailTitle">Chi tiết cuộc gọi</string>
  <string name="toast_call_detail_error">Không thể xem chi tiết cuộc gọi.</string>
  <string name="type_incoming">Cuộc gọi đến</string>
  <string name="type_outgoing">Cuộc gọi đi</string>
  <string name="type_missed">Cuộc gọi lỡ</string>
  <string name="actionIncomingCall">Các cuộc gọi đến</string>
  <string name="callBack">Gọi lại</string>
  <string name="callAgain">Gọi lại lần nữa</string>
  <string name="returnCall">Gọi lại</string>
  <string name="callDetailsDurationFormat">%1$s phút %2$s giây</string>
  <string name="favoritesFrquentSeparator">Liên lạc thường xuyên</string>
  <string name="add_contact_dlg_title">Thêm Danh bạ</string>
  <string name="add_contact_dlg_message_fmt">Thêm \"%s\" vào danh bạ?</string>
  <string name="all_tab_label">Tất cả</string>
  <string name="description_image_button_one">Một</string>
  <string name="description_image_button_two">Hai</string>
  <string name="description_image_button_three">Ba</string>
  <string name="description_image_button_four">Bốn</string>
  <string name="description_image_button_five">Năm</string>
  <string name="description_image_button_six">Sáu</string>
  <string name="description_image_button_seven">Bảy</string>
  <string name="description_image_button_eight">Tám</string>
  <string name="description_image_button_nine">Chín</string>
  <string name="description_image_button_star">Bắt đầu</string>
  <string name="description_image_button_delete">Xóa</string>
  <string name="description_image_button_zero">Không</string>
  <string name="description_image_button_pound">đồng</string>
  <string name="description_voicemail_button">Thư Thoại</string>
  <string name="description_dial_button">quay số</string>
  <string name="description_delete_button">Quay lại</string>
  <string name="description_digits_edittext">số để gọi</string>
  <string name="description_contact_photo">Ảnh danh bạ</string>
  <string name="description_minus_button">trừ</string>
  <string name="description_plus_button">cộng</string>
  <string name="no_sdcard_title">Không có thẻ nhớ</string>
  <string name="no_sdcard_message">Không phát hiện thẻ nhớ</string>
  <string name="searching_vcard_title">Đang tìm kiếm định dạng VCard</string>
  <string name="import_from_sim">Nhập danh bạ từ sim</string>
  <string name="import_from_sdcard">Nhập danh bạn từ thẻ nhớ</string>
  <string name="export_to_sdcard">Xuất danh bạ ra thẻ nhớ</string>
  <string name="share_visible_contacts">Chia sẻ danh bạ hiện tại</string>
  <string name="import_one_vcard_string">Nhập danh bạ từ file vCard</string>
  <string name="import_multiple_vcard_string">Nhập danh bạ từ nhiều file vCard</string>
  <string name="import_all_vcard_string">Nhập danh bạ từ các file vCard</string>
  <string name="searching_vcard_message">Đang tìm kiếm định dạng VCard trên thẻ nhớ</string>
  <string name="scanning_sdcard_failed_title">Quét thẻ nhớ thất bại</string>
  <string name="scanning_sdcard_failed_message">Quét thẻ nhớ thất bại (Lý do: \"%s\")</string>
  <string name="fail_reason_io_error">Lỗi Đọc/Ghi</string>
  <string name="fail_reason_vcard_parse_error">Lỗi phân tích định dạng vCard</string>
  <string name="fail_reason_vcard_not_supported_error">Định dạng vCard không phù hợp với định dạng yêu cầu của điện thoại</string>
  <string name="fail_reason_no_vcard_file">Không tìm thấy định dạng vCard trên thẻ nhớ</string>
  <string name="fail_reason_failed_to_read_files">Một hoặc nhiều file không thể cập nhật (%s).</string>
  <string name="fail_reason_unknown">Lỗi không rõ</string>
  <string name="select_vcard_title">Lựa chọn file vCard</string>
  <string name="progress_shower_message">%1$s\n%2$s</string>
  <string name="reading_vcard_title">Đang đọc file vCard</string>
  <string name="reading_vcard_message">Đang đọc các file vCard</string>
  <string name="reading_vcard_failed_title">Đọc dữ liệu từ file vCard thất bại</string>
  <string name="reading_vcard_contacts">%1$s của %2$s danh bạ</string>
  <string name="reading_vcard_files">%1$s của %2$s file</string>
  <string name="confirm_export_title">Xác nhận xuất danh bạ</string>
  <string name="confirm_export_message">Bạn có muốn xuất danh sách danh bạ sang file \"%s\"?</string>
  <string name="exporting_contact_failed_title">Lỗi xuất dữ liệu danh bạ</string>
  <string name="exporting_contact_failed_message">Lỗi xuất dữ liệu danh bạ. \nLý do lỗi: \"%s\"</string>
  <string name="fail_reason_no_exportable_contact">Không có danh bạ nào được xuất</string>
  <string name="fail_reason_too_many_vcard">Quá nhiều file vCard trên thẻ nhớ</string>
  <string name="fail_reason_too_long_filename">Tên tập tin quá dài ("\%s\")</string>
  <string name="exporting_contact_list_title">Đang xuất dữ liệu danh bạ</string>
  <string name="exporting_contact_list_message">Đang xuất dữ liệu danh bạ tới \"%s\"</string>
  <string name="fail_reason_could_not_initialize_exporter">Không thể khởi tạo việc xuất danh bạ: \"%s\"</string>
  <string name="fail_reason_error_occurred_during_export">Xảy ra lỗi trong quá trình trích xuất: \"%s\"</string>
  <string name="composer_failed_to_get_database_infomation">Lỗi quá trình lấy thông tin dữ liệu</string>
  <string name="composer_has_no_exportable_contact">Không có danh bạ để xuất. Nếu bạn thực sự có danh bạ trên điện thoại, có thể danh bạ đó bị ẩn với chương trình xuất danh bạ do người cung cấp dữ liệu.</string>
  <string name="composer_not_initialized">Tập tin vCard được tạo không chuẩn</string>
  <string name="fail_reason_could_not_open_file">Không thể mở\"%1$s\": %2$s</string>
  <string name="exporting_contact_list_progress">%1$s của %2$s danh bạ</string>
  <string name="search_settings_description">Danh sách các tên trong danh bạ</string>
  <string name="add_2sec_pause">Dừng thêm 2 giây</string>
  <string name="add_wait">Đợi thêm</string>
  <string name="call_disambig_title">Đang gọi</string>
  <string name="sms_disambig_title">Cuộc gọi đang thực hiện</string>
  <string name="make_primary">Ghi nhớ lựa chọn này</string>
  <string name="quickcontact_missing_app">Không có ứng dụng để giải quyết trường hợp này</string>
  <string name="quickcontact_remember_choice">Ghi nhớ lựa chọn này</string>
  <string name="quickcontact_missing_name">Không có trong danh bạ</string>
  <string name="menu_accounts">Tài khoản</string>
  <string name="menu_import_export">Nhập/Xuất</string>
  <string name="dialog_import_export">Nhập/Xuất danh bạ</string>
  <string name="menu_share">Chia sẻ</string>
  <string name="share_via">Chia sẻ danh bạ bằng</string>
  <string name="share_error">Chia sẻ danh bạ bằng</string>
  <string name="nameLabelsGroup">Tên</string>
  <string name="nicknameLabelsGroup">Bí danh</string>
  <string name="organizationLabelsGroup">Tổ chức</string>
  <string name="websiteLabelsGroup">Web</string>
  <string name="eventLabelsGroup">Sự kiện</string>
  <string name="type_short_home">H</string>
  <string name="type_short_mobile">M</string>
  <string name="type_short_work">W</string>
  <string name="type_short_pager">P</string>
  <string name="type_short_other">O</string>
  <string name="edit_read_only">Số danh bạ này chỉ có thể đọc</string>
  <string name="edit_secondary_collapse">Thêm</string>
  <string name="dialog_primary_name">Tên chính</string>
  <string name="dialog_new_contact_account">Tạo mới danh bạ trong tài khoản</string>
  <string name="account_phone">Chỉ có trên điện thoại (Không đồng bộ)</string>
  <string name="call_custom">Cuộc gọi %s</string>
  <string name="call_home">Gọi số nhà</string>
  <string name="call_mobile">Gọi số di động</string>
  <string name="call_work">Gọi số làm việc</string>
  <string name="call_fax_work">Gọi số máy fax làm việc</string>
  <string name="call_fax_home">Gọi số fax ở nhà</string>
  <string name="call_pager">Trang cuộc gọi</string>
  <string name="call_other">Cuộc gọi</string>
  <string name="call_callback">Gọi lại</string>
  <string name="call_car">Gọi số ô tô</string>
  <string name="call_company_main">Gọi số cơ quan</string>
  <string name="call_isdn">Gọi ISDN</string>
  <string name="call_main">Gọi số chính</string>
  <string name="call_other_fax">Gọi số fax</string>
  <string name="call_radio">Gọi số radio</string>
  <string name="call_telex">Gọi số di động</string>
  <string name="call_tty_tdd">Gọi TTY/TDD</string>
  <string name="call_work_mobile">Gọi số di động làm việc</string>
  <string name="call_work_pager">Trang cuộc gọi làm việc</string>
  <string name="call_assistant">Gọi %s</string>
  <string name="call_mms">Gọi MMS</string>
  <string name="sms_custom">Tin nhắn %s</string>
  <string name="sms_home">Nhắn vào điện thoại nhà</string>
  <string name="sms_mobile">Nhắn vào di động</string>
  <string name="sms_work">Nhắn vào số làm việc</string>
  <string name="sms_fax_work">Nhắn vào máy fax làm việc</string>
  <string name="sms_fax_home">Nhắn vào máy fax ở nhà</string>
  <string name="sms_pager">Trang tin nhắn</string>
  <string name="sms_other">Tin nhắn</string>
  <string name="sms_callback">Nhắn lại</string>
  <string name="sms_car">Nhắn vào số xe ô tô</string>
  <string name="sms_company_main">Nhắn vào số cơ quan</string>
  <string name="sms_isdn">Nhắn ISDN</string>
  <string name="sms_main">Nhắn vào số chính</string>
  <string name="sms_other_fax">Nhắn vào máy fax khác</string>
  <string name="sms_radio">Nhắn vào số Radio</string>
  <string name="sms_telex">Nhắn vào di động</string>
  <string name="sms_tty_tdd">Nhắn TTY/TDD</string>
  <string name="sms_work_mobile">Nhắn vào di động làm việc</string>
  <string name="sms_work_pager">Trang tin nhắn làm việc</string>
  <string name="sms_assistant">Tin nhắn %s</string>
  <string name="sms_mms">Tin nhắn MMS</string>
  <string name="email_home">Gửi thư về nhà</string>
  <string name="email_mobile">Gửi thư vào di động</string>
  <string name="email_work">Gửi thư vào số làm việc</string>
  <string name="email_other">Thư điện tử</string>
  <string name="email_custom">Thư điện tử %s</string>
  <string name="email">Thư điện tử</string>
  <string name="map_home">Xem địa chỉ nhà</string>
  <string name="map_work">Xem địa chỉ làm việc</string>
  <string name="map_other">Xem địa chỉ</string>
  <string name="map_custom">Xem %s địa chỉ</string>
  <string name="chat_aim">Sử dụng AIM để chat</string>
  <string name="chat_msn">Sử dụng Windows Live để chat</string>
  <string name="chat_yahoo">Sử dụng Yahoo để chat</string>
  <string name="chat_skype">nói chuyện qua Skype</string>
  <string name="chat_qq">Chát sử dụng QQ</string>
  <string name="chat_gtalk">Chát sử dụng Google Talk</string>
  <string name="chat_icq">Chát sử dụng ICQ</string>
  <string name="chat_jabber">Chát sử dụng Jabber</string>
  <string name="chat">Chat</string>
  <string name="postal_street">Phố</string>
  <string name="postal_pobox">Bưu cục</string>
  <string name="postal_neighborhood">Khu phố</string>
  <string name="postal_city">Thành phố</string>
  <string name="postal_region">Tỉnh</string>
  <string name="postal_postcode">Mã bưu cục</string>
  <string name="postal_country">nước</string>
  <string name="name_given">Đặt tên</string>
  <string name="name_family">Họ</string>
  <string name="name_prefix">Họ</string>
  <string name="name_middle">Tên đệm</string>
  <string name="name_suffix">Tên</string>
  <string name="name_phonetic_given">Tên được đặt</string>
  <string name="name_phonetic_middle">Tên đệm</string>
  <string name="name_phonetic_family">Tên họ</string>
  <string name="account_type_format">%1$s danh bạ</string>
  <string name="from_account_format">từ %1$s</string>
  <string name="use_photo_as_primary">sử dụng ảnh này</string>
  <string name="contact_read_only">%1$s danh bạ không thể chỉnh sửa.</string>
  <string name="no_contact_details">Không có thêm thông tin vơi danh bạ này</string>
  <string name="search_bar_hint">tìm kiếm danh bạ</string>
  <string name="search_for_all_contacts">tìm tất cả danh bạ</string>
  <string name="take_photo">Chụp ảnh</string>
  <string name="pick_photo">chọn ảnh từ bộ sưu tập</string>
  <string name="locale_change_in_progress">Danh bạ đang được cập nhật để phù hợp với sự thay đổi của ngôn ngữ \ n \ n Hãy chờ đợi...</string>
  <string name="upgrade_in_progress">Danh bạ đang được cập nhật \ n \ n Hãy chờ đợi. ...</string>
  <string name="upgrade_out_of_memory">Danh bạ đang được cập nhật\Đang cập nhậtn\n Địa yêu cầu DMB khoảng %dung lượng bộ nhớ điện thoại\n\n Chọn một trong các tuỳ chọn sau:</string>
  <string name="upgrade_out_of_memory_uninstall">gỡ bỏ một số ứng dụng</string>
  <string name="upgrade_out_of_memory_retry">Thử lại nâng cấp</string>
  <string name="search_results_for">Kết quả tìm kiếm:%s</string>
  <string name="search_results_searching">Tìm kiếm...</string>
  <string name="callNoAnswerTimeFormat">Chuông %s lần</string>
  <string name="numberCountFormat">%s số</string>
  <string name="menu_display_all">Hiển thị tất cả các danh bạ</string>
  <string name="menu_display_only_phones">Chỉ hiện một số điện thoại</string>
  <string name="contactsGroupsLabel">Nhóm danh bạ</string>
  <string name="group_summary_format">%s bit</string>
  <string name="no_member">Nhóm chưa có danh bạ nào</string>
  <string name="applyGroupsSelection">Cập nhật các thiết lập nhóm</string>
  <string name="no_availablePhone">Nhóm không có danh bạ nào</string>
  <string name="add_group_member">Thêm danh bạ vào nhóm</string>
  <string name="group_name_contacts">Danh bạ</string>
  <string name="group_name_friends">Nhóm bạn bè</string>
  <string name="group_name_family">Nhóm gia đình</string>
  <string name="group_name_coworkers">Đồng nghiệp</string>
  <string name="group_name_important">Quan trọng</string>
  <string name="group_name_life_info">Quen biết</string>
  <string name="group_name_white_list">Nhóm được liên lạc</string>
  <string name="group_name_black_list">Nhóm không được liên lạc</string>
  <string name="button_manage_groups">Chỉnh sửa</string>
  <string name="button_back">Trở về</string>
  <string name="button_remove_contacts">Xóa bỏ liên hệ</string>
  <string name="duplicatedGroupNameHelpText">Tên nhớm đã được sử dụng. Đặt tên nhóm khác</string>
  <string name="system_groups_unchangable">Tên nhóm do hệ thống đặt, không thể xóa</string>
  <string name="menu_add">Thêm</string>
  <string name="menu_remove">Xóa bỏ</string>
  <string name="create_new_group">Tạo nhóm mới</string>
  <string name="manage_groups">Chỉnh sửa tên nhóm</string>
  <string name="menu_viewGroup">Xem nhóm</string>
  <string name="menu_deleteGroup">Xóa nhóm</string>
  <string name="menu_editGroupName">Chỉnh sửa tên nhóm</string>
  <string name="input_group_name_hint">Nhập tên nhóm</string>
  <string name="notification_invalid_group_name">Tên nhóm không thể để trống</string>
  <string name="add_to_group_format">Thêm vào %s</string>
  <string name="name_full">Tên</string>
  <string name="add_more_items">Thêm nhiều mục</string>
  <string name="saveConfirmationTitle">Lưu danh bạ</string>
  <string name="saveConfirmationBody">Bạn có muốn lưu thay đổi của danh bạ này</string>
  <string name="saveConfirmationYes">Lưu</string>
  <string name="saveConfirmationNo">Không lưu</string>
  <string name="import_from_account">Nhập từ tài khoản</string>
  <string name="select_account_import_from">Lựa chọn tài khoản để nhập</string>
  <string name="importing_from_account">Nhập danh bạ từ tài khoản</string>
  <string name="fail_message_account_needed">Hãy thiết lập tài khoản</string>
  <string name="success_message_import_from_account">Nhập danh bạ thành công</string>
  <string name="date_day">Ngày</string>
  <string name="fast_scroll_alphabet">\#ABCDEFGHIJKLMNOPQRSTUVWXYZ</string>
  <string name="belong_no_group">Không thuộc nhóm</string>
  <string name="menu_remove_member">Xóa danh bạ</string>
  <string name="removeConfirmation_title">Hủy bỏ</string>
  <string name="menu_add_favorite_contact">Thêm vào mục liên lạc thường xuyên</string>
  <string name="menu_group_sms">Gửi tin nhắn nhóm</string>
  <string name="menu_group_ringtone">Đặt chuông theo nhóm</string>
  <string name="menu_add_member">Thêm danh bạ</string>
  <string name="menu_callIpNumber">Quay số IP (số %s)</string>
  <string name="menu_clearDefaultNumber">Hủy bỏ thiết lập số mặc định</string>
  <string name="menu_clearDefaultEmail">Hủy bỏ thiết lập mặc định hộp thư điện tử</string>
  <string name="favoriteContactDescription">Thêm vào liên hệ thường xuyên</string>
  <string name="unfavoriteContactDescription">Hủy bỏ miêu tả</string>
  <string name="shareContactDescription">Chia sẻ danh bạ</string>
  <string name="titlePickOrCreateNewContact">Cập nhật vào danh bạ đã có hoặc tạo mới</string>
  <string name="titlePickContactNumber">Chọn một số điện thoại</string>
  <string name="fixedPhoneLabel">Tắt sóng</string>
  <string name="fixedFaxLabel">Số Fax</string>
  <string name="goto_album">Đến bộ sưu tập</string>
  <string name="recommneded_photos">Hình ảnh có sẵn</string>
  <string name="downloading_photos">Đang tải hình ảnh về</string>
  <string name="callButtonText">Gọi</string>
  <string name="callrecordview_menu_phone_all">Hiển thị tất cả các cuộc gọi</string>
  <string name="callrecordview_menu_phone_missed">Chỉ hiển thị cuộc gọi nhỡ</string>
  <string name="callrecordview_menu_delete_one">Các cuộc gọi ghi âm</string>
  <string name="callrecordview_menu_delete_stranger">Ghi âm các người lạ gọi</string>
  <string name="callrecordview_menu_delete_all">Ghi âm tất cả các cuộc gọi</string>
  <string name="callrecordview_menu_set">Ghi âm</string>
  <string name="callrecordview_more">Xem thêm</string>
  <string name="callrecordview_more_title">Đàm thoại %s</string>
  <string name="callrecordview_item_calls">Tổng cộng có %d cuộc gọi</string>
  <string name="callrecordview_item_op_time_missed">Không thể kết nối</string>
  <string name="callrecordview_item_op_time_short_incoming">Thời gian %d giây</string>
  <string name="callrecordview_item_op_time_short_outgoing">Quá hạn %d giây</string>
  <string name="callDetailsDurationFormat_incoming">Thời gian %1%s phút %2$s giây</string>
  <string name="callDetailsDurationFormat_outgoing">Gọi đi %1s phút %2s giây</string>
  <string name="group_delete_confirmation">Xóa nhóm danh bạ</string>
  <string name="no_sms_availabe_contact_in_group">Không có tin nhắn trong nhóm</string>
  <string name="showDialpadTip">Bật bàn phím</string>
  <string name="set_ringtone_for_group_members_success">Đặt chuông cho nhóm thành công</string>
  <string name="noContactHelpText">Không có liên hệ, bạn có thể</string>
  <string name="noFavoriteHelpText">Bộ sưu tập không có, bạn có thể</string>
  <string name="noGroupMemberHelpText">Không có liên hệ nào thuộc nhóm \n\n. Thêm liên hệ và chọn tên nhóm \n</string>
  <string name="noContactHelpTextAccounts">Cấu hình đồng bộ hóa tài khoản</string>
  <string name="noContactHelpTextImportSim">Nhập danh bạ từ Sim</string>
  <string name="noContactHelpTextImportSD">Nhập danh bạ từ thẻ nhớ</string>
  <string name="noContactHelpTextAddContact">Tạo danh bạ mới</string>
  <string name="noContactHelpTextAddStarred">Hình yêu thích</string>
  <string name="noContactHelpTextAddMember">Thêm danh bạ vào nhóm</string>
</resources>
