<?xml version="1.0" encoding="utf-8"?>
<!--Generated by crowdin.net-->
<resources>
  <string name="app_name">Đài FM</string>
  <string name="tx_app_name">Bật FM</string>
  <string name="preset_delete">Xóa</string>
  <string name="stat_notif_frequency">FM%1$s MHz</string>
  <string name="sel_band_menu">Chọn vùng băng tần</string>
  <string name="settings_menu">Ghi</string>
  <string name="regional_band">Khu vực băng tần</string>
  <string name="aud_output_mode">Kiểu ra Audio</string>
  <string name="sel_audio_output">Lựa chọn kiểu ra Audio</string>
  <string name="record_dur">Thời gian ghi âm</string>
  <string name="sel_rec_dur">Lựa chọn thời gian ghi âm</string>
  <string name="auto_select_af">Tần số thay thế</string>
  <string name="auto_select_af_enabled">Bật tự động chọn</string>
  <string name="auto_select_af_disabled">Tắt tự động chọn</string>
  <string name="fac_defaults">Khôi phục cài đặt mặc định</string>
  <string name="revert_to_fac">Khôi phục cài đặt mặc định</string>
  <string name="settings_back">Quay lại</string>
  <string name="settings_revert_confirm_title">Xác nhận trở về cài đặt mặc định</string>
  <string name="settings_revert_confirm_msg">Quá trình này sẽ xóa tất cả các cài đặt</string>
  <string name="settings_back_summary">Trở lại đài trước</string>
  <string name="settings_revert_defaults_title">Khôi phục cài đặt mặc định</string>
  <string name="settings_revert_defaults_summary">Khôi phục lại cài đặt</string>
  <string name="alert_dialog_ok">Xác nhận</string>
  <string name="alert_dialog_cancel">Hủy bỏ</string>
  <string name="preset_search">Đã quét %1$s</string>
  <string name="fm_command_failed_title">Thất bại</string>
  <string name="fm_cmd_failed_msg">Hoạt động không thành công. Nguyên nhân có thể là: Chưa cắm tai nghe, chưa bật Bluetooth, đang thực hiện cuộc gọi hoặc FM đã được đóng lại. Hãy kiểm tra các nguyên nhân trên, sửa lỗi và bật lại FM</string>
  <string name="durationformat">%2$d:%5$02d</string>
  <string name="frequency_string">Dải tần số</string>
  <string name="stat_no_fm">Chưa bật đài FM</string>
  <string name="need_headset_for_antenna">Lỗi! Hãy cắm tai nghe có dây làm anten bắt sóng</string>
  <string name="init_FM">Đợi trong giây lát, đang khởi tạo kết nối Bluetooth ...</string>
  <string name="need_bluetooth">Lỗi! Hãy bật Bluetooth để bắt đầu FM</string>
</resources>
