<?xml version="1.0" encoding="utf-8"?>
<!--Generated by crowdin.net-->
<resources>
  <string name="cancel">Hủy</string>
  <string name="copy">Chép</string>
  <string name="copyUrl">Chép URL</string>
  <string name="cut">Cắt</string>
  <string name="defaultVoiceMailAlphaTag">Thư thoại</string>
  <string name="defaultMsisdnAlphaTag">MSISDN1</string>
  <string name="emptyPhoneNumber">(Không số)</string>
  <string name="httpErrorBadUrl">Trang Web không mởi được vì URL không hợp lệ.</string>
  <string name="httpErrorUnsupportedScheme">Giao thức không được hỗ trợ.</string>
  <string name="no">Hủy</string>
  <string name="ok">Đồng ý</string>
  <string name="paste">Dán</string>
  <string name="search_go">Tìm</string>
  <string name="selectAll">Chọn tất cả</string>
  <string name="unknownName">(Không biết)</string>
  <string name="untitled">&lt;untitled&gt;</string>
  <string name="VideoView_error_button">Đồng ý</string>
  <string name="VideoView_error_text_unknown">Xin lỗi, không thể phát được video này.</string>
  <string name="VideoView_error_title">Không thể phát video</string>
  <string name="yes">Đồng ý</string>
  <string name="dialog_alert_title">Chú ý</string>
  <string name="VideoView_error_text_invalid_progressive_playback">Xin lỗi, video này không thích hợp với điện thoại của bạn.</string>
  <string name="config_tether_apndata"> </string>
  <string name="config_networkLocationProvider">com.google.android.location.NetworkLocationProvider</string>
  <string name="config_geocodeProvider">com.google.android.location.GeocodeProvider</string>
  <string name="config_datause_iface">ppp0</string>
  <string name="month_long_standalone_january">Tháng 1</string>
  <string name="month_long_standalone_february">Tháng 2</string>
  <string name="month_long_standalone_march">Tháng 3</string>
  <string name="month_long_standalone_april">Tháng 4</string>
  <string name="month_long_standalone_may">Tháng 5</string>
  <string name="month_long_standalone_june">Tháng 6</string>
  <string name="month_long_standalone_july">Tháng 7</string>
  <string name="month_long_standalone_august">Tháng 8</string>
  <string name="month_long_standalone_september">Tháng 9</string>
  <string name="month_long_standalone_october">Tháng 10</string>
  <string name="month_long_standalone_november">Tháng 11</string>
  <string name="month_long_standalone_december">Tháng 12</string>
  <string name="month_long_january">Tháng Một</string>
  <string name="month_long_february">Tháng Hai</string>
  <string name="month_long_march">Tháng Ba</string>
  <string name="month_long_april">Tháng Tư</string>
  <string name="month_long_may">Tháng Năm</string>
  <string name="month_long_june">Tháng Sáu</string>
  <string name="month_long_july">Tháng Bảy</string>
  <string name="month_long_august">Tháng Tám</string>
  <string name="month_long_september">Tháng Chín</string>
  <string name="month_long_october">Tháng Mười</string>
  <string name="month_long_november">Tháng Mười Một</string>
  <string name="month_long_december">Tháng Mười Hai</string>
  <string name="month_medium_january">T.Một</string>
  <string name="month_medium_february">T.Hai</string>
  <string name="month_medium_march">T.Ba</string>
  <string name="month_medium_april">T.Tư</string>
  <string name="month_medium_may">T.Năm</string>
  <string name="month_medium_june">T.Sáu</string>
  <string name="month_medium_july">T.Bảy</string>
  <string name="month_medium_august">T.Tám</string>
  <string name="month_medium_september">T.Chín</string>
  <string name="month_medium_october">T.Mười</string>
  <string name="month_medium_november">T.Mười một</string>
  <string name="month_medium_december">T.Mười hai</string>
  <string name="month_shortest_january">1</string>
  <string name="month_shortest_february">2</string>
  <string name="month_shortest_march">3</string>
  <string name="month_shortest_april">4</string>
  <string name="month_shortest_may">5</string>
  <string name="month_shortest_june">6</string>
  <string name="month_shortest_july">7</string>
  <string name="month_shortest_august">8</string>
  <string name="month_shortest_september">9</string>
  <string name="month_shortest_october">10</string>
  <string name="month_shortest_november">11</string>
  <string name="month_shortest_december">12</string>
  <string name="day_of_week_long_sunday">Chủ Nhật</string>
  <string name="day_of_week_long_monday">Thứ Hai</string>
  <string name="day_of_week_long_tuesday">Thứ Ba</string>
  <string name="day_of_week_long_wednesday">Thứ Tư</string>
  <string name="day_of_week_long_thursday">Thứ Năm</string>
  <string name="day_of_week_long_friday">Thứ Sáu</string>
  <string name="day_of_week_long_saturday">Thứ Bảy</string>
  <string name="day_of_week_medium_sunday">C.Nhật</string>
  <string name="day_of_week_medium_monday">T.Hai</string>
  <string name="day_of_week_medium_tuesday">T.Ba</string>
  <string name="day_of_week_medium_wednesday">T.Tư</string>
  <string name="day_of_week_medium_thursday">T.Năm</string>
  <string name="day_of_week_medium_friday">T.Sáu</string>
  <string name="day_of_week_medium_saturday">T.Bảy</string>
  <string name="day_of_week_short_sunday">CN</string>
  <string name="day_of_week_short_monday">Hai</string>
  <string name="day_of_week_short_tuesday">Ba</string>
  <string name="day_of_week_short_wednesday">Tư</string>
  <string name="day_of_week_short_thursday">Năm</string>
  <string name="day_of_week_short_friday">Sáu</string>
  <string name="day_of_week_short_saturday">Bảy</string>
  <string name="day_of_week_shortest_sunday">C</string>
  <string name="day_of_week_shortest_monday">H</string>
  <string name="day_of_week_shortest_tuesday">B</string>
  <string name="day_of_week_shortest_wednesday">T</string>
  <string name="day_of_week_shortest_thursday">N</string>
  <string name="day_of_week_shortest_friday">S</string>
  <string name="day_of_week_shortest_saturday">B</string>
  <string name="am">Sáng</string>
  <string name="pm">Chiều</string>
  <string name="yesterday">Hôm qua</string>
  <string name="today">Hôm nay</string>
  <string name="tomorrow">Ngày mai</string>
  <string name="hour_minute_24">%H:%M</string>
  <string name="hour_minute_ampm">%-l:%M%p</string>
  <string name="hour_minute_cap_ampm">%-l:%M%^p</string>
  <string name="twelve_hour_time_format">h:mm sáng</string>
  <string name="twenty_four_hour_time_format">HH:mm</string>
  <string name="numeric_date">%-m/%-e/%Y</string>
  <string name="numeric_date_format">d/M/yyyy</string>
  <string name="numeric_date_template">%s/%s/%s</string>
  <string name="month_day_year">%B %-e, %Y</string>
  <string name="time_of_day">%-l:%M:%S %p</string>
  <string name="date_and_time">%-l:%M:%S %p</string>
  <string name="date_time">%1$s, %2$s</string>
  <string name="time_date">%1$s, %3$s</string>
  <string name="abbrev_month_day_year">%b %-e, %Y</string>
  <string name="month_day">%B %-e</string>
  <string name="month">%-B</string>
  <string name="month_year">%B %Y</string>
  <string name="abbrev_month_day">%b %-e</string>
  <string name="abbrev_month">%-b</string>
  <string name="abbrev_month_year">%b %Y</string>
  <string name="time1_time2">%1$s – %2$s</string>
  <string name="date1_date2">%2$s – %5$s</string>
  <string name="numeric_md1_md2">%2$s/%3$s – %7$s/%8$s</string>
  <string name="numeric_wday1_md1_wday2_md2">%1$s, %2$s/%3$s – %6$s, %7$s/%8$s</string>
  <string name="numeric_mdy1_mdy2">%2$s/%3$s/%4$s – %7$s/%8$s/%9$s</string>
  <string name="numeric_wday1_mdy1_wday2_mdy2">%1$s, %2$s/%3$s/%4$s – %6$s, %7$s/%8$s/%9$s</string>
  <string name="numeric_wday1_mdy1_time1_wday2_mdy2_time2">%1$s, %2$s/%3$s/%4$s, %5$s – %6$s, %7$s/%8$s/%9$s, %10$s</string>
  <string name="numeric_md1_time1_md2_time2">%2$s/%3$s, %5$s – %7$s/%8$s, %10$s</string>
  <string name="numeric_wday1_md1_time1_wday2_md2_time2">%1$s, %2$s/%3$s, %5$s – %6$s, %7$s/%8$s, %10$s</string>
  <string name="numeric_mdy1_time1_mdy2_time2">%2$s/%3$s/%4$s, %5$s – %7$s/%8$s/%9$s, %10$s</string>
  <string name="wday1_date1_time1_wday2_date2_time2">%1$s, %2$s, %3$s – %4$s, %5$s, %6$s</string>
  <string name="wday1_date1_wday2_date2">%1$s, %2$s – %4$s, %5$s</string>
  <string name="date1_time1_date2_time2">%2$s, %3$s – %5$s, %6$s</string>
  <string name="time_wday_date">%1$s, %2$s, %3$s</string>
  <string name="wday_date">%2$s, %3$s</string>
  <string name="time_wday">%1$s, %2$s</string>
  <string name="same_year_md1_md2">%2$s %3$s – %7$s %8$s</string>
  <string name="same_year_wday1_md1_wday2_md2">%1$s, %2$s %3$s – %6$s, %7$s %8$s</string>
  <string name="same_year_md1_time1_md2_time2">%2$s %3$s, %5$s – %7$s %8$s, %10$s</string>
  <string name="same_month_md1_time1_md2_time2">%2$s %3$s, %5$s – %7$s %8$s, %10$s</string>
  <string name="same_year_wday1_md1_time1_wday2_md2_time2">%1$s, %2$s %3$s, %5$s – %6$s, %7$s %8$s, %10$s</string>
  <string name="same_month_wday1_md1_time1_wday2_md2_time2">%1$s, %2$s %3$s, %5$s – %6$s, %7$s %8$s, %10$s</string>
  <string name="same_year_mdy1_time1_mdy2_time2">%2$s %3$s, %4$s, %5$s – %7$s %8$s, %9$s, %10$s</string>
  <string name="same_month_mdy1_time1_mdy2_time2">%2$s %3$s, %4$s, %5$s – %7$s %8$s, %9$s, %10$s</string>
  <string name="same_year_wday1_mdy1_time1_wday2_mdy2_time2">%1$s, %2$s %3$s, %4$s, %5$s – %6$s, %7$s %8$s, %9$s, %10$s</string>
  <string name="same_month_wday1_mdy1_time1_wday2_mdy2_time2">%1$s, %2$s %3$s, %4$s, %5$s – %6$s, %7$s %8$s, %9$s, %10$s</string>
  <string name="same_month_wday1_mdy1_wday2_mdy2">%1$s, %2$s %3$s, %4$s – %6$s, %7$s %8$s, %9$s</string>
  <string name="same_month_md1_md2">%2$s %3$s – %8$s</string>
  <string name="same_month_wday1_md1_wday2_md2">%1$s, %2$s %3$s – %6$s, %7$s %8$s</string>
  <string name="same_year_mdy1_mdy2">%2$s %3$s – %7$s %8$s, %9$s</string>
  <string name="same_month_mdy1_mdy2">%2$s %3$s – %8$s, %9$s</string>
  <string name="same_year_wday1_mdy1_wday2_mdy2">%1$s, %2$s %3$s – %6$s, %7$s %8$s, %9$s</string>
  <string name="short_format_month">%b</string>
  <string name="full_wday_month_day_no_year">EEEE, d MMMM</string>
  <string name="abbrev_wday_month_day_year">EEE, TTT ngày, nnnn</string>
  <string name="common_name_prefixes"> </string>
  <string name="common_name_suffixes"> </string>
  <string name="common_last_name_prefixes"> </string>
  <string name="common_name_conjunctions"> </string>
  <string name="default_text_encoding">Latin-1</string>
  <string name="lock_pattern_view_aspect">Vuông</string>
  <string name="byteShort">B</string>
  <string name="kilobyteShort">KB</string>
  <string name="megabyteShort">MB</string>
  <string name="gigabyteShort">GB</string>
  <string name="terabyteShort">Terabyte (=1000 GB)</string>
  <string name="petabyteShort">Petabyte (=1000 TB)</string>
  <string name="fileSizeSuffix">%1$s%2$s</string>
  <string name="ellipsis">…</string>
  <string name="mmiError">Kết nối có vấn đề hoặc sai mã MMI.</string>
  <string name="serviceEnabled">Dịch vụ đã kích hoạt.</string>
  <string name="serviceEnabledFor">Dịch vụ đã kích hoạt cho:</string>
  <string name="serviceDisabled">Dịch vụ đã bị vô hiệu.</string>
  <string name="serviceRegistered">Đăng kí thành công.</string>
  <string name="serviceErased">Tẩy xóa thành công.</string>
  <string name="passwordIncorrect">Sai mật khẩu.</string>
  <string name="mmiComplete">MMI Hoàn thành.</string>
  <string name="badPin">Nhập mã PIN cũ không đúng.</string>
  <string name="badPuk">Nhập mã PUK không đúng.</string>
  <string name="mismatchPin">Mã PIN bạn nhập không phù hợp.</string>
  <string name="invalidPin">Nhập mã PIN từ 4 đến 8 chữ số.</string>
  <string name="needPuk">Sim của bạn bị khóa PUK. Nhập mã PUK để mở khóa.</string>
  <string name="needPuk2">Nhập mã PUK để mở khóa.</string>
  <string name="ClipMmi">ID người gọi đến</string>
  <string name="ClirMmi">ID người gọi đi</string>
  <string name="CfMmi">Chuyển tiếp cuộc gọi</string>
  <string name="CwMmi">Chờ cuộc gọi</string>
  <string name="BaMmi">Chặn cuộc gọi</string>
  <string name="PwdMmi">Đổi mật khẩu</string>
  <string name="PinMmi">Đổi PIN</string>
  <string name="CnipMmi">Hiện số gọi đến</string>
  <string name="CnirMmi">Hạn chế số gọi</string>
  <string name="ThreeWCMmi">Ba cách gọi điện thoại</string>
  <string name="RuacMmi">Từ chối các cuộc gọi quấy nhiễu</string>
  <string name="CndMmi">Gọi số giao hàng</string>
  <string name="DndMmi">Đừng làm phiền</string>
  <string name="CLIRDefaultOnNextCallOn">ID mặc định là hạn chế. Cuộc gọi tiếp: Hạn chế</string>
  <string name="CLIRDefaultOnNextCallOff">ID mặc định là hạn chế. Cuộc gọi tiếp: Không hạn chế</string>
  <string name="CLIRDefaultOffNextCallOn">ID mặc định không hạn chế. Cuộc gọi tiếp: Hạn chế</string>
  <string name="CLIRDefaultOffNextCallOff">ID mặc định không hạn chế. Cuộc gọi tiếp: Không hạn chế</string>
  <string name="serviceNotProvisioned">Dịch vụ không đượcc cấp quyền.</string>
  <string name="CLIRPermanent">Không thể thay đổi thiết lập ID của người gọi.</string>
  <string name="RestrictedChangedTitle">Hạn chế truy cập thay đổi</string>
  <string name="RestrictedOnData">Dịch vụ dữ liệu bị khóa.</string>
  <string name="RestrictedOnEmergency">Dịch vụ khẩn cấp bị chặn.</string>
  <string name="RestrictedOnNormal">Dịch vụ thoại bị chặn.</string>
  <string name="RestrictedOnAllVoice">Tất cả dịch vụ thoại bị chặn.</string>
  <string name="RestrictedOnSms">Dịch vụ SMS bị chặn.</string>
  <string name="RestrictedOnVoiceData">Tất cả dịch vụ Thoại/Dữ liệu bị chặn.</string>
  <string name="RestrictedOnVoiceSms">Tất cả dịch vụ Thoại/SMS bị chặn.</string>
  <string name="RestrictedOnAll">Tất cả dịch vụ Thoại/Dữ liệu/SMS bị chặn.</string>
  <string name="serviceClassVoice">Thoại</string>
  <string name="serviceClassData">Dữ liệu</string>
  <string name="serviceClassFAX">FAX</string>
  <string name="serviceClassSMS">SMS</string>
  <string name="serviceClassDataAsync">Đồng bộ</string>
  <string name="serviceClassDataSync">Đồng bộ</string>
  <string name="serviceClassPacket">Gói</string>
  <string name="serviceClassPAD">PAD</string>
  <string name="roamingText0">Bật chỉ số chuyển vùng</string>
  <string name="roamingText1">Tắt chỉ số chuyển vùng</string>
  <string name="roamingText2">Flashing chỉ số chuyển vùng</string>
  <string name="roamingText3">Ra khỏi khu vực lân cận</string>
  <string name="roamingText4">Ra khỏi cao ốc</string>
  <string name="roamingText5">Chuyển vùng - Hệ thống ưu đãi</string>
  <string name="roamingText6">Chuyển vùng - Hệ thống có sẵn</string>
  <string name="roamingText7">Chuyển vùng - Đối tác liên mạng</string>
  <string name="roamingText8">Chuyển vùng - Đối tác khuyến mại</string>
  <string name="roamingText9">Chuyển vùng - Dịch vụ đầy đủ tính năng</string>
  <string name="roamingText10">Chuyển vùng - Dịch vụ hạn chế tính năng</string>
  <string name="roamingText11">Bật Banner chuyển vùng</string>
  <string name="roamingText12">Tắt Banner chuyển vùng</string>
  <string name="roamingTextSearching">Tìm kiếm dịch vụ</string>
  <string name="cfTemplateNotForwarded">{0}: Không chuyển tiếp</string>
  <string name="cfTemplateForwarded">{0}: {1}</string>
  <string name="cfTemplateForwardedTime">{0}: {1} sau {2} giây</string>
  <string name="cfTemplateRegistered">{0}: Không chuyển tiếp</string>
  <string name="cfTemplateRegisteredTime">{0}: Không chuyển tiếp</string>
  <string name="fcComplete">Mã đặc tích đầy đủ.</string>
  <string name="fcError">Kết nối có vấn đề hoặc mã đặc tính không đầy đủ.</string>
  <string name="httpErrorOk">Đồng ý</string>
  <string name="httpError">Trang Web bị lỗi.</string>
  <string name="httpErrorLookup">Không tìm thấy URL.</string>
  <string name="httpErrorUnsupportedAuthScheme">Trang Web không được chứng thực.</string>
  <string name="httpErrorAuth">Chứng thực không thành công.</string>
  <string name="httpErrorProxyAuth">Chứng thực ủy nhiệm qua máy chủ không thành công.</string>
  <string name="httpErrorConnect">Kết nối với mày chủ không thành công.</string>
  <string name="httpErrorIO">Giao tiếp với máy chủ không thành công. Thử lại sau.</string>
  <string name="httpErrorTimeout">Thời gian kết nối tới máy chủ đã hết.</string>
  <string name="httpErrorRedirectLoop">Trang Web chứa nhiều máy chủ chuyển hướng.</string>
  <string name="httpErrorFailedSslHandshake">Không thiết lập được một kết nối an toàn.</string>
  <string name="httpErrorFile">Không thể truy cập được tập tin.</string>
  <string name="httpErrorFileNotFound">Không tìm thấy tập tin theo yêu cầu.</string>
  <string name="httpErrorTooManyRequests">Quá nhiều yêu cầu đang xử lí. Hãy thử lại sau.</string>
  <string name="notification_title">Lỗi đăng nhập cho %1$s</string>
  <string name="contentServiceSync">Đồng bộ</string>
  <string name="contentServiceSyncNotificationTitle">Đồng bộ</string>
  <string name="contentServiceTooManyDeletesNotificationDesc">Quá nhiều %s xóa.</string>
  <string name="low_memory">Lưu trữ điện thoại đã đầy! Xóa một số tập tin để có bộ nhớ trống.</string>
  <string name="me">Tôi</string>
  <string name="power_dialog">Các tùy chọn điện thoại</string>
  <string name="silent_mode">Chế độ im lặng</string>
  <string name="turn_on_radio">Bật không dây</string>
  <string name="turn_off_radio">Tắt không dây</string>
  <string name="screen_lock">Màn hình khóa</string>
  <string name="power_off">Tắt nguồn</string>
  <string name="shutdown_progress">Tắt máy…</string>
  <string name="shutdown_confirm">Điện thoại của bạn sẽ tắt.</string>
  <string name="recent_tasks_title">Gần đây</string>
  <string name="no_recent_tasks">Không có ứng dụng chạy gần đây.</string>
  <string name="global_actions">Các tùy chọn điện thoại</string>
  <string name="global_action_lock">Khóa màn hình</string>
  <string name="global_action_power_off">Tắt nguồn</string>
  <string name="global_action_toggle_silent_mode">Chế độ im lặng</string>
  <string name="global_action_silent_mode_on_status">Âm thanh BẬT</string>
  <string name="global_action_silent_mode_off_status">Âm thanh TẮT</string>
  <string name="global_actions_toggle_airplane_mode">Trên máy bay</string>
  <string name="global_actions_airplane_mode_on_status">Trên máy bay BẬT</string>
  <string name="global_actions_airplane_mode_off_status">Trên máy bay TẮT</string>
  <string name="safeMode">Chế độ an toàn</string>
  <string name="android_system_label">Hệ thống Android</string>
  <string name="permgrouplab_costMoney">Dịch vụ có tính phí</string>
  <string name="permgroupdesc_costMoney">Cho phép ứng dụng làm những việc mà bạn có thể mất phí.</string>
  <string name="permgrouplab_messages">Tin nhắn của bạn</string>
  <string name="permgroupdesc_messages">Đọc và viết tin SMS, e-mail và các tin nhắn khác.</string>
  <string name="permgrouplab_personalInfo">Thông tin cá nhân</string>
  <string name="permgroupdesc_personalInfo">Truy cập trực tiếp đến danh bạ và lịch được lưu trữ trên điện thoại của bạn.</string>
  <string name="permgrouplab_location">Vị trí của bạn</string>
  <string name="permgroupdesc_location">Theo dõi vị trí địa lí của bạn</string>
  <string name="permgrouplab_network">Mạng truyền thông</string>
  <string name="permgroupdesc_network">Cho phép ứng dụng truy cập các tính năng mạng khác nhau.</string>
  <string name="permgrouplab_accounts">Tài khoản của bạn</string>
  <string name="permgroupdesc_accounts">Truy cập các tài khoản có sẵn.</string>
  <string name="permgrouplab_hardwareControls">Điều khiển phần cứng</string>
  <string name="permgroupdesc_hardwareControls">Truy cập trực tiếp đến phần cứng của thiết bị cầm tay.</string>
  <string name="permgrouplab_phoneCalls">Cuộc gọi</string>
  <string name="permgroupdesc_phoneCalls">Theo dõi, ghi lại và quá trình gọi điện thoại.</string>
  <string name="permgrouplab_systemTools">Công cụ hệ thống</string>
  <string name="permgroupdesc_systemTools">Truy cập và kiểm soát hệ thống với cấp độ thấp.</string>
  <string name="permgrouplab_developmentTools">Công cụ Phát triển</string>
  <string name="permgroupdesc_developmentTools">Các tính năng chỉ cần thiết cho sự phát triển ứng dụng.</string>
  <string name="permgrouplab_storage">Lưu trữ</string>
  <string name="permgroupdesc_storage">Truy cập vào thẻ nhớ.</string>
  <string name="permlab_statusBar">vô hiệu hóa hoặc thay đổi thanh trạng thái</string>
  <string name="permdesc_statusBar">Cho phép ứng dụng vô hiệu hóa hoặc thêm bớt biểu tượng trên thanh trạng thái.</string>
  <string name="permlab_expandStatusBar">mở rộng/thu gọn thanh trạng thái</string>
  <string name="permdesc_expandStatusBar">Cho phép ứng dụng mở rộng hoặc thu hẹp thanh trạng thái.</string>
  <string name="permlab_processOutgoingCalls">chặn các cuộc gọi đi</string>
  <string name="permdesc_processOutgoingCalls">Cho phép ứng dụng xử lý các cuộc gọi đi và thay đổi số của cuộc gọi. Ứng dụng độc hại có thể theo dõi, gọi lại hoặc ngăn chặn các cuộc gọi đi.</string>
  <string name="permlab_receiveSms">nhận SMS</string>
  <string name="permdesc_receiveSms">Cho phép ứng dụng nhận và sử lý tin nhắn SMS. Ứng dụng độc hại có thể theo dõi tin nhắn hoặc xóa tin nhắn mà không hiển thị cho bạn biết</string>
  <string name="permlab_receiveMms">nhận MMS</string>
  <string name="permdesc_receiveMms">Cho phép ứng dụng nhận và sử lý tin nhắn MMS. Ứng dụng độc hại có thể theo dõi tin nhắn hoặc xóa tin nhắn mà không hiển thị cho bạn biết.</string>
  <string name="permlab_sendSms">gửi tin nhắn SMS</string>
  <string name="permdesc_sendSms">Cho phép ứng dụng gửi tin nhắn. Ứng dụng độc hại có thể gửi tin nhắn mà không cần sự cho phép của bạn gây phí tổn cước phí.</string>
  <string name="permlab_readSms">đọc SMS hoặc MMS</string>
  <string name="permdesc_readSms">Cho phép ứng dụng đọc tin nhắn được lưu trữ trên điện thoại hoặc thẻ Sim. Ứng dụng độc hại có thể đọc được các tin nhắn bí mật của bạn</string>
  <string name="permlab_writeSms">soạn SMS hoặc MMS</string>
  <string name="permdesc_writeSms">Cho phép ứng dụng ghi lên tin nhắn của bạn được lưu trữ trên điện thoại hoặc thẻ Sim. Ứng dụng độc hại có thể xóa tin nhắn của bạn.</string>
  <string name="permlab_receiveWapPush">nhận WAP</string>
  <string name="permdesc_receiveWapPush">Cho phép ứng dụng nhận và xử lý tin nhắn WAP. Ứng dụng độc hại có thể theo dõi hoặc xóa tin nhắn của bạn mà không hiện thị cho bạn biết.</string>
  <string name="permlab_getTasks">Khôi phục những ứng dụng đang chạy</string>
  <string name="permdesc_getTasks">Cho phép ứng dụng lấy thông tin hiện tại và gần đây của tác vụ. Ứng dụng độc hại có thể lấy thông tin riêng của các ứng dụng khác.</string>
  <string name="permlab_reorderTasks">sắp xếp lại các ứng dụng đang chạy</string>
  <string name="permdesc_reorderTasks">Cho phép ứng dụng chuyển đổi các tác vụ hiển thị hoặc chạy nền. Ứng dụng độc hại có thể hiện ra mà không qua sự kiểm soát của bạn.</string>
  <string name="permlab_setDebugApp">cho phép chỉnh lý ứng dụng</string>
  <string name="permdesc_setDebugApp">Cho phép bật ứng dụng để gỡ lỗi cho ứng dụng khác. Ưng dụng độc hại có thể sự dụng tính năng trên để vô hiệu hóa ứng dụng khác</string>
  <string name="permlab_changeConfiguration">thay đổi thiết lập Giao diện người dùng của bạn</string>
  <string name="permdesc_changeConfiguration">Cho phép ứng dụng thay đổi cấu hình hiện tại, chẳng hạn như địa phương hoặc kích thước phông chữ.</string>
  <string name="permlab_enableCarMode">cho phép chế độ Ôtô</string>
  <string name="permdesc_enableCarMode">Cho phép ứng dụng kích hoạt chế độ Ôtô.</string>
  <string name="permlab_killBackgroundProcesses">Tiến trình đóng ứng dụng chạy nền</string>
  <string name="permdesc_killBackgroundProcesses">"Allows an application to kill background processes of other applications, even if memory isn\'t low."</string>
  <string name="permlab_forceStopPackages">Bắt buộc dừng chạy các ứng dụng khác</string>
  <string name="permdesc_forceStopPackages">Cho phép ứng dụng cưỡng bức đóng các ứng dụng khác.</string>
  <string name="permlab_forceBack">Bắt buộc đóng ứng dụng</string>
  <string name="permdesc_forceBack">Cho phép ứng dụng đang hiển thị có thể đóng và chạy trở lại. Chức năng này không cần với các ứng dụng bình thường</string>
  <string name="permlab_dump">khôi phục trạng thái trong hệ thống</string>
  <string name="permdesc_dump">Cho phép ứng dụng lấy thông tin trạng thái bên trong hệ thống. Ứng dụng độc hại có thể lấy những thông tin riêng tư và bảo mật mà bình thường nó không cần đến.</string>
  <string name="permlab_shutdown">tắt máy một phần</string>
  <string name="permdesc_shutdown">Đặt quản lý hoạt động vào trạng thái tắt máy. Không thực hiện việc tắt máy hoàn toàn.</string>
  <string name="permlab_stopAppSwitches">ngăn chặn chuyển đổi ứng dụng</string>
  <string name="permdesc_stopAppSwitches">Ngăn chặn người sử dụng chuyển tới ứng dụng khác.</string>
  <string name="permlab_runSetActivityWatcher">theo dõi và kiểm soát tất cả các ứng dụng khởi động</string>
  <string name="permdesc_runSetActivityWatcher">Cho phép ứng dụng kiểm soát khởi động hệ thống. Ứng dụng độc hại có thể có sự thỏa hiệp với hệ thống và nó chỉ cần thiết cho sự phát triển, không bao giờ sử dụng cho mục đích sử dụng điện thoại bình thường.</string>
  <string name="permlab_broadcastPackageRemoved">gửi gói loại bỏ đài phát sóng.</string>
  <string name="permdesc_broadcastPackageRemoved">Cho phép ứng dụng phát sóng thông báo một gói ứng dụng được gỡ bỏ. Ứng dụng độc có thể vô hiệu bất kỳ ứng dụng đang chạy khác</string>
  <string name="permlab_broadcastSmsReceived">gửi tin nhắn SMS-nhận phát sóng</string>
  <string name="permdesc_broadcastSmsReceived">Cho phép ứng dụng phát sóng thông báo một tin nhắn SMS đã nhận được. Ứng dụng độc hại có thể đưa sự giả mạo vào tin nhắn</string>
  <string name="permlab_broadcastWapPush">gửi WAP-PUSH-nhận phát sóng</string>
  <string name="permdesc_broadcastWapPush">Cho phép ứng dụng phát sóng thông tin rằng đã nhận được một tin nhắn WAP-PUSH. Ứng dụng độc hại có thể giả mạo nhận tin nhắn MMS hoặc âm thầm thay thế nội dung của bất kỳ trang Web nào với các biến thể độc hại</string>
  <string name="permlab_setProcessLimit">giới hạn số lượng của các quá trình hoạt động</string>
  <string name="permdesc_setProcessLimit">Cho phép ứng dụng kiểm soát số lượng tối đa các quá trình sẽ chạy. Không bao giờ cần thiết với các ứng dụng bình thường.</string>
  <string name="permlab_setAlwaysFinish">đóng tất cả ứng dụng chạy nền</string>
  <string name="permdesc_setAlwaysFinish">Cho phép ứng dụng kiểm tra xem có phải ứng dụng đã đóng ngay khi đưa về chạy nền hay không. Không bao giờ cần thiết với ứng dụng bình thường</string>
  <string name="permlab_batteryStats">sửa đổi thống kê nguồn pin</string>
  <string name="permdesc_batteryStats">Cho phép điều chỉnh thống kê nguồn pin. Không sử dụng cho các ứng dụng bình thường</string>
  <string name="permlab_backup">điều khiển sao lưu và phục hồi hệ thống</string>
  <string name="permdesc_backup">"Allows the application to control the system\'s backup and restore mechanism. Not for use by normal applications."</string>
  <string name="permlab_internalSystemWindow">hiển thị cửa sổ trái phép</string>
  <string name="permdesc_internalSystemWindow">Cho phép tạo của sổ hiển thị hệ thống bên trong dự định sẽ dùng bởi giao diện người dùng. Không sử dụng cho các ứng dụng bình thường.</string>
  <string name="permlab_systemAlertWindow">hiển thị cảnh báo mức độ hệ thống</string>
  <string name="permdesc_systemAlertWindow">Cho phép ứng dụng hiện cửa sổ cảnh báo hệ thống.</string>
  <string name="permlab_setAnimationScale">sửa đổi toàn bộ tốc độ hoạt cảnh</string>
  <string name="permdesc_setAnimationScale">Cho phép ứng dụng thay đổi toàn bộ tốc độ hoạt cảnh (hoạt cảnh chuyển động nhanh hơn hoặc chậm hơn) vào bất kỳ lúc nào.</string>
  <string name="permlab_manageAppTokens">thẻ quản lý ứng dụng</string>
  <string name="permdesc_manageAppTokens">Cho phép ứng dụng tạo và quản lý thẻ của riêng mình. Không cần thiết với ứng dụng bình thường.</string>
  <string name="permlab_injectEvents">bấm phím và nút điều khiển</string>
  <string name="permdesc_injectEvents">Cho phép ứng dụng chuyển những dữ liệu đầu vào của riêng mình (Phím nhấn, vv) tới ứng dụng khác. Ứng dụng độc hại có thể sử dụng điều này để kiểm soát điện thoại.</string>
  <string name="permlab_readInputState">ghi lại những hành động và những gì bạn nhập liệu</string>
  <string name="permdesc_readInputState">Cho phép ứng dụng xem các phím bạn bấm ngay cả khi bạn đang tương tác với một ứng dụng khác (như nhập mật khẩu). Không bao giờ cần thiết cho các ứng dụng bình thường.</string>
  <string name="permlab_bindInputMethod">liên kết với một phương pháp nhập liệu</string>
  <string name="permdesc_bindInputMethod">Cho phép giữ để kết nối với giao diện cấp cao của một phương pháp nhập liệu. Không bao giờ cần thiết cho ứng dụng bình thường.</string>
  <string name="permlab_bindWallpaper">liên kết với Hình nền</string>
  <string name="permdesc_bindWallpaper">Cho phép giữ để liên kết với Hình nền. Không bao giờ cần thiết cho ứng dụng bình thường.</string>
  <string name="permlab_bindDeviceAdmin">tương tác với quản trị thiết bị</string>
  <string name="permdesc_bindDeviceAdmin">Cho phép giữ để gửi những chủ ý cho quản trị thiết bị. Không bao giờ cần thiết cho ứng dụng bình thường.</string>
  <string name="permlab_setOrientation">thay đổi hướng hình ảnh</string>
  <string name="permdesc_setOrientation">Cho phép ứng dụng quay màn hình bất cứ lúc nào. Không bao giờ sử dụng cho các ứng dụng bình thường.</string>
  <string name="permlab_signalPersistentProcesses">gửi tín hiệu Linux tới ứng dụng</string>
  <string name="permdesc_signalPersistentProcesses">Cho phép ứng dụng được cung cấp tín hiệu liên tục trong tất cả các quá trình.</string>
  <string name="permlab_persistentActivity">làm ứng dụng luôn chạy</string>
  <string name="permdesc_persistentActivity">"Allows an application to make parts of itself persistent, so the system can\'t use it for other applications."</string>
  <string name="permlab_deletePackages">xóa các ứng dụng</string>
  <string name="permdesc_deletePackages">Cho phép ứng dụng xóa các gói ứng dụng Android. Ứng dụng có thể sử dụng điều này để xóa những ứng dụng quan trọng.</string>
  <string name="permlab_clearAppUserData">"delete other applications\' data"</string>
  <string name="permdesc_clearAppUserData">Cho phép ứng dụng làm sạch dữ liệu người dùng.</string>
  <string name="permlab_deleteCacheFiles">"delete other applications\' caches"</string>
  <string name="permdesc_deleteCacheFiles">Cho phép ứng dụng xóa các tập tin bộ nhớ đệm.</string>
  <string name="permlab_getPackageSize">đo dung lượng ứng dụng</string>
  <string name="permdesc_getPackageSize">Cho phép ứng dụng lấy mã, dữ liệu và kích thước bộ nhớ đệm</string>
  <string name="permlab_installPackages">cài đặt ứng dụng trực tiếp</string>
  <string name="permdesc_installPackages">Cho phép ứng dụng cài đặt mới hoặc cập nhật ứng dụng Android. Ứng dụng có thể lợi dụng điều này để cài thêm các ứng dụng được phép tùy biến mạnh mẽ khác.</string>
  <string name="permlab_clearAppCache">xóa hết dữ liệu bộ nhớ đệm của ứng dụng</string>
  <string name="permdesc_clearAppCache">Cho phép ứng dụng được lưu trữ miễn phí bằng cách xóa các tập tin trong thư mục bộ nhớ đệm của ứng dụng. Truy cập rất hạn chế (Thường là để xử lý hệ thống).</string>
  <string name="permlab_movePackage">Di chuyển tài nguyên ứng dụng</string>
  <string name="permdesc_movePackage">Cho phép ứng dụng di chuyển tài nguyên ứng dụng từ phương tiện truyền thông bên trong ra ngoài và ngược lại..</string>
  <string name="permlab_readLogs">đọc các tập tin hồ sơ hệ thống</string>
  <string name="permdesc_readLogs">"Allows an application to read from the system\'s various log files. This allows it to discover general information about what you are doing with the phone, but they should not contain any personal or private information."</string>
  <string name="permlab_diagnostic">đọc/viết cho nhóm phát triển</string>
  <string name="permdesc_diagnostic">Cho phép ứng dụng đọc và viết thư cho các nhóm tài nguyên, ví dụ các tập tin đang phát triển. Điều này có khả năng ảnh hưởng đến sự ổn định và bảo mật của hệ thống nên được chỉ được sử dụng cho chẩn đoán phần cứng của nhà sản xuất hoặc nhà điều hành.</string>
  <string name="permlab_changeComponentState">bật, tắt thành phần của ứng dụng</string>
  <string name="permdesc_changeComponentState">Cho phép ứng dụng thay đổi thành phần của một ứng dụng khác. Ứng dụng độc hại có thể vô hiệu hóa các ứng dụng quan trọng. Cẩn thận khi sử dụng vì nó có thể làm cho thành phần của ứng dụng không sử dụng được, không phù hợp, hoặc không ổn định.</string>
  <string name="permlab_setPreferredApplications">đặt các ứng dụng yêu thích</string>
  <string name="permdesc_setPreferredApplications">Cho phép ứng dụng sửa các ứng dụng yêu thích của bạn. Điều này có thể cho phép ứng dụng độc hại làm thay đổi các ứng dụng được chạy, giả mạo các ứng dụng của bạn để thu thập dữ liệu cá nhân.</string>
  <string name="permlab_writeSettings">sửa thiết lập hệ thống</string>
  <string name="permdesc_writeSettings">"Allows an application to modify the system\'s settings data. Malicious applications can corrupt your system\'s configuration."</string>
  <string name="permlab_writeSecureSettings">thiết lập thay đổi bảo mật hệ thống</string>
  <string name="permdesc_writeSecureSettings">"Allows an application to modify the system\'s secure settings data. Not for use by normal applications."</string>
  <string name="permlab_writeGservices">sửa dịch vụ bản đồ của Google</string>
  <string name="permdesc_writeGservices">Cho phép ứng dụng sửa dịch vụ bản đồ của Google. Không sử dụng cho các ứng dụng khác.</string>
  <string name="permlab_receiveBootCompleted">tự động chạy khi khởi động</string>
  <string name="permdesc_receiveBootCompleted">Cho phép ứng dụng tự chạy ngay khi hệ thống vừa khởi động xong. Điều này có thể làm mất nhiều thời gian và làm cho việc sử dụng điện thoại chậm hơn.</string>
  <string name="permlab_broadcastSticky">gửi chương trình phát sóng</string>
  <string name="permdesc_broadcastSticky">Cho phép ứng dụng lưu các chương trình phát sóng sau khi xem. Ứng dụng này có thể làm cho điện thoại chậm hoặc không ổn định bằng cách sử dụng một phần bộ nhớ.</string>
  <string name="permlab_readContacts">đọc dữ liệu danh bạ</string>
  <string name="permdesc_readContacts">Cho phép ứng dụng đọc tất cả các dữ liệu Danh bạ(địa chỉ) được lưu trữ trên điện thoại của bạn. Các ứng dụng độc hại có thể sử dụng những dữ liệu này để gửi dữ liệu của bạn cho người khác.</string>
  <string name="permlab_writeContacts">ghi dữ liệu danh bạ</string>
  <string name="permdesc_writeContacts">Cho phép ứng dụng sửa đổi danh bạ (địa chỉ) được lưu trữ trên điện thoại của bạn. Các ứng dụng độc hại có thể sử dụng để xóa hoặc sửa đổi dữ liệu liên lạc của bạn.</string>
  <string name="permlab_writeOwnerData">sửa dữ liệu riêng</string>
  <string name="permdesc_writeOwnerData">Cho phép ứng dụng sửa đổi các dữ liệu riêng được lưu trữ trên điện thoại của bạn. Ứng dụng độc hại có thể sử dụng để xóa hoặc sửa đổi dữ liệu riêng.</string>
  <string name="permlab_readOwnerData">đọc dữ liệu riêng</string>
  <string name="permdesc_readOwnerData">Cho phép ứng dụng đọc dữ liệu riêng được lưu trữ trên điện thoại của. Ứng dụng độc hại có thể sử dụng để đọc dữ liệu riêng của bạn.</string>
  <string name="permlab_readCalendar">đọc các sự kiện trên lịch</string>
  <string name="permdesc_readCalendar">Cho phép một ứng dụng để đọc tất cả các sự kiện lịch được lưu trữ trên điện thoại của bạn. Ứng dụng độc hại có thể sử dụng để gửi các sự kiện lịch của bạn cho người khác.</string>
  <string name="permlab_writeCalendar">thêm hoặc thay đổi các sự kiện trên lịch của bạn, có thể gửi thư điện tử đến người khác</string>
  <string name="permdesc_writeCalendar">Cho phép ứng dụng thêm hoặc thay đổi các sự kiện trên lịch của bạn, có thể gửi thư điện tử đến người khác. Ứng dụng độc hại có thể sử dụng để xóa hoặc sửa đổi các sự kiện lịch của bạn hoặc gửi thư điện tử đến người khác.</string>
  <string name="permlab_accessMockLocation">vị trí giả để thử nghiệm</string>
  <string name="permdesc_accessMockLocation">Tạo vị trí giả để thử nghiệm. Ứng dụng độc hại có thể sử dụng để ghi đè lên vị trí vị trí thực tế mà các nguồn cung cấp như GPS, mạng cung cấp hoặc theo dõi và báo cáo vị trí của bạn đến một nguồn bên ngoài.</string>
  <string name="permlab_accessLocationExtraCommands">lệnh truy cập vào các vị trí chưa được cung cấp</string>
  <string name="permdesc_accessLocationExtraCommands">Lệnh truy cập vị trí chưa được cung cấp. Ứng dụng độc hại có thể sử dụng điều này để can thiệp vào hoạt động của GPS hoặc các nguồn vị trí khác.</string>
  <string name="permlab_installLocationProvider">Cho phép cài ứng dụng cung cấp vị trí</string>
  <string name="permdesc_installLocationProvider">Tạo vị trí giả để thử nghiệm. Ứng dụng độc hại có thể sử dụng để ghi đè lên vị trí vị trí thực tế mà các nguồn cung cấp như GPS, mạng cung cấp hoặc theo dõi và báo cáo vị trí của bạn đến một nguồn bên ngoài.</string>
  <string name="permlab_accessFineLocation">Định vị GPS tốt</string>
  <string name="permdesc_accessFineLocation">Cập nhật tốt vị trí nhờ hệ thống định vị toàn cầu (GPS) trên điện thoại. Các ứng dụng độc hại có thể sử dụng tính năng này để xác định vị trí của bạn và có thể tiêu thụ nhiều pin hơn.</string>
  <string name="permlab_accessCoarseLocation">vị trí gần đúng</string>
  <string name="permdesc_accessCoarseLocation">Cập nhật các nguồn vị trí như cơ sở dữ liệu mạng di động để xác định vị trí gần đúng của điện thoại. Các các ứng dụng độc hại có thể sử dụng tính năng này để xác định vị trí của bạn.</string>
  <string name="permlab_accessSurfaceFlinger">cập nhật SurfaceFlinger</string>
  <string name="permdesc_accessSurfaceFlinger">Cho phép ứng dụng sử dụng SurfaceFlinger mức độ thấp.</string>
  <string name="permlab_readFrameBuffer">đọc bộ đệm khung hình</string>
  <string name="permdesc_readFrameBuffer">Cho phép ứng dụng xem nội dung của bộ đệm khung hình.</string>
  <string name="permlab_modifyAudioSettings">thay đổi thiết lập âm thanh của bạn</string>
  <string name="permdesc_modifyAudioSettings">Cho phép ứng dụng sửa đổi các thiết lập âm thanh như âm lượng và định tuyến.</string>
  <string name="permlab_recordAudio">ghi âm</string>
  <string name="permdesc_recordAudio">Cho phép ứng dụng truy cập vào đường dẫn ghi âm.</string>
  <string name="permlab_camera">chụp ảnh</string>
  <string name="permdesc_camera">Cho phép ứng dụng chụp ảnh với máy ảnh. Điều này cho phép ứng dụng thu thập hình ảnh bất kỳ lúc nào từ máy ảnh.</string>
  <string name="permlab_brick">vô hiệu hóa vĩnh viễn điện thoại</string>
  <string name="permdesc_brick">Cho phép các ứng dụng vô hiệu hóa vĩnh viễn toàn bộ điện thoại. Điều này là rất nguy hiểm.</string>
  <string name="permlab_reboot">khởi động lại điện thoại ngay</string>
  <string name="permdesc_reboot">Cho phép ứng dụng bắt buộc điện thoại phải khởi động lại.</string>
  <string name="permlab_mount_unmount_filesystems">đóng, mở tập tin hệ thống</string>
  <string name="permdesc_mount_unmount_filesystems">Cho phép các ứng dụng đóng và mở các tập tin hệ thống của bộ nhớ.</string>
  <string name="permlab_mount_format_filesystems">định dạng khu vực lưu trữ gắn ngoài</string>
  <string name="permdesc_mount_format_filesystems">Cho phép ứng dụng định dạng lại thẻ nhớ.</string>
  <string name="permlab_asec_access">nhận thông tin ở khu vực lưu trữ an toàn</string>
  <string name="permdesc_asec_access">Cho phép ứng dụng biết thông tin về khu vực lưu trữ an toàn.</string>
  <string name="permlab_asec_create">tạo lưu trữ an toàn</string>
  <string name="permdesc_asec_create">Cho phép ứng dụng tạo lưu trữ an toàn.</string>
  <string name="permlab_asec_destroy">hủy lưu trữ an toàn</string>
  <string name="permdesc_asec_destroy">Cho phép ứng dụng hủy lưu trữ an toàn.</string>
  <string name="permlab_asec_mount_unmount">Gắn/tháo lưu trữ an toàn</string>
  <string name="permdesc_asec_mount_unmount">Cho phép ứng dụng gắn/tháo lưu trữ an toàn.</string>
  <string name="permlab_asec_rename">đổi tên lưu trữ an toàn</string>
  <string name="permdesc_asec_rename">Cho phép ứng dụng đổi tên khu vực lưu trữ an toàn.</string>
  <string name="permlab_vibrate">điều khiển rung</string>
  <string name="permdesc_vibrate">Cho phép ứng dụng điều khiển rung.</string>
  <string name="permlab_flashlight">điều khiển đèn flash</string>
  <string name="permdesc_flashlight">Chấp nhận ứng dụng điều khiển đèn flash.</string>
  <string name="permlab_hardware_test">kiểm tra phần cứng</string>
  <string name="permdesc_hardware_test">Cho phép ứng dụng kiểm soát các thiết bị ngoại vi khác nhau với mục đích kiểm tra phần cứng.</string>
  <string name="permlab_callPhone">gọi trực tiếp số điện thoại</string>
  <string name="permdesc_callPhone">Cho phép các ứng dụng để gọi số điện thoại mà không cần sự can thiệp của bạn. Các ứng dụng độc hại có thể gây ra các cuộc gọi không mong muốn sẽ xuất hiện trên hóa đơn điện thoại của bạn. Lưu ý rằng điều này không cho phép các ứng dụng có thể gọi các số khẩn cấp.</string>
  <string name="permlab_callPrivileged">gọi trực tiếp tới số điện thoại bất kì</string>
  <string name="permdesc_callPrivileged">Cho phép các ứng dụng để gọi bất kỳ số điện thoại, bao gồm cả các số khẩn cấp mà không có sự can thiệp của bạn. Các ứng dụng độc hại có thể đặt các cuộc gọi không cần thiết và bất hợp pháp với các dịch vụ khẩn cấp.</string>
  <string name="permlab_performCdmaProvisioning">bắt đầu cài đặt trực tiếp CDMA</string>
  <string name="permdesc_performCdmaProvisioning">Cho phép các ứng dụng để bắt đầu cung cấp CDMA. Có thể có những ứng dụng độc hại khi bắt đầu cung cấp CDMA</string>
  <string name="permlab_locationUpdates">kiểm soát các thông báo cập nhật vị trí</string>
  <string name="permdesc_locationUpdates">Cho phép bật/tắt những thông báo cập nhật vị trí từ sóng mạng. Không dùng cho những ứng dụng bình thường.</string>
  <string name="permlab_checkinProperties">truy cập kiểm tra những thuộc tính</string>
  <string name="permdesc_checkinProperties">Cho phép đọc/ghi nhận những truy cập vào thuộc tính được tải lên bởi dịch vụ kiểm tra. Không dùng cho những ứng dụng bình thường.</string>
  <string name="permlab_bindGadget">chọn widgets</string>
  <string name="permdesc_bindGadget">Cho phép ứng dụng báo với hệ thống những widget nào nó sẽ dùng. Với quyền này, ứng dụng có thể truy cập tới dữ liệu cá nhân của ứng dụng khác. Không dùng cho các ứng dụng bình thường.</string>
  <string name="permlab_modifyPhoneState">sửa đổi trạng thái điện thoại</string>
  <string name="permdesc_modifyPhoneState">Cho phép một ứng dụng điều khiển những thành phần của thiết bị điện thoại. Một ứng dụng với quyền này có thể chuyển đổi kết nối mạng, bật tắt sóng điện thoại hay tương tự thế mà không cần báo cho bạn biết.</string>
  <string name="permlab_readPhoneState">đọc trạng thái điện thoại và đặc tính</string>
  <string name="permdesc_readPhoneState">Cho phép một ứng dụng truy cập đến những thành phần của thiết bị điện thoại. Một ứng dụng với quyền này có thể xác định số điện thoại và số seri của điện thoại này, khi một cuộc gọi được kích hoạt, số gọi tới được hiển thị hay tương tự thế.</string>
  <string name="permlab_wakeLock">ngăn điện thoại khỏi trạng thái nghỉ</string>
  <string name="permdesc_wakeLock">Cho phép một ứng dụng ngăn không cho điện thoại rơi vào trạng thái nghỉ.</string>
  <string name="permlab_devicePower">bật hoặc tắt nguồn điện thoại</string>
  <string name="permdesc_devicePower">Cho phép ứng dụng bật hoặc tắt nguồn điện thoại.</string>
  <string name="permlab_factoryTest">chạy ở chế độ thử nghiệm</string>
  <string name="permdesc_factoryTest">Chạy như là một thử nghiệm cấp thấp, cho phép truy cập vào các phần cứng điện thoại. Chỉ hoạt động khi điện thoại đang chạy trong chế độ thử nghiệm.</string>
  <string name="permlab_setWallpaper">cài đặt hình nền</string>
  <string name="permdesc_setWallpaper">Cho phép ứng dụng cài đặt hình nền hệ thống.</string>
  <string name="permlab_setWallpaperHints">gợi ý thiết lập kích thước hình nền</string>
  <string name="permdesc_setWallpaperHints">Cho phép ứng dụng gợi ý cài đặt hình nền hệ thống.</string>
  <string name="permlab_masterClear">thiết lập lại hệ thống mặc định như khi xuất xưởng</string>
  <string name="permdesc_masterClear">Cho phép một ứng dụng thiết lập hoàn toàn lại hệ thống như khi xuất xưởng, xóa tất cả dữ liệu, cấu hình và các ứng dụng cài đặt.</string>
  <string name="permlab_setTime">đặt giờ</string>
  <string name="permdesc_setTime">"Allows an application to change the phone\'s clock time."</string>
  <string name="permlab_setTimeZone">đặt múi giờ</string>
  <string name="permdesc_setTimeZone">"Allows an application to change the phone\'s time zone."</string>
  <string name="permlab_accountManagerService">hoạt động như Dịch Vụ Quản Lý Tài Khoản</string>
  <string name="permdesc_accountManagerService">Cho phép một ứng dụng gọi điện đến Người Xác Thực Tài Khoản</string>
  <string name="permlab_getAccounts">dò tìm những tài khoản đã được biết</string>
  <string name="permdesc_getAccounts">Cho phép một ứng dụng lấy danh sách tài khoản được điện thoại nhận diện.</string>
  <string name="permlab_authenticateAccounts">hoạt động như một tài khoản xác thực</string>
  <string name="permdesc_authenticateAccounts">Cho phép ứng dụng sử dụng các khả năng xác thực tài khoản của Quản lý tài khoản, bao gồm việc tạo tài khoản và nhận được thiết lập tài khoản của ứng dụng.</string>
  <string name="permlab_manageAccounts">quản lý danh mục mật khẩu</string>
  <string name="permdesc_manageAccounts">Cho phép ứng dụng thực hiện thêm, loại bỏ và xóa mật khẩu.</string>
  <string name="permlab_useCredentials">sử dụng thông tin xác thực của tài khoản</string>
  <string name="permdesc_useCredentials">Cho phép ứng dụng yêu cầu thẻ chứng thực.</string>
  <string name="permlab_accessNetworkState">xem trạng thái kết nối mạng</string>
  <string name="permdesc_accessNetworkState">Cho phép ứng dụng xem trạng thái của tất cả các mạng.</string>
  <string name="permlab_createNetworkSockets">đầy đủ truy cập Internet</string>
  <string name="permdesc_createNetworkSockets">Cho phép ứng dụng tạo ra kết nối mạng.</string>
  <string name="permlab_writeApnSettings">thiết lập tên điểm truy cập</string>
  <string name="permdesc_writeApnSettings">Cho phép ứng dụng sửa đổi các thiết lập APN cũng như Proxy và Port của bất kỳ APN.</string>
  <string name="permlab_changeNetworkState">thay đổi kết nối mạng</string>
  <string name="permdesc_changeNetworkState">Cho phép ứng dụng thay đổi trạng thái kết nối mạng.</string>
  <string name="permlab_changeTetherState">Thay đổi kết nối dùng chung</string>
  <string name="permdesc_changeTetherState">Cho phép một ứng dụng thay đổi trạng thái kết nối mạng dùng chung.</string>
  <string name="permlab_changeBackgroundDataSetting">thay đổi thiết lập sử dụng dữ liệu chạy nền</string>
  <string name="permdesc_changeBackgroundDataSetting">Cho phép một ứng dụng thay đổi thiết lập sử dụng dữ liệu chạy nền.</string>
  <string name="permlab_accessWifiState">xem trạng thái Wi-Fi</string>
  <string name="permdesc_accessWifiState">Cho phép một ứng dụng xem thông tin trạng thái Wi-Fi.</string>
  <string name="permlab_changeWifiState">thay đổi trạng thái Wi-Fi</string>
  <string name="permdesc_changeWifiState">Cho phép một ứng dụng kết nối và ngắt kết nối tới điểm truy cập Wi-Fi, và để thay đổi cấu hình kết nối mạng Wi-Fi.</string>
  <string name="permlab_changeWifiMulticastState">cho phép nhận Wi-Fi phát tán</string>
  <string name="permdesc_changeWifiMulticastState">Cho phép một ứng dụng nhận những gói không trực tiếp được gửi đến thiết bị của bạn. Chức năng này hữu dụng khi dò tìm dịch vụ cung cấp ở gần. Hao pin hơn chế độ không phát tán.</string>
  <string name="permlab_bluetoothAdmin">quản lý bluetooth</string>
  <string name="permdesc_bluetoothAdmin">Cho phép một ứng dụng cấu hình Bluetooth cục bộ của điện thoại, và để dò tìm và ghép với những thiết bị từ xa.</string>
  <string name="permlab_bluetooth">tạo những kết nối Bluetooth</string>
  <string name="permdesc_bluetooth">Cho phép một ứng dụng xem cấu hình kết nối Bluetooth cục bộ của điện thoại, và để tạo hay chấp nhận kết nối với những thiết bị được ghép.</string>
  <string name="permlab_disableKeyguard">Vô hiệu hóa khóa phím</string>
  <string name="permdesc_disableKeyguard">Cho phép ứng dụng vô hiệu hóa khóa phím và mật khẩu bất kỳ của các bảo mật liên quan. Một ví dụ cho tiện ích của việc này là : Vô hiệu hóa các khóa phím khi nhận được một cuộc gọi đến, sau đó lại khóa phím khi cuộc gọi kết thúc.</string>
  <string name="permlab_readSyncSettings">Đọc thiết lập đồng bộ</string>
  <string name="permdesc_readSyncSettings">Cho phép một ứng dụng đọc các thiết lập đồng bộ, chẳng hạn như kích hoạt đồng bộ cho Danh bạ.</string>
  <string name="permlab_writeSyncSettings">Ghi thiết lập đồng bộ</string>
  <string name="permdesc_writeSyncSettings">Cho phép một ứng dụng để sửa đổi các thiết lập đồng bộ, chẳng hạn như đồng bộ danh bạ.</string>
  <string name="permlab_readSyncStats">đọc số liệu thống kê đồng bộ</string>
  <string name="permdesc_readSyncStats">Cho phép một ứng dụng có thể đọc các số liệu thống kê đồng bộ, ví dụ như: lịch sử của đồng bộ.</string>
  <string name="permlab_subscribedFeedsRead">đọc nguồn cấp dữ liệu thuê bao</string>
  <string name="permdesc_subscribedFeedsRead">Cho phép ứng dụng có thể xem thông tin chi tiết về các lần đồng bộ hóa.</string>
  <string name="permlab_subscribedFeedsWrite">ghi đăng ký nguồn cấp dữ liệu</string>
  <string name="permdesc_subscribedFeedsWrite">Cho phép ứng dụng chỉnh sửa quá trinh đồng bộ. Điếu này đồng nghĩa với việc các tập tin độc hại cũng có thể chỉnh sửa chúng.</string>
  <string name="permlab_readDictionary">đọc từ điển người sử dụng</string>
  <string name="permdesc_readDictionary">Cho phép ứng dụng được đọc tin nhắn, tên, cụm từ đã lưu trên từ điển.</string>
  <string name="permlab_writeDictionary">lưu vào từ điển người sử dụng</string>
  <string name="permdesc_writeDictionary">Cho phép ứng dụng ghi từ mới vào từ điển.</string>
  <string name="permlab_sdcardWrite">sửa/xóa các mục trên thẻ nhớ</string>
  <string name="permdesc_sdcardWrite">Chấp nhận ứng dụng ghi lên thẻ nhớ.</string>
  <string name="permlab_cache_filesystem">truy cập vào các file hệ thống trên bộ nhớ đệm</string>
  <string name="permdesc_cache_filesystem">Cho phép một ứng dụng đọc va ghi vào bộ nhớ đệm hệ thống.</string>
  <string name="policylab_limitPassword">Giới hạn mật khẩu</string>
  <string name="policydesc_limitPassword">Hạn chế các loại mật khẩu được phép sử dụng.</string>
  <string name="policylab_watchLogin">Cố gắng đăng nhập</string>
  <string name="policydesc_watchLogin">Thất bại khi đăng nhập vào thiết bị để thực hiện các hành động.</string>
  <string name="policylab_resetPassword">Thay đổi mật khẩu</string>
  <string name="policydesc_resetPassword">Bạn phải có mật khẩu mới, yêu cầu quản trị cấp cho bạn trước khi đăng nhập.</string>
  <string name="policylab_forceLock">Mức độ mật của mật khẩu</string>
  <string name="policydesc_forceLock">Kiểm soát khi thiết bị khóa. Yêu cầu bạn nhập lại mật khẩu của mình.</string>
  <string name="policylab_wipeData">Xóa tất cả dữ liệu</string>
  <string name="policydesc_wipeData">Khôi phục lại ban đầu, toàn bộ các dữ liệu sẽ bị xóa mà không cần hỏi.</string>
  <string name="phoneTypeCustom">Tự đặt</string>
  <string name="phoneTypeHome">Nhà</string>
  <string name="phoneTypeMobile">Di động</string>
  <string name="phoneTypeWork">Cơ quan</string>
  <string name="phoneTypeFaxWork">Cơ quan Fax</string>
  <string name="phoneTypeFaxHome">Nhà Fax</string>
  <string name="phoneTypePager">Trang</string>
  <string name="phoneTypeOther">Khác</string>
  <string name="phoneTypeCallback">Gọi lại</string>
  <string name="phoneTypeCar">Ôtô</string>
  <string name="phoneTypeCompanyMain">Số công ty chính</string>
  <string name="phoneTypeIsdn">ISDN</string>
  <string name="phoneTypeMain">Số chính</string>
  <string name="phoneTypeOtherFax">Fax khác</string>
  <string name="phoneTypeRadio">Số Radio</string>
  <string name="phoneTypeTelex">Số di động</string>
  <string name="phoneTypeTtyTdd">TTY TDD</string>
  <string name="phoneTypeWorkMobile">Di động công việc</string>
  <string name="phoneTypeWorkPager">Trang công việc</string>
  <string name="phoneTypeAssistant">Số phụ</string>
  <string name="phoneTypeMms">MMS</string>
  <string name="eventTypeBirthday">Sinh nhật</string>
  <string name="eventTypeAnniversary">Dịp kỷ niệm</string>
  <string name="eventTypeOther">Sự kiện</string>
  <string name="emailTypeCustom">Tự đặt</string>
  <string name="emailTypeHome">Nhà</string>
  <string name="emailTypeWork">Cơ quan</string>
  <string name="emailTypeOther">Khác</string>
  <string name="emailTypeMobile">Di động</string>
  <string name="postalTypeCustom">Tự đặt</string>
  <string name="postalTypeHome">Nhà</string>
  <string name="postalTypeWork">Cơ quan</string>
  <string name="postalTypeOther">Khác</string>
  <string name="imTypeCustom">Tự đặt</string>
  <string name="imTypeHome">Nhà</string>
  <string name="imTypeWork">Cơ quan</string>
  <string name="imTypeOther">Khác</string>
  <string name="imProtocolCustom">Tự đặt</string>
  <string name="imProtocolAim">AIM</string>
  <string name="imProtocolMsn">Windows Live</string>
  <string name="imProtocolYahoo">Yahoo</string>
  <string name="imProtocolSkype">Skype</string>
  <string name="imProtocolQq">QQ</string>
  <string name="imProtocolGoogleTalk">Đàm thoại bằng Google</string>
  <string name="imProtocolIcq">ICQ</string>
  <string name="imProtocolJabber">Jabber</string>
  <string name="imProtocolNetMeeting">Giao lưu</string>
  <string name="orgTypeWork">Cơ quan</string>
  <string name="orgTypeOther">Khác</string>
  <string name="orgTypeCustom">Tự đặt</string>
  <string name="contact_status_update_attribution">thông qua %1$s</string>
  <string name="contact_status_update_attribution_with_date">%1$s thông qua %2$s</string>
  <string name="keyguard_password_enter_pin_code">Nhập mã PIN</string>
  <string name="keyguard_password_enter_password_code">Nhập mật khẩu để mở khóa</string>
  <string name="keyguard_password_wrong_pin_code">Mã PIN sai!</string>
  <string name="keyguard_label_text">Để mở khóa, nhấn Menu sau đó nhấn 0.</string>
  <string name="emergency_call_dialog_number_for_display">Số gọi khẩn cấp</string>
  <string name="lockscreen_carrier_default">No Service</string>
  <string name="lockscreen_screen_locked">Đã khóa màn hình.</string>
  <string name="lockscreen_instructions_when_pattern_enabled">Nhấn Menu để mở khóa hoặc gọi khẩn cấp.</string>
  <string name="lockscreen_instructions_when_pattern_disabled">Nhấn Menu để mở khóa.</string>
  <string name="lockscreen_pattern_instructions">Vẽ hình để mở khóa</string>
  <string name="lockscreen_emergency_call">Gọi khẩn cấp</string>
  <string name="lockscreen_return_to_call">Quay lại cuộc gọi</string>
  <string name="lockscreen_pattern_correct">Chính xác!</string>
  <string name="lockscreen_pattern_wrong">Xin lỗi, thử lại</string>
  <string name="lockscreen_plugged_in">Đang sạc (%d%%)</string>
  <string name="lockscreen_charged">Sạc xong.</string>
  <string name="lockscreen_battery_short">%d%%</string>
  <string name="lockscreen_low_battery">Pin yếu! Hãy cắm sạc (%d%%)</string>
  <string name="lockscreen_missing_sim_message_short">Không có thẻ SIM.</string>
  <string name="lockscreen_missing_sim_message">Không có thẻ SIM trong điện thoại.</string>
  <string name="lockscreen_missing_sim_instructions">Vui lòng lắp thẻ SIM.</string>
  <string name="emergency_calls_only">Chỉ có thể gọi khẩn cấp</string>
  <string name="lockscreen_network_locked_message">Kết nối đã khóa</string>
  <string name="lockscreen_sim_puk_locked_message">Thẻ SIM bị khóa PUK.</string>
  <string name="lockscreen_sim_puk_locked_instructions">"PIN1 Blocked. Enter PUK1.
or
Please see the User Guide/contact Customer Care."</string>
  <string name="lockscreen_sim_locked_message">Thẻ SIM bị khóa.</string>
  <string name="lockscreen_sim_unlock_progress_dialog_message">Đang mở khóa thẻ SIM…</string>
  <string name="lockscreen_too_many_failed_attempts_dialog_message">"You have incorrectly drawn your unlock pattern or entered password %d times. 

Please try again in %d seconds."</string>
  <string name="lockscreen_failed_attempts_almost_glogin">"You have incorrectly drawn your unlock pattern %d times. After %d more unsuccessful attempts, you will be asked to unlock your phone using your Google sign-in.

 Please try again in %d seconds."</string>
  <string name="lockscreen_too_many_failed_attempts_countdown">Thử lại sau %d giây.</string>
  <string name="lockscreen_forgot_pattern_button_text">Quên sao?</string>
  <string name="lockscreen_glogin_forgot_pattern">Mật khẩu mở khóa</string>
  <string name="lockscreen_glogin_too_many_attempts">Thử quá nhiều lần!</string>
  <string name="lockscreen_glogin_instructions">Để mở khóa, đăng nhập với tài khoản Google của bạn</string>
  <string name="lockscreen_glogin_username_hint">Tên đăng nhập (email)</string>
  <string name="lockscreen_glogin_password_hint">Mật khẩu</string>
  <string name="lockscreen_glogin_submit_button">Đăng nhập</string>
  <string name="lockscreen_glogin_invalid_input">Tên người dùng hoặc mật khẩu không hợp lệ.</string>
  <string name="lockscreen_glogin_checking_password">Đang kiểm tra...</string>
  <string name="lockscreen_unlock_label">Mở khóa</string>
  <string name="lockscreen_sound_on_label">Bật tiếng</string>
  <string name="lockscreen_sound_off_label">Tắt tiếng</string>
  <string name="password_keyboard_label_symbol_key">\?123</string>
  <string name="password_keyboard_label_alpha_key">ABC</string>
  <string name="password_keyboard_label_alt_key">Alt</string>
  <string name="hour_ampm">%-l%P</string>
  <string name="hour_cap_ampm">%-l%p</string>
  <string name="status_bar_clear_all_button">Trống</string>
  <string name="status_bar_no_notifications_title">Không có thông báo</string>
  <string name="status_bar_ongoing_events_title">Đang thực hiện</string>
  <string name="status_bar_latest_events_title">Các thông báo</string>
  <string name="battery_status_text_percent_format">%d%%</string>
  <string name="battery_status_charging">Đang sạc</string>
  <string name="battery_low_title">Xin hãy cắm sạc</string>
  <string name="battery_low_subtitle">Pin  bị yếu:</string>
  <string name="battery_low_percent_format">Còn lại %d%% hoặc ít hơn.</string>
  <string name="battery_low_why">Sử dụng pin</string>
  <string name="factorytest_failed">Chế độ chạy thử nghiệm bị lỗi</string>
  <string name="factorytest_not_system">Hành động CHẠY THỬ NGHIỆM chỉ hỗ trợ cho cài đặt gói vào /system/app.</string>
  <string name="factorytest_no_action">Không tìm thấy gói cung cấp các hoạt động CHẠY THỬ NGHIỆM.</string>
  <string name="factorytest_reboot">Khởi động lại</string>
  <string name="web_user_agent">Mozilla/5.0 (Linux; U; Android %s) AppleWebKit/533.1 (KHTML, like Gecko) Version/4.0 Mobile Safari/533.1</string>
  <string name="js_dialog_title">"The page at \'%s\' says:"</string>
  <string name="js_dialog_title_default">JavaScript</string>
  <string name="js_dialog_before_unload">"Navigate away from this page?

%s

Select OK to continue, or Cancel to stay on the current page."</string>
  <string name="save_password_label">Xác nhận</string>
  <string name="double_tap_toast">Gợi ý: nhấp đúp để phóng to hoặc thu nhỏ.</string>
  <string name="permlab_readHistoryBookmarks">"read Browser\'s history and bookmarks"</string>
  <string name="permdesc_readHistoryBookmarks">"Allows the application to read all the URLs that the Browser has visited, and all of the Browser\'s bookmarks."</string>
  <string name="permlab_writeHistoryBookmarks">"write Browser\'s history and bookmarks"</string>
  <string name="permdesc_writeHistoryBookmarks">"Allows an application to modify the Browser\'s history or bookmarks stored on your phone. Malicious applications can use this to erase or modify your Browser\'s data."</string>
  <string name="permlab_writeGeolocationPermissions">Sửa đổi trình duyệt cho phép định vị địa lý</string>
  <string name="permdesc_writeGeolocationPermissions">"Allows an application to modify the Browser\'s geolocation permissions. Malicious applications can use this to allow sending location information to arbitrary web sites."</string>
  <string name="save_password_message">Bạn có muốn trình duyệt ghi nhớ mật khẩu này?</string>
  <string name="save_password_notnow">Không phải bây giờ</string>
  <string name="save_password_remember">Ghi nhớ</string>
  <string name="save_password_never">Không bao giờ</string>
  <string name="open_permission_deny">Bạn không được phép mở trang này.</string>
  <string name="text_copied">văn bản đã được lưu trữ trong bộ nhớ.</string>
  <string name="more_item_label">Thêm nữa</string>
  <string name="prepend_shortcut_label">Danh sách+</string>
  <string name="menu_space_shortcut_label">Dấu cách</string>
  <string name="menu_enter_shortcut_label">Enter</string>
  <string name="menu_delete_shortcut_label">Xóa</string>
  <string name="oneMonthDurationPast">1 tháng trước</string>
  <string name="beforeOneMonthDurationPast">Trước đây 1 tháng</string>
  <string name="last_month">Tháng trước</string>
  <string name="older">Cũ hơn</string>
  <string name="preposition_for_date">trên %s</string>
  <string name="preposition_for_time">vào %s</string>
  <string name="preposition_for_year">trong %s</string>
  <string name="day">ngày</string>
  <string name="days">ngày</string>
  <string name="hour">giờ</string>
  <string name="hours">giờ</string>
  <string name="minute">phút</string>
  <string name="minutes">phút</string>
  <string name="second">giây</string>
  <string name="seconds">giây</string>
  <string name="week">tuần</string>
  <string name="weeks">tuần</string>
  <string name="year">năm</string>
  <string name="years">năm</string>
  <string name="relative_time">%1$s, %2$s</string>
  <string name="noon">buổi trưa</string>
  <string name="Noon">Buổi trưa</string>
  <string name="midnight">giữa đêm</string>
  <string name="Midnight">Giữa đêm</string>
  <string name="elapsed_time_short_format_mm_ss">%1$02d:%2$02d</string>
  <string name="elapsed_time_short_format_h_mm_ss">%1$d:%2$02d:%3$02d</string>
  <string name="selectText">Chọn văn bản</string>
  <string name="stopSelectingText">Dừng chọn văn bản</string>
  <string name="cutAll">Xóa tất</string>
  <string name="copyAll">Sao lưu tất</string>
  <string name="inputMethod">Phương thức nhập liệu</string>
  <string name="addToDictionary">Thêm \"%s\" vào từ điển</string>
  <string name="editTextMenuTitle">Sửa văn bản</string>
  <string name="low_internal_storage_view_title">Bộ nhớ trong thiếu</string>
  <string name="low_internal_storage_view_text">Bộ nhớ trong không đủ để nhận.</string>
  <string name="capital_on">Bật</string>
  <string name="capital_off">Tắt</string>
  <string name="whichApplication">Chọn ứng dụng thực thi</string>
  <string name="alwaysUse">Mặc định</string>
  <string name="clearDefaultHintMsg">Clear default in Home Settings &gt; Applications &gt; Manage applications.</string>
  <string name="chooseActivity">Chọn hành động</string>
  <string name="noApplications">Không ứng dụng nào đáp ứng được hành động này.</string>
  <string name="aerr_title">Xin lỗi!</string>
  <string name="aerr_application">Ứng dụng %1$s (tiến trình %2$s) tiến trình bị dừng bất thường. Vui lòng thử lại.</string>
  <string name="aerr_process">Tiến trình %1$s bị dừng bất thường. Vui lòng thử lại.</string>
  <string name="anr_title">Xin lỗi!</string>
  <string name="anr_activity_application">Hoạt động %1$s (trong ứng dụng %2$s) không phản hồi.</string>
  <string name="anr_activity_process">Hoạt động %1$s (trong tiến trình %2$s) không phản hồi.</string>
  <string name="anr_application_process">Ứng dụng %1$s (trong tiến trình %2$s) không phản hồi.</string>
  <string name="anr_process">Tiến trình %1$s không phản hồi.</string>
  <string name="force_close">Đóng ngay</string>
  <string name="report">Báo cáo</string>
  <string name="wait">Đợi</string>
  <string name="sendText">Chọn một hành động cho văn bản</string>
  <string name="volume_ringtone">Âm lượng chuông</string>
  <string name="volume_music">Âm lượng giải trí</string>
  <string name="volume_music_hint_playing_through_bluetooth">Nghe qua Bluetooth</string>
  <string name="volume_music_hint_silent_ringtone_selected">Đã chọn tắt chuông</string>
  <string name="volume_call">Âm lượng cuộc gọi</string>
  <string name="volume_bluetooth_call">Âm lượng cuộc gọi khi dùng bluetooth</string>
  <string name="volume_alarm">Âm lượng báo thức</string>
  <string name="volume_notification">Âm lượng thông báo</string>
  <string name="volume_unknown">Âm lượng</string>
  <string name="ringtone_default">Nhạc chuông mặc định</string>
  <string name="ringtone_default_with_actual">Nhạc chuông mặc định (%1$s)</string>
  <string name="ringtone_silent">Im lặng</string>
  <string name="ringtone_picker_title">Nhạc chuông</string>
  <string name="ringtone_unknown">Nhạc chuông không biết</string>
  <string name="wifi_tether_configure_ssid_default">AndroidAP</string>
  <string name="select_character">Nhập kí tự</string>
  <string name="sms_control_default_app_name">Ứng dụng không biết</string>
  <string name="sms_control_title">Đang gửi tin nhắn SMS</string>
  <string name="sms_control_message">Nhiều tin nhắn sẽ được gửi. Nhấn \"Đồng ý\" để tiếp tục, Nhấn \"Hủy bỏ\" để thoát.</string>
  <string name="sms_control_yes">Đồng ý</string>
  <string name="sms_control_no">Hủy</string>
  <string name="date_time_set">Đặt</string>
  <string name="default_permission_group">Mặc định</string>
  <string name="permissions_format">%1$s, %2$s</string>
  <string name="no_permissions">Yêu cầu không được chấp nhận</string>
  <string name="perms_hide"><b>Hide</b></string>
  <string name="perms_show_all"><b>Show all</b></string>
  <string name="usb_storage_activity_title">Bộ nhớ USB</string>
  <string name="usb_storage_title">Kết nối USB</string>
  <string name="usb_storage_message">Đã kết nối với máy tính dưới dạng USB. Nhấn nút dưới đây để trao đổi dữ liệu với máy tính.</string>
  <string name="usb_storage_button_mount">Bật chế độ kết nối USB</string>
  <string name="usb_storage_error_message">Có lỗi xảy ra khi sử dụng thẻ nhớ như USB.</string>
  <string name="usb_storage_notification_title">USB đã kết nối</string>
  <string name="usb_storage_notification_message">Lựa chọn tập tin để trao đổi dữ liệu với máy tính.</string>
  <string name="usb_storage_stop_notification_title">Tắt chế độ kết nối USB</string>
  <string name="usb_storage_stop_notification_message">Lựa chọn để tắt chế độ kết nối USB.</string>
  <string name="usb_storage_stop_title">Chế độ kết nối USB đang được sử dụng</string>
  <string name="usb_storage_stop_message">Trước khi tắt kết nối USB, bạn phải chắc chắn rằng bạn đã gỡ bỏ (tháo) thẻ nhớ của bạn ra khỏi máy tính của bạn.</string>
  <string name="usb_storage_stop_button_mount">Tắt chế độ kết nối USB</string>
  <string name="usb_storage_stop_error_message">Lỗi xảy ra khi tắt chế độ kết nối USB. Hãy thử tắt lại sau khi dừng sử dụng kết nối qua USB.</string>
  <string name="dlg_confirm_kill_storage_users_title">Bật chế độ kết nối USB</string>
  <string name="dlg_confirm_kill_storage_users_text">Nếu bạn bật chế độ USB, một số ứng dụng sẽ bị ngắt và không thể tự bật lại khi tắt chế độ này.</string>
  <string name="dlg_error_title">Kết nối USB thất bại</string>
  <string name="dlg_ok">Đồng ý</string>
  <string name="extmedia_format_title">Định dạng thẻ nhớ</string>
  <string name="extmedia_format_message">Bạn có chắc chắn muốn định dạng lại thẻ nhớ? Tất cả dữ liệu trên thẻ nhớ của bạn sẽ bị mất.</string>
  <string name="extmedia_format_button_format">Định dạng</string>
  <string name="adb_active_notification_title">Đã kết nối USB debugging</string>
  <string name="adb_active_notification_message">Chọn để ngừng kết nối USB debugging.</string>
  <string name="locale_replacement">-</string>
  <string name="select_input_method">Chọn phương thức nhập liệu</string>
  <string name="fast_scroll_alphabet">" ABCDEFGHIJKLMNOPQRSTUVWXYZ"</string>
  <string name="fast_scroll_numeric_alphabet">" 0123456789ABCDEFGHIJKLMNOPQRSTUVWXYZ"</string>
  <string name="candidates_style"><u>candidates</u></string>
  <string name="ext_media_checking_notification_title">Đang chuẩn bị thẻ nhớ</string>
  <string name="ext_media_checking_notification_message">Kiểm tra lỗi.</string>
  <string name="ext_media_nofs_notification_title">Thẻ nhớ trống</string>
  <string name="ext_media_nofs_notification_message">Thẻ nhớ trống hoặc các tập tin không được hệ thống hỗ trợ.</string>
  <string name="ext_media_unmountable_notification_title">Thẻ nhớ bị hỏng</string>
  <string name="ext_media_unmountable_notification_message">Thẻ nhớ bị hỏng. Bạn phải định dạng lại.</string>
  <string name="ext_media_badremoval_notification_title">Thẻ nhớ không may bị tháo bỏ</string>
  <string name="ext_media_badremoval_notification_message">Ngừng kết nối đến thẻ nhớ trước khi tháo ra để tránh mất dữ liệu.</string>
  <string name="ext_media_safe_unmount_notification_title">Đã an toàn để tháo thẻ nhớ</string>
  <string name="ext_media_safe_unmount_notification_message">Bạn có thể tháo thẻ nhớ an toàn.</string>
  <string name="ext_media_nomedia_notification_title">Đã tháo thẻ nhớ</string>
  <string name="ext_media_nomedia_notification_message">Thẻ nhớ đã tháo. Hãy lắp thẻ nhớ khác.</string>
  <string name="activity_list_empty">Không tìm thấy các hoạt động phù hợp</string>
  <string name="permlab_pkgUsageStats">cập nhật thống kê sử dụng</string>
  <string name="permdesc_pkgUsageStats">Cho phép sửa chữa các thống kê sử dụng. Không áp dụng với các ứng dụng bình thường khác.</string>
  <string name="permlab_copyProtectedData">Cho phép gọi mặc định đến mục đã chọn để sao chép nội dung. Không áp dụng với các ứng dụng bình thường khác.</string>
  <string name="permdesc_copyProtectedData">Cho phép gọi mặc định đến mục đã chọn để sao chép nội dung. Không áp dụng với các ứng dụng bình thường khác.</string>
  <string name="tutorial_double_tap_to_zoom_message_short">Nhấp hai lần để phóng to, thu nhỏ</string>
  <string name="gadget_host_error_inflating">Lỗi, quá nhiều Widget</string>
  <string name="ime_action_go">Đi</string>
  <string name="ime_action_search">Tìm kiếm</string>
  <string name="ime_action_send">Gửi</string>
  <string name="ime_action_next">Tiếp tục</string>
  <string name="ime_action_done">Xong</string>
  <string name="ime_action_default">Thực thi</string>
  <string name="dial_number_using">"Dial number
using %s"</string>
  <string name="create_contact_using">"Create contact
using %s"</string>
  <string name="accessibility_compound_button_selected">đã kiểm tra</string>
  <string name="accessibility_compound_button_unselected">chưa kiểm tra</string>
  <string name="grant_credentials_permission_message_header">Các ứng dụng dưới đây sẽ yêu cầu đăng nhập tài khoản của bạn ngay bây giờ hoặc sau này.</string>
  <string name="grant_credentials_permission_message_footer">Bạn có muốn chấp nhận yêu cầu?</string>
  <string name="grant_permissions_header_text">Yêu cầu truy cập</string>
  <string name="allow">Chấp nhận</string>
  <string name="deny">Từ chối</string>
  <string name="permission_request_notification_title">Yêu cầu xác nhận</string>
  <string name="permission_request_notification_with_subtitle">"Permission Requested
for account %s"</string>
  <string name="input_method_binding_label">Phương thức nhập liệu</string>
  <string name="sync_binding_label">Đồng bộ</string>
  <string name="accessibility_binding_label">Truy cập</string>
  <string name="wallpaper_binding_label">Hình nền</string>
  <string name="chooser_wallpaper">Đổi hình nền</string>
  <string name="alternate_eri_file">/dữ liệu/eri.xml</string>
  <string name="pptp_vpn_description">Kết nối kiểu máy - máy</string>
  <string name="l2tp_vpn_description">Thông số băng tần 2</string>
  <string name="l2tp_ipsec_psk_vpn_description">Cho biết mã của L2TP/IPSec VPN</string>
  <string name="l2tp_ipsec_crt_vpn_description">Chứng nhận dựa trên L2TP/IPSec VPN</string>
  <string name="upload_file">Chọn tập tin</string>
  <string name="reset">Khởi động lại</string>
  <string name="submit">Gửi</string>
  <string name="description_star">yêu thích</string>
  <string name="car_mode_disable_notification_title">Kích hoạt chế độ Ôtô</string>
  <string name="car_mode_disable_notification_message">Chọn để thoát chế độ Ôtô.</string>
  <string name="tethered_notification_title">Kích hoạt bộ phát sóng</string>
  <string name="tethered_notification_message">Chạm vào để thiết lập</string>
  <string name="throttle_warning_notification_title">Sử dụng dữ liệu ở mức cao</string>
  <string name="throttle_warning_notification_message">Chạm vào để tìm hiểu thêm thông tin về sử dụng dữ liệu di động</string>
  <string name="throttled_notification_title">Chạm vào để tìm hiểu thêm thông tin về sử dụng dữ liệu di động</string>
  <string name="throttled_notification_message">Chạm vào để tìm hiểu thêm thông tin về sử dụng dữ liệu di động</string>
  <string name="openvpn_vpn_description">Khai báo VNP SSL</string>
  <string name="lockscreen_dial_label">Mở phím gọi</string>
  <string name="lockscreen_mms_label">Mở tin nhắn</string>
  <string name="status_bar_back_to_call">Chạm vào đây để quay lại cuộc gọi</string>
  <string name="lockscreen_bottom_hint">Trượt lên hoặc xuống để mở khóa</string>
  <string name="lockscreen_unlock_hint">Trượt xuống để mở khóa</string>
  <string name="unknown">Số không biết</string>
  <string name="private_num">Số riêng</string>
  <string name="payphone">Điện thoại công cộng</string>
  <string name="callNoAnswerTimeFormat">Đổ chuông %s hồi</string>
  <string name="callDetailsDurationFormat">%1$s phút %2$s giây</string>
  <string name="date_day">Ngày</string>
  <string name="status_bar_battery_low_notification">Pin yếu</string>
  <string name="status_bar_battery_low_notification_button">Cài đặt năng lượng</string>
  <string name="status_bar_button_wifi">Wi-Fi</string>
  <string name="status_bar_button_apn">Dữ liệu</string>
  <string name="status_bar_button_bluetooth">Bluetooth</string>
  <string name="status_bar_button_rotate">Quay</string>
  <string name="status_bar_button_brightness">Độ sáng</string>
  <string name="status_bar_button_ringer_normal">Âm thanh</string>
  <string name="status_bar_button_ringer_vibrate">Rung</string>
  <string name="status_bar_button_ringer_mute">Tắt</string>
  <string name="status_bar_button_gps">GPS</string>
  <string name="status_bar_button_sync">Đồng bộ hóa</string>
  <string name="status_bar_button_cpu">Tần số CPU</string>
  <string name="status_bar_button_vibrate">Chế độ rung</string>
  <string name="status_bar_button_flight_mode">Tắt sóng điện thoại</string>
  <string name="status_bar_button_reboot">Khởi động lại</string>
  <string name="status_bar_button_shutdown">Tắt máy</string>
  <string name="recent_dialog_buttonAppKiller_summary">MIUI đã giải phóng %1$s bộ nhớ \nBộ nhớ hiện tại：%2$s</string>
  <string name="recent_dialog_buttonAppKiller">Khóa ẩn</string>
  <string name="recent_dialog_buttonTaskManager">Quản lý nhiệm vụ</string>
  <string name="theme_changing_dialog_title">Đang chuẩn bị thay biểu tượng mới...</string>
  <string name="theme_changed_dialog_title">Thay đổi biểu tượng thành công!</string>
  <string name="theme_changed_dialog_message">Giao diện hiện tại đã được thay đổi, hãy khởi động lại máy để việc cập nhật được hoàn thành.</string>
</resources>
