<?xml version="1.0" encoding="utf-8"?>
<!--Generated by crowdin.net-->
<resources>
  <string name="word_separators">. ,;:!?\n()[]*&@{}/<>_+=|\"</string>
  <string name="sentence_separators">.,!?</string>
  <string name="suggested_punctuations">!?,@_</string>
  <string name="alternates_for_d">-</string>
  <string name="alternates_for_r">-</string>
  <string name="alternates_for_t">-</string>
  <string name="alternates_for_z">-</string>
  <string name="alternates_for_l">-</string>
  <string name="alternates_for_g">-</string>
  <string name="ime_name">Kết nối với Google</string>
  <string name="ime_settings_activity_name">Thiết lập kết nối với Google</string>
  <string name="ime_settings_choose_other_ime">Chọn phương thức khác</string>
  <string name="version">1.2.8</string>
  <string name="toggle_cn">30</string>
  <string name="toggle_cn_cand">1</string>
  <string name="toggle_en_lower">2</string>
  <string name="toggle_en_upper">3</string>
  <string name="toggle_en_sym1">4</string>
  <string name="toggle_en_sym2">5</string>
  <string name="toggle_enter_go">6</string>
  <string name="toggle_enter_search">7</string>
  <string name="toggle_enter_send">8</string>
  <string name="toggle_enter_next">9</string>
  <string name="toggle_enter_done">10</string>
  <string name="toggle_row_cn">11</string>
  <string name="toggle_row_en">12</string>
  <string name="toggle_row_uri">13</string>
  <string name="toggle_row_emailaddress">14</string>
  <string name="toggle_phone_sym">15</string>
  <string name="toggle_stroke_urlqwerty">16</string>
  <string name="toggle_misc1">17</string>
  <string name="toggle_misc2">18</string>
  <string name="toggle_misc3">19</string>
  <string name="toggle_misc4">20</string>
  <string name="toggle_smiley_off">21</string>
  <string name="toggle_smiley_on">22</string>
  <string name="toggle_cn_sym1">23</string>
  <string name="toggle_cn_sym2">24</string>
  <string name="toggle_url">25</string>
  <string name="toggle_emailaddress">26</string>
  <string name="toggle_stroke_disabled">27</string>
  <string name="toggle_exit_sym_to_en">28</string>
  <string name="toggle_en_upper_locked">29</string>
  <string name="toggle_single_quote_open">30</string>
  <string name="toggle_single_quote_close">31</string>
  <string name="toggle_double_quote_open">32</string>
  <string name="toggle_double_quote_close">33</string>
  <string name="setting_stroke_key">setting_stroke_key</string>
  <string name="setting_fault_tolerance_key">setting_fault_key</string>
  <string name="setting_sound_key">Thiết lập phím âm thanh</string>
  <string name="setting_vibrate_key">Thiết lập phím rung</string>
  <string name="setting_prediction_key">setting_prediction_key</string>
  <string name="setting_tradition_key">setting_tradition_key</string>
  <string name="setting_switch_key">setting_switch_key</string>
  <string name="setting_advanced_key">setting_advanced_key</string>
  <string name="setting">Thiết lập phương pháp nhập Pinyin vào Google</string>
  <string name="setting_stroke_title">Thiết lập đầu vào</string>
  <string name="setting_fault_tolerance_title">Thiết lập khả năng chịu lỗi</string>
  <string name="setting_sound_key_title">Thiết lập âm thanh</string>
  <string name="setting_vibrate_title">Thiết lập rung</string>
  <string name="setting_prediction_title">Thiết lập đoán từ</string>
  <string name="setting_tradition_title">Thiết lập có sẵn</string>
  <string name="setting_switch_title">Thiết lập chuyển ngôn ngữ</string>
  <string name="setting_switch_shift_space_title">Shift-space</string>
  <string name="setting_enabled">Bật</string>
  <string name="setting_disabled">Tắt</string>
  <string name="setting_others">Thiết lập khác</string>
  <string name="setting_others_summary">Đồng bộ từ điển</string>
  <string name="account_label_username">Tên tài khoản: (ví dụ nongvanden77@gmail.com)</string>
  <string name="account_label_password">Mật khẩu:</string>
  <string name="account_label_login">Đăng nhập</string>
  <string name="account_label_cancel">Hủy bỏ</string>
  <string name="account_title">Đăng nhập</string>
  <string name="account_sign_up_title">Đăng ký người dùng mới</string>
  <string name="account_signing_in_title">Đang đăng nhập, vui lòng đợi...</string>
  <string name="setting_title">Thiết lập phương thức vào Google</string>
  <string name="setting_update_category_key">Cập nhật từ điển</string>
  <string name="setting_update_category_title">Tự động cập nhật từ điển</string>
  <string name="setting_update_enabled_key">Bật cập nhật từ điển</string>
  <string name="setting_update_enabled_title">Tự động cập nhật từ điển</string>
  <string name="setting_sync_category_title">Tự động đồng bộ từ điển</string>
  <string name="setting_sync_enabled_key">Bật tự động đồng bộ</string>
  <string name="setting_sync_now_key">Đồng bộ ngay</string>
  <string name="setting_sync_clear_key">Không dồng bộ</string>
  <string name="setting_sync_enabled_title">Bật tự động đồng bộ</string>
  <string name="setting_sync_now_title">Đồng bộ ngay</string>
  <string name="setting_sync_cancel_title">Hủy bỏ đồng bộ</string>
  <string name="setting_sync_clear_title">Không đồng bộ</string>
  <string name="setting_enabled_title">Bật</string>
  <string name="setting_disabled_title">Tắt</string>
  <string name="status_bar_message_title">Kết nối với Google</string>
  <string name="status_bar_message_sync_title">Đang đồng bộ từ điển...</string>
  <string name="status_bar_message_update_title">Đang cập nhật từ điển...</string>
  <string name="setting_dialog_sync_now_title">Đồng bộ khi được hỏi</string>
  <string name="setting_dialog_sync_now_message">Đồng bộ ngay bây giờ?</string>
  <string name="setting_dialog_sync_clear_title">Thông báo</string>
  <string name="setting_dialog_sync_clear_message">Toàn bộ dữ liệu của người sử dụng sẽ bị xóa và không thể khôi phục. Bạn có muốn xóa toàn bộ dữ liệu, nếu có hãy nhập số sau đây và bấm "Đồng ý".</string>
  <string name="setting_error_sync_service_inactive">Không thể đăng nhập dịch vụ, bạn không thể hoàn thành các hoạt động.</string>
  <string name="sign_up_url">https://www.google.com/accounts/NewAccount?continue=http%3A%2F%2Fwww.google.com.vn%2F&hl=vi</string>
  <string name="setting_update_time">Ngày cập nhật:</string>
  <string name="setting_sync_time">Thời gian đồng bộ:</string>
  <string name="setting_year">Năm</string>
  <string name="setting_month">Tháng</string>
  <string name="setting_day">Ngày</string>
  <string name="setting_hour">Giờ</string>
  <string name="setting_minute">Phút</string>
  <string name="setting_second">Giây</string>
  <string name="setting_sync_error">Đồng bộ không thành công</string>
  <string name="setting_sync_ongoing">Đang đồng bộ...</string>
  <string name="setting_update_error">Cập nhật không thành công</string>
  <string name="setting_update_ongoing">Đang cập nhật...</string>
  <string name="privacy_url">http://m.google.com/static/vi/privacy.html</string>
  <string name="tos_url">http://m.google.com/tospage?dc=gorganic&hl=vn</string>
  <string name="setting_privacy_key">setting_privacy_key</string>
  <string name="setting_tos_key">setting_tos_key</string>
  <string name="setting_about_key">setting_about_key</string>
  <string name="setting_privacy_title">Chính sách bảo mật</string>
  <string name="setting_tos_title">Điều khoản dịch vụ</string>
  <string name="setting_about_title">Giới thiệu</string>
  <string name="setting_about_version_title">Phiên bản:</string>
  <string name="setting_about_loading_title">Đang cập nhật...</string>
  <string name="touch_to_continue">Tiếp tục >></string>
  <string name="touch_to_finish">Bấm để kết thúc >></string>
  <string name="tip_to_open_keyboard">-</string>
  <string name="tip_to_view_accents">-</string>
  <string name="tip_to_open_symbols">-</string>
  <string name="tip_to_close_symbols">-</string>
  <string name="tip_to_launch_settings">-</string>
  <string name="tip_to_select_candidate">-</string>
  <string name="tip_to_backspace">-</string>
  <string name="tip_to_smart_key">-</string>
  <string name="tip_to_start_typing">-</string>
  <string name="default_device_name">HD2</string>
  <string name="next_button_label">Tiếp theo</string>
  <string name="back_button_label">Trở về</string>
  <string name="skip_button_label">Bỏ qua</string>
  <string name="done_button_label">Kết thúc</string>
  <string name="keyboard_tutorial_title">Sử dụng bàn phím mềm</string>
  <string name="open_the_keyboard">Bấm vào nơi cần nhập</string>
  <string name="close_the_keyboard">Bấm nút "Trở về"</string>
  <string name="sync">Đặt phím bấm để tắt/ mở đồng bộ.</string>
  <string name="keyboard_settings">Bấm và giữ</string>
</resources>
