<?xml version="1.0" encoding="utf-8"?>
<!--Generated by crowdin.net-->
<resources>
  <string name="sharedUserId">-</string>
  <string name="process">-</string>
  <string name="application_name">Giao diện nền</string>
  <string name="uid_name">Ứng dụng hệ thống</string>
  <string name="folder_name">Thư mục</string>
  <string name="chooser_wallpaper">Chọn hình nền từ</string>
  <string name="wallpaper_instructions">Đặt làm hình nền</string>
  <string name="pick_wallpaper">Hình nền</string>
  <string name="activity_not_found">Ứng dụng chưa cài được trên máy.</string>
  <string name="configure_wallpaper">Cấu hình...</string>
  <string name="rename_folder_label">Tên thư mục</string>
  <string name="rename_folder_title">Đổi tên thư mục</string>
  <string name="rename_action">Chấp nhận</string>
  <string name="cancel_action">Hủy bỏ</string>
  <string name="menu_item_add_item">Thêm vào màn hình chủ</string>
  <string name="group_applications">Các ứng dụng</string>
  <string name="group_shortcuts">Các Shortcuts</string>
  <string name="group_folder">Tạo thư mục mới</string>
  <string name="group_live_folders">Các thư mục</string>
  <string name="group_widgets">Các Widget</string>
  <string name="group_wallpapers">Các hình nền</string>
  <string name="add_folder">Thư mục</string>
  <string name="add_clock">Đồng hồ</string>
  <string name="add_photo_frame">Khung hình</string>
  <string name="out_of_space">Không còn chỗ trống trên màn hình này.</string>
  <string name="shortcut_installed">Shortcut đến \"%s\" đã được tạo.</string>
  <string name="shortcut_uninstalled">Shortcut đến \"%s\" đã được xóa.</string>
  <string name="shortcut_duplicate">Shortcut đến \"%s\" đã tồn tại.</string>
  <string name="title_select_shortcut">Lựa chọn shortcut</string>
  <string name="title_select_live_folder">Lựa chọn thư mục</string>
  <string name="all_apps_button_label">Tất cả các ứng dụng</string>
  <string name="all_apps_home_button_label">Màn hình chính</string>
  <string name="menu_add">Thêm</string>
  <string name="menu_wallpaper">Hình ảnh</string>
  <string name="menu_search">Tìm kiếm</string>
  <string name="menu_notifications">Các thông báo</string>
  <string name="menu_gestures">Thực hiện</string>
  <string name="menu_settings">Các thiết lập</string>
  <string name="permlab_install_shortcut">Tạo các shortcut</string>
  <string name="permdesc_install_shortcut">Cho phép tạo một shortcut đến một ứng dụng mà không cần cho phép của người sử dụng.</string>
  <string name="permlab_uninstall_shortcut">Xóa bỏ shortcut</string>
  <string name="permdesc_uninstall_shortcut">Cho phép xóa bỏ shortcut đến một ứng dụng mà không cần cho phép của người sử dụng.</string>
  <string name="permlab_read_settings">Xem thiết lập màn hình chính và các shortcut</string>
  <string name="permdesc_read_settings">Cho phép một ứng dụng truy xuất các thiết lập và các shortcut trên màn hình.</string>
  <string name="permlab_write_settings">Ghi thiết lập và shortcut của màn hình</string>
  <string name="permdesc_write_settings">Cho phép một ứng dụng thay đổi các thiết lập và các shortcut trên màn hình.</string>
  <string name="gadget_error_text">Lỗi khi cập nhật widget</string>
  <string name="menu_edit">Chế độ chỉnh, sửa</string>
  <string name="cant_remove_system_app">Ứng dụng này không thể gỡ bỏ</string>
  <string name="uninstall_body_format">Gỡ bỏ ứng dụng \"%s\"?</string>
  <string name="uninstall">Gỡ bỏ</string>
  <string name="cant_remove_folder">Thư mục trống, không thể xóa</string>
  <string name="pick_lockscreenwallpaper">Khóa màn hình</string>
  <string name="lockscreenwallpaper_instructions">Đặt hình nền màn hình khóa</string>
  <string name="failed_to_drop">Di chuyển thất bại</string>
  <string name="failed_to_drop_widget">Không đủ chỗ trống màn hình</string>
  <string name="widget_box_usage_hint">Giữ, di chuyển và thả vào nơi cần đặt</string>
  <string name="widget_favorite_contacts_lable">Liên hệ thân thiết</string>
  <string name="widget_favorite_contacts_edit">Chỉnh sửa</string>
  <string name="widget_favorite_contacts_style">Chuyển</string>
</resources>
