<?xml version="1.0" encoding="utf-8"?>
<!--Generated by crowdin.net-->
<resources>
  <string name="app_label">Tin nhắn</string>
  <string name="new_message">Tin nhắn mới</string>
  <string name="create_new_message">Tạo tin mới</string>
  <string name="menu_call_back">Gọi số %s</string>
  <string name="menu_send_email">Gửi thư tới %s</string>
  <string name="menu_compose_new">Soạn thư</string>
  <string name="menu_preferences">Thiết lập</string>
  <string name="menu_add_address_to_contacts">Thêm %s vào danh bạ</string>
  <string name="menu_call">Gọi</string>
  <string name="menu_delete_all">Xóa các mục</string>
  <string name="menu_delete">Xóa mục</string>
  <string name="menu_undelivered_messages">Thư chưa được gửi</string>
  <string name="menu_view">Xem mục</string>
  <string name="refreshing">Đang cập nhật...</string>
  <string name="has_draft">Thư nháp</string>
  <string name="broadcast_from_to">Từ %1$s tới %2$s</string>
  <string name="anonymous_recipient">Vô danh</string>
  <string name="no_subject_view">(không có chủ đề)</string>
  <string name="messagelist_sender_self">Tôi</string>
  <string name="view_picture">Xem ảnh</string>
  <string name="view_slideshow">Xem trình diễn</string>
  <string name="view_message_details">Xem chi tiết tin nhắn</string>
  <string name="view_delivery_report">Xem báo cáo</string>
  <string name="delete_message">Xóa tin nhắn</string>
  <string name="sent_on">Gửi đi: %s</string>
  <string name="expire_on">Quá hạn: %s</string>
  <string name="kilobyte">Kb</string>
  <string name="undelivered_msg_dialog_title">Thư chưa được gửi</string>
  <string name="undelivered_msg_dialog_body">Không thể gửi thư này.\n Cố gắng gửi: %s</string>
  <string name="undelivered_sms_dialog_body">Không thể gửi thư này.</string>
  <string name="delete_thread">Xóa mục</string>
  <string name="menu_forward">Chuyển tới</string>
  <string name="download">Tải về</string>
  <string name="downloading">Đang tải về</string>
  <string name="name_colon">:\u0020</string>
  <string name="inline_subject"><Tiêu đề: %s></string>
  <string name="drm_protected_text">* DRM bảo vệ văn bản *</string>
  <string name="insufficient_drm_rights">Quyền DRM không đủ phát hiện.</string>
  <string name="copy_message_text">Chép nội dung thư</string>
  <string name="message_options">Thiết lập thư</string>
  <string name="done">Đã gửi</string>
  <string name="move_up">Chuyển lên</string>
  <string name="move_down">Chuyển xuống</string>
  <string name="remove_slide">Xóa trang</string>
  <string name="add_slide">Thêm trang</string>
  <string name="add_slide_hint">Chọn để tạo trang mới.</string>
  <string name="discard_slideshow">Bỏ slideshow</string>
  <string name="slide_show_part">%1$s phần /%2$s phần</string>
  <string name="remove_text">Xóa nội dung</string>
  <string name="add_picture">Thêm hình ảnh</string>
  <string name="remove_picture">Xóa hình ảnh</string>
  <string name="add_music">Thêm âm nhạc</string>
  <string name="remove_music">Xóa âm nhạc</string>
  <string name="add_video">Thêm Video</string>
  <string name="remove_video">Xóa video</string>
  <string name="compose_title">Soạn thư</string>
  <string name="to_hint">Gửi tới</string>
  <string name="subject_hint">Chủ đề</string>
  <string name="add_attachment">Đính kèm</string>
  <string name="add_subject">Thêm chủ đề</string>
  <string name="discard">Hủy bỏ</string>
  <string name="view">Xem</string>
  <string name="replace">Thay thế</string>
  <string name="remove">Loại bỏ</string>
  <string name="send">Gửi</string>
  <string name="mms">Tin nhắn đa phương tiện</string>
  <string name="all_threads">Tất cả các mục</string>
  <string name="type_to_compose_text_enter_to_send">Đánh để soạn nội dung</string>
  <string name="open_keyboard_to_compose_message">Mở bàn phím để tạo tin nhắn</string>
  <string name="image_too_large">Ảnh quá lớn</string>
  <string name="ask_for_automatically_resize">Tự động chỉnh lại kích cỡ ảnh trước khi gửi?</string>
  <string name="compressing">Ảnh quá lớn. Đang nén…</string>
  <string name="unsupported_media_format">Không hỗ trợ định dạng %1$s</string>
  <string name="select_different_media">Hãy chọn định dạng %1$s khác</string>
  <string name="exceed_message_size_limitation">Cỡ tin nhắn đã tới hạn</string>
  <string name="message_too_big_for_video">Tin nhắn quá lớn để đính kèm video</string>
  <string name="failed_to_add_media">Rất tiếc, bạn không thể thêm định dạng %1$s này vào tin nhắn.</string>
  <string name="failed_to_resize_image">Cỡ ảnh ko được chỉnh lại.</string>
  <string name="resize_image_error_information">Rất tiếc, dù đã chỉnh lại kích cỡ, ảnh vẫn quá lớn để gửi.</string>
  <string name="forward_prefix">Chuyển tới: \u0020</string>
  <string name="discard_message">Hủy bỏ</string>
  <string name="discard_message_reason">Tin nhắn sẽ bị hủy bỏ vì người nhận không hợp lệ.</string>
  <string name="has_invalid_recipient">Người nhận không hợp lệ: <%1$s></string>
  <string name="invalid_destination">Bạn đã gõ sai địa chỉ.</string>
  <string name="invalid_recipient_message">Hãy nhập đúng người nhận hoặc họ sẽ không nhận được tin nhắn.</string>
  <string name="cannot_send_message">Không thể gửi được tin nhắn này</string>
  <string name="cannot_send_message_reason">Người nhận tin nhắn không hợp lệ.</string>
  <string name="cannot_forward_drm_obj">Chủ đề DRM trong tin nhắn không thể chuyển tiếp.</string>
  <string name="converting_to_picture_message">Chuyển sang tin nhắn đa phương tiện...</string>
  <string name="converting_to_text_message">Chuyển sang thông báo văn bản...</string>
  <string name="cannot_add_slide_anymore">Không thể thêm slide nữa.</string>
  <string name="cannot_add_picture_and_video">Không thể thêm video và ảnh vào cùng một slide.</string>
  <string name="cannot_save_message">Không thể lưu tin nhắn.</string>
  <string name="cannot_load_message">Không thể load tin nhắn.</string>
  <string name="message_saved_as_draft">Lưu tin nhắn dưới dạng phác thảo.</string>
  <string name="locked_message_cannot_be_deleted">Tin nhắn bị khóa, không thể bị xóa.</string>
  <string name="too_many_recipients">Tin nhắn này được gửi tới quá nhiều người(%1$s). Giới hạn số người nhận là %2$s.</string>
  <string name="too_many_attachments">Tập đính kèm %1$s có giới hạn. Chỉ %2$s đầu tiên mới được thêm vào.</string>
  <string name="adding_attachments_title">Đang thêm tập đính kèm</string>
  <string name="adding_attachments">Chờ trong khi các file được thêm vào slideshow.</string>
  <string name="multiple_recipients">%1$s người nhận</string>
  <string name="cannot_play_audio">Không thể chạy audio.</string>
  <string name="preview">Xem trước</string>
  <string name="preview_slideshow">Xem trước</string>
  <string name="replace_image">Thay thế ảnh</string>
  <string name="duration_sec">Thời lượng (%s sec)</string>
  <string name="duration_selector_title">Thời lượng slide</string>
  <string name="layout_selector_title">Xem bố trí \u0020</string>
  <string name="layout_top">Bố trí (trên)</string>
  <string name="layout_bottom">Bố trí (dưới)</string>
  <string name="type_to_compose_text_or_leave_blank">Đánh để soạn nội dung hoặc để trống</string>
  <string name="duration_not_a_number">Thời gian phải nhập bằng số</string>
  <string name="duration_zero">Thời gian phải là số lớn hơn 0</string>
  <string name="secs">giây</string>
  <string name="menu_view_contact">Xem danh bạ</string>
  <string name="menu_add_to_contacts">Thêm vào danh bạ</string>
  <string name="hidden_sender_address">Ẩn địa chỉ người gửi</string>
  <string name="yes">Có</string>
  <string name="no">Không</string>
  <string name="set">Đặt</string>
  <string name="play">Chạy</string>
  <string name="edit">Sửa</string>
  <string name="resize">Đổi kích cỡ</string>
  <string name="try_to_send">Cố gắng gửi</string>
  <string name="preferences_title">Thiết lập</string>
  <string name="restore_default">Khôi phục cài đặt mặc định</string>
  <string name="pref_notification_settings_title">Thiết lập thông báo</string>
  <string name="pref_mms_settings_title">Thiết lập tin nhắn đa phương tiện (MMS)</string>
  <string name="pref_sms_settings_title">Thiết lập tin nhắn văn bản (SMS)</string>
  <string name="pref_sms_storage_title">Thiết lập bộ nhớ</string>
  <string name="pref_summary_manage_sim_messages">Quản lý tin nhắn lưu trên SIM</string>
  <string name="pref_summary_mms_delivery_reports">Yêu cầu thông báo đã gửi khi gửi tin</string>
  <string name="pref_summary_mms_read_reports">Yêu cầu thông báo đã đọc khi gửi tin</string>
  <string name="pref_summary_sms_delivery_reports">Yêu cầu thông báo đã gửi khi gửi tin</string>
  <string name="pref_summary_auto_delete">Xóa các tin nhắn cũ khi đến giới hạn số lượng</string>
  <string name="pref_summary_delete_limit">%1$s tin nhắn mỗi cuộc trò truyện</string>
  <string name="pref_title_manage_sim_messages">Quản lý tin nhắn trên SIM</string>
  <string name="pref_title_mms_delivery_reports">Thông báo gửi</string>
  <string name="pref_title_mms_read_reports">Thông báo đọc</string>
  <string name="pref_title_sms_delivery_reports">Thông báo gửi</string>
  <string name="pref_title_auto_delete">Xóa tin nhắn cũ</string>
  <string name="pref_title_sms_delete">Giới hạn tin nhắn</string>
  <string name="pref_title_mms_delete">Giới hạn tin nhắn đa phương tiện</string>
  <string name="pref_title_popup_enabled">Bật cửa sổ trả lời nhanh</string>
  <string name="pref_summary_popup_enabled">Hiện nội dung trên màn hình khi nhận được tin nhắn</string>
  <string name="pref_title_notification_enabled">Các thông báo</string>
  <string name="pref_summary_notification_enabled">Hiện thông báo có tin nhắn trên thanh trạng thái</string>
  <string name="pref_title_notification_vibrateWhen">Rung</string>
  <string name="pref_summary_notification_vibrateWhen">Rung khi thông báo</string>
  <string name="pref_title_notification_ringtone">Lựa chọn âm báo</string>
  <string name="pref_messages_to_save">Đặt số tin nhắn lưu trữ</string>
  <string name="prefDefault_vibrateWhen">không bao giờ</string>
  <string name="prefDefault_vibrate_true">luôn luôn</string>
  <string name="prefDefault_vibrate_false">không bao giờ</string>
  <string name="prefDialogTitle_vibrateWhen">Rung</string>
  <string name="pref_title_mms_auto_retrieval">Tự động nhận</string>
  <string name="pref_summary_mms_auto_retrieval">Tự động nhận tin nhắn</string>
  <string name="pref_title_mms_retrieval_during_roaming">Tự động dò Roaming</string>
  <string name="pref_summary_mms_retrieval_during_roaming">Tự động gửi thư khi chuyển vùng dữ liệu</string>
  <string name="to_label">Gửi tới \u0020</string>
  <string name="confirm_dialog_title">Xóa</string>
  <string name="confirm_dialog_locked_title">Xóa tin nhắn bị khóa?</string>
  <string name="confirm_delete_conversation">Những đoạn còn lại sẽ bị xóa.</string>
  <string name="confirm_delete_all_conversations">Tất cả sẽ bị xóa.</string>
  <string name="confirm_delete_message">Tin nhắn sẽ bị xóa.</string>
  <string name="confirm_delete_locked_message">Bạn có chắc muốn xóa tin nhắn bị khóa này?</string>
  <string name="confirm_delete_all_messages">Đoạn còn lại sẽ bị xóa.</string>
  <string name="confirm_delete_all_SIM_messages">Tất cả tin nhắn trên SIM sẽ bị xóa.</string>
  <string name="confirm_delete_SIM_message">Tin nhắn trên SIM này sẽ bị xóa.</string>
  <string name="delete_unlocked">Xóa tin nhắn bị khóa</string>
  <string name="delete">Xóa</string>
  <string name="cannot_get_details">Không thể đọc nội dung</string>
  <string name="message_details_title">Nội dung thư</string>
  <string name="message_type_label">Kiểu: \u0020</string>
  <string name="text_message">Tin nhắn văn bản</string>
  <string name="multimedia_message">Tin nhắn đa phương tiện</string>
  <string name="multimedia_notification">Thông báo tin nhắn đa phương tiện</string>
  <string name="from_label">Từ: \u0020</string>
  <string name="to_address_label">Tới: \u0020</string>
  <string name="bcc_label">Gửi thêm cho: \u0020</string>
  <string name="sent_label">Gửi cho: \u0020</string>
  <string name="received_label">Nhận từ: \u0020</string>
  <string name="saved_label">Đã nhận: \u0020</string>
  <string name="subject_label">Tiêu đề: \u0020</string>
  <string name="message_size_label">Kích cơ thư: \u0020</string>
  <string name="priority_label">Ưu tiên: \u0020</string>
  <string name="priority_high">Cao</string>
  <string name="priority_normal">Trung bình</string>
  <string name="priority_low">Thấp</string>
  <string name="message_class_label">Tin nhắn: \u0020</string>
  <string name="error_code_label">Lỗi, mã: \u0020</string>
  <string name="menu_edit">Sửa</string>
  <string name="menu_retry_sending">Thử gửi lại</string>
  <string name="menu_retry_sending_all">Gửi lại tất cả</string>
  <string name="menu_delete_messages">Xóa tin nhắn</string>
  <string name="retrying_dialog_body">Tin nhắn %s không thể gửi do lỗi kết nối. Thử gửi lại</string>
  <string name="menu_lock">Khóa tin nhắn</string>
  <string name="menu_unlock">Mở khóa tin nhắn</string>
  <string name="sim_copy_to_phone_memory">Chép tới bộ nhớ điện thoại</string>
  <string name="sim_delete">Xoá</string>
  <string name="sim_manage_messages_title">Tin nhắn trên SIM</string>
  <string name="sim_view">Xem</string>
  <string name="sim_empty">Không có tin nhắn trên SIM.</string>
  <string name="delivery_header_title">Báo cáo</string>
  <string name="status_none">(không có)</string>
  <string name="status_pending">Đang đợi để gửi</string>
  <string name="status_read">Đọc</string>
  <string name="status_received">Đã nhận</string>
  <string name="status_failed">Không thành công</string>
  <string name="status_unread">Chưa đọc</string>
  <string name="status_rejected">Từ chối</string>
  <string name="recipient_label">Người nhận: \u0020</string>
  <string name="status_label">Trạng thái: \u0020</string>
  <string name="attach_image">Hình ảnh</string>
  <string name="attach_take_photo">Chụp lại ảnh</string>
  <string name="attach_video">Video</string>
  <string name="attach_record_video">Chỉnh lại Video</string>
  <string name="attach_sound">Âm thanh</string>
  <string name="attach_record_sound">Ghi lại âm thanh</string>
  <string name="attach_slideshow">Trình chiếu</string>
  <string name="select_bottom_text">Văn bản ở dưới</string>
  <string name="select_top_text">Văn bản ở trên</string>
  <string name="delivery_toast_body">Nhận tin nhắn từ %s</string>
  <string name="notification_multiple">%s tin nhắn chưa đọc.</string>
  <string name="notification_multiple_title">Tin nhắn mới</string>
  <string name="notification_failed_multiple">%s tin nhắn chưa được gửi.</string>
  <string name="notification_failed_multiple_title">Không gửi được tin nhắn</string>
  <string name="sim_full_title">Thẻ SIM đầy</string>
  <string name="sim_full_body">Xóa một vài tin nhắn để tạo khoảng trống.</string>
  <string name="sms_full_title">Bộ nhớ tin nhắn đầy</string>
  <string name="sms_full_body">Tin nhắn đến chưa thể nhận vì bộ nhớ đầy. Hãy xóa các tin nhắn cũ.</string>
  <string name="sms_rejected_title">Tin nhắn bị từ chối</string>
  <string name="sms_rejected_body">Không biết lý do không thể nhận tin nhắn đến.</string>
  <string name="type_audio">âm thanh</string>
  <string name="type_picture">hình ảnh</string>
  <string name="type_video">video</string>
  <string name="confirm">Xác nhận</string>
  <string name="message_send_read_report">Báo cáo đã đọc sẽ được gửi.</string>
  <string name="message_queued">Hiện tại không thể gửi tin nhắn. Tin nhắn sẽ được gửi khi có dịch vụ.</string>
  <string name="no_subject">(không có chủ đề)</string>
  <string name="unknown_sender">Không biết người gửi</string>
  <string name="dl_failure_notification">Tải tin nhắn không thành công (%1$s của %2Ss).</string>
  <string name="dl_expired_notification">Tin nhắn này đã quá hạn và sẽ bị xóa.</string>
  <string name="rate_limit_surpassed">Xác nhận</string>
  <string name="confirm_rate_limit">Nhiều tin nhắn đa phương tiện sẽ được gửi. Có gửi không?</string>
  <string name="message_download_failed_title">Tin nhắn không thể tải về</string>
  <string name="message_send_failed_title">Tin nhắn không thể gửi</string>
  <string name="message_failed_body">Chọn để xem lại tin nhắn và thử lại.</string>
  <string name="download_later">Hiện tại không thể tải tin nhăn Hãy thử lại sau.</string>
  <string name="select_audio">Lựa chọn âm thanh</string>
  <string name="copy_to_sdcard">Chép tập tin đính kèm vào thẻ nhớ</string>
  <string name="copy_to_sdcard_success">Tập tin đính kèm đã được chép vào thẻ nhớ</string>
  <string name="copy_to_sdcard_fail">Chép tập tin đính kèm vào thẻ nhớ thất bại</string>
  <string name="save_ringtone">Lưu làm âm báo</string>
  <string name="saved_ringtone">Đã lưu âm báo</string>
  <string name="saved_ringtone_fail">Lưu âm báo thất bại</string>
  <string name="menu_insert_smiley">Thêm hình cười</string>
  <string name="select_link_title">Lựa chọn hành động</string>
  <string name="slide_number">Trang %s</string>
  <string name="delivery_report_activity">Thông báo gửi</string>
  <string name="storage_limits_activity">Giới hạn thẻ nhớ</string>
  <string name="add_attachment_activity">Thêm tập tin đính kèm:</string>
  <string name="select_layout_activity">Chọn cách bố trí</string>
  <string name="change_duration_activity">Thay đổi thời gian</string>
  <string name="edit_text_activity">Sửa nội dung</string>
  <string name="edit_slideshow_activity">Sửa nội dung trình chiếu</string>
  <string name="edit_slide_activity">Sửa trang</string>
  <string name="pick_numbers_activity">Đặt số</string>
  <string name="slideshow_activity">Trình chiếu</string>
  <string name="popup_activity">Cửa sổ trả lời nhanh</string>
  <string name="popup_btn_send">Trả lời</string>
  <string name="class_0_message_activity">Tin nhắn mới nhất</string>
  <string name="send_using_mms_activity">Gửi như tin nhắn đa phương tiện</string>
  <string name="select_contact_method_activity">Lựa chọn phương thức danh bạ</string>
  <string name="search_label">Các tin nhắn</string>
  <string name="search_hint">Tìm tin nhắn</string>
  <string name="search">Tìm tin</string>
  <string name="search_setting_description">Văn bản trong tin nhắn</string>
  <string name="search_empty">Không tìm thấy</string>
  <string name="search_history">có %1$s kết quả cho \"%2$s\"</string>
  <string name="confirm_clear_search_title">Xóa</string>
  <string name="confirm_clear_search_text">Lịch sử tìm kiếm đã được xóa.</string>
  <string name="pref_mms_clear_search_history_title">Xóa lịch sử tìm kiếm</string>
  <string name="pref_mms_clear_search_history_summary">Xóa tin nhắn đã tìm trước đó trong hộp tin nhắn tìm được</string>
  <string name="save">Lưu</string>
  <string name="storage_limits_title">Tin nhắn giới hạn</string>
  <string name="storage_limits_message">Bạn có muốn giới hạn các tin nhắn lưu sau mỗi lần trò chuyện?</string>
  <string name="storage_limits_setting">Đặt giới hạn</string>
  <string name="storage_limits_setting_dismiss">Không giới hạn</string>
  <string name="too_many_unsent_mms">Không thể gửi tin nhắn ngay. Có quá nhiều tin nhắn đa phuwong tiện chưa dduwwocj gửi.</string>
  <string name="me">Tôi:</string>
  <string name="sending_message">Đang gửi...</string>
  <string name="bookmark_sms">Các tin nhắn SMS</string>
  <string name="bookmark_sms_message">Có các tin nhắn SMS...</string>
  <string name="recent_conversation">Tin nhắn gần đây</string>
  <string name="contacts">Người gửi</string>
  <string name="sms_bookmark">Gửi nhiều</string>
  <string name="sms_push">ẩn tin</string>
  <string name="forward_from_format">%s chuyển từ %s</string>
  <string name="msg_forward_from_format">- Chuyển từ :%s</string>
  <string name="forward_count_format">Chuyển tiếp %d lần</string>
  <string name="recipient_count_format">Tổng số %d người</string>
  <string name="notification_color_title">Màu tin nhắn</string>
  <string name="notification_color_summary">Đổi mầu của tin nhắn khi đọc</string>
  <string name="group_msg_contact_title">%s gửi đến: %s</string>
  <string name="sms_bookmark_welcome">Không có các tin nhắn cũ, hãy bấm nút "Soạn thư" để tạo tin nhắn</string>
  <string name="mms_increase_font_size">Phóng to văn bản</string>
  <string name="mms_decrease_font_size">Thu nhỏ văn bản</string>
  <string name="mms_reading_mode_day">Kiểu đọc tin nhắn ban ngày</string>
  <string name="mms_reading_mode_night">Kiểu đọc tin nhắn ban đêm</string>
  <string name="menu_patch_delete">Xóa</string>
  <string name="btn_done">Xóa</string>
  <string name="btn_cancel">Hủy bỏ</string>
  <string name="pref_title_forward_contact">Chuyển tiếp từ</string>
  <string name="pref_summary_forward_contact">Bổ sung nội dung từ tin nhắn đã nhận</string>
  <string name="save_image">Lưu hình ảnh</string>
  <string name="mms_image_folder_name">Thư mục hình ảnh tin nhắn</string>
  <string name="mms_image_saved_successfully">Ghi hình ảnh thành công</string>
  <string name="mms_image_saving_failed">Ghi hình ảnh thất bại, kiểm tra lại thẻ nhớ</string>
  <string name="festival_sms_category_count_format">(%s)</string>
  <string name="festival_msg_loading">Đang cập nhật...</string>
  <string name="festival_sms_push">Khuyến cáo</string>
  <string name="menu_group_sending">Thông báo</string>
  <string name="miui_push">MIUI khuyến cáo</string>
  <string name="pushed_sms_category">Tin nhắn văn bản</string>
  <string name="converstaion_list_tile">Tin nhắn văn bản</string>
  <string name="conversations_count_format">(%d)</string>
  <string name="quick_sms_to">Gử nhanh đến %s</string>
  <string name="popup_sms_deleted">Đã xóa tin nhắn</string>
  <string name="pref_set_font_size">Thiết lập cỡ chữ</string>
  <string name="pref_summery_set_font_size">Thiết lập cỡ chữ văn bản tin nhắn</string>
  <string name="menu_batch_delete">Xóa nhiều tin</string>
  <string name="batch_delete_confirm_dialog_title">Xóa nhiều tin</string>
  <string name="batch_delete_confrom_dialog_message">Xóa các tin nhắn đã chọn</string>
  <string name="btn_delete_with_number">Xóa số (%d)</string>
</resources>
