<?xml version="1.0" encoding="utf-8"?>
<!--Generated by crowdin.net-->
<resources>
  <string name="contactsIconLabel">Danh Bạ</string>
  <string name="contactsFavoritesLabel">Ưa thích</string>
  <string name="dialerIconLabel">Quay số</string>
  <string name="emergencyDialerIconLabel">Quay số khẩn cấp</string>
  <string name="phoneIconLabel">Gọi điện</string>
  <string name="recentCallsIconLabel">Lịch sử cuộc gọi</string>
  <string name="fdnListLabel">Danh sách quay số nhanh</string>
  <string name="unknown">Người gọi chưa biết</string>
  <string name="private_num">Số không xác định</string>
  <string name="payphone">Điện thoại trả tiền</string>
  <string name="onHold">Chế độ chờ</string>
  <string name="ongoing">Đang gọi</string>
  <string name="callFailed_userBusy">Máy đang bận</string>
  <string name="callFailed_congestion">Nghẽn mạng</string>
  <string name="callFailed_noSignal">Cuộc gọi thất bại, Không có sóng</string>
  <string name="callFailed_limitExceeded">ACM vượt quá giới hạn</string>
  <string name="callFailed_powerOff">Tắt sóng</string>
  <string name="callFailed_simError">Không có SIM, hoặc SIM bị lỗi</string>
  <string name="callFailed_outOfService">Ngoài vùng phủ sóng</string>
  <string name="callFailed_fdn_only">Cuộc gọi đi bị chặn bởi FDN.</string>
  <string name="callFailed_cb_enabled">Không thể thực hiện cuộc gọi trong khi chế độ chặn đang mở.</string>
  <string name="callFailed_dsac_restricted">Các cuộc gọi đã bị giới hạn bởi hệ thống quản lý.</string>
  <string name="callFailed_dsac_restricted_emergency">Gọi khẩn cấp bị giới hạn bởi hệ thống quản lý.</string>
  <string name="callFailed_dsac_restricted_normal">Cuộc gọi thông thường bị giới hạn bởi hệ thống quản lý.</string>
  <string name="callFailed_cdma_lockedUntilPowerCycle">CDMA: điện thoại bị khóa đến khi khởi động lại.</string>
  <string name="callFailed_cdma_drop">CDMA:bị rớt cuộc gọi.</string>
  <string name="callFailed_cdma_intercept">CDMA:cuộc gọi bị chặn.</string>
  <string name="callFailed_cdma_reorder">CDMA:Thực hiện lại.</string>
  <string name="callFailed_cdma_SO_reject">CDMA: Thiết lập từ chối cuộc gọi.</string>
  <string name="callFailed_cdma_retryOrder">CDMA: Thử lại dịch vụ.</string>
  <string name="callFailed_cdma_accessFailure">CDMA: Truy cập thất bại.</string>
  <string name="callFailed_cdma_preempted">CDMA: Từ chối.</string>
  <string name="callFailed_cdma_notEmergency">Chỉ thực hiện được cuộc gọi khẩn.</string>
  <string name="confCall">Gọi hội nghị</string>
  <string name="call_lost">Đã tắt cuộc gọi.</string>
  <string name="retry">Thử lại</string>
  <string name="call_lost_title">Cuộc gọi nhỡ</string>
  <string name="mmiStarted">Bắt đầu mã MMI</string>
  <string name="ussdRunning">Đang tra cứu</string>
  <string name="mmiCancelled">Đã hủy mã MMI</string>
  <string name="cancel">Hủy bỏ</string>
  <string name="menu_rejectCallAndSms">Từ chối cuộc gọi và nhắn tin trả lời</string>
  <string name="menu_speaker">Loa ngoài</string>
  <string name="menu_bluetooth">Bluetooh</string>
  <string name="menu_mute">Tắt tiếng</string>
  <string name="menu_hold">Chế độ chờ</string>
  <string name="menu_endCall">Dừng cuộc gọi</string>
  <string name="menu_swapCalls">Chuyển cuộc gọi</string>
  <string name="menu_mergeCalls">Ghép các cuộc gọi</string>
  <string name="menu_addCall">Thêm cuộc gọi</string>
  <string name="menu_manageConference">Quản lý gọi hội nghị</string>
  <string name="menu_showDialpad">Hiện bàn phím</string>
  <string name="menu_hideDialpad">Ẩn bàn phím</string>
  <string name="menu_answerAndHold">Giữ cuộc gọi hiện tại và trả lời</string>
  <string name="menu_answerAndEnd">Kết thúc cuộc gọi hiện tại và trả lời</string>
  <string name="ok">Đồng ý</string>
  <string name="menuButtonKeyboardDialHint">Ấn phím Menu để tới chức năng cuộc gọi</string>
  <string name="menu_answer">Trả lời</string>
  <string name="menu_ignore">Bỏ qua</string>
  <string name="wait_prompt_str">Gửi nhạc chuông?\n</string>
  <string name="pause_prompt_str">Nhạc chuông gửi</string>
  <string name="send_button">Gửi</string>
  <string name="pause_prompt_yes">Đồng ý</string>
  <string name="pause_prompt_no">Không</string>
  <string name="wild_prompt_str">Thay thế các ký tự đặc biệt với</string>
  <string name="no_vm_number">Số thư thoại bị nhỡ</string>
  <string name="no_vm_number_msg">Số của hộp thư thoại chưa được lưu trên SIM.</string>
  <string name="add_vm_number_str">Thêm số</string>
  <string name="dialer_emptyListWorking">Đang tải</string>
  <string name="enterPin">Đánh mã pin để mở khóa thẻ SIM.</string>
  <string name="pinUnlocked">Mở khóa sim</string>
  <string name="enterNewPin">Mã Sim mới</string>
  <string name="verifyNewPin">Gõ mã sim mới để xác nhận</string>
  <string name="verifyFailed">Mã sim bạn gõ không đúng.</string>
  <string name="enterPuk">Đánh mã PUK để mở khóa thẻ SIM</string>
  <string name="badPuk">Sai mã PUK!</string>
  <string name="buttonTxtContinue">Tiếp tục</string>
  <string name="puk_unlocked">Thẻ SIM của bạn đã được mở khóa. Điện thoại của bạn đang mở khóa</string>
  <string name="label_ndp">Mã mở khóa mạng</string>
  <string name="sim_ndp_unlock_text">Mở khóa</string>
  <string name="sim_ndp_dismiss_text">Bỏ qua</string>
  <string name="requesting_unlock">Đang yêu cầu mở mạng...</string>
  <string name="unlock_failed">Mở khóa mạng không thành công.</string>
  <string name="unlock_success">Mở khóa mạng thành công.</string>
  <string name="imei">IMEI</string>
  <string name="meid">MEID</string>
  <string name="labelGSMMore">Tuy chỉnh cuộc gọi GSM</string>
  <string name="labelCDMAMore">Cài đặt cuộc gọi CDMA</string>
  <string name="apn_settings">Tên điểm truy cập</string>
  <string name="settings_label">Cài đặt mạng</string>
  <string name="voicemail">Hộp thư thoại</string>
  <string name="voicemail_abbreviated">VM:</string>
  <string name="networks">Nhà mạng</string>
  <string name="call_settings">Cài đặt cuộc gọi</string>
  <string name="additional_gsm_call_settings">Tuy chỉnh phụ</string>
  <string name="sum_gsm_call_settings">Thiết lập chỉ gọi mạng 2G</string>
  <string name="additional_cdma_call_settings">Thiết lập mạng CDMA</string>
  <string name="sum_cdma_call_settings">Thiết lập chỉ họi mạng CDMA</string>
  <string name="labelNwService">Tùy chỉnh mạng</string>
  <string name="labelCallerId">Nhận dạng người gọi</string>
  <string name="sum_hide_caller_id">Ẩn số khi gọi người khác</string>
  <string name="sum_show_caller_id">Hiện số khi gọi người khác</string>
  <string name="sum_default_caller_id">Sử dụng cài đặt mạng gốc để hiển thị số gọi đi</string>
  <string name="labelCW">Cuộc gọi chờ</string>
  <string name="sum_cw_enabled">Khi đang gọi, nhắc nếu có cuộc gọi đến</string>
  <string name="sum_cw_disabled">Thông báo có cuộc gọi đến khác khi đang nghe điện</string>
  <string name="call_forwarding_settings">Thiết lập chuyển cuộc gọi</string>
  <string name="labelCF">Chuyển cuộc gọi</string>
  <string name="labelCFU">Luôn chuyển tiếp</string>
  <string name="messageCFU">Luôn sử dụng số này</string>
  <string name="sum_cfu_enabled_indicator">Chuyển tất cả cuộc gọi</string>
  <string name="sum_cfu_enabled">Chuyển tất cả cuộc gọi tới số</string>
  <string name="sum_cfu_enabled_no_number">Số không khả dụng</string>
  <string name="sum_cfu_disabled">Ẩn</string>
  <string name="labelCFB">Chuyển cuộc gọi khi máy bận</string>
  <string name="messageCFB">Số khi máy bận</string>
  <string name="sum_cfb_enabled">Chuyển cuộc gọi tới {0}</string>
  <string name="sum_cfb_disabled">Ẩn</string>
  <string name="disable_cfb_forbidden">Không hỗ trợ chuyển hướng cuộc gọi khi đang bận.</string>
  <string name="labelCFNRy">Chuyển hướng khi không trả lời</string>
  <string name="messageCFNRy">Chuyển cuộc gọi khi không trả lời đến số</string>
  <string name="sum_cfnry_enabled">Chuyển cuộc gọi tới {0}</string>
  <string name="sum_cfnry_disabled">Ẩn</string>
  <string name="disable_cfnry_forbidden">Nhà mạng không hỗ trợ tính năng tắt</string>
  <string name="labelCFNRc">Chuyển hướng cuộc gọi khi tắt máy</string>
  <string name="messageCFNRc">Chuyển hướng cuộc gọi khi tắt máy đến số</string>
  <string name="sum_cfnrc_enabled">Chuyển cuộc gọi tới {0}</string>
  <string name="sum_cfnrc_disabled">Ẩn</string>
  <string name="disable_cfnrc_forbidden">Không hỗ trợ chuyển hướng cuộc gọi khi tắt máy.</string>
  <string name="updating_title">Thiết lập cuộc gọi</string>
  <string name="error_updating_title">Lỗi khi thiết lập cuộc gọi</string>
  <string name="reading_settings">Đang đọc các thiết lập</string>
  <string name="updating_settings">Đang cập nhật các thiết lập</string>
  <string name="reverting_settings">Hoàn lại các thiết lập</string>
  <string name="response_error">Dịch vụ không đáp ứng.</string>
  <string name="exception_error">Mạng hoặc SIM bị lỗi.</string>
  <string name="radio_off_error">Hãy bật điện thoại trước khi xem các thiết lập.</string>
  <string name="close_dialog">Đóng</string>
  <string name="enable">Bật</string>
  <string name="disable">Tắt</string>
  <string name="change_num">Cập nhật</string>
  <string name="vm_save_number">Lưu số hộp thư thoại</string>
  <string name="vm_changed">Đã thay đổi số hộp thư thoại.</string>
  <string name="vm_change_failed">Thay đổi số hộp thư thoại không thành công.\n Hãy liên hệ với nhà mạng nếu vấn đề không được giải quyết.</string>
  <string name="fw_change_failed">Thay đổi số chuyển cuộc gọi đến không thành công\n Hãy liên hệ với nhà mạng nếu vấn đề không được giải quyết.</string>
  <string name="fw_get_in_vm_failed">Lưu thiết lập số chuyển cuộc gọi đến thất bại.\nBạn có muốn chuyển sang số do nhà mạng cung cấp?</string>
  <string name="no_change">Không có thay đổi nào được lưu.</string>
  <string name="sum_voicemail_choose_provider">Chọn dịch vụ hộp thư thoại</string>
  <string name="voicemail_default">Mạng cung cấp</string>
  <string name="mobile_networks">Cài đặt mạng điện thoại</string>
  <string name="label_available">Có sóng các mạng</string>
  <string name="load_networks_progress">Đang tìm</string>
  <string name="empty_networks_list">Không tìm thấy mạng nào.</string>
  <string name="search_networks">Tìm mạng</string>
  <string name="network_query_error">Lỗi trong khi tìm mạng.</string>
  <string name="register_on_network">Đăng ký vào %s…</string>
  <string name="not_allowed">Thẻ SIM của bạn không cho phép kết nối với số này.</string>
  <string name="connect_later">Không thể kết nối mạng lúc này. Vui lòng thử lại sau.</string>
  <string name="registration_done">Mạng đã đăng ký.</string>
  <string name="sum_carrier_select">Chọn một nhà mạng</string>
  <string name="sum_search_networks">Tìm tất cả các mạng có sóng</string>
  <string name="select_automatically">Tự động chọn mạng</string>
  <string name="sum_select_automatically">Tự động chọn mạng phù hợp</string>
  <string name="register_automatically">Tự động đăng ký...</string>
  <string name="preferred_network_mode_title">Chế độ mạng</string>
  <string name="preferred_network_mode_summary">Thay đổi kiểu mạng</string>
  <string name="preferred_network_mode_dialogtitle">Kiểu mạng phù hợp</string>
  <string name="data_enabled">Kích hoạt data</string>
  <string name="data_enable_summary">Bật truy cập dữ liệu qua mạng điện thoại</string>
  <string name="roaming">Chuyển vùng dữ liệu</string>
  <string name="roaming_enable">Kết nối tới nhà cung cấp khi chuyển vùng</string>
  <string name="roaming_disable">Kết nối tới nhà cung cấp khi chuyển vùng</string>
  <string name="roaming_reenable_message">Bạn đã mất dữ liệu kết nối vì rời sang vùng khác mà không bật chuyển vùng dữ liệu.</string>
  <string name="roaming_warning">Đồng ý chuyển vùng dữ liệu? Bạn có thể phải trả thêm phí chuyển vùng!</string>
  <string name="gsm_umts_options">Cài đặt 2G/3G</string>
  <string name="cdma_options">Cài đặt CDMA</string>
  <string name="throttle_data_usage">Dữ liệu sử dụng</string>
  <string name="throttle_settings_title">Chính sách của nhà cung cấp</string>
  <string name="throttle_current_usage">Dữ liệu được sử dụng hiện tại</string>
  <string name="throttle_time_frame">Thời gian sử dụng dữ liệu</string>
  <string name="throttle_rate">Chính sách về tốc độ truyền dữ liệu</string>
  <string name="throttle_help">Trợ giúp</string>
  <string name="throttle_status_subtext">%1$s (%2$d٪) của %3$s thời gian cao nhất\nThời gian tiếp theo bắt đầu trong %4$d ngày (%5$s)</string>
  <string name="throttle_data_usage_subtext">%1$s (%2$d٪) của %3$s thời gian cao nhất</string>
  <string name="throttle_data_rate_reduced_subtext">%1$s vượt quá giwos hạn\n Tốc độ truyền giảm %2$d Kb/s</string>
  <string name="throttle_time_frame_subtext">%1$d٪ của chu kỳ\nThời gian tiếp theo bắt đầu trong %2$d ngày (%3$s)</string>
  <string name="throttle_rate_subtext">Tốc độ truyền giảm %1$d Kb/s nếu sử dụng quá giới hạn</string>
  <string name="throttle_help_subtext">Thêm thông tin về chính sách sử dụng dữ liệu của nhà mạng\'s</string>
  <string name="cdma_cell_broadcast_sms">Trung tâm tin nhắn</string>
  <string name="cell_broadcast_sms">Trung tâm tin nhắn</string>
  <string name="enable_disable_cell_bc_sms">Trung tâm tin nhắn</string>
  <string name="cell_bc_sms_enable">Bật trung tâm tin nhắn</string>
  <string name="cell_bc_sms_disable">Tắt trung tâm tin nhắn</string>
  <string name="cb_sms_settings">Cài đặt trung tâm tin nhắn</string>
  <string name="enable_disable_emergency_broadcast">Cuộc gọi khẩn cấp</string>
  <string name="emergency_broadcast_enable">Bật cuộc gọ khẩn cấp</string>
  <string name="emergency_broadcast_disable">Tắt cuộc gọi khẩn cấp</string>
  <string name="enable_disable_administrative">Chế độ thủ công</string>
  <string name="administrative_enable">Bật chế độ thủ công</string>
  <string name="administrative_disable">Tắt chế độ thủ công</string>
  <string name="enable_disable_maintenance">Chế độ tự động</string>
  <string name="maintenance_enable">Bật chế độ tự động</string>
  <string name="maintenance_disable">Tắt chế độ tự động</string>
  <string name="general_news_settings">Tin tức chung</string>
  <string name="bf_news_settings">Tin tức Tài chính, Thương mại</string>
  <string name="sports_news_settings">Tin tức thể thao</string>
  <string name="entertainment_news_settings">Tin tức giải trí</string>
  <string name="enable_disable_local">Địa phương</string>
  <string name="local_enable">Kích hoạt tin tức địa phương</string>
  <string name="local_disable">Bất hoạt tin tức địa phương</string>
  <string name="enable_disable_regional">Tin tức nội vùng</string>
  <string name="regional_enable">Bật tin tức nội vùng</string>
  <string name="regional_disable">Tắt tin tức nội vùng</string>
  <string name="enable_disable_national">Tin tức trong nước</string>
  <string name="national_enable">Bật tin tức trong nước</string>
  <string name="national_disable">Tắt tin tức trong nước</string>
  <string name="enable_disable_international">Tin tức quốc tế</string>
  <string name="international_enable">Bật tin tức quốc tế</string>
  <string name="international_disable">Tắt tin tức quốc tế</string>
  <string name="list_language_title">Ngôn ngữ</string>
  <string name="list_language_summary">Lựa chọn ngôn ngữ tin tức</string>
  <string name="list_language_dtitle">Các ngôn ngữ</string>
  <string name="enable_disable_local_weather">Dịa danh thời tiết</string>
  <string name="local_weather_enable">Bật địa danh thời tiết</string>
  <string name="local_weather_disable">Tắt địa danh thời tiết</string>
  <string name="enable_disable_atr">Tình trạng giao thông</string>
  <string name="atr_enable">Bật thông báo tình trạng giao thông</string>
  <string name="atr_disable">Tắt thông báo tình trạng giao thông</string>
  <string name="enable_disable_lafs">Lịch bay nội địa</string>
  <string name="lafs_enable">Bật thông tin lịch bay nội địa</string>
  <string name="lafs_disable">Tắt thông tin lịch bay nội địa</string>
  <string name="enable_disable_restaurants">Danh sách nhà hàng</string>
  <string name="restaurants_enable">Bật xem vị trí các nhà hàng</string>
  <string name="restaurants_disable">Tắt xem vị trí các nhà hàng</string>
  <string name="enable_disable_lodgings">Vị trí nhà nghỉ</string>
  <string name="lodgings_enable">Bật xem vị trí nhà nghỉ</string>
  <string name="lodgings_disable">Tắt xem vị trí nhà nghỉ</string>
  <string name="enable_disable_retail_directory">Đại lý bán lẻ</string>
  <string name="retail_directory_enable">Bật xem vị trí đại lý bán lẻ</string>
  <string name="retail_directory_disable">Tắt xem vị trí đại lý bán lẻ</string>
  <string name="enable_disable_advertisements">Vị trí quảng cáo</string>
  <string name="advertisements_enable">Bật xem vị trí quảng cáo</string>
  <string name="advertisements_disable">Tắt xem vị trí quảng cáo</string>
  <string name="enable_disable_stock_quotes">Báo giá chứng khoán</string>
  <string name="stock_quotes_enable">Bật xem báo giá chứng khoán</string>
  <string name="stock_quotes_disable">Tắt xem báo giá chứng khoán</string>
  <string name="enable_disable_eo">Tìm kiếm việc làm</string>
  <string name="eo_enable">Bật tìm kiếm việc làm</string>
  <string name="eo_disable">Tắt tìm kiếm việc làm</string>
  <string name="enable_disable_mhh">Chế độ sửa chữa</string>
  <string name="mhh_enable">Bật chế độ tự sửa chữa</string>
  <string name="mhh_disable">Tắt chế độ tự sửa chữa</string>
  <string name="enable_disable_technology_news">Tin tức công nghệ</string>
  <string name="technology_news_enable">Bật tin tức công nghệ</string>
  <string name="technology_news_disable">Tắt tin tức công nghệ</string>
  <string name="enable_disable_multi_category">Chức năng đa dạng</string>
  <string name="multi_category_enable">Bật chức năng đa dạng</string>
  <string name="multi_category_disable">Tắt chức năng đa dạng</string>
  <string name="gsm_umts_network_preferences_title">Tùy chọn mạng 2G/3G</string>
  <string name="gsm_umts_network_preferneces_summary">Không thực hiện!</string>
  <string name="gsm_umts_network_preferences_dialogtitle">Tùy chọn mạng 2G/3G</string>
  <string name="prefer_2g">Chỉ dùng mạng 2G</string>
  <string name="prefer_2g_summary">Tiết kiệm pin</string>
  <string name="cdma_system_select_title">Lựa chọn mạng</string>
  <string name="cdma_system_select_summary">Thay đổi kiểu chuyển vùng dữ liệu</string>
  <string name="cdma_system_select_dialogtitle">Lựa chọn mạng</string>
  <string name="cdma_roaming_mode_title">Chuyển vùng dữ liệu CDMA</string>
  <string name="cdma_roaming_mode_summary">Thay đổi kiểu chuyển vùng dữ liệu CDMA</string>
  <string name="cdma_roaming_mode_dialogtitle">Chuyển vùng dữ liệu CDMA</string>
  <string name="cdma_network_preferences_title">Tùy chọn mạng CDMA</string>
  <string name="cdma_network_preferneces_summary">Không thực hiện!</string>
  <string name="cdma_network_preferences_dialogtitle">Tùy chọn mạng CDMA</string>
  <string name="subscription_title">Thử đăng ký CDMA</string>
  <string name="subscription_summary">Thay đổi giữa RUIM, SIM và NV</string>
  <string name="subscription_dialogtitle">đăng ký</string>
  <string name="fdn">Tự điền số</string>
  <string name="manage_fdn_list">Danh sách FDN</string>
  <string name="fdn_activation">Kích hoạt FDN</string>
  <string name="fdn_enabled">Tự điền số đã bật</string>
  <string name="fdn_disabled">Tự điền số đã tắt</string>
  <string name="enable_fdn">Bật tự điền số</string>
  <string name="disable_fdn">Tắt tự điền số</string>
  <string name="change_pin2">Thay đổi mã PIN2</string>
  <string name="enable_fdn_ok">Tắt tự điền số</string>
  <string name="disable_fdn_ok">Bật tự điền số</string>
  <string name="sum_fdn">Quản lý tự điền số</string>
  <string name="sum_fdn_change_pin">Thay đổi mã PIN truy cập tự điền số</string>
  <string name="sum_fdn_manage_list">Quản lý danh sách số điện thoại</string>
  <string name="voice_privacy">Bảo mật bằng giọng nói</string>
  <string name="voice_privacy_summary">Bật chế độ bảo mật cao</string>
  <string name="tty_mode_title">Kiểu TTY</string>
  <string name="tty_mode_summary">Bật kiểu TTY</string>
  <string name="tty_mode_option_title">Kiểu TTY</string>
  <string name="tty_mode_option_summary">Đặt kiểu TTY</string>
  <string name="auto_retry_mode_title">Tự động gọi lại</string>
  <string name="auto_retry_mode_summary">Bật chế độ tự động gọi lại</string>
  <string name="menu_add">Thêm danh bạ</string>
  <string name="menu_edit">Sửa danh bạ</string>
  <string name="menu_delete">Xóa danh bạ</string>
  <string name="get_pin2">Nhập mã PIN2</string>
  <string name="name">Tên</string>
  <string name="number">Số</string>
  <string name="save">Lưu</string>
  <string name="add_fdn_contact">Thêm số gọi nhanh</string>
  <string name="adding_fdn_contact">Đang thêm số gọi nhanh...</string>
  <string name="fdn_contact_added">Số gọi nhanh đã được thêm vào.</string>
  <string name="edit_fdn_contact">Sửa số gọi nhanh</string>
  <string name="updating_fdn_contact">Cập nhật các số gọi nhanh</string>
  <string name="fdn_contact_updated">Các số gọi nhanh đã được cập nhật.</string>
  <string name="delete_fdn_contact">Xóa số gọi nhanh</string>
  <string name="deleting_fdn_contact">Đang xóa số gọi nhanh...</string>
  <string name="fdn_contact_deleted">Số gọi nhanh đã được xóa.</string>
  <string name="pin2_invalid">FDN không thể cập nhật: Nhập sai mã PIN.</string>
  <string name="fdn_invalid_number">FDN không thể cập nhật: Số không thể quá 20 chữ số.</string>
  <string name="simContacts_emptyLoading">Đang tải từ thẻ SIM</string>
  <string name="simContacts_empty">Không có danh bạ trên SIM.</string>
  <string name="simContacts_title">Lựa chọn danh bạ để nhập vào</string>
  <string name="enable_pin">Bật/Tắt mã PIN</string>
  <string name="change_pin">Thay đổi mã PIN</string>
  <string name="enter_pin_text">Mã PIN:</string>
  <string name="oldPinLabel">Mã PIN cũ</string>
  <string name="newPinLabel">Mã PIN mới</string>
  <string name="confirmPinLabel">Xác nhận mã PIN mới</string>
  <string name="badPin">Nhập mã PIN cũ không chính xác, Hãy nhập lại.</string>
  <string name="mismatchPin">Mã PIN nhập vào không phù hợp. Hãy nhập lại.</string>
  <string name="invalidPin">Mã PIN có từ 4 đến 8 chữ số.</string>
  <string name="disable_sim_pin">Tắt đòi mã PIN</string>
  <string name="enable_sim_pin">Bật bắt nhập mã PIN</string>
  <string name="enable_in_progress">Đợi</string>
  <string name="enable_pin_ok">Mã PIN đã bật</string>
  <string name="disable_pin_ok">Mã PIN đã tắt</string>
  <string name="pin_failed">Mã PIN nhập vào không chính xác</string>
  <string name="pin_changed">Thay đổi mã PIN thành công</string>
  <string name="puk_requested">Mật khẩu sai, SIM bị khóa! Hãy nhập mã PUK2 để mở khóa.</string>
  <string name="enter_pin2_text">Mã PIN2</string>
  <string name="oldPin2Label">Mã PIN2 cũ</string>
  <string name="newPin2Label">Mã PIN2 mới</string>
  <string name="confirmPin2Label">Xác nhận mã PIN2 mới</string>
  <string name="badPuk2">Mã PUK2 nhập vào không chính xác. Hãy nhập lại.</string>
  <string name="badPin2">Nhập mã PIN2 cũ không chính xác, Hãy nhập lại.</string>
  <string name="mismatchPin2">Mã PIN2 nhập vào không phù hợp Hãy nhập lại.</string>
  <string name="invalidPin2">Mã PIN2 có từ 4 đến 8 chữ số.</string>
  <string name="invalidPuk2">Mã PUK2 có 8 chữ số.</string>
  <string name="pin2_changed">Thay đổi mà PIN2 thành công</string>
  <string name="label_puk2_code">Nhập mã PUK2</string>
  <string name="fdn_enable_puk2_requested">Mã PIN2 không đúng, nhập mã khác rồi thử lại!</string>
  <string name="puk2_requested">Mã không đúng, SIM đã bị khóa, hãy nhập mã PUK2 để mở.</string>
  <string name="doneButton">Xong</string>
  <string name="caller_manage_header">Tùy chon cuộc gọi %s</string>
  <string name="caller_manage_manage_done_text">Trở lại cuộc gọi</string>
  <string name="fake_phone_activity_phoneNumber_text">(091)234-5678</string>
  <string name="fake_phone_activity_infoText_text">Số đang gọi</string>
  <string name="fake_phone_activity_placeCall_text">Giả cuộc gọi đến</string>
  <string name="sim_missing_continueView_text">Dùng điện thoại không cần SIM</string>
  <string name="sim_missing_msg_text">Không có SIM, nắp thẻ SIM vào.</string>
  <string name="sim_unlock_dismiss_text">Từ chối</string>
  <string name="sim_unlock_unlock_text">Mở khóa</string>
  <string name="sim_unlock_status_text">Đang kiểm tra mã PIN...</string>
  <string name="voicemail_settings_number_label">Số hộp thư thoại</string>
  <string name="card_title_dialing">Đang gọi</string>
  <string name="card_title_redialing">Đang thử lại</string>
  <string name="card_title_in_progress">Đang gọi</string>
  <string name="card_title_conf_call">Cài đặt cuộc gọi</string>
  <string name="card_title_incoming_call">Cuộc gọi đến</string>
  <string name="card_title_cdma_call_waiting">Cuộc gọi chờ</string>
  <string name="card_title_call_ended">Kết thúc cuộc gọi</string>
  <string name="card_title_on_hold">Đang chờ</string>
  <string name="card_title_hanging_up">Từ chối</string>
  <string name="card_title_in_call">Đang gọi</string>
  <string name="notification_missedCallTitle">Cuộc gọi lỡ</string>
  <string name="notification_missedCallsTitle">Các cuộc gọi lỡ</string>
  <string name="notification_missedCallsMsg">%s cuộc gọi lỡ</string>
  <string name="notification_missedCallTicker">Cuộc gọi nhỡ từ số %s</string>
  <string name="notification_ongoing_call_format">Đang gọi (%s)</string>
  <string name="notification_on_hold">Đang chờ</string>
  <string name="notification_voicemail_title">Hộp thư thoại mới</string>
  <string name="notification_voicemail_title_count">Hộ thư thoại mới (%d)</string>
  <string name="notification_voicemail_text_format">Quay số %s</string>
  <string name="notification_voicemail_no_vm_number">Không biết số họp thư thoại</string>
  <string name="notification_network_selection_title">Không có dịch vụ</string>
  <string name="notification_network_selection_text">Không lựa chọn được mạng (%s)</string>
  <string name="incall_error_power_off">Để thực hiện cuộc gọi, hãy tắt chế độ máy bay.</string>
  <string name="incall_error_emergency_only">Không đăng ký được với nhà mạng.</string>
  <string name="incall_error_out_of_service">Không có sóng.</string>
  <string name="incall_error_no_phone_number_supplied">Cuộc gọi thất bại, số nhập vào không phù hợp.</string>
  <string name="incall_error_call_failed">Cuộc gọi thất bại.</string>
  <string name="incall_status_dialed_mmi">Bắt đầu quá trình MMI</string>
  <string name="incall_status_dialed_fc">Bắt đầu các tính năng</string>
  <string name="incall_error_supp_service_unknown">Không hỗ trợ dịch vụ.</string>
  <string name="incall_error_supp_service_switch">Không thể thực hiện cuộc gọi.</string>
  <string name="incall_error_supp_service_separate">Không thể gọi riêng được.</string>
  <string name="incall_error_supp_service_transfer">Không thể chuyển cuộc gọi.</string>
  <string name="incall_error_supp_service_conference">Không thể gọi chế độ hội nghị.</string>
  <string name="incall_error_supp_service_reject">Không thể từ chối cuộc gọi.</string>
  <string name="incall_error_supp_service_hangup">Không thể từ chối các cuộc gọi.</string>
  <string name="emergency_enable_radio_dialog_title">Gọi khẩn cấp</string>
  <string name="emergency_enable_radio_dialog_message">Bật điện thoại</string>
  <string name="emergency_enable_radio_dialog_retry">Ngoài vùng phủ sóng, đang tìm...</string>
  <string name="dial_emergency_error">Không thể gọi khẩn cấp đến số $%s!</string>
  <string name="dial_emergency_empty_error">Hã nhập một số để gọi khẩn cấp!</string>
  <string name="dialerKeyboardHintText">Dùng bàn phím quay số</string>
  <string name="dtmfDialpadHintText">Bấm số bàn phím</string>
  <string name="dtmfDialpadHandleLabel">Quay số</string>
  <string name="touchLockText">Nháy đúp \n để mở khóa</string>
  <string name="onscreenAnswerText">Nháy đúp \n để trả lời</string>
  <string name="onscreenRejectText">Nháy đúp \n để từ chối</string>
  <string name="onscreenHoldText">Giữ máy</string>
  <string name="onscreenUnholdText">Thôi giữ máy</string>
  <string name="onscreenEndCallText">Kết thúc</string>
  <string name="onscreenShowDialpadText">Quay số</string>
  <string name="onscreenHideDialpadText">Ẩn</string>
  <string name="onscreenSpeakerText">Loa ngoài</string>
  <string name="onscreenMuteText">Tắt tiếng</string>
  <string name="onscreenBluetoothText">Bluetooh</string>
  <string name="onscreenAddCallText">Gọi số khác</string>
  <string name="onscreenMergeCallsText">Ghép các cuộc gọi</string>
  <string name="onscreenSwapCallsText">Trao đổi</string>
  <string name="onscreenManageCallsText">Quản lý cuộc gọi</string>
  <string name="onscreenManageConferenceText">Quản lý</string>
  <string name="importSimEntry">Nhập vào</string>
  <string name="importAllSimEntries">Nhập tất cả</string>
  <string name="importingSimContacts">Nhập danh bạ từ SIM</string>
  <string name="importToFDNfromContacts">Nhập từ các danh bạ</string>
  <string name="hac_mode_title">Trợ thính</string>
  <string name="hac_mode_summary">Bật chế độ trợ thính</string>
  <string name="eri_text_label">Văn bản ERI</string>
  <string name="dtmf_tones_title">Âm DTMF</string>
  <string name="dtmf_tones_summary">Đặt độ dài âm DTMF</string>
  <string name="network_message">Tin nhắn mạng</string>
  <string name="ota_title_activate">Kích hoạt số điện thoại của bạn</string>
  <string name="ota_touch_activate">Cần phải gọi điện để kích hoạt dịch vụ điện thoại.\n\n Sau khi bấm "Kích hoạt", nghe và làm theo hướng dẫn của nhà mạng.</string>
  <string name="ota_touch_activate_new">Bấm "Kích hoạt" để thực hiện cuộc gọi kích hoạt dịch vụ của \n, sau khi kích hoạt bạn mới có thể gọi điện và sử dụng dịch vụ truyền dữ liệu.</string>
  <string name="ota_skip_activation_dialog_title">Bỏ qua kích hoạt?</string>
  <string name="ota_skip_activation_dialog_message">Nếu bạn không kích hoạt, bạn không thể thực hiện cuộc gọi và truyền dữ liệu (chỉ có thể truyền qua WI-Fi). Yêu cầu kích hoạt sẽ hỏi lại sau mỗi lần bạn bật chức năng này cho đến khi điện thoại được kích hoạt.</string>
  <string name="ota_skip_activation_dialog_skip_label">Bỏ qua</string>
  <string name="ota_skip_activation_dialog_continue_label">Kích hoạt</string>
  <string name="ota_activate">Kích hoạt</string>
  <string name="ota_title_activate_success">Điện thoại đã được kích hoạt!</string>
  <string name="ota_title_problem_with_activation">Lỗi khi kích hoạt</string>
  <string name="ota_listen">Thực hiện theo hướng dẫn cho đến khi nghe nói bạn đã kích hoạt thành công.</string>
  <string name="ota_dialpad">Bàn phím</string>
  <string name="ota_speaker">Loa ngoài</string>
  <string name="ota_progress">Xin hãy đợi trong khi điện thoại đang được chạy.</string>
  <string name="ota_failure">Chạy chương trình thất bại</string>
  <string name="ota_successful">Điện thoại đã được kích hoạt, dịch vụ sẽ thực hiện được sau 15 phút nữa.</string>
  <string name="ota_unsuccessful">Kích hoạt không thành công \n. Hãy đi ra chỗ có sóng \n\n. Thử lại lần nữa hoặc gọi điện đến trung tâm hỗ trợ khác hàng để được hướng dẫn.</string>
  <string name="ota_spc_failure">Lỗi quá tải SPC</string>
  <string name="ota_call_end">Quay lại</string>
  <string name="ota_try_again">Thử lại</string>
  <string name="ota_next">Tiếp</string>
  <string name="ota_back">Quay lại</string>
  <string name="ecm_exit_dialog">Thoát gọi khẩn cấp</string>
  <string name="phone_entered_ecm_text">Vào chế đội gọi khẩn cấp</string>
  <string name="phone_in_ecm_notification_title">Chế độ gọi khẩn cấp</string>
  <string name="phone_in_ecm_call_notification_text">Đã tắt kết nối dữ liệu</string>
  <string name="alert_dialog_in_ecm_call">Không hỗ trợ hành động trên khi thwucj hiện cuộc gọi khẩn cấp</string>
  <string name="progress_dialog_exiting_ecm">Thoát chế độ gọi khẩn cấp</string>
  <string name="alert_dialog_yes">Có</string>
  <string name="alert_dialog_no">Không</string>
  <string name="alert_dialog_dismiss">Hủy bỏ</string>
  <string name="absent_num">Số ẩn</string>
  <string name="voicemail_settings">Cài đặt hộp thư thoại</string>
  <string name="voicemail_number_not_set"><không đặt></string>
  <string name="voicemail_provider">Dịch vụ hộp thư thoại</string>
  <string name="voicemail_settings_for">Thiết lập cho %s</string>
  <string name="other_settings">Thiết lập khác</string>
  <string name="dial_button_label">Gọi</string>
  <string name="calling_via_template">Gọi đến ^1\n</string>
  <string name="slide_to_answer">Trượt sang phải để trả lời</string>
  <string name="slide_to_silence">Trượt sang trái để tắt chuông</string>
  <string name="slide_to_decline">Trượt sang trái để từ chối</string>
  <string name="slide_to_answer_and_hold">Trượt sang phải để trả lời và để số \n ở chế độ chờ</string>
  <string name="slide_to_answer_and_end_active">Trượt sang phải để trả lời và kết thúc cuộc gọi số \n</string>
  <string name="slide_to_answer_and_end_onhold">Trượt sang phải để trả lời và kết thúc cuộc gọi đang chờ</string>
  <string name="slide_to_answer_hint">Trả lời</string>
  <string name="slide_to_decline_hint">Từ chối</string>
  <string name="notification_ongoing_calling_format">Đang gọi số (%s)</string>
  <string name="advanced_setting">Cài đặt nâng cao</string>
  <string name="call_reject_hint">Cuộc gọi bị từ chối</string>
  <string name="hangup_sms">Bấm "Danh mục" để từ chối cuộc gọi và gửi tin nhắn</string>
  <string name="hangup_sms_body">Hiện giờ tôi đang bận, không tiện trả lời, hãy gọi lại sau</string>
  <string name="onscreenNoteText">Lưu</string>
  <string name="query_telocation_title">Không cho lưu các câu hỏi</string>
  <string name="query_telocation_sum">Điện thoại di động hoặc điện thoại cố định có thể truy vấn số lượng thông tin sở hữu</string>
  <string name="button_query_hint">Nhập một số điện thoại di động hoặc cố định</string>
  <string name="button_query">Truy vấn</string>
  <string name="button_clear">Trống</string>
  <string name="text_location">Ghi chú:</string>
  <string name="text_areacode">Mã vùng:</string>
  <string name="unknown_location">Không tìm thấy thông tin liên quan</string>
  <string name="autoip">Quay số nhanh</string>
  <string name="autoip_sum">Tự động thêm số khi gọi số nhanh, hãy nhập các số chính</string>
  <string name="ip_prefix">Mã quốc gia, mã vùng</string>
  <string name="ip_prefix_sum">Mã của dịch vụ điện thoại %s</string>
  <string name="current_areacode">Mã vùng hiện tại</string>
  <string name="current_areacode_sum">Đang dùng mã vùng hiện tại, nếu chuyển vùng hãy nhập mã của vùng đó, vi dụ 084</string>
  <string name="always_enable_mms">Luân nhận tin nhắn đa phương tiện</string>
  <string name="always_enable_mms_summary">Luôn nhận dữ liệu đa phương tiện dùng cho người khuyết tật</string>
  <string name="dialer_click_pref_title">Nhập vào danh bạ</string>
  <string name="dialer_click_pref_summary">Tỳ chỉnh danh bạ</string>
  <string name="auto_dialpad_pref_title">Tự động tìm người gọi</string>
  <string name="auto_dialpad_pref_summary">Tự động tìm người gọi khi quay số</string>
  <string name="anti_disturb_settings">Thiết lập tìm kiếm</string>
  <string name="incoming_call_limit_title">Chặn cuộc gọi đến</string>
  <string name="incoming_call_limit_summary">Chỉ cho phép các số trong danh bạ gọi đến</string>
</resources>
