<?xml version="1.0" encoding="utf-8"?>
<!--Generated by crowdin.net-->
<resources>
  <string name="app_name">Tên ứng dụng</string>
  <string name="apply_now_button_text">Cập nhật</string>
  <string name="apply_later_button_text">Cập nhật sau</string>
  <string name="apply_update_button_text">Tiến hành cập nhật</string>
  <string name="apply_title_textview_text">{0} đã có sẵn</string>
  <string name="apply_subtitle_textview_text">Ghi chú</string>
  <string name="apply_unable_to_reboot_toast">Không thể khởi động lại vào chế độ phục hồi</string>
  <string name="apply_trying_to_get_root_access">Đang cố gắng được quyền truy cập root để khởi động lại vào chế độ phục hồi</string>
  <string name="available_updates_text">Xin vui lòng chọn ROM để tải về</string>
  <string name="choose_available_update_text">Lựa chọn các cập nhật</string>
  <string name="no_updates_found_instructions">Không tìm thấy các bản cập nhật</string>
  <string name="check_error_instructions">Kiểm tra lỗi</string>
  <string name="downloaded_update_found_text">Đã tải xuống bản cập nhật</string>
  <string name="checking_for_updates">Kiểm tra các cập nhật</string>
  <string name="downloading_update">Đang tải bản cập nhật</string>
  <string name="sdcard_is_not_present_dialog_body">Thẻ SD hiện không có</string>
  <string name="sdcard_is_not_present_dialog_title">Thẻ SD</string>
  <string name="sdcard_is_not_present_dialog_ok_button">OK</string>
  <string name="current_version_text">Phiên bản hiện tại</string>
  <string name="delete_updates_text">Xóa các bản cập nhật</string>
  <string name="delete_updates_success_message">Đã xóa các bản cập nhật thành công</string>
  <string name="delete_updates_failure_message">Lỗi: Không xóa được các bản cập nhật</string>
  <string name="delete_updates_noFolder_message">Không tìm thấy các thư mục</string>
  <string name="apply_update_dialog_title">Áp dụng cập nhật</string>
  <string name="apply_update_dialog_text">Bạn muốn áp dụng cập nhật ngay lập tức tập tin: {0}.\nNếu bạn click vào nút "Cập nhật", điện thoại sẽ tự động khởi động lại vào chế độ phục hồi và cài đặt bản cập nhật</string>
  <string name="apply_update_dialog_update_button">Cập nhật</string>
  <string name="apply_update_dialog_backup_and_update_button">Lưu và áp dụng thiết lập</string>
  <string name="apply_update_dialog_cancel_button">Hủy bỏ</string>
  <string name="check_now">Đang kiểm tra</string>
  <string name="menu_config">Đặt</string>
  <string name="menu_about">Giới thiệu</string>
  <string name="menu_changelog">Thông tin đăng nhập</string>
  <string name="cancel_download_buton_text">Hủy tải về</string>
  <string name="confirm_download_cancelation_dialog_message">Bạn muốn hủy tải về tài liệu này</string>
  <string name="confirm_download_cancelation_dialog_yes">Đúng</string>
  <string name="confirm_download_cancelation_dialog_no">Không</string>
  <string name="download_canceled_toast_message">Đã hủy bỏ tải về</string>
  <string name="verify_and_apply_dialog_title">Tập tin còn nguyên vẹn</string>
  <string name="verify_and_apply_dialog_message">MD5 xác minh các tập tin đang được</string>
  <string name="apply_existing_update_md5error_message">Lỗi. Tập tin MD5 không phù hợp</string>
  <string name="file_not_found_error_message">Tập tin không tồn tại hoặc không có quyền truy cập</string>
  <string name="apply_upload_info_message">Nhấp vào "Cập nhật ngay", điện thoại sẽ tự động khởi động lại để áp dụng các cập nhật. Nếu bạn muốn sao lưu, hệ thống sẽ quay trở lại sao lưu sau khi cập nhật</string>
  <string name="notes_about_recovery">(Chú ý: Để hỗ trợ nâng cấp OTA tương lai, bạn phải sử dụng ROM phục hồi tương thích. Để đảm bảo tính tương thích của phục hồi, bạn có thể thông qua các mục trình đơn "Phục hồi toàn bộ" để sử dụng phục hồi.)</string>
  <string name="last_update_check_text">Lần cuối kiểm tra cập nhật</string>
  <string name="overwrite_update_title">Cập nhật thông tin</string>
  <string name="overwrite_update_summary">Thông tin đã có, \n Bạn có muốn ghi đè</string>
  <string name="overwrite_update_positive">Tải lại</string>
  <string name="overwrite_update_negative">Hiện đang sử dụng</string>
  <string name="no_md5_found_summary">Bản cập nhật này không tìm thấy thông tin MD5,\n Bạn có cập nhật mà không cần kiểm tra không</string>
  <string name="no_md5_found_positive">Thông tin ứng dụng</string>
  <string name="no_md5_found_negative">Hủy bỏ</string>
  <string name="notification_tickertext">Đang tải bản cập nhật</string>
  <string name="notification_finished">Đã tải xong</string>
  <string name="stable_description">Ổn định bằng</string>
  <string name="experimental_description">Thử lại bằng</string>
  <string name="changelog_button_text">Đăng nhập</string>
  <string name="changelog_title_rom">Đăng nhập cập nhật Rom</string>
  <string name="md5_check_cancelled">Hủy bỏ kiểm tra MD5</string>
  <string name="title_running">Phiên bản hiện tại</string>
  <string name="no_updatecheck_executed">Không kiểm tra các bản cập nhật</string>
  <string name="about_dialog_title">Giới thiệu</string>
  <string name="no_updates_found">Không có bản cập nhật</string>
  <string name="not_new_updates_found_title">Tìm hàng ngày</string>
  <string name="exception_while_downloading">Lỗi tải bản cập nhật</string>
  <string name="not_update_check_error_title">Không kiểm tra cập nhật</string>
  <string name="not_update_download_error_title">Lỗi tải bản cập nhật</string>
  <string name="not_update_downloaded_title">Tải bản cập nhật về</string>
  <string name="not_update_downloaded_body">{0} đã sẵn sàng để cài đặt</string>
  <string name="download_info_filename">Tên tập tin</string>
  <string name="download_info_mirror">Đường dẫn khác</string>
  <string name="download_info_downloading">Đang tải...</string>
  <string name="download_info_speed">Tốc độ tải về</string>
  <string name="download_info_remaining_time">Thời gian còn lại</string>
  <string name="md5_verification_failed">Lỗi kiểm tra mã MD5</string>
  <string name="not_new_updates_found_body">Tìm hiểu phiên bản mới</string>
  <string name="not_network_error">Mạng bị lỗi, không thể kết nối</string>
  <string name="version_description">Nhà sản xuất</string>
  <string name="acknowledge">Cảm ơn</string>
  <string name="pleasea_check_update">Hãy kiểm tra các bản cập nhật</string>
  <string name="already_applied">Đã cài đặt</string>
  <string name="stable_version">Phù hợp</string>
  <string name="test_version">Thử nghiệm</string>
  <string name="wifi_not_available_title">Không kết nối WIFI</string>
  <string name="wifi_not_available_body">File ROM lớn, nên tải bằng WIFI. Bạn chưa có kết nối bằng WIFI, có tiếp tục tải</string>
  <string name="widget_title">Dữ liệu về MIUI</string>
  <string name="widget_feedback">Thông báo cho MIUI</string>
  <string name="unable_to_flash_recovery">Làm lại chế độ khôi phục</string>
  <string name="flash_recovery_successfully">Làm mới chế độ khôi phục thành công</string>
  <string name="reflash_recovery">Khôi phục toàn bộ</string>
  <string name="boot_recovery">Khởi động lại để khôi phục</string>
  <string name="flash_recovery_dialog_message">Khôi phục mới</string>
  <string name="applying_rom_message">Dùng Rom</string>
  <string name="loading">Chạy Rom MIUI</string>
  <string name="page_error_title">Không thể truy cập</string>
  <string name="page_error">Không thể truy cập đến MIUI, có thể do mạng điện thoại di động mạng hoặc máy chủ MIUI</string>
  <string name="page_reload">Thử lại lần nữa</string>
  <string name="install_rom_from_sd">Lựa chọn cài đặt Rom</string>
</resources>
