<?xml version="1.0" encoding="utf-8"?>
<!--Generated by crowdin.net-->
<resources>
  <string name="config_import_vcard_type">მთავარი</string>
  <string name="config_export_vcard_type">მთავარი</string>
  <string name="config_export_dir">/sdcard</string>
  <string name="config_export_file_extension">vcf</string>
  <string name="contactsList">Contacts</string>
  <string name="launcherDialer">Phone</string>
  <string name="shortcutContact">კონტაქტი</string>
  <string name="shortcutDialContact">პირდაპირი ნომრები</string>
  <string name="shortcutMessageContact">პირდაპირი შეტყობინება</string>
  <string name="shortcutActivityTitle">აირჩიე კონტაქტის სურათი</string>
  <string name="callShortcutActivityTitle">აირჩიე ნომერი დასარეკად</string>
  <string name="messageShortcutActivityTitle">აირჩიე ნომერი შეტყობინების გასაგზავნად</string>
  <string name="starredList">Starred</string>
  <string name="frequentList">ხშირი</string>
  <string name="strequentList">Favorites</string>
  <string name="viewContactTitle">კონტაქტის დეტალები</string>
  <string name="viewContactDesription">View contact</string>
  <string name="editContactDescription">Edit contact</string>
  <string name="insertContactDescription">კონტაქტის შექმნა</string>
  <string name="searchHint">Search contacts</string>
  <string name="menu_search">Search</string>
  <string name="menu_newContact">New contact</string>
  <string name="menu_viewContact">View contact</string>
  <string name="menu_callNumber">ზარი %s</string>
  <string name="menu_addStar">ფავორიტებში დამატება</string>
  <string name="menu_removeStar">ფავორიტებიდან წაშლა</string>
  <string name="menu_editContact">Edit contact</string>
  <string name="menu_deleteContact">Delete contact</string>
  <string name="menu_call">დარეკვა</string>
  <string name="menu_sendSMS">შეტყობინების მიწერა</string>
  <string name="menu_sendEmail">Send email</string>
  <string name="menu_viewAddress">მისამართი</string>
  <string name="menu_makeDefaultNumber">ძირითად ნომრად დაყენება</string>
  <string name="menu_makeDefaultEmail">ძირითად ელ.ფოსტად დაყენება</string>
  <string name="menu_splitAggregate">განცალკევება</string>
  <string name="contactsSplitMessage">კონტაქტი განცალკევებულია</string>
  <string name="splitConfirmation_title">კონტაქტის განცალკევება</string>
  <string name="splitConfirmation">დარწმუნებული ხართ რომ გინდათ კონტაქტის დაყოფა?</string>
  <string name="menu_joinAggregate">შეერთება</string>
  <string name="titleJoinContactDataWith">კონტაქტების შეერთება</string>
  <string name="blurbJoinContactDataWith">მონიშნეთ კონტაქტი რომლის შეერთებაც გინდათ  %s თან</string>
  <string name="showAllContactsJoinItem">ყველა კონტაქტის ჩვენება</string>
  <string name="separatorJoinAggregateSuggestions">კონტაქტის რჩევა</string>
  <string name="separatorJoinAggregateAll">All contacts</string>
  <string name="contactsJoinedMessage">კონტაქტი შეერთებულია</string>
  <string name="menu_contactOptions">Options</string>
  <string name="contactOptionsTitle">Options</string>
  <string name="deleteConfirmation_title">Delete</string>
  <string name="readOnlyContactWarning">თქვენ არ შეგიძლიათ კონტაქტი read-only ექაუნთიდან, მაგრამ შეგიძლიათ მათი დამალვა კონტაქტ ლისტიდან</string>
  <string name="readOnlyContactDeleteConfirmation">ეს კონტაქტი შეიცავს ინფორმაციას მრავალი ექაუნთიდან. ინფორმაცია read-only ექაუნთებიდან იქნება დამალული კონტაქტ ლისტიდან და არა წაშლილი.</string>
  <string name="multipleContactDeleteConfirmation">ეს კონტაქტი ასევე წაიშლება სხვადასხვა ანგარიშებზე</string>
  <string name="deleteConfirmation">ეს კონტაქტი წაიშლება.</string>
  <string name="menu_done">Done</string>
  <string name="menu_doNotSave">Revert</string>
  <string name="editContact_title_edit">Edit contact</string>
  <string name="editContact_title_insert">New contact</string>
  <string name="label_phonetic_name">ფონეტიკური</string>
  <string name="label_notes">შენიშვნა</string>
  <string name="label_ringtone">Ringtone</string>
  <string name="ghostData_name">სახელი და გვარი</string>
  <string name="ghostData_phonetic_name">ფონეტიკური სახელი</string>
  <string name="ghostData_company">კომპანია</string>
  <string name="ghostData_title">Title</string>
  <string name="invalidContactMessage">ესეთი კონტაქტი არ არსებობს</string>
  <string name="pickerNewContactHeader">ახალი კონტაქტის შექმნა</string>
  <string name="selectLabel">აირჩიეთ ეტიკეტი</string>
  <string name="phoneLabelsGroup">Phone</string>
  <string name="emailLabelsGroup">Email</string>
  <string name="imLabelsGroup">IM</string>
  <string name="postalLabelsGroup">საფოსტო მისამართი</string>
  <string name="photoPickerNotFoundText">სურათი არ არის ხელმისაწვდომი</string>
  <string name="attachToContact">კონტაქტის სურათი</string>
  <string name="customLabelPickerTitle">ეტიკეტის სახელი</string>
  <string name="send_to_voicemail_checkbox">დარეკილის გაგზავნა ხმოვანფოსტაში</string>
  <string name="default_ringtone">Default</string>
  <string name="changePicture">სურათის შეცვლა</string>
  <string name="removePicture">იკონკის წაშლა</string>
  <string name="noContacts">კონტაქტები არ არის</string>
  <string name="noMatchingContacts">ასეთი კონტაქტი ვერ მოიძებნა</string>
  <string name="noContactsWithPhoneNumbers">არ არის კონტაქტები ტელეფონის ნომრებით</string>
  <string name="savingContact">კონტაქტის შენახვა...</string>
  <string name="contactSavedToast">კონტაქტი შენახულია</string>
  <string name="contactSavedErrorToast">შეცდომა,შეუძლებელია კონტაქტის ცვლილებების დამახსოვრება.</string>
  <string name="listTotalPhoneContactsZero">დასანახი კონტაქტების პოვნა ნომრებით ვერ მოხერხდა</string>
  <string name="listTotalAllContactsZero">დასანახი კონტაქტების ნახვა ვერ მოხერხდა</string>
  <string name="listFoundAllContactsZero">კონტაქტი ვერ მოიძებნა</string>
  <string name="contactsIconLabel">Contacts</string>
  <string name="contactsFavoritesLabel">Favorites</string>
  <string name="dialerIconLabel">Phone</string>
  <string name="recentCallsIconLabel">Call log</string>
  <string name="liveFolderAll">All contacts</string>
  <string name="liveFolderFavorites">გაზიარებული კონტაქტები</string>
  <string name="liveFolderPhone">კონტაქტები ტელეფონის ნომრებით</string>
  <string name="menu_sendTextMessage">შეტყობინების გაგზავნა</string>
  <string name="recentCalls_callNumber">ზარი %s</string>
  <string name="recentCalls_editNumberBeforeCall">შეასწორე ნომერი დარეკვამდე</string>
  <string name="recentCalls_addToContact">კონტაქტებში დამატება</string>
  <string name="recentCalls_removeFromRecentList">ქოლ ლოგიდან წაშლა</string>
  <string name="recentCalls_deleteAll">Clear call log</string>
  <string name="recentCalls_empty">ქოლ ლოგი ცარიელია.</string>
  <string name="clearCallLogConfirmation_title">Clear call log</string>
  <string name="clearCallLogConfirmation">დარწმუნებული ხართ რომ გსურთ ქოლ ლოგის გასუფთავება?</string>
  <string name="imei">IMEI</string>
  <string name="meid">MEID</string>
  <string name="voicemail">Voicemail</string>
  <string name="unknown">Unknown</string>
  <string name="private_num">Private number</string>
  <string name="payphone">Pay phone</string>
  <string name="dialerKeyboardHintText">Use keyboard to dial</string>
  <string name="dialerDialpadHintText">დასარეკად აკრიფეთ ნომერი</string>
  <string name="simContacts_emptyLoading">იტივრთება სიმ კარტიდან...</string>
  <string name="simContacts_title">სიმ კარტის კონტაქტები</string>
  <string name="liveFolder_all_label">All contacts</string>
  <string name="liveFolder_favorites_label">Starred</string>
  <string name="liveFolder_phones_label">ტელეფონები</string>
  <string name="callDetailTitle">ზარის დეტალები</string>
  <string name="toast_call_detail_error">შეუძლებელია დეტალების წაკითხვა მოთხოვნილი ზარიდან.</string>
  <string name="type_incoming">Incoming call</string>
  <string name="type_outgoing">გამავალი ზარები</string>
  <string name="type_missed">Missed call</string>
  <string name="actionIncomingCall">Incoming calls</string>
  <string name="callBack">გადარეკვა</string>
  <string name="callAgain">თავიდან დარეკვა</string>
  <string name="returnCall">დაბრუნებული ზარი</string>
  <string name="callDetailsDurationFormat">%1$s წუთი %2$s წამი</string>
  <string name="favoritesFrquentSeparator">ხშირად დაკონტაქტებული</string>
  <string name="add_contact_dlg_title">Add contact</string>
  <string name="add_contact_dlg_message_fmt">დავამატოთ კონტაქტებში \"%s\" ?</string>
  <string name="all_tab_label">All</string>
  <string name="description_image_button_one">ერთი</string>
  <string name="description_image_button_two">ორი</string>
  <string name="description_image_button_three">სამი</string>
  <string name="description_image_button_four">ოთხი</string>
  <string name="description_image_button_five">ხუთი</string>
  <string name="description_image_button_six">ექვსი</string>
  <string name="description_image_button_seven">შვიდი</string>
  <string name="description_image_button_eight">რვა</string>
  <string name="description_image_button_nine">ცხრა</string>
  <string name="description_image_button_star">ვარსკვლავი</string>
  <string name="description_image_button_delete">წაშლა</string>
  <string name="description_image_button_zero">ნული</string>
  <string name="description_image_button_pound">ფუნტი</string>
  <string name="description_voicemail_button">ხმოვანი ფოსტა</string>
  <string name="description_dial_button">ნომრის ასაკრეფი</string>
  <string name="description_delete_button">წაშლა</string>
  <string name="description_digits_edittext">ასაკრეფი ნომერი</string>
  <string name="description_contact_photo">contact photo</string>
  <string name="description_minus_button">მინუსი</string>
  <string name="description_plus_button">პლიუსი</string>
  <string name="no_sdcard_title">No SD card</string>
  <string name="no_sdcard_message">SD კარტა ვერ მოიძებნა</string>
  <string name="searching_vcard_title">vCardის ძიება</string>
  <string name="import_from_sim">სიმ კარტიდან გადმოტანა</string>
  <string name="import_from_sdcard">SD კარტიდან გადმოტანა</string>
  <string name="export_to_sdcard">SD კარტაზე გადატანა</string>
  <string name="share_visible_contacts">კონტაქტების გაზიარება</string>
  <string name="import_one_vcard_string">vCardის იმპორტი</string>
  <string name="import_multiple_vcard_string">რამოდენიმე vCardის იმპორტი</string>
  <string name="import_all_vcard_string">ყველა vCardის იმპორტი</string>
  <string name="searching_vcard_message">vCardის ძიება SD კარტაზე</string>
  <string name="scanning_sdcard_failed_title">SD კარტის საკინრება წარუმატებლად დასრულდა</string>
  <string name="scanning_sdcard_failed_message">SD კარტის საკინრება წარუმატებლად დასრულდა (მიზეზი: \"%s\")</string>
  <string name="fail_reason_io_error">I/O შეცდომა</string>
  <string name="fail_reason_vcard_parse_error">vCard გარჩევა ვერ მოხერხდა უცნობი მიზეზის გამო</string>
  <string name="fail_reason_vcard_not_supported_error">vCard  გარჩევა ვერ მოხერხდა.არასწორი იმპლემენტაციის მეთოდის გამო.</string>
  <string name="fail_reason_no_vcard_file">vCard-ის პოვნა ვერ მოხერხდა SD კარტაზე </string>
  <string name="fail_reason_failed_to_read_files">ერთი ან მეტი კონტაქტის გადმოტანა ვერ მოხერხდა (%s).</string>
  <string name="fail_reason_unknown">Unknown error</string>
  <string name="select_vcard_title">აირჩიეთ vCard ფაილი</string>
  <string name="progress_shower_message">%1$s\n%2$s</string>
  <string name="reading_vcard_title">კითხულობს vCardს</string>
  <string name="reading_vcard_message">კითხულობს vCard ფაილებს</string>
  <string name="reading_vcard_failed_title">vCardიდან ინფორმაციის წაკითხვა წარუმატებლად დამთავრდა</string>
  <string name="reading_vcard_contacts">%1$s კონტაქტი %2$sიდან</string>
  <string name="reading_vcard_files">%1$s ფაილი %2$sიდან</string>
  <string name="confirm_export_title">ექსპორტის დადასტურება</string>
  <string name="confirm_export_message">დარწმუნებული ხართ რომ გინდათ გადაიტანოთ თქვენი კონტაქტ ლისტი \"%s\"ში?</string>
  <string name="exporting_contact_failed_title">კონტაქტების გადატანა წარუმატებლად დამტავრდა</string>
  <string name="exporting_contact_failed_message">კონტაქტების გადატანა წარუმატებლად დამტავრდა.\nწარუმატებლობის მიზეზი: \"%s\"</string>
  <string name="fail_reason_no_exportable_contact">ეს არ არის გადასატანი კონტაქტი</string>
  <string name="fail_reason_too_many_vcard">ძაან ბევრი vCard ფაილია SD კარტაზე</string>
  <string name="fail_reason_too_long_filename">ფაილის სახელი ძაან გრძელია  (\"%s\")</string>
  <string name="exporting_contact_list_title">მიმდინარეობს ექსპორტირება</string>
  <string name="exporting_contact_list_message">მიმდინარეობს ექსპორტირება  \"%s\"</string>
  <string name="fail_reason_could_not_initialize_exporter">ექსპორტირება ვერ მოხერხდა  \"%s\"</string>
  <string name="fail_reason_error_occurred_during_export">შეცდომა ექსპორტირების დროს: \"%s\"</string>
  <string name="composer_failed_to_get_database_infomation">მონაცმეთა ბაზის მიღება ვერ მოხერხდა</string>
  <string name="composer_has_no_exportable_contact">ამ კონტაქტსი ექსპორტირება შეუძლებელია, ექსპორტი ტქვენი ტელეფონიდან შეიძლება ოპერატორის მიერ იყოს დაბლოკილი.</string>
  <string name="composer_not_initialized">vCard-ი არასწორად არის ინიციალირებული</string>
  <string name="fail_reason_could_not_open_file">ვერ მოხერხდა გახსნა \"%1$s\": %2$s</string>
  <string name="exporting_contact_list_progress">%1$s კონტაქტი %2$sიდან</string>
  <string name="search_settings_description">კონტაქტების სახელები</string>
  <string name="add_2sec_pause">2 წამიანი პაუზის დამატება</string>
  <string name="add_wait">მოცდა</string>
  <string name="call_disambig_title">დარეკვა</string>
  <string name="sms_disambig_title">შეტყობინების გაგზავნა</string>
  <string name="make_primary">Remember this choice</string>
  <string name="quickcontact_missing_app">ამ მოქმედებისთვის პროგრამის ნახვა ვერ მოხერხდა</string>
  <string name="quickcontact_remember_choice">Remember this choice</string>
  <string name="quickcontact_missing_name">Unknown</string>
  <string name="menu_accounts">Accounts</string>
  <string name="menu_import_export">იმპორტ/ექსპორტი</string>
  <string name="dialog_import_export">კონტაქტების იმპორტ/ექსპორტი</string>
  <string name="menu_share">Share</string>
  <string name="share_via">გაიზიარე</string>
  <string name="share_error">ამ კონტაქტის გაზიარება შეუძლებელია.</string>
  <string name="nameLabelsGroup">Name</string>
  <string name="nicknameLabelsGroup">ზედმეტსახელი</string>
  <string name="organizationLabelsGroup">Organization</string>
  <string name="websiteLabelsGroup">ვებსაიტი</string>
  <string name="eventLabelsGroup">ივენთი</string>
  <string name="type_short_home">ჰ</string>
  <string name="type_short_mobile">მ</string>
  <string name="type_short_work">წ</string>
  <string name="type_short_pager">პ</string>
  <string name="type_short_other">ო</string>
  <string name="edit_read_only">ეს კონტაქტი არის read-only</string>
  <string name="edit_secondary_collapse">More</string>
  <string name="dialog_primary_name">სახელი</string>
  <string name="dialog_new_contact_account">კონტაქტის შექმნა ექაუნთში</string>
  <string name="account_phone">მხოლოდ ტელეფონში (სინქრონიზაციის გარეშე)</string>
  <string name="call_custom">ზარი %s</string>
  <string name="call_home">სახლში დარეკვა</string>
  <string name="call_mobile">მობილურზე დარეკვა</string>
  <string name="call_work">სამსახურში დარეკვა</string>
  <string name="call_fax_work">სამსახურის ფაქსზე დარეკვა</string>
  <string name="call_fax_home">სახლის ფაქსზე</string>
  <string name="call_pager">პეიჯერზე დარეკვა</string>
  <string name="call_other">Call</string>
  <string name="call_callback">გადარეკვა</string>
  <string name="call_car">მანქანაზე დარეკვა</string>
  <string name="call_company_main">კომპანიაში დარეკვა</string>
  <string name="call_isdn">ISDNზე  დარეკვა</string>
  <string name="call_main">მთავარზე დარეკვა</string>
  <string name="call_other_fax">ფაქსზე დარეკვა</string>
  <string name="call_radio">რადიო დარეკვა</string>
  <string name="call_telex">ტელექს დარეკვა</string>
  <string name="call_tty_tdd">TTY/TDD დარეკვა</string>
  <string name="call_work_mobile">სამუშაო მობილურზე დარეკვა</string>
  <string name="call_work_pager">სამუშაო გვერდზე დარეკვა</string>
  <string name="call_assistant">ზარი %s</string>
  <string name="call_mms">მმს დარეკვა</string>
  <string name="sms_custom">შეტყობინების გაგზავნა %s</string>
  <string name="sms_home">შეტყობინების გაგზავნა სახლში</string>
  <string name="sms_mobile">შეტყობინების გაგზავნა მობილურზე</string>
  <string name="sms_work">შეტყობინების გაგზავნა სამსახურში</string>
  <string name="sms_fax_work">შეტყობინების გაგზავნა სამუშაო ფაქსზე</string>
  <string name="sms_fax_home">შეტყობინების გაგზავნა სახლის ფაქსზე</string>
  <string name="sms_pager">შეტყობინების გაგზავნა გვერდზე</string>
  <string name="sms_other">შეტყობინების გაგზავნა</string>
  <string name="sms_callback">შეტყობინების გაგზავნა გადმოსარეკად</string>
  <string name="sms_car">შეტყობინების გაგზავნა მანქნაში</string>
  <string name="sms_company_main">შეტყობინების გაგზავნა კომპანიაში</string>
  <string name="sms_isdn">შეტყობინების გაგზავნა ISDN</string>
  <string name="sms_main">შეტყობინების გაგზავნა მთავარზე</string>
  <string name="sms_other_fax">შეტყობინების გაგზავნა ფაქსზე</string>
  <string name="sms_radio">შეტყობინების გაგზავნა რადიოზე</string>
  <string name="sms_telex">შეტყობინების გაგზავნა ტელექსზე</string>
  <string name="sms_tty_tdd">შეტყობინების გაგზავნა TTY/TDD</string>
  <string name="sms_work_mobile">შეტყობინების გაგზავნა სამუშაო ნომერზე</string>
  <string name="sms_work_pager">შეტყობინების გაგზავნა სამუშაო გვერდზე</string>
  <string name="sms_assistant">შეტყობინების გაგზავნა %s</string>
  <string name="sms_mms">მმს შეტყობინების გაგზავნა</string>
  <string name="email_home">ელ.ფოსტის მიწერა სახლში</string>
  <string name="email_mobile">ელ.ფოსტის მიწერა მობილურზე</string>
  <string name="email_work">ელ.ფოსტის მიწერა სამსახურში</string>
  <string name="email_other">Email</string>
  <string name="email_custom">ელ.ფოსტის მიწერა %s</string>
  <string name="email">Email</string>
  <string name="map_home">სახლის მისამართის ნახვა</string>
  <string name="map_work">სამსახურის მისამართის ნახვა</string>
  <string name="map_other">მისამართის ნახვა</string>
  <string name="map_custom">%sის მისამართის ნახვა</string>
  <string name="chat_aim">ჭორაობა AIMით</string>
  <string name="chat_msn">ჭორაობა Windows Liveით</string>
  <string name="chat_yahoo">ჭორაობა Yahooთი</string>
  <string name="chat_skype">ჭორაობა Skypeით</string>
  <string name="chat_qq">ჭორაობა QQით</string>
  <string name="chat_gtalk">ჭორაობა Google Talkით</string>
  <string name="chat_icq">ჭორაობა ICQით</string>
  <string name="chat_jabber">ჭორაობა Jabberით</string>
  <string name="chat">ჭორაობა</string>
  <string name="postal_street">ქუჩა</string>
  <string name="postal_pobox">საფოსტო ყუთი</string>
  <string name="postal_neighborhood">მეზობლები</string>
  <string name="postal_city">ქალაქი</string>
  <string name="postal_region">რეგიონი</string>
  <string name="postal_postcode">ზიპ კოდი</string>
  <string name="postal_country">ქვეყანა</string>
  <string name="name_given">Given name</string>
  <string name="name_family">Family name</string>
  <string name="name_prefix">სახელის პერფიქსი</string>
  <string name="name_middle">ზედმეტ სახელი</string>
  <string name="name_suffix">სახელის სუფიქსი</string>
  <string name="name_phonetic_given">ფონეტიკური სახელი</string>
  <string name="name_phonetic_middle">ფონეტიკური შუა სახელი</string>
  <string name="name_phonetic_family">ფონეტიკური გვარი</string>
  <string name="account_type_format">%1$s კონტაქტი</string>
  <string name="from_account_format">ავტორი %1$s</string>
  <string name="use_photo_as_primary">გამოიყენე ეს სურათი</string>
  <string name="contact_read_only">%1$s კონტაქტის ინფორმაცია არ არის შეცვლადი ამ ხელსაწყოზე.</string>
  <string name="no_contact_details">ამ კონტაქტზე არ არის დამატებითი ინფორმაცია</string>
  <string name="search_bar_hint">Search contacts</string>
  <string name="search_for_all_contacts">ყველა კონტაქტის ძებნა</string>
  <string name="take_photo">სურათის გადაღება</string>
  <string name="pick_photo">აირჩიე სურათი გალერიიდან</string>
  <string name="locale_change_in_progress">მიმდინარეობს სიის განახლება ენის შეცვლის ასარეკვლად.\n\nგთხოვთ მოიცადეთ...</string>
  <string name="upgrade_in_progress">მიმდინარეობს სიის განახლება.\n\nგთხოვთ მოიცადოთ...</string>
  <string name="upgrade_out_of_memory">მიმდინარეობს კონტაქტების განახლება.\n\n პროცესი მოთხოვს  %dMb ტელეფონზე .\n\nაირჩიეთ:</string>
  <string name="upgrade_out_of_memory_uninstall">პროგრამების წაშლა</string>
  <string name="upgrade_out_of_memory_retry">ცადე გამუმჯობესება</string>
  <string name="search_results_for">ძიების რეზულტატი: %s</string>
  <string name="search_results_searching">მიმდინარეობს ძიება...</string>
  <string name="callNoAnswerTimeFormat">დარეკა %s -ჯერ</string>
  <string name="numberCountFormat">%s ნომერი</string>
  <string name="menu_display_all">ყველა კონტაქტის ჩვენება</string>
  <string name="menu_display_only_phones">მხოლოდ ნომრიანი კონტაქტების ჩვენება</string>
  <string name="contactsGroupsLabel">ჯგუფები</string>
  <string name="group_summary_format">%s წევრი</string>
  <string name="no_member">ჯგუფი ცარიელია</string>
  <string name="applyGroupsSelection">ჯგუფის პარამეტრების განახლება...</string>
  <string name="no_availablePhone">ამ წევრს არ აქ ტელეფონის ნომერი.</string>
  <string name="add_group_member">ახალი წევრი</string>
  <string name="group_name_contacts">კონტაქტები</string>
  <string name="group_name_friends">მეგობარი</string>
  <string name="group_name_family">ოჯახი</string>
  <string name="group_name_coworkers">კოლეგები</string>
  <string name="group_name_important">საჭირო</string>
  <string name="group_name_life_info">ცხოვრების სტილი</string>
  <string name="group_name_white_list">თეთრი სია</string>
  <string name="group_name_black_list">შავი სია</string>
  <string name="button_manage_groups">ჯგუფების შეცვლა</string>
  <string name="button_back">დაბრუნება</string>
  <string name="button_remove_contacts">კონტაქტების წაშლა</string>
  <string name="duplicatedGroupNameHelpText">ახალი ჯგუფის სახელი ვერ იქნება სხვა ჯგუფის სახელის მსგავს</string>
  <string name="system_groups_unchangable">ამ ჯგუფის წაშლა შეუძლებელია</string>
  <string name="menu_add">დამატება</string>
  <string name="menu_remove">წაშლა</string>
  <string name="create_new_group">ახალი ჯგუფის შექმნა</string>
  <string name="manage_groups">ჯგუფის შეცვლა</string>
  <string name="menu_viewGroup">ჯგუფის ნახვა</string>
  <string name="menu_deleteGroup">ჯგუფის წაშლა</string>
  <string name="menu_editGroupName">ჯგუფის სახელის შეცვლა</string>
  <string name="input_group_name_hint">ჩაწერეთ ჯგუფის სახელი</string>
  <string name="notification_invalid_group_name">ჯგუფის სახელი ცარიელი ვერ იქნება</string>
  <string name="add_to_group_format">დამატება %s</string>
  <string name="name_full">სახელი</string>
  <string name="add_more_items">დამატება</string>
  <string name="saveConfirmationTitle">კონტაქტის ჩაწერა</string>
  <string name="saveConfirmationBody">ჩავიწეროთ ცვლილებები ?</string>
  <string name="saveConfirmationYes">ჩაწერილია</string>
  <string name="saveConfirmationNo">არ არი ჩაწერილი</string>
  <string name="import_from_account">სხვა ანგარიშიდან იმპორტირება</string>
  <string name="select_account_import_from">აირჩიეთ ანგარიში</string>
  <string name="importing_from_account">მიმდინარეობს იმპორტირება</string>
  <string name="fail_message_account_needed">ჯერ შექმენით  MIUI ანგარიში</string>
  <string name="success_message_import_from_account">იმპორტირება დასრულდა</string>
  <string name="date_day">დღე</string>
  <string name="fast_scroll_alphabet">\#აბგდევზთიკლმნოპჟრსტუფქღყშჩძწჭხჯჰ</string>
  <string name="belong_no_group">არ არის გრუპაში</string>
  <string name="menu_remove_member">წევრის წაშლა</string>
  <string name="removeConfirmation_title">წაშლა</string>
  <string name="menu_add_favorite_contact">ფავორიტებში დამატება</string>
  <string name="menu_group_sms">ჯგუფური შეტყობინების გაგზავნა</string>
  <string name="menu_group_ringtone">ჯგუფის რინგტონი</string>
  <string name="menu_add_member">წევრის დამატება</string>
  <string name="menu_callIpNumber">დარეკვა IP ტელეფონზე (აკრეფვა %s)</string>
  <string name="menu_clearDefaultNumber">ნომერის წაშლა</string>
  <string name="menu_clearDefaultEmail">მეილის პარამეტრების გაუქმება</string>
  <string name="favoriteContactDescription">ფავორიტებში დამატება</string>
  <string name="unfavoriteContactDescription">ფავორიტებიდან წაშლა</string>
  <string name="shareContactDescription">კონტაქტის გაზიარება</string>
  <string name="titlePickOrCreateNewContact">კონტაქტის შექმნა</string>
  <string name="titlePickContactNumber">აირჩიეთ კონტაქტი</string>
  <string name="fixedPhoneLabel">სატელეგრაფო ხაზი</string>
  <string name="fixedFaxLabel">ფაქსი</string>
  <string name="goto_album">გალერეაში გადასვლა</string>
  <string name="recommneded_photos">რეკომენდირებული სურათები</string>
  <string name="downloading_photos">მიმდინარეობს ფოტოების ჩაწერა</string>
  <string name="callButtonText">დარეკვა</string>
  <string name="callrecordview_menu_phone_all">ზარების ჩვენება</string>
  <string name="callrecordview_menu_phone_missed">გამოტოვებული ზარების ჩვენება</string>
  <string name="callrecordview_menu_delete_one">სიის გაწმენდა</string>
  <string name="callrecordview_menu_delete_stranger">უცნობი ნომრების გაწმენდა</string>
  <string name="callrecordview_menu_delete_all">სრული სიის გაწმენდა</string>
  <string name="callrecordview_menu_set">პარამეტრები</string>
  <string name="callrecordview_more">მეტი</string>
  <string name="callrecordview_more_title">სულ %s ზარი</string>
  <string name="callrecordview_item_calls">%d ზარი</string>
  <string name="callrecordview_item_op_time_missed">გამოტოვებული ზარი</string>
  <string name="callrecordview_item_op_time_short_incoming">%d წამი ზარის შემდეგ</string>
  <string name="callrecordview_item_op_time_short_outgoing">ზარი %d წამი</string>
  <string name="callDetailsDurationFormat_incoming">ზარი %1$s წამი %2$s წამი</string>
  <string name="callDetailsDurationFormat_outgoing">ზარი %1$s წუთი %2$s წამი</string>
  <string name="group_delete_confirmation">წაშლის დამოწმება</string>
  <string name="no_sms_availabe_contact_in_group">ამ ჯგუფში არსებულ კონტაქტებს არ შეუძლიათ შეტყობინებების მიღება</string>
  <string name="showDialpadTip">ნომრის ასაკრეფად დააჭირეთ</string>
  <string name="set_ringtone_for_group_members_success">ჯგუფის რინგტონი დაყენებულია</string>
  <string name="noContactHelpText">კონტაქტის პოვნა ვერ მოხერხდა</string>
  <string name="noFavoriteHelpText">კოლექცია არ არსებობს თქვენ შეგიძლიათ:</string>
  <string name="noGroupMemberHelpText">ჯგუფი ცარიელია.\n\nTo დაამატეთ კონტაქტი, დააჭირეთ，და შემდეგ აირციეთ რომელი კონტაქტიც გინდათ.\n</string>
  <string name="noContactHelpTextAccounts">სინქრონიზაციის ანგარიშის დამატება</string>
  <string name="noContactHelpTextImportSim">SIM კარტიდან იმპორტირება</string>
  <string name="noContactHelpTextImportSD">SD კარტიდან იმპორტირება</string>
  <string name="noContactHelpTextAddContact">ახალი კონტაქტი</string>
  <string name="noContactHelpTextAddStarred">ფავორიტებში დამატება</string>
  <string name="noContactHelpTextAddMember">ჯგუფის წევრების დამატება</string>
</resources>
