<?xml version="1.0" encoding="utf-8"?>
<!--Generated by crowdin.net-->
<resources>
  <string name="app_name">Gallery</string>
  <string name="gadget_title">Picture frame</string>
  <string name="details_ms">%1$02d:%2$02d</string>
  <string name="details_hms">%1$d:%2$02d:%3$02d</string>
  <string name="movie_view_label">Movies</string>
  <string name="loading_video">ვიდეო იტვირთება…</string>
  <string name="resume_playing_title">Resume video</string>
  <string name="resume_playing_message">ვიდეოს გაგძელება %s  დან ?</string>
  <string name="resume_playing_resume">Resume playing</string>
  <string name="resume_playing_restart">Start over</string>
  <string name="camera">Camera</string>
  <string name="crop_save_text">Save</string>
  <string name="crop_discard_text">Discard</string>
  <string name="multiface_crop_help">Tap a face to begin.</string>
  <string name="saving_image">სურათის შენახვა ...</string>
  <string name="crop_label">Crop picture</string>
  <string name="running_face_detection">გთხოვთ დაიცადოთ ...</string>
  <string name="set_image">Set picture as</string>
  <string name="wallpaper">ვოლფეიფერი ყენდება,გთხოვთ დაიცადოთ...</string>
  <string name="camera_setas_wallpaper">Wallpaper</string>
  <string name="details_ok">OK</string>
  <string name="loading_new">იტვირტება ახალი ალბომი და სურათები</string>
  <string name="initializing">იტვირთება</string>
  <string name="pick_prompt">აიღეთ ნივთი თქვენი კოლექციიდან</string>
  <string name="no_items">არ არის არაფერი თქვენს კოლექციაში</string>
  <string name="pick">აღება</string>
  <string name="delete">Delete</string>
  <string name="confirm_delete">წაშლის დადასტურება</string>
  <string name="cancel">Cancel</string>
  <string name="share">Share</string>
  <string name="no_sd_card">SD კარტა გამოერთებულია ან არ არის</string>
  <string name="more">More</string>
  <string name="select_all">Select All</string>
  <string name="deselect_all">გაუქმება</string>
  <string name="slideshow">Slideshow</string>
  <string name="menu">კატალოგი</string>
  <string name="details">Details</string>
  <string name="album_selected">ალბომი არჩეულია</string>
  <string name="item_selected">ნივთი არჩეულია</string>
  <string name="albums_selected">ალბომები არჩეულია</string>
  <string name="items_selected">ნივთები არჩეულია</string>
  <string name="album">Album</string>
  <string name="start">დაწყება</string>
  <string name="end">End</string>
  <string name="location">Location</string>
  <string name="location_unknown">ადგილმდებარეობა უცნობია</string>
  <string name="title">Title</string>
  <string name="type">ტიპი</string>
  <string name="taken_on">აღებულია</string>
  <string name="added_on">დამატებულია</string>
  <string name="show_on_map">რუკაზე ჩვენება</string>
  <string name="rotate_left">მარცხნივ ამოტრიალება</string>
  <string name="rotate_right">მარჯვნინ ამოტრიალება</string>
  <string name="crop">Crop</string>
  <string name="set_as">Set as</string>
  <string name="set_as_wallpaper">Set as wallpaper</string>
  <string name="item">ნივთი</string>
  <string name="items">ნივთები</string>
  <string name="around">გარშემო</string>
  <string name="date_unknown">თარიღი უცნობია</string>
  <string name="video_err">შეუძლებელია ვიდეოს ჩვენება</string>
  <string name="lockscreen_wallpaper">ლოქსქრინის ვოლფეიფერის დაყენება, გთხოვთ დაიცადოთ</string>
  <string name="wallpaper_set">ვოლფეიფერის არჩევა გალერიიდან</string>
  <string name="lockscreen_set">ლოკსქრინის არჩევა გალერიიდან</string>
  <string name="miui_screenshot">MIUI სქრინშოთი</string>
</resources>
