<?xml version="1.0" encoding="utf-8"?>
<!--Generated by crowdin.net-->
<resources>
  <string name="app_label">Messaging</string>
  <string name="new_message">ახალი შეტყობინება</string>
  <string name="create_new_message">ახალი შეტყობინება</string>
  <string name="menu_call_back">%s-სთან დარეკვა</string>
  <string name="menu_send_email">%s-სთვის ფოსტის გაგზავნა</string>
  <string name="menu_compose_new">Compose</string>
  <string name="menu_preferences">Settings</string>
  <string name="menu_add_address_to_contacts">%s-ის კონტაქტებში დამატება</string>
  <string name="menu_call">Call</string>
  <string name="menu_delete_all">თემების წაშლა</string>
  <string name="menu_delete">Delete thread</string>
  <string name="menu_undelivered_messages">არ მისული შეტყობინებები</string>
  <string name="menu_view">თემის ნახვა</string>
  <string name="refreshing">მიმდინარეობს განახლება..</string>
  <string name="has_draft">მზა პოსტი</string>
  <string name="broadcast_from_to">გაგზავნა %1$s -დან %2$s მდე</string>
  <string name="anonymous_recipient">უცნობი</string>
  <string name="no_subject_view">(No subject)</string>
  <string name="messagelist_sender_self">Me</string>
  <string name="view_picture">View picture</string>
  <string name="view_slideshow">სლაიდშოუს ნახვა</string>
  <string name="view_message_details">შეტყობინების დეტალები</string>
  <string name="view_delivery_report">სტატუსის ნახვა</string>
  <string name="delete_message">შეტყობინების წაშლა</string>
  <string name="sent_on">გაგზავნილია: %s</string>
  <string name="expire_on">იწურება: %s</string>
  <string name="kilobyte">კბ</string>
  <string name="undelivered_msg_dialog_title">შეტყობინება არ მისულა</string>
  <string name="undelivered_msg_dialog_body">შეტყობინება არ იქნა გაგზავნილი.\nცდების რაოდენობა : %s.</string>
  <string name="undelivered_sms_dialog_body">შეტყობინების გაგზავნა ვერ მოხერხდა</string>
  <string name="delete_thread">Delete thread</string>
  <string name="menu_forward">Forward</string>
  <string name="download">ჩაწერა</string>
  <string name="downloading">ვიწერ..</string>
  <string name="name_colon">:\u0020</string>
  <string name="inline_subject">თემა:</string>
  <string name="drm_protected_text">* დაცული ტექსტი DRM *</string>
  <string name="insufficient_drm_rights">დაფიქსირებულია არასაკმარიის DRM უფლებები</string>
  <string name="copy_message_text">ტექსტის კოპირება</string>
  <string name="message_options">შეტყობინების პარამეტრები</string>
  <string name="done">Done</string>
  <string name="move_up">ზევით აწევა</string>
  <string name="move_down">ქვემოთ ჩამოწევა</string>
  <string name="remove_slide">სლაიდის მოშორება</string>
  <string name="add_slide">სლაიდის დამატება</string>
  <string name="add_slide_hint">შექმენით ახალი სლაიდი</string>
  <string name="discard_slideshow">სლაიდშოუს გაუქმება</string>
  <string name="slide_show_part">ნაწილი %1$s/%2$s</string>
  <string name="remove_text">ტექსტის მოშორება</string>
  <string name="add_picture">ფოტოს დამატება</string>
  <string name="remove_picture">ფოტოს მოშორება</string>
  <string name="add_music">მუსიკის დამატება</string>
  <string name="remove_music">მუსიკის მოშორება</string>
  <string name="add_video">ვიდეოს დამატება</string>
  <string name="remove_video">ვიდეოს მოსორება</string>
  <string name="compose_title">Compose</string>
  <string name="to_hint">ვის</string>
  <string name="subject_hint">თემა</string>
  <string name="add_attachment">Attach</string>
  <string name="add_subject">თემის დამატება</string>
  <string name="discard">Discard</string>
  <string name="view">View</string>
  <string name="replace">Replace</string>
  <string name="remove">Remove</string>
  <string name="send">Send</string>
  <string name="mms">ემემესი</string>
  <string name="all_threads">ყველა თემა</string>
  <string name="type_to_compose_text_enter_to_send">დაწერეთ რამე</string>
  <string name="open_keyboard_to_compose_message">Open keyboard to compose message</string>
  <string name="image_too_large">სურათი ძაან დიდია</string>
  <string name="ask_for_automatically_resize">აუტომატიკურად შევცვალოთ სურათის ზომა გაგზავნამდე?</string>
  <string name="compressing">Picture too large, compressing picture...</string>
  <string name="unsupported_media_format">Unsupported %1$s format</string>
  <string name="select_different_media">Please select a different %1$s.</string>
  <string name="exceed_message_size_limitation">Message size limit reached.</string>
  <string name="message_too_big_for_video">The message is too big to attach a video.</string>
  <string name="failed_to_add_media">Sorry, you cannot add this %1$s to your message.</string>
  <string name="failed_to_resize_image">Picture not resized.</string>
  <string name="resize_image_error_information">Sorry, this picture is too large to send even after resizing.</string>
  <string name="forward_prefix">Fwd:\u0020</string>
  <string name="discard_message">Discard</string>
  <string name="discard_message_reason">Your message will be discarded because it has no valid recipients.</string>
  <string name="has_invalid_recipient">არასწორი მიმღები: %1$s</string>
  <string name="invalid_destination">You have entered an invalid address.</string>
  <string name="invalid_recipient_message">Please correct the recipient(s) or they will not receive the message.</string>
  <string name="cannot_send_message">შეტყობინება არ იქნა გაგზავნილი</string>
  <string name="cannot_send_message_reason">Your message has no valid recipients.</string>
  <string name="cannot_forward_drm_obj">The DRM object included in the message cannot be forwarded</string>
  <string name="converting_to_picture_message">Converting to multimedia message…</string>
  <string name="converting_to_text_message">Converting to text message…</string>
  <string name="cannot_add_slide_anymore">Cannot add more slides</string>
  <string name="cannot_add_picture_and_video">Cannot add video and picture to one slide</string>
  <string name="cannot_save_message">Cannot save message</string>
  <string name="cannot_load_message">შეტყობინების გახსნა ვერ მოხერხდა.</string>
  <string name="message_saved_as_draft">Message saved as draft.</string>
  <string name="locked_message_cannot_be_deleted">დაბლოკილი შეტყობინებების წაშლა შეუძლებელია.</string>
  <string name="too_many_recipients">This message has too many recipients (%1$s). There is a limit of %2$s recipients.</string>
  <string name="too_many_attachments">There is a limit of %1$s attachments. Only the first %2$s will be added.</string>
  <string name="adding_attachments_title">Adding attachments</string>
  <string name="adding_attachments">Please wait while the items are added to the slideshow.</string>
  <string name="multiple_recipients">%1$s მიმღები</string>
  <string name="cannot_play_audio">Cannot play audio.</string>
  <string name="preview">Preview</string>
  <string name="preview_slideshow">Preview</string>
  <string name="replace_image">Replace picture</string>
  <string name="duration_sec">Duration (%s sec)</string>
  <string name="duration_selector_title">Duration for slide\u0020</string>
  <string name="layout_selector_title">Slideshow layout\u0020</string>
  <string name="layout_top">Layout (top)</string>
  <string name="layout_bottom">Layout (bottom)</string>
  <string name="type_to_compose_text_or_leave_blank">Type to compose text, or leave blank</string>
  <string name="duration_not_a_number">ხანგრძლივობა უნდა ეწეროს ციფრით</string>
  <string name="duration_zero">Duration must be greater than zero seconds</string>
  <string name="secs">წამი</string>
  <string name="menu_view_contact">View contact</string>
  <string name="menu_add_to_contacts">Add to Contacts</string>
  <string name="hidden_sender_address">მისამართი დამალულია</string>
  <string name="yes">OK</string>
  <string name="no">Cancel</string>
  <string name="set">Set</string>
  <string name="play">Play</string>
  <string name="edit">Edit</string>
  <string name="resize">ზომის შეცვლა</string>
  <string name="try_to_send">ცადე გაგზავნა</string>
  <string name="preferences_title">Settings</string>
  <string name="restore_default">პარამეტრების აღდგენა</string>
  <string name="pref_notification_settings_title">გაფრთხილების პარამეტრები</string>
  <string name="pref_mms_settings_title">მულტიმედია პარამეტრები</string>
  <string name="pref_sms_settings_title">SMS შეტყობინების პარამეტრები</string>
  <string name="pref_sms_storage_title">Storage settings</string>
  <string name="pref_summary_manage_sim_messages">Manage SIM card messages</string>
  <string name="pref_summary_mms_delivery_reports">Request a delivery report for each message you send</string>
  <string name="pref_summary_mms_read_reports">Request read report when sending messages</string>
  <string name="pref_summary_sms_delivery_reports">Request a delivery report for each message you send</string>
  <string name="pref_summary_auto_delete">Delete old messages as limits are reached</string>
  <string name="pref_summary_delete_limit">%1$s messages per conversation</string>
  <string name="pref_title_manage_sim_messages">Manage SIM card messages</string>
  <string name="pref_title_mms_delivery_reports">Delivery reports</string>
  <string name="pref_title_mms_read_reports">Read reports</string>
  <string name="pref_title_sms_delivery_reports">Delivery reports</string>
  <string name="pref_title_auto_delete">Delete old messages</string>
  <string name="pref_title_sms_delete">Text message limit</string>
  <string name="pref_title_mms_delete">Multimedia message limit</string>
  <string name="pref_title_popup_enabled">ინფორმაციის ფანჯარა</string>
  <string name="pref_summary_popup_enabled">შეტყობინებების მირება როცა ეკრანი ინფორმაციას აჩვენებს</string>
  <string name="pref_title_notification_enabled">Notifications</string>
  <string name="pref_summary_notification_enabled">გაფრთხილების მიღება სტატუს ბარში</string>
  <string name="pref_title_notification_vibrateWhen">Vibrate</string>
  <string name="pref_summary_notification_vibrateWhen">გაფრთხილებისას ვიბრირება</string>
  <string name="pref_title_notification_ringtone">Select ringtone</string>
  <string name="pref_messages_to_save">Set number of messages to save</string>
  <string name="prefDefault_vibrateWhen">never</string>
  <string name="prefDefault_vibrate_true">always</string>
  <string name="prefDefault_vibrate_false">never</string>
  <string name="prefDialogTitle_vibrateWhen">Vibrate</string>
  <string name="pref_title_mms_auto_retrieval">Auto-retrieve</string>
  <string name="pref_summary_mms_auto_retrieval">Automatically retrieve MMS messages</string>
  <string name="pref_title_mms_retrieval_during_roaming">Roaming auto-retrieve</string>
  <string name="pref_summary_mms_retrieval_during_roaming">Automatically retrieve MMS messages when on roaming</string>
  <string name="to_label">To\u0020</string>
  <string name="confirm_dialog_title">Delete</string>
  <string name="confirm_dialog_locked_title">წავშალოთ შეტყობინება?</string>
  <string name="confirm_delete_conversation">The entire thread will be deleted.</string>
  <string name="confirm_delete_all_conversations">წავშალოთ თემა(თემები))?</string>
  <string name="confirm_delete_message">შეტყობინება წაიშლება</string>
  <string name="confirm_delete_locked_message">დარწმუნებული ხართ რომ გინდად დაბლოკილი შეტყობინების წაშლა?</string>
  <string name="confirm_delete_all_messages">The entire thread will be deleted.</string>
  <string name="confirm_delete_all_SIM_messages">ყველა შეტყობინება სიმ კარტაზე წაიშლება</string>
  <string name="confirm_delete_SIM_message">ეს შეტყობინება სიმ კარტაზე წაიშლება</string>
  <string name="delete_unlocked">დაბლოკილი მესიჯების წაშლა</string>
  <string name="delete">Delete</string>
  <string name="cannot_get_details">დეტალების მიღება ვერ მოხერხდა</string>
  <string name="message_details_title">დეტალები</string>
  <string name="message_type_label">დაწერეთ:\u0020</string>
  <string name="text_message">ტექსტური შეტყობინება</string>
  <string name="multimedia_message">მულტიმედია</string>
  <string name="multimedia_notification">მულტიმედია შეტყობინებაზე გაფრთხილება</string>
  <string name="from_label">ავტორი:\u0020</string>
  <string name="to_address_label">ვის:\u0020</string>
  <string name="bcc_label">Bcc:\u0020</string>
  <string name="sent_label">გაგზავნილია:\u0020</string>
  <string name="received_label">მიღებულია:\u0020</string>
  <string name="saved_label">ჩაწერილია:\u0020</string>
  <string name="subject_label">თემა:\u0020</string>
  <string name="message_size_label">ზომა:\u0020</string>
  <string name="priority_label">პრიორიტეტი:\u0020</string>
  <string name="priority_high">High</string>
  <string name="priority_normal">Normal</string>
  <string name="priority_low">Low</string>
  <string name="message_class_label">შეტყობინების კლასი:\u0020</string>
  <string name="error_code_label">შეცდომა:\u0020</string>
  <string name="menu_edit">Edit</string>
  <string name="menu_retry_sending">გაგზავნის გამეორება</string>
  <string name="menu_retry_sending_all">ყველა შეტყობინების გაგზავნის გამეორება</string>
  <string name="menu_delete_messages">წაშლა</string>
  <string name="retrying_dialog_body">ეს შეტყობინება %s ვერ გაიგზავნა კავშირის პრობლემების გამო. \nგაგზავნის გამეორება ...</string>
  <string name="menu_lock">დაბლოკვა</string>
  <string name="menu_unlock">ბლოკის მოხსნა</string>
  <string name="sim_copy_to_phone_memory">ტელეფონზე კოპირება</string>
  <string name="sim_delete">Delete</string>
  <string name="sim_manage_messages_title">შეტყობინებები სიმ კარტაზე</string>
  <string name="sim_view">View</string>
  <string name="sim_empty">სიმ კარტაზე მესეჯები არ არის</string>
  <string name="delivery_header_title">რეპორტი</string>
  <string name="status_none">(არა)</string>
  <string name="status_pending">მოლოდინში</string>
  <string name="status_read">წაკითხულია</string>
  <string name="status_received">მიღებულია</string>
  <string name="status_failed">Unsuccessful</string>
  <string name="status_unread">წაუკითხავია</string>
  <string name="status_rejected">უარყოფილია</string>
  <string name="recipient_label">უარყოფილია:\u0020</string>
  <string name="status_label">სტატუსი:\u0020</string>
  <string name="attach_image">Pictures</string>
  <string name="attach_take_photo">Capture picture</string>
  <string name="attach_video">ვიდეოები</string>
  <string name="attach_record_video">Capture video</string>
  <string name="attach_sound">Audio</string>
  <string name="attach_record_sound">აუდიოს ჩაწერა</string>
  <string name="attach_slideshow">Slideshow</string>
  <string name="select_bottom_text">ტექსტი ქვევით</string>
  <string name="select_top_text">ტექსტი ზევით</string>
  <string name="delivery_toast_body">ავტორი %s</string>
  <string name="notification_multiple">%s წაუკითხავი შეტყობინება</string>
  <string name="notification_multiple_title">ახალი შეტყობინებები</string>
  <string name="notification_failed_multiple">%s შეტყობინების გაგზავნა ვერ მოხერხდა.</string>
  <string name="notification_failed_multiple_title">შეტყობინება არ გაიგზავნა</string>
  <string name="sim_full_title">სიმ კარტა სავსეა</string>
  <string name="sim_full_body">შეტყობინებების აშლა</string>
  <string name="sms_full_title">შეტყობინებების მეხსიერება სავსეა</string>
  <string name="sms_full_body">შემომავალი შეტყობინება შეჩერებულია სავსე მეხსიერების გამო.</string>
  <string name="sms_rejected_title">შეტყობინება არ იქნა მიღებული</string>
  <string name="sms_rejected_body">შემომავალი შეტყობინება შეჩერებულია უცნობი მიზეზის გამო.</string>
  <string name="type_audio">აუდიო</string>
  <string name="type_picture">სურათი</string>
  <string name="type_video">ვიდეო</string>
  <string name="confirm">Confirm</string>
  <string name="message_send_read_report">წაკითხვისას თქვენ მიიღებთ რეპორტს.</string>
  <string name="message_queued">შეტყობინების გაგზავნა შეუძლებელია.შეტყობინება გაიგზავნება კავშირის დამყარების შემდეგ.</string>
  <string name="no_subject">(No subject)</string>
  <string name="unknown_sender">უცნობი ავტორი</string>
  <string name="dl_failure_notification">შეტყობინების ჩაწერა %2$s დან %1$s ვერ მოხერხდა.</string>
  <string name="dl_expired_notification">ამ შეტყობინებას ვადა აქ გასული.</string>
  <string name="rate_limit_surpassed">Confirm</string>
  <string name="confirm_rate_limit">ბევრი Mms-ი იგზავნება ამ შეტყობინებით.გაწყობთ?</string>
  <string name="message_download_failed_title">შეტყობინების ჩაწერა ვერ მოხერხდა</string>
  <string name="message_send_failed_title">შეტყობინება არ იქნა გაგზავნილი</string>
  <string name="message_failed_body">გადახედეთ შეტყობინებას და ცადეტ კიდევ ერთხელ.</string>
  <string name="download_later">ჩაწერა ჯერჯერობით ვერ ხერხდება.ცადეთ მოგვიანებით.</string>
  <string name="select_audio">აირჩიეთ აუდიო</string>
  <string name="copy_to_sdcard">ფაილის გადატანა კარტაზე</string>
  <string name="copy_to_sdcard_success">ფაილი გადატანილია</string>
  <string name="copy_to_sdcard_fail">გადატანა ვერ მოხერხდა</string>
  <string name="save_ringtone">რინგტონად ჩაწერა</string>
  <string name="saved_ringtone">რინგტონი ჩაწერილია</string>
  <string name="saved_ringtone_fail">ჩაწერა ვერ მოხერხდა</string>
  <string name="menu_insert_smiley">სმაილის ჩასმა</string>
  <string name="select_link_title">აირჩიეთ მოქმედება</string>
  <string name="slide_number">სლაიდი %s</string>
  <string name="delivery_report_activity">რეპორტი</string>
  <string name="storage_limits_activity">მეხსიერების ლიმიტი</string>
  <string name="add_attachment_activity">ფაილის დამატება:</string>
  <string name="select_layout_activity">სქემის არჩევა</string>
  <string name="change_duration_activity">ხანგრძლივობის შეცვლა</string>
  <string name="edit_text_activity">Edit text</string>
  <string name="edit_slideshow_activity">სლაიდშოუს შეცვლა</string>
  <string name="edit_slide_activity">სლაიდის შეცვლა</string>
  <string name="pick_numbers_activity">ციფრების არჩევა</string>
  <string name="slideshow_activity">Slideshow</string>
  <string name="popup_activity">სწრაფი პასუხი</string>
  <string name="popup_btn_send">მიწერა</string>
  <string name="class_0_message_activity">კლასი 0 შეტყობინება</string>
  <string name="send_using_mms_activity">mms-ით გაგზავნა…</string>
  <string name="select_contact_method_activity">აირჩიეთ კონტაქტის მეთოდი</string>
  <string name="search_label">Messaging</string>
  <string name="search_hint">შეტყობინებების ძებნა</string>
  <string name="search">Messaging</string>
  <string name="search_setting_description">ტექსტი ღქვენ შეტყობინებებში</string>
  <string name="search_empty">No matches</string>
  <string name="search_history">%1$s რეზულტატი \"%2$s\"</string>
  <string name="confirm_clear_search_title">Clear</string>
  <string name="confirm_clear_search_text">ძებნის ისტორია გაიმინდება.</string>
  <string name="pref_mms_clear_search_history_title">ისტორიის გაწმენდა</string>
  <string name="pref_mms_clear_search_history_summary">წმინდავს ბოლოს მოძებნილ შეტყობინებების ისტორიას</string>
  <string name="save">Save</string>
  <string name="storage_limits_title">შეტყობინებების ლიმიტირება</string>
  <string name="storage_limits_message">გინდათ ლიმიტი დაადოთ კონვერსაციაში შენახულ შეტყობინებებს?</string>
  <string name="storage_limits_setting">ლიმიტირება</string>
  <string name="storage_limits_setting_dismiss">ულიმიტო</string>
  <string name="too_many_unsent_mms">გაგზავნა ვერ ხერხდება.შეტყობინება შეიცავს ბევრ Mms-ს.</string>
  <string name="me">Me</string>
  <string name="sending_message">იგზავნება...</string>
  <string name="bookmark_sms">SMS კოლექცია</string>
  <string name="bookmark_sms_message">SMS კოლექციიდან ...</string>
  <string name="recent_conversation">საუბარი</string>
  <string name="contacts">კონტაქტები</string>
  <string name="sms_bookmark">სანიშნები</string>
  <string name="sms_push">ბიძგი</string>
  <string name="forward_from_format">%sგაგზავნილია%s</string>
  <string name="msg_forward_from_format">-გაგზავნილია:%s</string>
  <string name="forward_count_format">გაგზავნილია %d-ჯერ</string>
  <string name="recipient_count_format">სულ %d მიმღები</string>
  <string name="notification_color_title">ფერის არჩევა</string>
  <string name="notification_color_summary">Trackball -ის ფერი შეტყობინების მირებისას</string>
  <string name="group_msg_contact_title">%sგაგზავნა:%s</string>
  <string name="sms_bookmark_welcome">თქვენ არ მოგინიშნიათ არცერთი შეტყობინება.შეტყობინების მოსანიშნად დააჭირეთ დიდხანს თითი და აირჩიეთ "შეტყობინების მონიშვნა"</string>
  <string name="mms_increase_font_size">ფონტის ზომის გაზრდა</string>
  <string name="mms_decrease_font_size">ფონტის ზომის დაპატარავება</string>
  <string name="mms_reading_mode_day">თეთრი ფონი</string>
  <string name="mms_reading_mode_night">შავი ფონი</string>
  <string name="menu_patch_delete">კონვერსაციის წაშლა</string>
  <string name="btn_done">წაშლა</string>
  <string name="btn_cancel">გაუქმება</string>
  <string name="pref_title_forward_contact">გაგზავილია</string>
  <string name="pref_summary_forward_contact">გაგზავნისას ორიგინალის ჩასმა</string>
  <string name="save_image">სურათის ჩაწერა</string>
  <string name="mms_image_folder_name">MMS სურათი</string>
  <string name="mms_image_saved_successfully">სურათი წარმატებით ჩაიწერა</string>
  <string name="mms_image_saving_failed">სურათის ჩაწერა ვერ მოხერხდა, გთხოვთ შეამოწმოთ SD კარტა</string>
  <string name="festival_sms_category_count_format">(%s)</string>
  <string name="festival_msg_loading">იტვირთება ...</string>
  <string name="festival_sms_push">რეკომენდირებული</string>
  <string name="menu_group_sending">შეტყობინება</string>
  <string name="miui_push">MIUI რეკომენდაციები</string>
  <string name="pushed_sms_category">SMS</string>
  <string name="converstaion_list_tile">SMS</string>
  <string name="conversations_count_format">(%d)</string>
  <string name="quick_sms_to">გაგზავნა %s</string>
  <string name="popup_sms_deleted">შეტყობინება წარმატებით წაიშალა</string>
  <string name="pref_set_font_size">ფონტის ზომის არჩევა</string>
  <string name="pref_summery_set_font_size">შრიფტის ზომის დაყენება</string>
  <string name="menu_batch_delete">ყველაფრის წაშლა</string>
  <string name="batch_delete_confirm_dialog_title">ყველაფრის წაშლა</string>
  <string name="batch_delete_confrom_dialog_message">არჩეული შეტყობინების წაშლა</string>
  <string name="btn_delete_with_number">წაშლა (%d)</string>
</resources>
