<?xml version="1.0" encoding="utf-8"?>
<!--Generated by crowdin.net-->
<resources>
  <string name="contactsIconLabel">Contacts</string>
  <string name="contactsFavoritesLabel">Favorites</string>
  <string name="dialerIconLabel">ამკრეფი</string>
  <string name="emergencyDialerIconLabel">სასრაფო</string>
  <string name="phoneIconLabel">Phone</string>
  <string name="recentCallsIconLabel">Call log</string>
  <string name="fdnListLabel">FDN list</string>
  <string name="unknown">Unknown</string>
  <string name="private_num">Private number</string>
  <string name="payphone">Pay phone</string>
  <string name="onHold">On hold</string>
  <string name="ongoing">Current call</string>
  <string name="callFailed_userBusy">ხაზი დაკავებულია</string>
  <string name="callFailed_congestion">ქსელი გადატვირთულია</string>
  <string name="callFailed_noSignal">სიგნალი არ არის</string>
  <string name="callFailed_limitExceeded">ACM ლიმიტი გადაჭარბებულია</string>
  <string name="callFailed_powerOff">Radio off</string>
  <string name="callFailed_simError">სიმი არ არის ან არ მუშაობს</string>
  <string name="callFailed_outOfService">გასულია მოხმარების ზონიდან</string>
  <string name="callFailed_fdn_only">გამავალი ზარები შეზღუდულია FDNს მიერ.</string>
  <string name="callFailed_cb_enabled">თქვენ არ შეგიძლიათ განახორციელოთ გამავალი ზარები როცა call barringი ჩართულია.</string>
  <string name="callFailed_dsac_restricted">ყველა ზარი შეზღუდლია აქსეს კონტროლით.</string>
  <string name="callFailed_dsac_restricted_emergency">სამაშველო ზარები შეზღუდულია აქსეს კონტროლით.</string>
  <string name="callFailed_dsac_restricted_normal">ზარები შეზღულია აქსეს კონტროლით.</string>
  <string name="callFailed_cdma_lockedUntilPowerCycle">CDMA: Phone locked until power cycle.</string>
  <string name="callFailed_cdma_drop">CDMA: Call dropped.</string>
  <string name="callFailed_cdma_intercept">CDMA: Call intercepted.</string>
  <string name="callFailed_cdma_reorder">CDMA: reorder.</string>
  <string name="callFailed_cdma_SO_reject">CDMA: Service Option Reject.</string>
  <string name="callFailed_cdma_retryOrder">CDMA: retry order.</string>
  <string name="callFailed_cdma_accessFailure">CDMA: შეცდომა დაკავშირებისას.</string>
  <string name="callFailed_cdma_preempted">CDMA: Preempted.</string>
  <string name="callFailed_cdma_notEmergency">მხოლოდ სამაშველო ზარებია შესაძლებელი.</string>
  <string name="confCall">Conference call</string>
  <string name="call_lost">ზარი დაიკარგა.</string>
  <string name="retry">Retry</string>
  <string name="call_lost_title">ზარი დაკარგულია</string>
  <string name="mmiStarted">გაეშვა MMI კოდი</string>
  <string name="ussdRunning">USSD კოდი მუშაობს</string>
  <string name="mmiCancelled">MMI კოდი უარყოფილია</string>
  <string name="cancel">Cancel</string>
  <string name="menu_rejectCallAndSms">უპასუხე სმსით</string>
  <string name="menu_speaker">Speaker</string>
  <string name="menu_bluetooth">Bluetooth</string>
  <string name="menu_mute">Mute</string>
  <string name="menu_hold">Hold</string>
  <string name="menu_endCall">დასრულება</string>
  <string name="menu_swapCalls">ზარის გაცვლა</string>
  <string name="menu_mergeCalls">Merge calls</string>
  <string name="menu_addCall">Add call</string>
  <string name="menu_manageConference">კონფერენციის მართვა</string>
  <string name="menu_showDialpad">ამკრეფის ჩვენება</string>
  <string name="menu_hideDialpad">ამკრეფის დამალვა</string>
  <string name="menu_answerAndHold">ზარის დაყოვნება\n& პასუხი</string>
  <string name="menu_answerAndEnd">მიმდინარე ზარის გათიშვა\n& პასუხი</string>
  <string name="ok">OK</string>
  <string name="menuButtonKeyboardDialHint">დააჭირეთ მენიუს ზარის ოფციები \u0020• \u0020გამოიყენეთ კლავიატურა რო აკრიფოთ</string>
  <string name="menu_answer">Answer</string>
  <string name="menu_ignore">იგნორირება</string>
  <string name="wait_prompt_str">გავაგზავნო შემდეგი ტონები?\n</string>
  <string name="pause_prompt_str">იგზავნება ტონები\n</string>
  <string name="send_button">Send</string>
  <string name="pause_prompt_yes">Yes</string>
  <string name="pause_prompt_no">No</string>
  <string name="wild_prompt_str">ფიგურის შეცვლა</string>
  <string name="no_vm_number">ხმოვანიფოსტის ნომერი ვერ მოიძებნა</string>
  <string name="no_vm_number_msg">ხმოვანიფოსტის ნომერი არ არის შენახული სიმ კარტაზე.</string>
  <string name="add_vm_number_str">ნომრის დამატება</string>
  <string name="dialer_emptyListWorking">იტვირთება…</string>
  <string name="enterPin">ჩაწერეთ პინ კოდი რომ გახსნათ სიმ კარტა.</string>
  <string name="pinUnlocked">სიმი გახსნილია</string>
  <string name="enterNewPin">ახალი სიმ პინ კოდი</string>
  <string name="verifyNewPin">ჩაწერეთ ახალი სიმ პინ კოდი თავიდან რომ დაადასტუროთ</string>
  <string name="verifyFailed">სიმ პინი რომელიც ჩვენ ჩაწერეთ არ ემთხვევა. ცადეთ ხელახლა.</string>
  <string name="enterPuk">ჩაწერეთ პუკ რომ გახნსათ სიმ კარტა</string>
  <string name="badPuk">პაკ კოდი რომელიც თქვენ დაწერეთ არასწორია.</string>
  <string name="buttonTxtContinue">Continue</string>
  <string name="puk_unlocked">თქვენი სიმ კარტა განბლოკილია.თქვენი ტელეფონი იხსნება…</string>
  <string name="label_ndp">PIN კოდი ქსელის განსაბლოკად</string>
  <string name="sim_ndp_unlock_text">Unlock</string>
  <string name="sim_ndp_dismiss_text">Dismiss</string>
  <string name="requesting_unlock">მიმდინარეობს ქსელის გახსნის მოთხოვნა…</string>
  <string name="unlock_failed">ქსელის გახსნის მოთხოვნა წარუმატებლად დამთავრდა.</string>
  <string name="unlock_success">ქსელი გახსნა წარმატებით დასრულდა.</string>
  <string name="imei">IMEI</string>
  <string name="meid">MEID</string>
  <string name="labelGSMMore">GSM ზარის სეთინგები</string>
  <string name="labelCDMAMore">CDMA ზარის სეთინგები</string>
  <string name="apn_settings">APNs</string>
  <string name="settings_label">პარამეტრები</string>
  <string name="voicemail">Voicemail</string>
  <string name="voicemail_abbreviated">VM:</string>
  <string name="networks">ოპერატორის არჩევა</string>
  <string name="call_settings">Call settings</string>
  <string name="additional_gsm_call_settings">დამატებითი სეთინგები</string>
  <string name="sum_gsm_call_settings">დამატებითი GSM სეთინგები</string>
  <string name="additional_cdma_call_settings">დამატებით CDMA პარამეტრები</string>
  <string name="sum_cdma_call_settings">დამატებითი CDMA  ზარების პარამეტრები</string>
  <string name="labelNwService">ქსელის სერვისის სეთინგები</string>
  <string name="labelCallerId">დამრეკავის ID</string>
  <string name="sum_hide_caller_id">ნომრის დაფარვა გამავალი ზარისას</string>
  <string name="sum_show_caller_id">ნომრის გამოჩენა გამავალი ზარისას</string>
  <string name="sum_default_caller_id">ოპერატორის თავდაპირველი სეთინგების გამოყენება რათა გამოჩდნეს ჩემი ნომერი გამავალი ზარისას</string>
  <string name="labelCW">ზარის მოლოდინი</string>
  <string name="sum_cw_enabled">During a call, notify me of incoming calls</string>
  <string name="sum_cw_disabled">During a call, notify me of incoming calls</string>
  <string name="call_forwarding_settings">ზარის გადამისამართების სეთინგები</string>
  <string name="labelCF">ზარის გადამისამართება</string>
  <string name="labelCFU">ყოველთვის გადამისამართება</string>
  <string name="messageCFU">ყოველთვის გამოიყენე ეს ნომერი</string>
  <string name="sum_cfu_enabled_indicator">ყველა ზარის გადამისამართება</string>
  <string name="sum_cfu_enabled">ყველა ზარის გადამისამართება აქ {0}</string>
  <string name="sum_cfu_enabled_no_number">ნომერი მიუწვდომელია</string>
  <string name="sum_cfu_disabled">Disabled</string>
  <string name="labelCFB">გადაამისამართე როცა დაკავებულია</string>
  <string name="messageCFB">ნომერი როცა დაკავებულია</string>
  <string name="sum_cfb_enabled">Forwarding to {0}</string>
  <string name="sum_cfb_disabled">Disabled</string>
  <string name="disable_cfb_forbidden">თქვენი ქსელი არ გაძლევთ გამორთოთ ზარის გადამისამართება როცა ტელეფონი დაკავებულია.</string>
  <string name="labelCFNRy">გადაამისამართე როცა არაა პასუხი</string>
  <string name="messageCFNRy">ნომერი როცა უპასუხოდაა</string>
  <string name="sum_cfnry_enabled">Forwarding to {0}</string>
  <string name="sum_cfnry_disabled">Disabled</string>
  <string name="disable_cfnry_forbidden">თქვენი ქსელი არ გაძლევთ გამორთოთ ზარის გადამისამართება როცა თქვენი ტელეფონი\'t არ პასუხობს.</string>
  <string name="labelCFNRc">გადაამისამართე როცა მიუწვდომელია</string>
  <string name="messageCFNRc">ნომერი როცა მიუწვდომელია</string>
  <string name="sum_cfnrc_enabled">Forwarding to {0}</string>
  <string name="sum_cfnrc_disabled">Disabled</string>
  <string name="disable_cfnrc_forbidden">თქვენი ქსელი არ გაძლევთ გამორთოთ ზარის გადამისამართება როცა თქვენი ტელეფონი მიუწვდომელია.</string>
  <string name="updating_title">Call settings</string>
  <string name="error_updating_title">ზარის სეთინგების შეცდომა</string>
  <string name="reading_settings">მიმდინარებოს სეთინგების წაკითხვა…</string>
  <string name="updating_settings">მიმდინარებოს სეთინგების განახლება…</string>
  <string name="reverting_settings">მიმდინარებოს სეთინგების დაბრუნება…</string>
  <string name="response_error">ქსელის მოულოდნელი პასუხი.</string>
  <string name="exception_error">ქსელის ან სიმ კარტის შეცდომა.</string>
  <string name="radio_off_error">ჩართეთ რადიო სანამ ნახავთ ამ სეთინგებს.</string>
  <string name="close_dialog">OK</string>
  <string name="enable">Enable</string>
  <string name="disable">Disable</string>
  <string name="change_num">Update</string>
  <string name="vm_save_number">ხმოვანიფოსტის ნომრის დამახსოვრება</string>
  <string name="vm_changed">ხმოვანიფოსტის ნომერი შეცვლილია.</string>
  <string name="vm_change_failed">ხმოვანიფოსტის ნომერი ვერ შეიცვალა.\nდაუკავშირდით თქვენ ქსელს თუ ეს პრობელმა მეორდება.</string>
  <string name="fw_change_failed">გადამისამართების ნომერი ვერ შეიცვალა\nდაუკავშირდით თქვენ ქსელს თუ ეს პრობელმა მეორდება.</string>
  <string name="fw_get_in_vm_failed">ახლანდელი გადასამისამართებელი ნომრის სეთიგნების აღდგენა და შენახვა ვერ მოხერხდა.\nგინდათ რომ მაინც შეცვალოთ ახალი პროვაიდერით ?</string>
  <string name="no_change">ცვლილება არ იქნა გაკეთებული.</string>
  <string name="sum_voicemail_choose_provider">აირჩიე ხმოვანიფოსტის სერვისი</string>
  <string name="voicemail_default">ჩემი ქსელი</string>
  <string name="mobile_networks">მობილური ქსელის სეთინგები</string>
  <string name="label_available">ხელმისაწვდომი ქსელები</string>
  <string name="load_networks_progress">მიმდინარეობს ძიება…</string>
  <string name="empty_networks_list">ქსელი ვერ მოიძებნა.</string>
  <string name="search_networks">ქსელის მოძებნა</string>
  <string name="network_query_error">შეცდომა ქსელის მოძებნისას.</string>
  <string name="register_on_network">რეგისტრაცია %s…</string>
  <string name="not_allowed">თქვენი სიმ კარტა არ გაცლევთ უფლებას რომ მიუერთდეთ ამ ქსელს.</string>
  <string name="connect_later">ამ დროისთვის შეუძლებელია ამ ქსელთან მიერთება.ცადეთ მოგვიანებით.</string>
  <string name="registration_done">დარეგისრირებულია ქსელში.</string>
  <string name="sum_carrier_select">Select a network operator</string>
  <string name="sum_search_networks">ყველა შესაძლებელი ქსელის მოძებნა</string>
  <string name="select_automatically">ავტომატურად არჩევა</string>
  <string name="sum_select_automatically">ავტომატურად არჩეულია ქსელი</string>
  <string name="register_automatically">ავტომატური რეგისტრაცია...</string>
  <string name="preferred_network_mode_title">მეთვორკ მოდი</string>
  <string name="preferred_network_mode_summary">შეცვალე ქსელის ოპერირების მოდი</string>
  <string name="preferred_network_mode_dialogtitle">პრივილეგირებული ქსელის მოდი</string>
  <string name="data_enabled">მონაცემების ჩართვა</string>
  <string name="data_enable_summary">მობილური ინტერნეტის ჩართვა მონაცემების მისაღებად</string>
  <string name="roaming">Data roaming</string>
  <string name="roaming_enable">Connect to data services when roaming</string>
  <string name="roaming_disable">Connect to data services when roaming</string>
  <string name="roaming_reenable_message">You have lost data connectivity because you left your home network with data roaming turned off.</string>
  <string name="roaming_warning">Allow data roaming? You may incur significant roaming charges!</string>
  <string name="gsm_umts_options">GSM/UMTS პარამეტრები</string>
  <string name="cdma_options">CDMA პარამეტრები</string>
  <string name="throttle_data_usage">მონაცემების გამოყენება</string>
  <string name="throttle_settings_title">ქსელის მონაცემების პოლისი</string>
  <string name="throttle_current_usage">გამოყენებული მონაცემები ამ პერიოდში</string>
  <string name="throttle_time_frame">მონაცემების გამოყენების პერიოდი</string>
  <string name="throttle_rate">მონაცემების შეფასების პოლისი</string>
  <string name="throttle_help">მეტის გაგება</string>
  <string name="throttle_status_subtext">%1$s (%2$d٪) %3$sიდან მაქსიმალური პერიოდი\nშემდეგი პერიოდი იწყება %4$d დღეში (%5$s)</string>
  <string name="throttle_data_usage_subtext">%1$s (%2$d٪) %3$sდან მაქსიმალური პერიოდი</string>
  <string name="throttle_data_rate_reduced_subtext">%1$s maximum exceeded\nData rate reduced to %2$d Kb/s</string>
  <string name="throttle_time_frame_subtext">%1$d٪ of cycle elapsed\nშემდეგი პერიოდი იწყება %2$d დღეში (%3$s)</string>
  <string name="throttle_rate_subtext">Data rate reduced to %1$d Kb/s if data use limit is exceeded</string>
  <string name="throttle_help_subtext">მეტი ინფორმაცია თქვენი ქსელის მობილური ინტერნეტის მონაცემების გამოყენების პოლისის შესახებ</string>
  <string name="cdma_cell_broadcast_sms">Cell Broadcast SMS</string>
  <string name="cell_broadcast_sms">Cell Broadcast SMS</string>
  <string name="enable_disable_cell_bc_sms">Cell Broadcast SMS</string>
  <string name="cell_bc_sms_enable">ზარის გადაცემა სმსით ჩართვა</string>
  <string name="cell_bc_sms_disable">ზარის გადაცემა სმსით გამორთვა</string>
  <string name="cb_sms_settings">ზარის გადაცემა სმსით სეთინგები</string>
  <string name="enable_disable_emergency_broadcast">Emergency Broadcast</string>
  <string name="emergency_broadcast_enable">Emergency Broadcast enabled</string>
  <string name="emergency_broadcast_disable">Emergency Broadcast disabled</string>
  <string name="enable_disable_administrative">ადმინისტრაციული</string>
  <string name="administrative_enable">ადმინისტრაციულის ჩართვა</string>
  <string name="administrative_disable">ადმინისტრაციულის გამორთვა</string>
  <string name="enable_disable_maintenance">Maintenance</string>
  <string name="maintenance_enable">Maintenance enabled</string>
  <string name="maintenance_disable">Maintenance disabled</string>
  <string name="general_news_settings">მთავარი ამბები</string>
  <string name="bf_news_settings">ბიზნეს და ფინანსური ამბები</string>
  <string name="sports_news_settings">სპორთის ამბები</string>
  <string name="entertainment_news_settings">გასართობი ამბები</string>
  <string name="enable_disable_local">ლოკალური</string>
  <string name="local_enable">ლოკალური ახალი ამბების ჩართვა</string>
  <string name="local_disable">ლოკალური ახალი ამბების გამორთვა</string>
  <string name="enable_disable_regional">რეგიონალური</string>
  <string name="regional_enable">რეგიონალური ახალი ამბების ჩართვა</string>
  <string name="regional_disable">რეგიონალური ახალი ამბების გამორთვა</string>
  <string name="enable_disable_national">ნაციონალური</string>
  <string name="national_enable">ნაციონალური ახალი ამბები ჩართვა</string>
  <string name="national_disable">ნაციონალური ახალი ამბები გამორთვა</string>
  <string name="enable_disable_international">საერთაშორისო</string>
  <string name="international_enable">საერთაშორისო სიახლის ჩართვა</string>
  <string name="international_disable">საერთაშორისო ახალი ამბები გამორთვა</string>
  <string name="list_language_title">Language</string>
  <string name="list_language_summary">აირჩიე ახალი ამბები ენა</string>
  <string name="list_language_dtitle">ენები</string>
  <string name="enable_disable_local_weather">ლოკალური ამინდი</string>
  <string name="local_weather_enable">ლოკალური ამინდის ჩართვა</string>
  <string name="local_weather_disable">ლოკალური ამინდის გამორთვა</string>
  <string name="enable_disable_atr">Area Traffic Reports</string>
  <string name="atr_enable">Area Traffic Reports enabled</string>
  <string name="atr_disable">Area Traffic Reports disabled</string>
  <string name="enable_disable_lafs">ლოკალური აეროპორტის ფრენების განრიგი</string>
  <string name="lafs_enable">ლოკალური აეროპორტის ფრენების განრიგის ჩართვა</string>
  <string name="lafs_disable">ლოკალური აეროპორტის ფრენების განრიგის გამორთვა</string>
  <string name="enable_disable_restaurants">რესტორანები</string>
  <string name="restaurants_enable">რესტორანების ჩართვა</string>
  <string name="restaurants_disable">რესტორანების გამორთვა</string>
  <string name="enable_disable_lodgings">საცხოვრებლები</string>
  <string name="lodgings_enable">საცხოვრებლების ჩართვა</string>
  <string name="lodgings_disable">საცხოვრებლების გამორთვა</string>
  <string name="enable_disable_retail_directory">Retail Directory</string>
  <string name="retail_directory_enable">Retail Directory enabled</string>
  <string name="retail_directory_disable">Retail Directory disabled</string>
  <string name="enable_disable_advertisements">რეკლამები</string>
  <string name="advertisements_enable">რეკლამების ჩართვა</string>
  <string name="advertisements_disable">რეკლამების გამორთვა</string>
  <string name="enable_disable_stock_quotes">Stock Quotes</string>
  <string name="stock_quotes_enable">Stock Quotes enabled</string>
  <string name="stock_quotes_disable">Stock Quotes disabled</string>
  <string name="enable_disable_eo">დასაქმების პერსპექტივა</string>
  <string name="eo_enable">დასაქმების პერსპექტივის ჩართვა</string>
  <string name="eo_disable">დასაქმების პერსპექტივის გამორთვა</string>
  <string name="enable_disable_mhh">მედიცინა,ჯამთელობა და სავადმყოფოები</string>
  <string name="mhh_enable">მედიცინა,ჯამთელობა და სავადმყოფოების ჩართვა</string>
  <string name="mhh_disable">მედიცინა,ჯამთელობა და სავადმყოფოების გამორთვა</string>
  <string name="enable_disable_technology_news">ტექნოლოგიური სიახლეები</string>
  <string name="technology_news_enable">ტექნოლოგიური სიახლეების ჩართვა</string>
  <string name="technology_news_disable">ტექნოლოგიური სიახლეები გამორთვა</string>
  <string name="enable_disable_multi_category">მულტი-კატეგორია</string>
  <string name="multi_category_enable">მულტი-კატეგორიის ჩართვა</string>
  <string name="multi_category_disable">მულტი-კატეგორიის გამორთვა</string>
  <string name="gsm_umts_network_preferences_title">GSM/UMTS ქსელის უპირატესობები</string>
  <string name="gsm_umts_network_preferneces_summary">ჯერ არ არის ხმარებაში!</string>
  <string name="gsm_umts_network_preferences_dialogtitle">GSM/UMTS ქსელის უპირატესობები</string>
  <string name="prefer_2g">მხოლოდ 2G ქსელი</string>
  <string name="prefer_2g_summary">ზოგავს ბატარიას</string>
  <string name="cdma_system_select_title">System select</string>
  <string name="cdma_system_select_summary">Change the cdma roaming mode</string>
  <string name="cdma_system_select_dialogtitle">System select</string>
  <string name="cdma_roaming_mode_title">CDMA Roaming Mode</string>
  <string name="cdma_roaming_mode_summary">Change the cdma roaming mode</string>
  <string name="cdma_roaming_mode_dialogtitle">CDMA Roaming Mode</string>
  <string name="cdma_network_preferences_title">CDMA ქსელის შესაძლებლობები</string>
  <string name="cdma_network_preferneces_summary">ჯერ არ არის ხმარებაში!</string>
  <string name="cdma_network_preferences_dialogtitle">CDMA ქსელის შესაძლებლობები</string>
  <string name="subscription_title">CDMAის გამოწერა ტესტ</string>
  <string name="subscription_summary">შეცვალე RUIM/SIMსა და NVს შორის</string>
  <string name="subscription_dialogtitle">გამოწერა</string>
  <string name="fdn">ფიქსირებული ნომრები</string>
  <string name="manage_fdn_list">FDN list</string>
  <string name="fdn_activation">FDNს აქტივაცია</string>
  <string name="fdn_enabled">FDN ჩართულია</string>
  <string name="fdn_disabled">ფიქსირებული ნომრები გათიშულია</string>
  <string name="enable_fdn">Enable FDN</string>
  <string name="disable_fdn">Disable FDN</string>
  <string name="change_pin2">პინ2ის შეცვლა</string>
  <string name="enable_fdn_ok">Disable FDN</string>
  <string name="disable_fdn_ok">Enable FDN</string>
  <string name="sum_fdn">ფიქსირებული ნომრების შეცვლა</string>
  <string name="sum_fdn_change_pin">შეცვალე პინ FDN აქსესისთვის</string>
  <string name="sum_fdn_manage_list">ტელეფონის ნომრის სიის შეცვლა</string>
  <string name="voice_privacy">ხმის ონფიდენციალურობა</string>
  <string name="voice_privacy_summary">ჩართე გაფართოებული ონფიდენციალურობის მოდი</string>
  <string name="tty_mode_title">TTY mode</string>
  <string name="tty_mode_summary">TTY მოდის ჩართვა</string>
  <string name="tty_mode_option_title">TTY mode</string>
  <string name="tty_mode_option_summary">TTY მოდის დაყენება</string>
  <string name="auto_retry_mode_title">აცტო გამეორება</string>
  <string name="auto_retry_mode_summary">ავტო განმეორების მოდის ჩართვა</string>
  <string name="menu_add">Add contact</string>
  <string name="menu_edit">Edit contact</string>
  <string name="menu_delete">Delete contact</string>
  <string name="get_pin2">შეიყვანე პინ2</string>
  <string name="name">Name</string>
  <string name="number">ნომერი</string>
  <string name="save">Save</string>
  <string name="add_fdn_contact">ფიქსირებული ნომრის დამატება</string>
  <string name="adding_fdn_contact">მიმდინარეობს ნომრის დამატება...</string>
  <string name="fdn_contact_added">ნომერი დამატებულია.</string>
  <string name="edit_fdn_contact">ფიქსირებული ნომრის შეცვლა</string>
  <string name="updating_fdn_contact">მიმდინარეობს ნომრის განახლება</string>
  <string name="fdn_contact_updated">Фиксированный набор обновляется.ნომერი განახლებულია.</string>
  <string name="delete_fdn_contact">ფიქსირებული ნომრის აშლა</string>
  <string name="deleting_fdn_contact">მიმდინარეობს ნომრის წაშლა...</string>
  <string name="fdn_contact_deleted">ფიქსირებული ნომერი წაშლილია.</string>
  <string name="pin2_invalid">FDN არ განახლდა:თქვენ შეიყვანეთ არასწორი პინი.</string>
  <string name="fdn_invalid_number">FDN არ განახლდა:ნომერი არ უნდა აღემატებოდეს 20ციფრს.</string>
  <string name="simContacts_emptyLoading">იტივრთება სიმ კარტიდან…</string>
  <string name="simContacts_empty">არ არის კონტაქტები თქვენ სიმ კარტაზე.</string>
  <string name="simContacts_title">აირჩიეთ კონტაქტები გადმოსატანად</string>
  <string name="enable_pin">სიმ პინის ჩართვა/გამორთვა</string>
  <string name="change_pin">Change SIM PIN</string>
  <string name="enter_pin_text">სიმ პონ:</string>
  <string name="oldPinLabel">ძველი პინი</string>
  <string name="newPinLabel">ახალი პინი</string>
  <string name="confirmPinLabel">დაადასტურე ახალი პინი</string>
  <string name="badPin">ძველი პინ კოდი რომელიც დაწერეთ არასწორია.</string>
  <string name="mismatchPin">პინ კოდი(ები) ერთმანეთს არ ემთხვევა.</string>
  <string name="invalidPin">ჩაწერეთ პინ კოდი 4-დან 8 ციფრამდე.</string>
  <string name="disable_sim_pin">სიმ პინის გამორთვა</string>
  <string name="enable_sim_pin">სიმ პინის ჩართვა</string>
  <string name="enable_in_progress">გთხოვთ დაიცადოთ…</string>
  <string name="enable_pin_ok">სიმ პინი ჩართულია</string>
  <string name="disable_pin_ok">სიმ პინი გამორთულია</string>
  <string name="pin_failed">პინი რომელიც შეიყვანეთ არასწორია</string>
  <string name="pin_changed">SIM PIN changed successfully</string>
  <string name="puk_requested">Password incorrect, SIM is locked! PUK2 requested.</string>
  <string name="enter_pin2_text">პინ2</string>
  <string name="oldPin2Label">ძველი პინ2</string>
  <string name="newPin2Label">ახალი პინ2</string>
  <string name="confirmPin2Label">დაადასტურე ახალი პინ2</string>
  <string name="badPuk2">პუკ2 რომელც თქვენ შეიყვანეთ არასწორია.აკრიფეთ თავიდან.</string>
  <string name="badPin2">ძველი პინ2 კოდი რომელიც დაწერეთ არასწორია.</string>
  <string name="mismatchPin2">პინ2 კოდი(ები) ერთმანეთს არ ემთხვევა.</string>
  <string name="invalidPin2">ჩაწერეთ პინ2 კოდი 4-დან 8 ციფრამდე.</string>
  <string name="invalidPuk2">ჩაწერეთ პუკ2 კოდი 4-დან 8 ციფრამდე.</string>
  <string name="pin2_changed">პინ2 წარმატებით შეიცვალა</string>
  <string name="label_puk2_code">ჩაწერეთ პუკ2 კოდი</string>
  <string name="fdn_enable_puk2_requested">პაროლი არასწორია,შეცვალეთ პინ2 და თავიდან ცადეთ!</string>
  <string name="puk2_requested">Password incorrect, SIM is locked! PUK2 requested.</string>
  <string name="doneButton">Done</string>
  <string name="caller_manage_header">კონფერენც ზარი %s</string>
  <string name="caller_manage_manage_done_text">გადარეკვა</string>
  <string name="fake_phone_activity_phoneNumber_text">(995) 555-123456</string>
  <string name="fake_phone_activity_infoText_text">შემომავალი ტელეფონის ნომერი</string>
  <string name="fake_phone_activity_placeCall_text">ყალბი შემომავალი ზარი</string>
  <string name="sim_missing_continueView_text">სიმ კარტის გარეშე გაგძელება</string>
  <string name="sim_missing_msg_text">სიმ კარტა ვერ მოიძებნა.ჩადეთ სიმ კარტა ტელეფონში.</string>
  <string name="sim_unlock_dismiss_text">Dismiss</string>
  <string name="sim_unlock_unlock_text">Unlock</string>
  <string name="sim_unlock_status_text">ადასტურებს სიმ კარტას…</string>
  <string name="voicemail_settings_number_label">ხმოვანიფოსტის ნომერი</string>
  <string name="card_title_dialing">კრიფავს</string>
  <string name="card_title_redialing">ხელახლა ცდილობს</string>
  <string name="card_title_in_progress">Current call</string>
  <string name="card_title_conf_call">Conference call</string>
  <string name="card_title_incoming_call">Incoming call</string>
  <string name="card_title_cdma_call_waiting">Cdma callwaiting</string>
  <string name="card_title_call_ended">ზარი დასრულებულია</string>
  <string name="card_title_on_hold">On hold</string>
  <string name="card_title_hanging_up">თიშავს</string>
  <string name="card_title_in_call">ზარისას</string>
  <string name="notification_missedCallTitle">Missed call</string>
  <string name="notification_missedCallsTitle">გამოტოვებული ზარები</string>
  <string name="notification_missedCallsMsg">%s გამოტოვებული ზარი</string>
  <string name="notification_missedCallTicker">გამოტოვებული ზარი %s</string>
  <string name="notification_ongoing_call_format">მიმდინარე ზარი (%s)</string>
  <string name="notification_on_hold">On hold</string>
  <string name="notification_voicemail_title">ახალი ხმოვანიფოსტა</string>
  <string name="notification_voicemail_title_count">ახალი ხმოვანიფოსტა (%d)</string>
  <string name="notification_voicemail_text_format">აკრეფა %s</string>
  <string name="notification_voicemail_no_vm_number">ხმოვანიფოსტის ნომერი უცნობია</string>
  <string name="notification_network_selection_title">ქსელი მიუწვდომელია</string>
  <string name="notification_network_selection_text">არჩეული ქსელი (%s) მიუწვდომელია</string>
  <string name="incall_error_power_off">რომ დარეკოთ, გამორთეთ Airplane მოდი.</string>
  <string name="incall_error_emergency_only">არ არის დარეგისტრირებული ქსელში.</string>
  <string name="incall_error_out_of_service">მობილური ქსელი არაა ხემისაწვდომი.</string>
  <string name="incall_error_no_phone_number_supplied">არ დაირეკა, არასწორი ნომერი შეყვანილი.</string>
  <string name="incall_error_call_failed">არ დაირეკა.</string>
  <string name="incall_status_dialed_mmi">იწყება MMIს შედეგი…</string>
  <string name="incall_status_dialed_fc">იწყება შემდეგი კოდის შედეგი…</string>
  <string name="incall_error_supp_service_unknown">ეს სერვისი მხარდაუჭერელია.</string>
  <string name="incall_error_supp_service_switch">შეუძლებელია ზარის გაცვლა.</string>
  <string name="incall_error_supp_service_separate">შეუძლებელია ზარის გამოყოფა.</string>
  <string name="incall_error_supp_service_transfer">შეუძლებელია ზარის ტრანსფერი.</string>
  <string name="incall_error_supp_service_conference">შეუძლებელია კონფერენც ზარი.</string>
  <string name="incall_error_supp_service_reject">შეუძლებელია ზარის უარყოფა.</string>
  <string name="incall_error_supp_service_hangup">შეუძლებელია ზარ(ებ)ის გათიშვა.</string>
  <string name="emergency_enable_radio_dialog_title">სასწრაფო დარეკვა</string>
  <string name="emergency_enable_radio_dialog_message">ირთვება რადიო…</string>
  <string name="emergency_enable_radio_dialog_retry">ქსელი მიუწვდომელია, თავიდან ცდა…</string>
  <string name="dial_emergency_error">არ დაირეკა %s ეს არ არის სამაშველოს ნომერი!</string>
  <string name="dial_emergency_empty_error">არ დაირეკა, აკრიფეთ სამაშველოს ნომერი!</string>
  <string name="dialerKeyboardHintText">Use keyboard to dial</string>
  <string name="dtmfDialpadHintText">ქეიპედის ხმა შეხებაზე</string>
  <string name="dtmfDialpadHandleLabel">Dialpad</string>
  <string name="touchLockText">დააჭირეთ ოირჯერ\n რომ გახსნათ</string>
  <string name="onscreenAnswerText">დააჭირეთ ოირჯერ\n რომ უპასუხოთ</string>
  <string name="onscreenRejectText">დააჭირეთ ორჯერ\n რომ გათიშოთ</string>
  <string name="onscreenHoldText">Hold</string>
  <string name="onscreenUnholdText">მოლოდინიდან მოხსნა</string>
  <string name="onscreenEndCallText">End</string>
  <string name="onscreenShowDialpadText">Dialpad</string>
  <string name="onscreenHideDialpadText">Hide</string>
  <string name="onscreenSpeakerText">Speaker</string>
  <string name="onscreenMuteText">Mute</string>
  <string name="onscreenBluetoothText">Bluetooth</string>
  <string name="onscreenAddCallText">Add call</string>
  <string name="onscreenMergeCallsText">Merge calls</string>
  <string name="onscreenSwapCallsText">გაცვლა</string>
  <string name="onscreenManageCallsText">ზარის მართვა</string>
  <string name="onscreenManageConferenceText">მართვა</string>
  <string name="importSimEntry">იმპორტირება</string>
  <string name="importAllSimEntries">ყველაფრის იმპორტირება</string>
  <string name="importingSimContacts">კონტაქტების იმპორტირება SIM კარტიდან</string>
  <string name="importToFDNfromContacts">კონტაქტებიდან გადმოტანა</string>
  <string name="hac_mode_title">Hearing aids</string>
  <string name="hac_mode_summary">ჩართეთ შეთავსებადი hearing aidი</string>
  <string name="eri_text_label">ERI ტექსტი</string>
  <string name="dtmf_tones_title">DTMF ტონები</string>
  <string name="dtmf_tones_summary">DTMF ტონის სიგრძის დაყენება</string>
  <string name="network_message">ქსელის შეტყობინება</string>
  <string name="ota_title_activate">გააქტიურე შენი ტელეფონი</string>
  <string name="ota_touch_activate">სპეციალური ზარაი საჭირო რომ გააქტიუროთ ქსელი თქვენს ტელეფონში.\n\n აქტივაციის დაჭერის შემდეგ მოუსმიეთ ინსტუქციას რომ გააქტიუროთ ტელეფონი.</string>
  <string name="ota_touch_activate_new">დააჭირეთ აქტივაციას რომ განახორციელოთ სეპციალურ ზარი რათა გააქტიურდეს თქვენი ტელეფონი თქვენს ქსელის მობილურ ინტერნეტში,ასე რომ თქვენ შეგიძლიათ დარეკოთ და გამოიყენოთ ინტერნეტი.</string>
  <string name="ota_skip_activation_dialog_title">გამოვტოვოთ აქტივაცია?</string>
  <string name="ota_skip_activation_dialog_message">თუ გამოტოვებთ აქტივაციას თქვენ ვერ შეძლებთ დარეკოთ ან გამოიყენოთ ინტერნეტი(გამოიყენებთ მხოლოდ ვაი-ფაის) სანამ გააქტიურებტ ტელეფონს ყოველ ჩართვაზე გკითაქვთ რომ გააქტიუროთ.</string>
  <string name="ota_skip_activation_dialog_skip_label">გამოტოვება</string>
  <string name="ota_skip_activation_dialog_continue_label">Activate</string>
  <string name="ota_activate">Activate</string>
  <string name="ota_title_activate_success">ტელეფონი აქტივირებულია!</string>
  <string name="ota_title_problem_with_activation">პრობლემა აქტივაციასთან</string>
  <string name="ota_listen">მიყევით ნათქვამ ინსტრუქციებთ სანამ არ გაიგებთ რომ აქტივაცია დასრულდა.</string>
  <string name="ota_dialpad">კლავიატურა</string>
  <string name="ota_speaker">Speaker</string>
  <string name="ota_progress">დაიცადეთ სანამ თქვენი ტელეფონი დაპროგრამირდება.</string>
  <string name="ota_failure">დაპროგრამირება წარუმატებლად დასრულდა</string>
  <string name="ota_successful">თქვენი ტელეფონი აქტივირებულია.სერვისის დაწყებას შეიძლება დაჭირდეს 15წუთამდე.</string>
  <string name="ota_unsuccessful">თქვენი ტელეფონი არაა აქტივირებული.\n თქვენ უნდა იპოვოთ ადგილი სადაც უკეთესი დაჭერის არეა(ფანჯარასთან ან გარეთ).\n\n ცადეთ თავიდან ან დარეკეთ ცხელ ხაზზე.</string>
  <string name="ota_spc_failure">EXCESS SPC FAILURES</string>
  <string name="ota_call_end">Back</string>
  <string name="ota_try_again">Try again</string>
  <string name="ota_next">Next</string>
  <string name="ota_back">Back</string>
  <string name="ecm_exit_dialog">EcmExitDialog</string>
  <string name="phone_entered_ecm_text">შეყვანილია სამაშველო ქოლბექ მოდი</string>
  <string name="phone_in_ecm_notification_title">სამაშველო ქოლბექ მოდი</string>
  <string name="phone_in_ecm_call_notification_text">დათა ქონექშენი გამორთულია</string>
  <string name="alert_dialog_in_ecm_call">არცეული მოქმედება არაა ხელმისაწვდომი სამაშველო ზარის დროს</string>
  <string name="progress_dialog_exiting_ecm">გამოდის სამაშველო ქოლბექ მოდიდან</string>
  <string name="alert_dialog_yes">Yes</string>
  <string name="alert_dialog_no">No</string>
  <string name="alert_dialog_dismiss">Dismiss</string>
  <string name="absent_num">არმყოფი ნომერი</string>
  <string name="voicemail_settings">ხმოვანი ფოსტის სეთინგები</string>
  <string name="voicemail_number_not_set"><not set></string>
  <string name="voicemail_provider">ხმოვანიფოსტის სერვისი</string>
  <string name="voicemail_settings_for">პარამეტრები %s-სთვის</string>
  <string name="other_settings">სხვა ზარების პარამეტრები</string>
  <string name="dial_button_label">აკრეფა</string>
  <string name="calling_via_template">დარეკვა ^1ით\n</string>
  <string name="slide_to_answer">გადაწიეთ მარცხნივ პასუხის გასაცემად</string>
  <string name="slide_to_silence">გაწიეთ რაცხნივ უხმო დარეკვისთვის</string>
  <string name="slide_to_decline">გაწიეთ მარცხნივ უარყოფისთვის</string>
  <string name="slide_to_answer_and_hold">გაწიეთ მარჯვინვ რომ აიღოთ და\nმოლოდინში ჩააყენოთ აქტიური ზარი</string>
  <string name="slide_to_answer_and_end_active">გაწიეთ მარჯვინვ რომ უპასუხოთ და\n გათიშოთ აქტიური ზარი</string>
  <string name="slide_to_answer_and_end_onhold">გაწიეთ მარჯვინვ რომ უპასუხოთ და\n გათიშოთ მოლოდინში მყოფი ზარი</string>
  <string name="slide_to_answer_hint">Answer</string>
  <string name="slide_to_decline_hint">Decline</string>
  <string name="notification_ongoing_calling_format">ირეკება(%s)</string>
  <string name="advanced_setting">დამატებით პარამეტრები</string>
  <string name="call_reject_hint">ზარის დაკიდება</string>
  <string name="hangup_sms">დააჭირეთ მენიუს რომ გათიშოთ და უპასუხოთ სმსით</string>
  <string name="hangup_sms_body">ახლა არ შემიძლია პასუხი, დაგირეკავ მოგვიანებით</string>
  <string name="onscreenNoteText">ისტორია</string>
  <string name="query_telocation_title">ნომერის მდებარეობის შემოწმება</string>
  <string name="query_telocation_sum">მობილური ან ქალაქის ნომრის ადგილმდებარეობის ნახვა</string>
  <string name="button_query_hint">შეიყვანეთ მობილური ან ქალაქის ნომერი</string>
  <string name="button_query">მოძებნა</string>
  <string name="button_clear">გაწმენდა</string>
  <string name="text_location">ავტორი:</string>
  <string name="text_areacode">კოდი:</string>
  <string name="unknown_location">შეუძლებელია ინფორმაციის გაგება</string>
  <string name="autoip">აუტო IPის აკრეფვა</string>
  <string name="autoip_sum">დაამატეთ IP პერფიქსი უცხოური ნომრისტვის,შეიტანეთ ახლანდელი ადგილმდებარეობის კოდი</string>
  <string name="ip_prefix">IP პერფიქსი</string>
  <string name="ip_prefix_sum">ქსელის IP პერფიქსი:%s</string>
  <string name="current_areacode">ახლანდელი ადგილის კოდი</string>
  <string name="current_areacode_sum">ახლანდელი ადგილმდებარეობის კოდი ან როუმინგის ადგილმდებარეობის კოდი. მაგალითად:010</string>
  <string name="always_enable_mms">ყოველთვის მიიღე MMS</string>
  <string name="always_enable_mms_summary">ყოველთვის მიიღე MMS როცა დათა გამორთულია</string>
  <string name="dialer_click_pref_title">ერთჯერადი კლიკი კონტაქტების სიაზე</string>
  <string name="dialer_click_pref_summary">კონტაქტის სიაზე ერჯერადი კლიკის მოქმედების განსაზღვრა</string>
  <string name="auto_dialpad_pref_title">ამკრეფის აუტომატიკურად ჩვენება</string>
  <string name="auto_dialpad_pref_summary">ამკრეფის ჩვენება დარეკვისას</string>
  <string name="anti_disturb_settings">"არ შემაწუხოთ" პარამეტრები</string>
  <string name="incoming_call_limit_title">შემომავალი ზარების ლიმიტირება</string>
  <string name="incoming_call_limit_summary">შემომავალი ზარის შეზღუდული გადმოცემა</string>
</resources>
