<?xml version="1.0" encoding="utf-8"?>
<!--Generated by crowdin.net-->
<resources>
  <string name="app_label">Tengiliða Minni</string>
  <string name="provider_label">Contacts</string>
  <string name="upgrade_out_of_memory_notification_ticker">Tengiliða uppfærsla þarf meira minni</string>
  <string name="upgrade_out_of_memory_notification_title">Uppfæri tengiliða minni</string>
  <string name="upgrade_out_of_memory_notification_text">Veldu til að ljúka við uppfærslu.</string>
  <string name="edit_contact">Breyta tengilið</string>
  <string name="create_contact">Nýr tengiliður</string>
</resources>
