<?xml version="1.0" encoding="utf-8"?>
<!--Generated by crowdin.net-->
<resources>
  <string name="config_import_vcard_type">デフォルト</string>
  <string name="config_export_vcard_type">デフォルト</string>
  <string name="config_export_dir">/sdcard</string>
  <string name="config_export_file_prefix">config_export_file_prefix</string>
  <string name="config_export_file_suffix">config_export_file_suffix</string>
  <string name="config_export_file_extension">vcf</string>
  <string name="config_export_extensions_to_consider">config_export_extensions_to_consider</string>
  <string name="contactsList">連絡先</string>
  <string name="launcherDialer">電話</string>
  <string name="shortcutContact">連絡先</string>
  <string name="shortcutDialContact">直接発信</string>
  <string name="shortcutMessageContact">直接メッセージを送る</string>
  <string name="shortcutActivityTitle">連絡先ショートカットを選択</string>
  <string name="callShortcutActivityTitle">発信する番号の選択</string>
  <string name="messageShortcutActivityTitle">メッセージを送る番号の選択</string>
  <string name="starredList">スター付き</string>
  <string name="frequentList">よく使う連絡先</string>
  <string name="strequentList">お気に入り</string>
  <string name="viewContactTitle">連絡先情報</string>
  <string name="viewContactDesription">連絡先を表示</string>
  <string name="editContactDescription">連絡先を編集</string>
  <string name="insertContactDescription">連絡先を新規登録</string>
  <string name="searchHint">連絡先を検索</string>
  <string name="menu_search">検索</string>
  <string name="menu_newContact">連絡先を新規登録</string>
  <string name="menu_viewContact">連絡先詳細</string>
  <string name="menu_callNumber">%sに発信</string>
  <string name="menu_addStar">お気に入りに追加</string>
  <string name="menu_removeStar">お気に入りから削除</string>
  <string name="menu_editContact">連絡先を編集</string>
  <string name="menu_deleteContact">連絡先を削除</string>
  <string name="menu_call">連絡先に発信</string>
  <string name="menu_sendSMS">連絡先にSMS</string>
  <string name="menu_sendEmail">メールを送信</string>
  <string name="menu_viewAddress">地図でみる</string>
  <string name="menu_makeDefaultNumber">メインの番号に設定する</string>
  <string name="menu_makeDefaultEmail">既定のメールに設定</string>
  <string name="menu_splitAggregate">分割</string>
  <string name="contactsSplitMessage">連絡先を分割しました</string>
  <string name="splitConfirmation_title">連絡先を分割</string>
  <string name="splitConfirmation">この連絡先を複数の連絡先に分割してもよろしいですか？統合前の連絡先情報にそれぞれ分割されます。</string>
  <string name="menu_joinAggregate">統合</string>
  <string name="titleJoinContactDataWith">連絡先の統合</string>
  <string name="blurbJoinContactDataWith">%sと統合する連絡先を選択します。</string>
  <string name="showAllContactsJoinItem">すべての連絡先を表示</string>
  <string name="separatorJoinAggregateSuggestions">連絡先候補</string>
  <string name="separatorJoinAggregateAll">すべての連絡先</string>
  <string name="contactsJoinedMessage">連絡先を統合しました</string>
  <string name="menu_contactOptions">オプション</string>
  <string name="contactOptionsTitle">オプション</string>
  <string name="deleteConfirmation_title">削除</string>
  <string name="readOnlyContactWarning">読み取り専用アカウントの連絡先は削除できませんが、連絡先リストで非表示にすることができます。</string>
  <string name="readOnlyContactDeleteConfirmation">この連絡先には、複数のアカウント情報が含まれています。読み取り専用アカウントの情報を連絡先リストで非表示にすることはできますが、削除はできません。</string>
  <string name="multipleContactDeleteConfirmation">この連絡先を削除すると、複数のアカウント情報が削除されます。</string>
  <string name="deleteConfirmation">この連絡先を削除します。</string>
  <string name="menu_done">完了</string>
  <string name="menu_doNotSave">キャンセル</string>
  <string name="editContact_title_edit">連絡先を編集</string>
  <string name="editContact_title_insert">連絡先を新規登録</string>
  <string name="label_phonetic_name">読み</string>
  <string name="label_notes">メモ</string>
  <string name="label_ringtone">着信音</string>
  <string name="ghostData_name">名前</string>
  <string name="ghostData_phonetic_name">よみがな</string>
  <string name="ghostData_company">会社</string>
  <string name="ghostData_title">役職</string>
  <string name="invalidContactMessage">この連絡先は削除されました</string>
  <string name="pickerNewContactHeader">連絡先を新規登録</string>
  <string name="selectLabel">選択してください</string>
  <string name="phoneLabelsGroup">電話番号</string>
  <string name="emailLabelsGroup">メール</string>
  <string name="imLabelsGroup">チャット</string>
  <string name="postalLabelsGroup">住所</string>
  <string name="photoPickerNotFoundText">画像がありません。</string>
  <string name="attachToContact">連絡先のアイコン</string>
  <string name="customLabelPickerTitle">新しいラベル名</string>
  <string name="send_to_voicemail_checkbox">ボイスメールに自動転送する</string>
  <string name="default_ringtone">プリセット着信音</string>
  <string name="changePicture">アイコンを変更</string>
  <string name="removePicture">アイコンを削除</string>
  <string name="noContacts">連絡先がありません。</string>
  <string name="noMatchingContacts">一致する連絡先が見つかりません。</string>
  <string name="noContactsWithPhoneNumbers">電話番号付きの連絡先はありません。</string>
  <string name="savingContact">連絡先を保存しています...</string>
  <string name="contactSavedToast">連絡先を保存しました。</string>
  <string name="contactSavedErrorToast">エラー、連絡先の変更を保存できません。</string>
  <string name="listTotalPhoneContactsZero">表示可能な電話番号付きの連絡先はありません</string>
  <string name="listTotalAllContactsZero">表示可能な連絡先はありません</string>
  <string name="listFoundAllContactsZero">連絡先が見つかりません</string>
  <string name="contactsIconLabel">連絡先</string>
  <string name="contactsFavoritesLabel">お気入り</string>
  <string name="dialerIconLabel">電話</string>
  <string name="recentCallsIconLabel">通話履歴</string>
  <string name="liveFolderAll">すべての連絡先</string>
  <string name="liveFolderFavorites">スター付きの連絡先</string>
  <string name="liveFolderPhone">電話番号のある連絡先</string>
  <string name="menu_sendTextMessage">SMSを送信</string>
  <string name="recentCalls_callNumber">%sに発信</string>
  <string name="recentCalls_editNumberBeforeCall">発信前に番号を編集</string>
  <string name="recentCalls_addToContact">連絡先に追加</string>
  <string name="recentCalls_removeFromRecentList">通話履歴から消去</string>
  <string name="recentCalls_deleteAll">通話履歴を全件消去</string>
  <string name="recentCalls_empty">通話履歴なし</string>
  <string name="clearCallLogConfirmation_title">通話履歴を消去</string>
  <string name="clearCallLogConfirmation">通話履歴を消去してもよろしいですか？</string>
  <string name="imei">IMEI（端末識別番号）</string>
  <string name="meid">MEID</string>
  <string name="voicemail">ボイスメール</string>
  <string name="unknown">通知不可能</string>
  <string name="private_num">非通知</string>
  <string name="payphone">公衆電話発信</string>
  <string name="dialerKeyboardHintText">キーボードで番号を入力してください</string>
  <string name="dialerDialpadHintText">ダイヤルして追加</string>
  <string name="simContacts_emptyLoading">SIMカードから読み取り中...</string>
  <string name="simContacts_title">SIMカードの連絡先</string>
  <string name="liveFolder_all_label">すべての連絡先</string>
  <string name="liveFolder_favorites_label">スター付き</string>
  <string name="liveFolder_phones_label">電話</string>
  <string name="callDetailTitle">通話詳細</string>
  <string name="toast_call_detail_error">通話要求の詳細が読み込めませんでした。</string>
  <string name="type_incoming">通話着信</string>
  <string name="type_outgoing">発信履歴</string>
  <string name="type_missed">不在着信</string>
  <string name="actionIncomingCall">着信</string>
  <string name="callBack">コールバック</string>
  <string name="callAgain">再発信</string>
  <string name="returnCall">発信</string>
  <string name="callDetailsDurationFormat">%1$s分%2$s秒</string>
  <string name="favoritesFrquentSeparator">よく使う連絡先</string>
  <string name="add_contact_dlg_title">連絡先を追加</string>
  <string name="add_contact_dlg_message_fmt">%s を連絡先に追加しますか？</string>
  <string name="all_tab_label">すべて</string>
  <string name="description_image_button_one">1</string>
  <string name="description_image_button_two">2</string>
  <string name="description_image_button_three">3</string>
  <string name="description_image_button_four">4</string>
  <string name="description_image_button_five">5</string>
  <string name="description_image_button_six">6</string>
  <string name="description_image_button_seven">7</string>
  <string name="description_image_button_eight">8</string>
  <string name="description_image_button_nine">9</string>
  <string name="description_image_button_star">スター</string>
  <string name="description_image_button_delete">削除</string>
  <string name="description_image_button_zero">0</string>
  <string name="description_image_button_pound">ポンド</string>
  <string name="description_voicemail_button">留守番電話</string>
  <string name="description_dial_button">発信</string>
  <string name="description_delete_button">バックスペース</string>
  <string name="description_digits_edittext">発信番号</string>
  <string name="description_contact_photo">連絡先の写真</string>
  <string name="description_minus_button">マイナス</string>
  <string name="description_plus_button">プラス</string>
  <string name="no_sdcard_title">SDカードがありません</string>
  <string name="no_sdcard_message">SDカードを検出できませんでした</string>
  <string name="searching_vcard_title">vCardを検索中</string>
  <string name="import_from_sim">SIMカードからインポート</string>
  <string name="import_from_sdcard">SDカードからインポート</string>
  <string name="export_to_sdcard">SDカードにエクスポート</string>
  <string name="share_visible_contacts">表示可能な連絡先を共有</string>
  <string name="import_one_vcard_string">vCardファイルを1つインポート</string>
  <string name="import_multiple_vcard_string">複数のvCardファイルをインポート</string>
  <string name="import_all_vcard_string">すべてのvCardファイルをインポート</string>
  <string name="searching_vcard_message">SDカードのvCardデータを検索しています</string>
  <string name="scanning_sdcard_failed_title">SDカードのスキャンに失敗しました</string>
  <string name="scanning_sdcard_failed_message">SDカードのスキャンに失敗しました（理由: %s）</string>
  <string name="fail_reason_io_error">送受信エラー</string>
  <string name="fail_reason_vcard_parse_error">予期しない理由によりvCardの解析に失敗しました</string>
  <string name="fail_reason_vcard_not_supported_error">vCardの解析に失敗しました。正しいフォーマットですが、現在サポートされていません。</string>
  <string name="fail_reason_no_vcard_file">SDカードでvCardファイルが見つかりません</string>
  <string name="fail_reason_failed_to_read_files">1つ以上のファイルをインポートできませんでした（%s）。</string>
  <string name="fail_reason_unknown">不明なエラー</string>
  <string name="select_vcard_title">vCardファイルの選択</string>
  <string name="progress_shower_message">%1$s\n%2$s</string>
  <string name="reading_vcard_title">vCardを読み取り中</string>
  <string name="reading_vcard_message">vCardファイルを読み取り中</string>
  <string name="reading_vcard_failed_title">vCardデータの読み取りに失敗しました</string>
  <string name="reading_vcard_contacts">%1$s/%2$s件の連絡先</string>
  <string name="reading_vcard_files">%1$s/%2$s件のファイル</string>
  <string name="confirm_export_title">エクスポートの確認</string>
  <string name="confirm_export_message">連絡先リストを「%s」にエクスポートしますか？</string>
  <string name="exporting_contact_failed_title">連絡先データのエクスポートに失敗しました</string>
  <string name="exporting_contact_failed_message">連絡先データのエクスポートに失敗しました。\n理由: 「%s」</string>
  <string name="fail_reason_no_exportable_contact">エクスポートできる連絡先がありません</string>
  <string name="fail_reason_too_many_vcard">SDカードのvCardファイルが多すぎます</string>
  <string name="fail_reason_too_long_filename">指定したファイル名が長すぎます（「%s」）</string>
  <string name="exporting_contact_list_title">連絡先データのエクスポート</string>
  <string name="exporting_contact_list_message">連絡先データを\"%s\"にエクスポートしています</string>
  <string name="fail_reason_could_not_initialize_exporter">エクスポータを初期化できませんでした: \"%s\"</string>
  <string name="fail_reason_error_occurred_during_export">エクスポート中にエラーが発生しました: \"%s\"</string>
  <string name="composer_failed_to_get_database_infomation">データベース情報の取得に失敗しました</string>
  <string name="composer_has_no_exportable_contact">エクスポートできる連絡先がありません。携帯電話に連絡先を登録している場合、データプロバイダが外部への連絡先のエクスポートをすべて禁止している可能性があります。</string>
  <string name="composer_not_initialized">vCardコンポーザーが正しく初期化されていません</string>
  <string name="fail_reason_could_not_open_file">\"%1$s\"を開けませんでした: %2$s</string>
  <string name="exporting_contact_list_progress">%1$s/%2$s件のファイル</string>
  <string name="search_settings_description">連絡先の名前</string>
  <string name="add_2sec_pause">2秒間の停止を追加</string>
  <string name="add_wait">着信を追加</string>
  <string name="call_disambig_title">使用している発信</string>
  <string name="sms_disambig_title">使用しているSMS</string>
  <string name="make_primary">この選択を保存</string>
  <string name="quickcontact_missing_app">この操作を行うアプリケーションが見つかりません</string>
  <string name="quickcontact_remember_choice">この選択を保存</string>
  <string name="quickcontact_missing_name">不明</string>
  <string name="menu_accounts">アカウント</string>
  <string name="menu_import_export">インポート/エクスポート</string>
  <string name="dialog_import_export">連絡先のインポート/エクスポート</string>
  <string name="menu_share">共有</string>
  <string name="share_via">連絡先の共有ツール</string>
  <string name="share_error">この連絡先は共有できません。</string>
  <string name="nameLabelsGroup">名前</string>
  <string name="nicknameLabelsGroup">ニックネーム</string>
  <string name="organizationLabelsGroup">所属</string>
  <string name="websiteLabelsGroup">ウェブサイト</string>
  <string name="eventLabelsGroup">予定</string>
  <string name="type_short_home">自宅</string>
  <string name="type_short_mobile">携帯</string>
  <string name="type_short_work">勤務先</string>
  <string name="type_short_pager">ポケベル</string>
  <string name="type_short_other">その他</string>
  <string name="edit_read_only">この連絡先は読み取り専用です</string>
  <string name="edit_secondary_collapse">その他</string>
  <string name="dialog_primary_name">メインの名前</string>
  <string name="dialog_new_contact_account">アカウントに連絡先を作成</string>
  <string name="account_phone">電話のみ（非同期）</string>
  <string name="call_custom">%sに発信</string>
  <string name="call_home">自宅に発信</string>
  <string name="call_mobile">携帯電話に発信</string>
  <string name="call_work">勤務先に発信</string>
  <string name="call_fax_work">勤務先FAXに発信</string>
  <string name="call_fax_home">自宅のFAXに発信</string>
  <string name="call_pager">ポケベルに発信</string>
  <string name="call_other">発信</string>
  <string name="call_callback">コールバック先に発信</string>
  <string name="call_car">クルマに発信</string>
  <string name="call_company_main">会社代表番号に発信</string>
  <string name="call_isdn">ISDNに発信</string>
  <string name="call_main">電話番号1に発信</string>
  <string name="call_other_fax">FAXに電話</string>
  <string name="call_radio">無線に発信</string>
  <string name="call_telex">テレックスに発信</string>
  <string name="call_tty_tdd">TTY/TDDに発信</string>
  <string name="call_work_mobile">携帯電話（勤務先）に発信</string>
  <string name="call_work_pager">ポケベル（勤務先）に発信</string>
  <string name="call_assistant">%sに発信</string>
  <string name="call_mms">MMSに発信</string>
  <string name="sms_custom">%sにSMS</string>
  <string name="sms_home">自宅にSMS</string>
  <string name="sms_mobile">携帯にSMS</string>
  <string name="sms_work">勤務先にSMS</string>
  <string name="sms_fax_work">勤務先FAXにSMS</string>
  <string name="sms_fax_home">自宅FAXにSMS</string>
  <string name="sms_pager">ポケベルにSMS</string>
  <string name="sms_other">電話にSMS</string>
  <string name="sms_callback">コールバック先にSMS</string>
  <string name="sms_car">クルマにSMS</string>
  <string name="sms_company_main">会社代表番号にSMS</string>
  <string name="sms_isdn">ISDNにSMS</string>
  <string name="sms_main">電話番号1にSMS</string>
  <string name="sms_other_fax">FAXにSMS</string>
  <string name="sms_radio">無線にSMS</string>
  <string name="sms_telex">テレックスにSMS</string>
  <string name="sms_tty_tdd">TTY/TDDにSMS</string>
  <string name="sms_work_mobile">携帯電話（勤務先）にSMS</string>
  <string name="sms_work_pager">ポケベル（勤務先)にSMS</string>
  <string name="sms_assistant">%sにSMS</string>
  <string name="sms_mms">MMSにSMS</string>
  <string name="email_home">自宅にメール</string>
  <string name="email_mobile">携帯電話にメール</string>
  <string name="email_work">勤務先にメール</string>
  <string name="email_other">メール送信</string>
  <string name="email_custom">%sにメール</string>
  <string name="email">メール</string>
  <string name="map_home">自宅の住所を表示</string>
  <string name="map_work">勤務先の住所を表示</string>
  <string name="map_other">住所を表示</string>
  <string name="map_custom">%sの住所を表示</string>
  <string name="chat_aim">AIMでチャット</string>
  <string name="chat_msn">Windows Liveでチャット</string>
  <string name="chat_yahoo">Yahooでチャット</string>
  <string name="chat_skype">Skypeでチャット</string>
  <string name="chat_qq">QQでチャット</string>
  <string name="chat_gtalk">Googleトークでチャット</string>
  <string name="chat_icq">ICQでチャット</string>
  <string name="chat_jabber">Jabberでチャット</string>
  <string name="chat">チャット</string>
  <string name="postal_street">番地</string>
  <string name="postal_pobox">私書箱</string>
  <string name="postal_neighborhood">街区 (中国等で使用)</string>
  <string name="postal_city">市区町村</string>
  <string name="postal_region">都道府県</string>
  <string name="postal_postcode">郵便番号</string>
  <string name="postal_country">国</string>
  <string name="name_given">名</string>
  <string name="name_family">姓</string>
  <string name="name_prefix">敬称（名前の前）</string>
  <string name="name_middle">ミドルネーム</string>
  <string name="name_suffix">敬称（名前の後）</string>
  <string name="name_phonetic_given">名のよみがな</string>
  <string name="name_phonetic_middle">ミドルネームのよみがな</string>
  <string name="name_phonetic_family">姓のよみがな</string>
  <string name="account_type_format">%1$sからの連絡先</string>
  <string name="from_account_format">%1$sからの連絡先</string>
  <string name="use_photo_as_primary">この写真を使用</string>
  <string name="contact_read_only">%1$sからの連絡先情報はこの携帯端末では編集できません。</string>
  <string name="no_contact_details">この連絡先の詳細情報はありません</string>
  <string name="search_bar_hint">連絡先を検索</string>
  <string name="search_for_all_contacts">すべての連絡先を検索</string>
  <string name="take_photo">写真を撮影</string>
  <string name="pick_photo">ギャラリーから写真を選ぶ</string>
  <string name="locale_change_in_progress">言語の変更に伴い連絡先リストを更新しています。\n\nしばらくお待ちください...</string>
  <string name="upgrade_in_progress">連絡先リストを更新しています。\n\nお待ちください...</string>
  <string name="upgrade_out_of_memory">連絡先をアップグレードしています。\n\nアップグレード処理には約%dMBの内部ストレージが必要です。\n\n次のいずれかのオプションを選択してください:</string>
  <string name="upgrade_out_of_memory_uninstall">一部のアプリケーションをアンインストール</string>
  <string name="upgrade_out_of_memory_retry">アップグレードを再試行</string>
  <string name="search_results_for">検索結果: %s</string>
  <string name="search_results_searching">検索中...</string>
  <string name="callNoAnswerTimeFormat">呼出時間：%s</string>
  <string name="numberCountFormat">番号数%s</string>
  <string name="menu_display_all">全ての連絡先を表示する</string>
  <string name="menu_display_only_phones">電話番号がある連絡先だけを表示する</string>
  <string name="contactsGroupsLabel">グループ</string>
  <string name="group_summary_format">メンバー数%s</string>
  <string name="no_member">グループは空です</string>
  <string name="applyGroupsSelection">グループ設定の更新...</string>
  <string name="no_availablePhone">このメンバーは電話番号を持っていません</string>
  <string name="add_group_member">新しいメンバー</string>
  <string name="group_name_contacts">連絡先</string>
  <string name="group_name_friends">友達</string>
  <string name="group_name_family">家族</string>
  <string name="group_name_coworkers">同僚</string>
  <string name="group_name_important">重要な連絡先</string>
  <string name="group_name_life_info">ライフスタイル</string>
  <string name="group_name_white_list">ホワイトリスト</string>
  <string name="group_name_black_list">ブラックリスト</string>
  <string name="button_manage_groups">編集</string>
  <string name="button_back">戻る</string>
  <string name="button_remove_contacts">連絡先を削除する</string>
  <string name="duplicatedGroupNameHelpText">新しいグループ名は既に存在しているグループ名と同じには出来ません</string>
  <string name="system_groups_unchangable">このグループは既定のグループです。リネームおよび削除はできません。</string>
  <string name="menu_add">追加</string>
  <string name="menu_remove">削除</string>
  <string name="create_new_group">新しいグループ</string>
  <string name="manage_groups">グループを編集する</string>
  <string name="menu_viewGroup">グループを見る</string>
  <string name="menu_deleteGroup">グループの削除</string>
  <string name="menu_editGroupName">グループ名の変更</string>
  <string name="input_group_name_hint">グループ名を入れる</string>
  <string name="notification_invalid_group_name">グループの名前は空欄のままにできません</string>
  <string name="add_to_group_format">%sに加える</string>
  <string name="name_full">氏名</string>
  <string name="add_more_items">さらに追加する</string>
  <string name="saveConfirmationTitle">連絡先を保存する</string>
  <string name="saveConfirmationBody">変更を連絡先に保存しますか？</string>
  <string name="saveConfirmationYes">保存</string>
  <string name="saveConfirmationNo">保存しない</string>
  <string name="import_from_account">他のアカウントからインポートする</string>
  <string name="select_account_import_from">インポートするアカウントを選択してください</string>
  <string name="importing_from_account">インポート中</string>
  <string name="fail_message_account_needed">最初にあなたのMIUIアカウントを設定してください</string>
  <string name="success_message_import_from_account">インポート成功</string>
  <string name="date_day">日</string>
  <string name="fast_scroll_alphabet">\#ABCDEFGHIJKLMNOPQRSTUVWXYZ</string>
  <string name="belong_no_group">グループに未追加</string>
  <string name="menu_remove_member">連絡先を削除する</string>
  <string name="removeConfirmation_title">削除</string>
  <string name="menu_add_favorite_contact">連絡先をお気に入りに追加する</string>
  <string name="menu_group_sms">グループSMSの送信</string>
  <string name="menu_group_ringtone">グループ着信音</string>
  <string name="menu_add_member">連絡先を追加する</string>
  <string name="menu_callIpNumber">IP電話にコールする(ダイアル %s)</string>
  <string name="menu_clearDefaultNumber">既定の番号を消去する</string>
  <string name="menu_clearDefaultEmail">既定のメール設定を消去する</string>
  <string name="favoriteContactDescription">お気に入りに追加する</string>
  <string name="unfavoriteContactDescription">お気に入りから取り除く</string>
  <string name="shareContactDescription">連絡先を共有する</string>
  <string name="titlePickOrCreateNewContact">新しい連絡先を作る</string>
  <string name="titlePickContactNumber">電話番号を選んでください</string>
  <string name="fixedPhoneLabel">自宅</string>
  <string name="fixedFaxLabel">ファックス</string>
  <string name="goto_album">ギャラリーへ行く</string>
  <string name="recommneded_photos">おすすめの画像</string>
  <string name="downloading_photos">写真をダウンロード中</string>
  <string name="callButtonText">呼出</string>
  <string name="callrecordview_menu_phone_all">全ての通話の表示</string>
  <string name="callrecordview_menu_phone_missed">不在着信だけを表示する</string>
  <string name="callrecordview_menu_delete_one">通話記録の削除</string>
  <string name="callrecordview_menu_delete_stranger">知らない電話番号の履歴の削除</string>
  <string name="callrecordview_menu_delete_all">全ての通話履歴の削除</string>
  <string name="callrecordview_menu_set">設定</string>
  <string name="callrecordview_more">さらに見る</string>
  <string name="callrecordview_more_title">全通話数%s</string>
  <string name="callrecordview_item_calls">通話数%d</string>
  <string name="callrecordview_item_op_time_missed">不在着信</string>
  <string name="callrecordview_item_op_time_short_incoming">通話%d秒</string>
  <string name="callrecordview_item_op_time_short_outgoing">通話%d秒</string>
  <string name="callDetailsDurationFormat_incoming">通話時間%1$s分%2$s秒</string>
  <string name="callDetailsDurationFormat_outgoing">通話時間%1$s分%2$s秒</string>
  <string name="group_delete_confirmation">グループの削除を確認する</string>
  <string name="no_sms_availabe_contact_in_group">このグループはメッセージを受け取ることができる連絡先がありません</string>
  <string name="showDialpadTip">ダイアルパッドを表示するにはタップしてください</string>
  <string name="set_ringtone_for_group_members_success">グループ着信音を設定しました</string>
  <string name="noContactHelpText">連絡先がありません。追加できます。</string>
  <string name="noFavoriteHelpText">お気に入りがありません。追加できます。</string>
  <string name="noGroupMemberHelpText">このグループは今のところ空です。\n\n連絡先を加えるには、押してから目的の連絡先を選択してください。\n</string>
  <string name="noContactHelpTextAccounts">同期するアカウントの設定</string>
  <string name="noContactHelpTextImportSim">SIMカードの連絡先をインポートする</string>
  <string name="noContactHelpTextImportSD">SDカードの連絡先をインポートする</string>
  <string name="noContactHelpTextAddContact">新しい連絡先の作成</string>
  <string name="noContactHelpTextAddStarred">お気に入りに追加</string>
  <string name="noContactHelpTextAddMember">グループメンバーの追加</string>
</resources>
