<?xml version="1.0" encoding="utf-8"?>
<!--Generated by crowdin.net-->
<resources>
  <string name="app_name">FMラジオ</string>
  <string name="tx_app_name">FMトランスミッタ</string>
  <string name="preset_delete">削除</string>
  <string name="stat_notif_frequency">FMラジオ%1$s MHz</string>
  <string name="sel_band_menu">バンド地域を選択</string>
  <string name="settings_menu">設定</string>
  <string name="regional_band">バンド地域</string>
  <string name="aud_output_mode">オーディオ出力モード</string>
  <string name="sel_audio_output">オーディオ出力を選択</string>
  <string name="record_dur">録音時間</string>
  <string name="sel_rec_dur">録音時間を選択</string>
  <string name="auto_select_af">代替の周波数</string>
  <string name="auto_select_af_enabled">自動選択有効</string>
  <string name="auto_select_af_disabled">自動選択無効</string>
  <string name="fac_defaults">設定をリセット</string>
  <string name="revert_to_fac">設定をリセットします</string>
  <string name="settings_back">戻る</string>
  <string name="settings_revert_confirm_title">リセットの確認</string>
  <string name="settings_revert_confirm_msg">プリセットを含め、全ての設定が削除されます。</string>
  <string name="settings_back_summary">前のビューに戻る</string>
  <string name="settings_revert_defaults_title">初期設定に戻す</string>
  <string name="settings_revert_defaults_summary">全ての設定をリセットする</string>
  <string name="alert_dialog_ok">OK</string>
  <string name="alert_dialog_cancel">キャンセル</string>
  <string name="preset_search">検索 %1$s</string>
  <string name="fm_command_failed_title">FM操作失敗</string>
  <string name="fm_cmd_failed_msg">操作は失敗しました。考えられる原因: アンテナとして利用される有線のヘッドセットが接続されていない、Bluetoothを有効にしていない、電話で通話中、あるいはFMが終了しているなどです。確認して再度お試しください。</string>
  <string name="durationformat">%2$d:%5$02d</string>
  <string name="frequency_string"><string name="frequency_string"/></string>
  <string name="stat_no_fm">FMラジオはオンになっていません</string>
  <string name="need_headset_for_antenna">有線のヘッドセットを接続してください。FMアンテナとして利用されます。</string>
  <string name="init_FM">FMラジオサポートのためにBuetoothを有効にしています...</string>
  <string name="need_bluetooth">Bluetoothを有効にしてください</string>
</resources>
