<?xml version="1.0" encoding="utf-8"?>
<!--Generated by crowdin.net-->
<resources>
  <string name="app_name">ギャラリー</string>
  <string name="gadget_title">写真フレーム</string>
  <string name="details_ms">%1$02d:%2$02d</string>
  <string name="details_hms">%1$d:%2$02d:%3$02d</string>
  <string name="movie_view_label">動画</string>
  <string name="loading_video">動画を読み込み中...</string>
  <string name="resume_playing_title">動画の再開</string>
  <string name="resume_playing_message">再生を%sから再開しますか？</string>
  <string name="resume_playing_resume">再生を再開</string>
  <string name="resume_playing_restart">最初から再生</string>
  <string name="camera">カメラ</string>
  <string name="crop_save_text">保存</string>
  <string name="crop_discard_text">キャンセル</string>
  <string name="multiface_crop_help">顔をタップして開始します。</string>
  <string name="saving_image">写真を保存中…</string>
  <string name="crop_label">トリミング</string>
  <string name="running_face_detection">お待ちください...</string>
  <string name="set_image">写真を設定:</string>
  <string name="wallpaper">壁紙を設定しています。しばらくお待ちください...</string>
  <string name="camera_setas_wallpaper">壁紙</string>
  <string name="details_ok">OK</string>
  <string name="loading_new">新しいアルバムと写真を読み込み中</string>
  <string name="initializing">読み込み中</string>
  <string name="pick_prompt">コレクションからアイテムを選択してください</string>
  <string name="no_items">コレクションにアイテムがありません</string>
  <string name="pick">選択</string>
  <string name="delete">削除</string>
  <string name="confirm_delete">削除の確認</string>
  <string name="cancel">キャンセル</string>
  <string name="share">共有</string>
  <string name="no_sd_card">SDカードがマウントされていないか挿入されていません</string>
  <string name="more">その他</string>
  <string name="select_all">すべて選択</string>
  <string name="deselect_all">選択をすべて解除</string>
  <string name="slideshow">スライドショー</string>
  <string name="menu">メニュー</string>
  <string name="details">詳細情報</string>
  <string name="album_selected">冊のアルバムを選択済み</string>
  <string name="item_selected">件のアイテムを選択済み</string>
  <string name="albums_selected">冊のアルバムを選択済み</string>
  <string name="items_selected">件のアイテムを選択済み</string>
  <string name="album">アルバム</string>
  <string name="start">開始</string>
  <string name="end">終了</string>
  <string name="location">場所</string>
  <string name="location_unknown">不明な場所</string>
  <string name="title">タイトル</string>
  <string name="type">種類</string>
  <string name="taken_on">撮影</string>
  <string name="added_on">追加日:</string>
  <string name="show_on_map">地図に表示</string>
  <string name="rotate_left">左に回転</string>
  <string name="rotate_right">右に回転</string>
  <string name="crop">トリミング</string>
  <string name="set_as">登録</string>
  <string name="set_as_wallpaper">壁紙として設定</string>
  <string name="item">アイテム</string>
  <string name="items">アイテム</string>
  <string name="around">エリア:</string>
  <string name="date_unknown">日付が不明</string>
  <string name="video_err">動画を再生できません</string>
  <string name="lockscreen_wallpaper">壁紙を設定しています。しばらくお待ちください...</string>
  <string name="wallpaper_set">デスクトップの壁紙</string>
  <string name="lockscreen_set">ロック画面の壁紙</string>
  <string name="miui_screenshot">miuiスクリーンショット</string>
</resources>
