<?xml version="1.0" encoding="utf-8"?>
<!--Generated by crowdin.net-->
<resources>
  <string name="config_import_vcard_type">Opzioni di importazione vcard</string>
  <string name="config_export_vcard_type">Opzioni di esportazione vcard</string>
  <string name="config_export_dir">/sdcard</string>
  <string name="config_export_file_prefix">Imposta prefisso per l\'esportazione del file</string>
  <string name="config_export_file_suffix">Imposta suffisso per l\'esportazione del file</string>
  <string name="config_export_file_extension">vcf</string>
  <string name="config_export_extensions_to_consider">Imposta l\'estensione per l\'esportazione del file</string>
  <string name="contactsList">Contatti</string>
  <string name="launcherDialer">Telefono</string>
  <string name="shortcutContact">Contatto</string>
  <string name="shortcutDialContact">Composizione diretta</string>
  <string name="shortcutMessageContact">Messaggio diretto</string>
  <string name="shortcutActivityTitle">Scegli una scorciatoia contatto</string>
  <string name="callShortcutActivityTitle">Scegli un numero da chiamare</string>
  <string name="messageShortcutActivityTitle">Seleziona il numero a cui inviare il messaggio</string>
  <string name="starredList">Preferiti</string>
  <string name="frequentList">Frequenti</string>
  <string name="strequentList">Preferiti</string>
  <string name="viewContactTitle">Dettagli contatto</string>
  <string name="viewContactDesription">Visualizza contatto</string>
  <string name="editContactDescription">Modifica contatto</string>
  <string name="insertContactDescription">Crea contatto</string>
  <string name="searchHint">Cerca contatti</string>
  <string name="menu_search">Cerca</string>
  <string name="menu_newContact">Nuovo contatto</string>
  <string name="menu_viewContact">Visualizza contatto</string>
  <string name="menu_callNumber">Chiama %s</string>
  <string name="menu_addStar">Aggiungi a preferiti</string>
  <string name="menu_removeStar">Rimuovi dai preferiti</string>
  <string name="menu_editContact">Modifica contatto</string>
  <string name="menu_deleteContact">Elimina contatto</string>
  <string name="menu_call">Chiama contatto</string>
  <string name="menu_sendSMS">Testo del messaggio</string>
  <string name="menu_sendEmail">Invia email</string>
  <string name="menu_viewAddress">Indirizzo su mappa</string>
  <string name="menu_makeDefaultNumber">Rendi numero predefinito</string>
  <string name="menu_makeDefaultEmail">Rendi ind. email predefinito</string>
  <string name="menu_splitAggregate">Separa</string>
  <string name="contactsSplitMessage">Contatti separati</string>
  <string name="splitConfirmation_title">Separa contatto</string>
  <string name="splitConfirmation">Separare questo contatto singolo in più contatti, uno per ogni serie di informazioni di contatto unita in precedenza?</string>
  <string name="menu_joinAggregate">Unisci</string>
  <string name="titleJoinContactDataWith">Unisci contatti</string>
  <string name="blurbJoinContactDataWith">Seleziona il contatto che desideri unire a %s.</string>
  <string name="showAllContactsJoinItem">Mostra tutti i contatti</string>
  <string name="separatorJoinAggregateSuggestions">Contatti suggeriti</string>
  <string name="separatorJoinAggregateAll">Tutti i contatti</string>
  <string name="contactsJoinedMessage">Contatti uniti</string>
  <string name="menu_contactOptions">Opzioni</string>
  <string name="contactOptionsTitle">Opzioni</string>
  <string name="deleteConfirmation_title">Elimina</string>
  <string name="readOnlyContactWarning">Non puoi eliminare contatti di account di sola lettura, ma puoi nasconderli nei tuoi elenchi di contatti.</string>
  <string name="readOnlyContactDeleteConfirmation">Il contatto contiene informazioni da accounts multipli. Le informazioni provenienti da accounts in sola lettura verranno nascoste nei tuoi elenchi di contatti, non eliminate.</string>
  <string name="multipleContactDeleteConfirmation">Eliminando questo contatto verranno cancellate informazioni di account multipli.</string>
  <string name="deleteConfirmation">Il contatto verrà eliminato.</string>
  <string name="menu_done">Salva</string>
  <string name="menu_doNotSave">Ripristina</string>
  <string name="editContact_title_edit">Modifica contatto</string>
  <string name="editContact_title_insert">Nuovo contatto</string>
  <string name="label_phonetic_name">Fonetica</string>
  <string name="label_notes">Note</string>
  <string name="label_ringtone">Suoneria</string>
  <string name="ghostData_name">Nome e cognome</string>
  <string name="ghostData_phonetic_name">Nome fonetico</string>
  <string name="ghostData_company">Società</string>
  <string name="ghostData_title">Titolo</string>
  <string name="invalidContactMessage">Il contatto non esiste.</string>
  <string name="pickerNewContactHeader">Crea nuovo contatto</string>
  <string name="selectLabel">Seleziona etichetta</string>
  <string name="phoneLabelsGroup">Telefono</string>
  <string name="emailLabelsGroup">Email</string>
  <string name="imLabelsGroup">IM Chat</string>
  <string name="postalLabelsGroup">Indirizzo postale</string>
  <string name="photoPickerNotFoundText">Nessuna foto disponibile.</string>
  <string name="attachToContact">Icona del contatto</string>
  <string name="customLabelPickerTitle">Nome etichetta personalizzata</string>
  <string name="send_to_voicemail_checkbox">Inoltra chiamate direttamente alla segreteria</string>
  <string name="default_ringtone">Predefinita</string>
  <string name="changePicture">Cambia icona</string>
  <string name="removePicture">Rimuovi icona</string>
  <string name="noContacts">Nessun contatto.</string>
  <string name="noMatchingContacts">Nessun contatto corrispondente trovato.</string>
  <string name="noContactsWithPhoneNumbers">Nessun contatto con numeri di telefono.</string>
  <string name="savingContact">Salvataggio contatto in corso...</string>
  <string name="contactSavedToast">Contatto salvato.</string>
  <string name="contactSavedErrorToast">Errore, impossibile salvare le modifiche al contatto.</string>
  <string name="listTotalPhoneContactsZero">Nessun contatto con numeri di telefono visibile</string>
  <string name="listTotalAllContactsZero">Nessun contatto visualizzabile</string>
  <string name="listFoundAllContactsZero">Contatto non trovato</string>
  <string name="contactsIconLabel">Contatti</string>
  <string name="contactsFavoritesLabel">Preferiti</string>
  <string name="dialerIconLabel">Telefono</string>
  <string name="recentCallsIconLabel">Elenco chiamate</string>
  <string name="liveFolderAll">Tutti i contatti</string>
  <string name="liveFolderFavorites">Contatti preferiti</string>
  <string name="liveFolderPhone">Contatti con numeri di telefono</string>
  <string name="menu_sendTextMessage">Invia messaggio di testo</string>
  <string name="recentCalls_callNumber">Chiama %s</string>
  <string name="recentCalls_editNumberBeforeCall">Modifica il numero prima di chiamare</string>
  <string name="recentCalls_addToContact">Aggiungi a contatti</string>
  <string name="recentCalls_removeFromRecentList">Rimuovi dal registro</string>
  <string name="recentCalls_deleteAll">Cancella registro chiamate</string>
  <string name="recentCalls_empty">Il registro chiamate è vuoto.</string>
  <string name="clearCallLogConfirmation_title">Cancella registro chiamate</string>
  <string name="clearCallLogConfirmation">Cancellare il registro chiamate?</string>
  <string name="imei">IMEI</string>
  <string name="meid">MEID</string>
  <string name="voicemail">Segreteria</string>
  <string name="unknown">Errore sconosciuto</string>
  <string name="private_num">Numero privato</string>
  <string name="payphone">Telefono a monete</string>
  <string name="dialerKeyboardHintText">Usa la tastiera</string>
  <string name="dialerDialpadHintText">Componi per aggiungere chiamata</string>
  <string name="simContacts_emptyLoading">Caricamento da SIM...</string>
  <string name="simContacts_title">Contatti SIM</string>
  <string name="liveFolder_all_label">Tutti i contatti</string>
  <string name="liveFolder_favorites_label">Speciali</string>
  <string name="liveFolder_phones_label">Telefoni</string>
  <string name="callDetailTitle">Dettagli chiamata</string>
  <string name="toast_call_detail_error">Impossibile leggere i dettagli per la chiamata richiesta.</string>
  <string name="type_incoming">Chiamata ricevuta</string>
  <string name="type_outgoing">Chiamata in corso</string>
  <string name="type_missed">Chiamata persa</string>
  <string name="actionIncomingCall">Chiamate in arrivo</string>
  <string name="callBack">Richiama</string>
  <string name="callAgain">Richiama</string>
  <string name="returnCall">Chiama numero</string>
  <string name="callDetailsDurationFormat">%1$s min. %2$s sec.</string>
  <string name="favoritesFrquentSeparator">Chiamate frequenti</string>
  <string name="add_contact_dlg_title">Aggiungi contatto</string>
  <string name="add_contact_dlg_message_fmt">Aggiungi \"%s\" ai contatti?</string>
  <string name="all_tab_label">Tutti</string>
  <string name="description_image_button_one">uno</string>
  <string name="description_image_button_two">due</string>
  <string name="description_image_button_three">tre</string>
  <string name="description_image_button_four">quattro</string>
  <string name="description_image_button_five">cinque</string>
  <string name="description_image_button_six">sei</string>
  <string name="description_image_button_seven">sette</string>
  <string name="description_image_button_eight">otto</string>
  <string name="description_image_button_nine">nove</string>
  <string name="description_image_button_star">asterisco</string>
  <string name="description_image_button_delete">cancella</string>
  <string name="description_image_button_zero">zero</string>
  <string name="description_image_button_pound">cancelletto</string>
  <string name="description_voicemail_button">segreteria</string>
  <string name="description_dial_button">componi</string>
  <string name="description_delete_button">backspace</string>
  <string name="description_digits_edittext">numero da comporre</string>
  <string name="description_contact_photo">foto contatto</string>
  <string name="description_minus_button">meno</string>
  <string name="description_plus_button">più</string>
  <string name="no_sdcard_title">Nessuna scheda SD</string>
  <string name="no_sdcard_message">Nessuna scheda SD rilevata</string>
  <string name="searching_vcard_title">Ricerca vCard</string>
  <string name="import_from_sim">Importa da scheda SIM</string>
  <string name="import_from_sdcard">Importa da scheda SD</string>
  <string name="export_to_sdcard">Esporta su scheda SD</string>
  <string name="share_visible_contacts">Condividi contatti visibili</string>
  <string name="import_one_vcard_string">Importa un file vCard</string>
  <string name="import_multiple_vcard_string">Importa più file vCard</string>
  <string name="import_all_vcard_string">Importa tutti i file vCard</string>
  <string name="searching_vcard_message">Ricerca dati vCard su scheda SD</string>
  <string name="scanning_sdcard_failed_title">Analisi scheda SD non riuscita</string>
  <string name="scanning_sdcard_failed_message">Analisi scheda SD non riuscita (motivo: \"%s\")</string>
  <string name="fail_reason_io_error">Errore I/O</string>
  <string name="fail_reason_vcard_parse_error">Impossibile analizzare la vCard per motivi imprevisti</string>
  <string name="fail_reason_vcard_not_supported_error">Impossibile analizzare la vCard nonostante sembri avere un formato valido perché l\'implementazione corrente non la supporta</string>
  <string name="fail_reason_no_vcard_file">Nessun file vCard trovato sulla scheda SD</string>
  <string name="fail_reason_failed_to_read_files">Impossibile importare uno o più file (%s).</string>
  <string name="fail_reason_unknown">Errore sconosciuto</string>
  <string name="select_vcard_title">Seleziona file vCard</string>
  <string name="progress_shower_message">%1$s\n%2$s</string>
  <string name="reading_vcard_title">Lettura vCard</string>
  <string name="reading_vcard_message">Lettura file vCard</string>
  <string name="reading_vcard_failed_title">Lettura dati vCard non riuscita</string>
  <string name="reading_vcard_contacts">%1$s contatti su %2$s</string>
  <string name="reading_vcard_files">%1$s file su %2$s</string>
  <string name="confirm_export_title">Conferma esportazione</string>
  <string name="confirm_export_message">Esportare l\'elenco di contatti in \"%s\"?</string>
  <string name="exporting_contact_failed_title">Esportazione dati contatti non riuscita</string>
  <string name="exporting_contact_failed_message">Esportazione dati contatti non riuscita.\nMotivo dell\'errore: \"%s\"</string>
  <string name="fail_reason_no_exportable_contact">Nessun contatto esportabile</string>
  <string name="fail_reason_too_many_vcard">Troppi dati vCard sulla scheda SD</string>
  <string name="fail_reason_too_long_filename">Il nome file richiesto è troppo lungo (\"%s\")</string>
  <string name="exporting_contact_list_title">Esportazione dati di contatto</string>
  <string name="exporting_contact_list_message">Esportazione dati del contatto in \"%s\"</string>
  <string name="fail_reason_could_not_initialize_exporter">Impossibile inizializzare l\'utilità di esportazione: \"%s\"</string>
  <string name="fail_reason_error_occurred_during_export">Si è verificato un errore durante l\'esportazione: \"%s\"</string>
  <string name="composer_failed_to_get_database_infomation">Recupero informazioni database non riuscito</string>
  <string name="composer_has_no_exportable_contact">Nessun contatto esportabile. Se hai davvero contatti nel tuo telefono, l\'esportazione potrebbe essere negata da qualche provider di dati.</string>
  <string name="composer_not_initialized">Il compositore di vCard non è correttamente inizializzato</string>
  <string name="fail_reason_could_not_open_file">Impossibile aprire \"%1$s\": %2$s</string>
  <string name="exporting_contact_list_progress">%1$s contatti su %2$s</string>
  <string name="search_settings_description">I nomi dei tuoi contatti</string>
  <string name="add_2sec_pause">Aggiungi pausa 2 sec</string>
  <string name="add_wait">Aggiungi attesa</string>
  <string name="call_disambig_title">Chiama utilizzando</string>
  <string name="sms_disambig_title">Invia SMS utilizzando</string>
  <string name="make_primary">Memorizza questa scelta</string>
  <string name="quickcontact_missing_app">Nessuna applicazione trovata in grado di gestire questa azione</string>
  <string name="quickcontact_remember_choice">Memorizza questa scelta</string>
  <string name="quickcontact_missing_name">Sconosciuto</string>
  <string name="menu_accounts">Account</string>
  <string name="menu_import_export">Importa/esporta</string>
  <string name="dialog_import_export">Importa/esporta contatti</string>
  <string name="menu_share">Condividi</string>
  <string name="share_via">Condividi contatto tramite</string>
  <string name="share_error">Impossibile condividere il contatto.</string>
  <string name="nameLabelsGroup">Nickname</string>
  <string name="nicknameLabelsGroup">Nickname</string>
  <string name="organizationLabelsGroup">Organizzazione</string>
  <string name="websiteLabelsGroup">Sito web</string>
  <string name="eventLabelsGroup">Evento</string>
  <string name="type_short_home">H</string>
  <string name="type_short_mobile">M</string>
  <string name="type_short_work">L</string>
  <string name="type_short_pager">C</string>
  <string name="type_short_other">A</string>
  <string name="edit_read_only">Questo contato è di sola lettura</string>
  <string name="edit_secondary_collapse">Di Più</string>
  <string name="dialog_primary_name">Nome principale</string>
  <string name="dialog_new_contact_account">Crea un contatto dentro l\'account</string>
  <string name="account_phone">Solo telefono (non sincronizzato)</string>
  <string name="call_custom">Chiama %s</string>
  <string name="call_home">Chiama a casa</string>
  <string name="call_mobile">Chiama sul cellulare</string>
  <string name="call_work">Chiama a lavoro</string>
  <string name="call_fax_work">Chiama il numero fax del lavoro</string>
  <string name="call_fax_home">Chiama il numero fax di casa</string>
  <string name="call_pager">Chiama sul cercapersone</string>
  <string name="call_other">Chiama</string>
  <string name="call_callback">Richiamata automatica</string>
  <string name="call_car">Chiama in auto</string>
  <string name="call_company_main">Chiama il numero principale della società</string>
  <string name="call_isdn">Chiamata a ISDN</string>
  <string name="call_main">Chiamata principale</string>
  <string name="call_other_fax">Chiama il fax</string>
  <string name="call_radio">Chaimata radio</string>
  <string name="call_telex">Chiama Telex</string>
  <string name="call_tty_tdd">Chiamata TTY/TDD</string>
  <string name="call_work_mobile">Chiama sul cellulare di lavoro</string>
  <string name="call_work_pager">Chiama sul cercapersone di lavoro</string>
  <string name="call_assistant">Chiama %s</string>
  <string name="call_mms">Chiamata MMS</string>
  <string name="sms_custom">Testo %s</string>
  <string name="sms_home">SMS al numero di casa</string>
  <string name="sms_mobile">SMS sul numero di cellulare</string>
  <string name="sms_work">SMS sul numero di lavoro</string>
  <string name="sms_fax_work">SMS sul numero fax di lavoro</string>
  <string name="sms_fax_home">SMS sul numero fax di casa</string>
  <string name="sms_pager">SMS sul cercapersone</string>
  <string name="sms_other">SMS</string>
  <string name="sms_callback">SMS al numero di richiamata automatica</string>
  <string name="sms_car">SMS sul numero telefonico dell\'auto</string>
  <string name="sms_company_main">SMS sul numero principale della società</string>
  <string name="sms_isdn">Invia SMS a n. ISDN</string>
  <string name="sms_main">Invia SMS a n. principale</string>
  <string name="sms_other_fax">Invia SMS a n. fax</string>
  <string name="sms_radio">Invia SMS a radiotelefono</string>
  <string name="sms_telex">Invia SMS a n. telex</string>
  <string name="sms_tty_tdd">Invia SMS a n. TTY/TDD</string>
  <string name="sms_work_mobile">Invia SMS a cellulare lavoro</string>
  <string name="sms_work_pager">Invia SMS a cercapersone ufficio</string>
  <string name="sms_assistant">Invia testo a %s</string>
  <string name="sms_mms">Invia SMS a n. MMS</string>
  <string name="email_home">Invia email a ind. casa</string>
  <string name="email_mobile">Invia email a ind. cellulare</string>
  <string name="email_work">Invia email a ind. ufficio</string>
  <string name="email_other">Invia email</string>
  <string name="email_custom">Invia email a ind. %s</string>
  <string name="email">Email</string>
  <string name="map_home">Visualizza indirizzo casa</string>
  <string name="map_work">Visualizza indirizzo ufficio</string>
  <string name="map_other">Visualizza indirizzo</string>
  <string name="map_custom">Visualizza indirizzo %s</string>
  <string name="chat_aim">Chatta su AIM</string>
  <string name="chat_msn">Chatta su Windows Live</string>
  <string name="chat_yahoo">Chatta su Yahoo</string>
  <string name="chat_skype">Chatta su Skype</string>
  <string name="chat_qq">Chatta su QQ</string>
  <string name="chat_gtalk">Chatta su Google Talk</string>
  <string name="chat_icq">Chatta su ICQ</string>
  <string name="chat_jabber">Chatta su Jabber</string>
  <string name="chat">Chatta</string>
  <string name="postal_street">Indirizzo postale</string>
  <string name="postal_pobox">Casella postale</string>
  <string name="postal_neighborhood">Zona</string>
  <string name="postal_city">Città</string>
  <string name="postal_region">Provincia</string>
  <string name="postal_postcode">Codice postale</string>
  <string name="postal_country">Paese</string>
  <string name="name_given">Nome fornito</string>
  <string name="name_family">Cognome</string>
  <string name="name_prefix">Prefisso nome</string>
  <string name="name_middle">Secondo nome</string>
  <string name="name_suffix">Suffisso nome</string>
  <string name="name_phonetic_given">Nome fonetico fornito</string>
  <string name="name_phonetic_middle">Secondo nome fonetico</string>
  <string name="name_phonetic_family">Cognome fonetico</string>
  <string name="account_type_format">Contatto da %1$s</string>
  <string name="from_account_format">da %1$s</string>
  <string name="use_photo_as_primary">Utilizza questa foto</string>
  <string name="contact_read_only">Informazioni del contatto da %1$s non modificabili su questo dispositivo.</string>
  <string name="no_contact_details">Nessuna informazione aggiuntiva per questo contatto</string>
  <string name="search_bar_hint">Cerca contatti</string>
  <string name="search_for_all_contacts">Cerca in tutti i contatti</string>
  <string name="take_photo">Scatta una foto</string>
  <string name="pick_photo">Seleziona una foto dalla Galleria</string>
  <string name="locale_change_in_progress">Lista dei contatti in aggiornamento per riflettere il cambiamento della lingua. \n\nAttendere prego...</string>
  <string name="upgrade_in_progress">Lista dei contatti in aggiornamento. \n\nAttendere prego...</string>
  <string name="upgrade_out_of_memory">I contatti stano per essere aggiornati.\n\nIl processo richiede %dMb circa di memoria interna del telefono. \n\nScegli una delle seguenti opzioni:</string>
  <string name="upgrade_out_of_memory_uninstall">Disinstalla alcune applicazioni</string>
  <string name="upgrade_out_of_memory_retry">Riprova l\'aggiornamento</string>
  <string name="search_results_for">Risultati della ricerca per: %s</string>
  <string name="search_results_searching">Ricerca in corso...</string>
  <string name="callNoAnswerTimeFormat">%schiamate perse</string>
  <string name="numberCountFormat">%sNumeri</string>
  <string name="menu_display_all">Mostra tutti i contatti</string>
  <string name="menu_display_only_phones">Mostra solo i contatti con numeri di telefono</string>
  <string name="contactsGroupsLabel">Gruppi</string>
  <string name="group_summary_format">%s membri</string>
  <string name="no_member">Gruppo vuoto</string>
  <string name="applyGroupsSelection">Aggiornamento delle impostazioni del gruppo...</string>
  <string name="no_availablePhone">Questo contatto non ha un numero di telefono</string>
  <string name="add_group_member">Aggiungi nuovo membro</string>
  <string name="group_name_contacts">Contatti</string>
  <string name="group_name_friends">Amici</string>
  <string name="group_name_family">Famiglia</string>
  <string name="group_name_coworkers">Colleghi</string>
  <string name="group_name_important">Speciali</string>
  <string name="group_name_life_info">Lifestyle</string>
  <string name="group_name_white_list">White list</string>
  <string name="group_name_black_list">Black List</string>
  <string name="button_manage_groups">Modifica</string>
  <string name="button_back">Torna indietro</string>
  <string name="button_remove_contacts">Elimina contatto</string>
  <string name="duplicatedGroupNameHelpText">Il nome del gruppo non può essere lo stesso di uno già esistente</string>
  <string name="system_groups_unchangable">Questo gruppo è predefinito e non può essere rinominato o eliminato</string>
  <string name="menu_add">Aggiungi</string>
  <string name="menu_remove">Rimuovi</string>
  <string name="create_new_group">Nuovo gruppo</string>
  <string name="manage_groups">Modifica</string>
  <string name="menu_viewGroup">Visualizza gruppi</string>
  <string name="menu_deleteGroup">Elimina gruppo</string>
  <string name="menu_editGroupName">Modifica il nome dei gruppi</string>
  <string name="input_group_name_hint">Inserisci il nome del gruppo</string>
  <string name="notification_invalid_group_name">Il nome del gruppo non può essere vuoto</string>
  <string name="add_to_group_format">Aggiungi a%s</string>
  <string name="name_full">Nome</string>
  <string name="add_more_items">Aggiungi un altro</string>
  <string name="saveConfirmationTitle">Salva contatto</string>
  <string name="saveConfirmationBody">Salvare le modifiche al contatto</string>
  <string name="saveConfirmationYes">Salva</string>
  <string name="saveConfirmationNo">Non salvato</string>
  <string name="import_from_account">Importa da altri account</string>
  <string name="select_account_import_from">Seleziona da quale account importare</string>
  <string name="importing_from_account">Importando i contatti dall\'account</string>
  <string name="fail_message_account_needed">Per favore, prima configurare correttamente l\'account</string>
  <string name="success_message_import_from_account">Importazione completata con successo</string>
  <string name="date_day">Giorni</string>
  <string name="fast_scroll_alphabet">\#ABCDEFGHIJKLMNOPQRSTUVWXYZ</string>
  <string name="belong_no_group">Non appartiene a nessun gruppo</string>
  <string name="menu_remove_member">Rimuovi contatto</string>
  <string name="removeConfirmation_title">Conferma rimozione</string>
  <string name="menu_add_favorite_contact">Aggiungi contatto ai Preferiti</string>
  <string name="menu_group_sms">invio SMS di gruppo</string>
  <string name="menu_group_ringtone">Suonerie di gruppo</string>
  <string name="menu_add_member">Aggiungi contatti</string>
  <string name="menu_callIpNumber">Chiama telefono IP (chiama %s)</string>
  <string name="menu_clearDefaultNumber">Elimina numero predefinito</string>
  <string name="menu_clearDefaultEmail">impostazioni predefinite</string>
  <string name="favoriteContactDescription">Aggiungi ai preferiti</string>
  <string name="unfavoriteContactDescription">Cancellati</string>
  <string name="shareContactDescription">Contatti condivisi</string>
  <string name="titlePickOrCreateNewContact">Scegli uno esistente o crea un nuovo contatto</string>
  <string name="titlePickContactNumber">Seleziona numero</string>
  <string name="fixedPhoneLabel">Numero di telefonia fissa</string>
  <string name="fixedFaxLabel">Fax</string>
  <string name="goto_album">Vai all\'album</string>
  <string name="recommneded_photos">Foto consigliate</string>
  <string name="downloading_photos">Download immagine contatto</string>
  <string name="callButtonText">Chiama</string>
  <string name="callrecordview_menu_phone_all">Mostra tutte le chiamate</string>
  <string name="callrecordview_menu_phone_missed">Mostra solo le chiamate senza risposta</string>
  <string name="callrecordview_menu_delete_one">Cancella Cronologia chiamate</string>
  <string name="callrecordview_menu_delete_stranger">Cancella dalla cronologia le chiamate sconosciute</string>
  <string name="callrecordview_menu_delete_all">Cancella tutta la Cronologia delle chiamate</string>
  <string name="callrecordview_menu_set">Impostazioni</string>
  <string name="callrecordview_more">Visualizza le chiamate precedenti</string>
  <string name="callrecordview_more_title">Tutte le conversazioni con%s</string>
  <string name="callrecordview_item_calls">%dsecondi di conversazioni</string>
  <string name="callrecordview_item_op_time_missed">Cronologia chiamate perse</string>
  <string name="callrecordview_item_op_time_short_incoming">Minuti %d secondi</string>
  <string name="callrecordview_item_op_time_short_outgoing">Secondi trascorsi</string>
  <string name="callDetailsDurationFormat_incoming">Minuti %1$s %2$s secondi</string>
  <string name="callDetailsDurationFormat_outgoing">Minuti %1$s %2$s secondi</string>
  <string name="group_delete_confirmation">Il gruppo verrà cancellato</string>
  <string name="no_sms_availabe_contact_in_group">Il gruppo non ha contatti a cui inviare messaggi di testo</string>
  <string name="showDialpadTip">toccare qui per aprire la tastiera</string>
  <string name="set_ringtone_for_group_members_success">Suoneria di gruppo impostata correttamente</string>
  <string name="noContactHelpText">Contatto inesistente, è possibile</string>
  <string name="noFavoriteHelpText">Non esiste un gruppo, è possibile</string>
  <string name="noGroupMemberHelpText">Nessun contatto appartenente al gruppo.  \n\nPer aggiungere un contatto premi, quindi seleziona il contatto da inserire nel gruppo \n</string>
  <string name="noContactHelpTextAccounts">Impostazioni account e sincronizzazione</string>
  <string name="noContactHelpTextImportSim">Importa i contatti dalla scheda SIM</string>
  <string name="noContactHelpTextImportSD">Importa i contatti dalla scheda SD</string>
  <string name="noContactHelpTextAddContact">Crea un nuovo contatto</string>
  <string name="noContactHelpTextAddStarred">Preferiti</string>
  <string name="noContactHelpTextAddMember">Aggiungi contatto al gruppo</string>
</resources>
