<?xml version="1.0" encoding="utf-8"?>
<!--Generated by crowdin.net-->
<resources>
  <string name="app_name">Radio FM</string>
  <string name="tx_app_name">Trasmissione FM</string>
  <string name="preset_delete">Cancella preset</string>
  <string name="stat_notif_frequency">Frequenza FM %1$s Mhz</string>
  <string name="sel_band_menu">Seleziona banda</string>
  <string name="settings_menu">Impostazioni</string>
  <string name="regional_band">Banda</string>
  <string name="aud_output_mode">Modalità Uscita Audio</string>
  <string name="sel_audio_output">Seleziona uscita audio</string>
  <string name="record_dur">Durata Registrazione</string>
  <string name="sel_rec_dur">Seleziona Durata Registrazione</string>
  <string name="auto_select_af">Frequenza alternativa</string>
  <string name="auto_select_af_enabled">Selezione automatica attivata</string>
  <string name="auto_select_af_disabled">Selezione automatica disattivata</string>
  <string name="fac_defaults">Ripristina impostazioni di fabbrica</string>
  <string name="revert_to_fac">Ripristina impostazioni iniziali</string>
  <string name="settings_back">Indietro</string>
  <string name="settings_revert_confirm_title">Conferma ripristino impostazioni</string>
  <string name="settings_revert_confirm_msg">Eliminerà tutte le impostazioni, inclusi i preset</string>
  <string name="settings_back_summary">Indietro</string>
  <string name="settings_revert_defaults_title">Ripristina impostazioni iniziali</string>
  <string name="settings_revert_defaults_summary">Ripristina le impostazioni</string>
  <string name="alert_dialog_ok">Conferma</string>
  <string name="alert_dialog_cancel">Annulla</string>
  <string name="preset_search">Ricerca %1$s</string>
  <string name="fm_command_failed_title">Operazione fallita</string>
  <string name="fm_cmd_failed_msg">Operazione non riuscita. Le possibili cause sono: le cuffie non sono collegate, il Bluetooth non è abilitato, si sta effettuando una chiamata, la radio FM è stata chiusa. Riprovare dopo aver premuto il pulsante ON / OFF, quindi riavviare la radio FM.</string>
  <string name="durationformat">%2$d:%5$02d</string>
  <string name="frequency_string">Frequenza</string>
  <string name="stat_no_fm">Radio FM spenta</string>
  <string name="need_headset_for_antenna">Errore! Collegare il cavo delle cuffie come antenna FM</string>
  <string name="init_FM">Attendere prego, si sta abilitando il Bluetooth per attivare la radio FM...</string>
  <string name="need_bluetooth">Attenzione! Abilita il Bluetooth per ascoltare la radio</string>
</resources>
