<?xml version="1.0" encoding="utf-8"?>
<!--Generated by crowdin.net-->
<resources>
  <string name="cancel">Annulla</string>
  <string name="copy">Copia</string>
  <string name="copyUrl">Copia URL</string>
  <string name="cut">Taglia</string>
  <string name="defaultVoiceMailAlphaTag">Casella vocale</string>
  <string name="defaultMsisdnAlphaTag">MSISDN1</string>
  <string name="emptyPhoneNumber">(nessun numero telefonico)</string>
  <string name="httpErrorBadUrl">La pagina non può essere aperta perchè l\'URL non è valido.</string>
  <string name="httpErrorUnsupportedScheme">Protocollo non supportato.</string>
  <string name="no">Annulla</string>
  <string name="ok">OK</string>
  <string name="paste">Incolla</string>
  <string name="search_go">Cerca</string>
  <string name="selectAll">Seleziona tutto</string>
  <string name="unknownName">(Sconosciuto)</string>
  <string name="untitled"><senza titolo></string>
  <string name="VideoView_error_button">OK</string>
  <string name="VideoView_error_text_unknown">Sfortunatamente il video non può essere riprodotto.</string>
  <string name="VideoView_error_title">Impossibile riprodurre il video</string>
  <string name="yes">Conferma</string>
  <string name="dialog_alert_title">Attenzione</string>
  <string name="VideoView_error_text_invalid_progressive_playback">Sfortunatamente questo video non è valido per lo streaming su questo dispositivo.</string>
  <string name="config_tether_apndata">Configura tether APN</string>
  <string name="config_networkLocationProvider">com.google.android.location.NetworkLocationProvider</string>
  <string name="config_geocodeProvider">com.google.android.location.GeocodeProvider</string>
  <string name="config_datause_iface">rmnet0</string>
  <string name="month_long_standalone_january">Gennaio</string>
  <string name="month_long_standalone_february">Febbraio</string>
  <string name="month_long_standalone_march">Marzo</string>
  <string name="month_long_standalone_april">Aprile</string>
  <string name="month_long_standalone_may">Maggio</string>
  <string name="month_long_standalone_june">Giugno</string>
  <string name="month_long_standalone_july">Luglio</string>
  <string name="month_long_standalone_august">Agosto</string>
  <string name="month_long_standalone_september">Settembre</string>
  <string name="month_long_standalone_october">Ottobre</string>
  <string name="month_long_standalone_november">Novembre</string>
  <string name="month_long_standalone_december">Dicembre</string>
  <string name="month_long_january">Gennaio</string>
  <string name="month_long_february">Febbraio</string>
  <string name="month_long_march">Marzo</string>
  <string name="month_long_april">Aprile</string>
  <string name="month_long_may">Maggio</string>
  <string name="month_long_june">Giugno</string>
  <string name="month_long_july">Luglio</string>
  <string name="month_long_august">Agosto</string>
  <string name="month_long_september">Settembre</string>
  <string name="month_long_october">Ottobre</string>
  <string name="month_long_november">Novembre</string>
  <string name="month_long_december">Dicembre</string>
  <string name="month_medium_january">Gen</string>
  <string name="month_medium_february">Feb</string>
  <string name="month_medium_march">Mar</string>
  <string name="month_medium_april">Apr</string>
  <string name="month_medium_may">Mag</string>
  <string name="month_medium_june">Giu</string>
  <string name="month_medium_july">Lug</string>
  <string name="month_medium_august">Ago</string>
  <string name="month_medium_september">Set</string>
  <string name="month_medium_october">Ott</string>
  <string name="month_medium_november">Nov</string>
  <string name="month_medium_december">Dic</string>
  <string name="month_shortest_january">J</string>
  <string name="month_shortest_february">F</string>
  <string name="month_shortest_march">M</string>
  <string name="month_shortest_april">A</string>
  <string name="month_shortest_may">M</string>
  <string name="month_shortest_june">J</string>
  <string name="month_shortest_july">J</string>
  <string name="month_shortest_august">A</string>
  <string name="month_shortest_september">S</string>
  <string name="month_shortest_october">O</string>
  <string name="month_shortest_november">N</string>
  <string name="month_shortest_december">D</string>
  <string name="day_of_week_long_sunday">Domenica</string>
  <string name="day_of_week_long_monday">Lunedì</string>
  <string name="day_of_week_long_tuesday">Martedì</string>
  <string name="day_of_week_long_wednesday">Mercoledì</string>
  <string name="day_of_week_long_thursday">Giovedì</string>
  <string name="day_of_week_long_friday">Venerdì</string>
  <string name="day_of_week_long_saturday">Sabato</string>
  <string name="day_of_week_medium_sunday">Dom</string>
  <string name="day_of_week_medium_monday">Lun</string>
  <string name="day_of_week_medium_tuesday">Mar</string>
  <string name="day_of_week_medium_wednesday">Mer</string>
  <string name="day_of_week_medium_thursday">Gio</string>
  <string name="day_of_week_medium_friday">Ven</string>
  <string name="day_of_week_medium_saturday">Sab</string>
  <string name="day_of_week_short_sunday">Dom</string>
  <string name="day_of_week_short_monday">Lu</string>
  <string name="day_of_week_short_tuesday">Ma</string>
  <string name="day_of_week_short_wednesday">Me</string>
  <string name="day_of_week_short_thursday">Gi</string>
  <string name="day_of_week_short_friday">Ve</string>
  <string name="day_of_week_short_saturday">Sa</string>
  <string name="day_of_week_shortest_sunday">D</string>
  <string name="day_of_week_shortest_monday">L</string>
  <string name="day_of_week_shortest_tuesday">M</string>
  <string name="day_of_week_shortest_wednesday">M</string>
  <string name="day_of_week_shortest_thursday">G</string>
  <string name="day_of_week_shortest_friday">V</string>
  <string name="day_of_week_shortest_saturday">S</string>
  <string name="am">am</string>
  <string name="pm">pm</string>
  <string name="yesterday">Ieri</string>
  <string name="today">Oggi</string>
  <string name="tomorrow">Domani</string>
  <string name="hour_minute_24">%H:%M</string>
  <string name="hour_minute_ampm">%-l:%M%p</string>
  <string name="hour_minute_cap_ampm">%-l:%M%^p</string>
  <string name="twelve_hour_time_format">o:mm a</string>
  <string name="twenty_four_hour_time_format">OO:mm</string>
  <string name="numeric_date">%-m/%-e/%Y</string>
  <string name="numeric_date_format">M/g/aaaa</string>
  <string name="numeric_date_template">%s/%s/%s</string>
  <string name="month_day_year">%B %-e, %Y</string>
  <string name="time_of_day">%-l:%M:%S %p</string>
  <string name="date_and_time">%b %-e, %Y, %-l:%M:%S %p</string>
  <string name="date_time">%1$s, %2$s</string>
  <string name="time_date">%1$s, %3$s</string>
  <string name="abbrev_month_day_year">%b %-e, %Y</string>
  <string name="month_day">%B %-e</string>
  <string name="month">%-B</string>
  <string name="month_year">%B %Y</string>
  <string name="abbrev_month_day">%b %-e</string>
  <string name="abbrev_month">%-b</string>
  <string name="abbrev_month_year">%b %Y</string>
  <string name="time1_time2">%1$s – %2$s</string>
  <string name="date1_date2">%2$s – %5$s</string>
  <string name="numeric_md1_md2">%2$s/%3$s – %7$s/%8$s</string>
  <string name="numeric_wday1_md1_wday2_md2">%1$s, %2$s/%3$s – %6$s, %7$s/%8$s</string>
  <string name="numeric_mdy1_mdy2">%2$s/%3$s/%4$s – %7$s/%8$s/%9$s</string>
  <string name="numeric_wday1_mdy1_wday2_mdy2">%1$s, %2$s/%3$s/%4$s – %6$s, %7$s/%8$s/%9$s</string>
  <string name="numeric_wday1_mdy1_time1_wday2_mdy2_time2">%1$s, %2$s/%3$s/%4$s, %5$s – %6$s, %7$s/%8$s/%9$s, %10$s</string>
  <string name="numeric_md1_time1_md2_time2">%2$s/%3$s, %5$s – %7$s/%8$s, %10$s</string>
  <string name="numeric_wday1_md1_time1_wday2_md2_time2">%1$s, %2$s/%3$s, %5$s – %6$s, %7$s/%8$s, %10$s</string>
  <string name="numeric_mdy1_time1_mdy2_time2">%2$s/%3$s/%4$s, %5$s – %7$s/%8$s/%9$s, %10$s</string>
  <string name="wday1_date1_time1_wday2_date2_time2">%1$s, %2$s, %3$s – %4$s, %5$s, %6$s</string>
  <string name="wday1_date1_wday2_date2">%1$s, %2$s – %4$s, %5$s</string>
  <string name="date1_time1_date2_time2">%2$s, %3$s – %5$s, %6$s</string>
  <string name="time_wday_date">%1$s, %2$s, %3$s</string>
  <string name="wday_date">%2$s, %3$s</string>
  <string name="time_wday">%1$s, %2$s</string>
  <string name="same_year_md1_md2">%2$s %3$s – %7$s %8$s</string>
  <string name="same_year_wday1_md1_wday2_md2">%1$s, %2$s %3$s – %6$s, %7$s %8$s</string>
  <string name="same_year_md1_time1_md2_time2">%2$s %3$s, %5$s – %7$s %8$s, %10$s</string>
  <string name="same_month_md1_time1_md2_time2">%2$s %3$s, %5$s – %7$s %8$s, %10$s</string>
  <string name="same_year_wday1_md1_time1_wday2_md2_time2">%1$s, %2$s %3$s, %5$s – %6$s, %7$s %8$s, %10$s</string>
  <string name="same_month_wday1_md1_time1_wday2_md2_time2">%1$s, %2$s %3$s, %5$s – %6$s, %7$s %8$s, %10$s</string>
  <string name="same_year_mdy1_time1_mdy2_time2">%2$s %3$s, %4$s, %5$s – %7$s %8$s, %9$s, %10$s</string>
  <string name="same_month_mdy1_time1_mdy2_time2">%2$s %3$s, %4$s, %5$s – %7$s %8$s, %9$s, %10$s</string>
  <string name="same_year_wday1_mdy1_time1_wday2_mdy2_time2">%1$s, %2$s %3$s, %4$s, %5$s – %6$s, %7$s %8$s, %9$s, %10$s</string>
  <string name="same_month_wday1_mdy1_time1_wday2_mdy2_time2">%1$s, %2$s %3$s, %4$s, %5$s – %6$s, %7$s %8$s, %9$s, %10$s</string>
  <string name="same_month_wday1_mdy1_wday2_mdy2">%1$s, %2$s %3$s, %4$s – %6$s, %7$s %8$s, %9$s</string>
  <string name="same_month_md1_md2">%2$s %3$s – %8$s</string>
  <string name="same_month_wday1_md1_wday2_md2">%1$s, %2$s %3$s – %6$s, %7$s %8$s</string>
  <string name="same_year_mdy1_mdy2">%2$s %3$s – %7$s %8$s, %9$s</string>
  <string name="same_month_mdy1_mdy2">%2$s %3$s – %8$s, %9$s</string>
  <string name="same_year_wday1_mdy1_wday2_mdy2">%1$s, %2$s %3$s – %6$s, %7$s %8$s, %9$s</string>
  <string name="short_format_month">%b</string>
  <string name="full_wday_month_day_no_year">EEEE, d MMMM</string>
  <string name="abbrev_wday_month_day_year">EEE, d MMM, yyyy</string>
  <string name="common_name_prefixes">Prefisso nome</string>
  <string name="common_name_suffixes">Suffisso nome</string>
  <string name="common_last_name_prefixes">Prefisso cognome</string>
  <string name="common_name_conjunctions">Congiuntivo nome</string>
  <string name="default_text_encoding">Latin-1</string>
  <string name="lock_pattern_view_aspect">quadrato</string>
  <string name="byteShort">B</string>
  <string name="kilobyteShort">KB</string>
  <string name="megabyteShort">MB</string>
  <string name="gigabyteShort">GB</string>
  <string name="terabyteShort">TB</string>
  <string name="petabyteShort">PB</string>
  <string name="fileSizeSuffix">%1$s%2$s</string>
  <string name="ellipsis">…</string>
  <string name="mmiError">Problema di connessione o codice MMI non valido.</string>
  <string name="serviceEnabled">Rete abilitata.</string>
  <string name="serviceEnabledFor">Servizio abilitato per:</string>
  <string name="serviceDisabled">Rete disabilitata.</string>
  <string name="serviceRegistered">Registrazione alla rete effettuata.</string>
  <string name="serviceErased">Cancellazione completata.</string>
  <string name="passwordIncorrect">Password non corretta.</string>
  <string name="mmiComplete">MMI completato.</string>
  <string name="badPin">Il vecchio PIN inserito non è corretto.</string>
  <string name="badPuk">Il PUK inserito non è corretto.</string>
  <string name="mismatchPin">I codici PIN inseriti non corrispondono.</string>
  <string name="invalidPin">Inserisci un PIN da 4 ad 8 cifre.</string>
  <string name="needPuk">La tua carta è bloccata dal codice PUK. Inserisci il codice PUK per sbloccarla.</string>
  <string name="needPuk2">Inserisci il PUK2 per sbloccare la SIM card.</string>
  <string name="ClipMmi">Ricezione identificativo chiamante</string>
  <string name="ClirMmi">Invio numero chiamante</string>
  <string name="CfMmi">Inoltro chiamata</string>
  <string name="CwMmi">Chiamata in attesa</string>
  <string name="BaMmi">Blocco chiamate</string>
  <string name="PwdMmi">Cambio password</string>
  <string name="PinMmi">Cambio PIN</string>
  <string name="CnipMmi">Numero del chiamante non nascosto</string>
  <string name="CnirMmi">Numero del chiamante nascosto</string>
  <string name="ThreeWCMmi">Chiamata in conferenza</string>
  <string name="RuacMmi">Rifiuto di chiamate non desiderate</string>
  <string name="CndMmi">Invio numero del chiamante</string>
  <string name="DndMmi">Non disturbare</string>
  <string name="CLIRDefaultOnNextCallOn">Informazioni chiamante nascoste. Prossima chiamata: Nascoste</string>
  <string name="CLIRDefaultOnNextCallOff">Informazioni chiamante nascoste. Prossima chiamata: Non nascoste</string>
  <string name="CLIRDefaultOffNextCallOn">Informazioni chiamante non nascoste. Prossima chiamata: Nascoste</string>
  <string name="CLIRDefaultOffNextCallOff">Informazioni Chiamante non nascoste. Prossima chiamata: Non nascoste</string>
  <string name="serviceNotProvisioned">Servizio non fornito.</string>
  <string name="CLIRPermanent">Le impostazioni dell\'ID della chiamata non possono essere cambiate.</string>
  <string name="RestrictedChangedTitle">Cambiato l\'accesso riservato</string>
  <string name="RestrictedOnData">Servizio dati è bloccato.</string>
  <string name="RestrictedOnEmergency">Servizio emergenze è bloccato.</string>
  <string name="RestrictedOnNormal">Servizio voce è bloccato.</string>
  <string name="RestrictedOnAllVoice">Tutti i servizi voce sono bloccati.</string>
  <string name="RestrictedOnSms">Servizio sms è bloccato.</string>
  <string name="RestrictedOnVoiceData">Servizio voce/dati sono bloccati.</string>
  <string name="RestrictedOnVoiceSms">Servizio voce/sms bloccato.</string>
  <string name="RestrictedOnAll">Tutti i servizi voce/dati/sms sono bloccati.</string>
  <string name="serviceClassVoice">Voce</string>
  <string name="serviceClassData">Dati</string>
  <string name="serviceClassFAX">FAX</string>
  <string name="serviceClassSMS">SMS</string>
  <string name="serviceClassDataAsync">Desincronizza</string>
  <string name="serviceClassDataSync">Sincronizza</string>
  <string name="serviceClassPacket">Pacchetto</string>
  <string name="serviceClassPAD">PAD</string>
  <string name="roamingText0">Indicatore roaming acceso</string>
  <string name="roamingText1">Indicatore di roaming spento</string>
  <string name="roamingText2">Indicatore intermittente di Roaming</string>
  <string name="roamingText3">Out of Neighborhood</string>
  <string name="roamingText4">Out of Building</string>
  <string name="roamingText5">Roaming - Sistema Preferito</string>
  <string name="roamingText6">Roaming - Sistemi Disponibili</string>
  <string name="roamingText7">Roaming - Alleanza Partner</string>
  <string name="roamingText8">Roaming - Premium Partner</string>
  <string name="roamingText9">Roaming - Servizio pienamente funzionante</string>
  <string name="roamingText10">Roaming - Funzionalità di rete parziali</string>
  <string name="roamingText11">Roaming Banner Attivo</string>
  <string name="roamingText12">Banner di roaming DISATTIVATO</string>
  <string name="roamingTextSearching">Ricerca Rete</string>
  <string name="cfTemplateNotForwarded">{0}: Non inoltrato</string>
  <string name="cfTemplateForwarded">{0}: {1}</string>
  <string name="cfTemplateForwardedTime">{0}: {1} dopo {2} secondi</string>
  <string name="cfTemplateRegistered">{0}: Non inoltrato</string>
  <string name="cfTemplateRegisteredTime">{0}: Non inoltrato</string>
  <string name="fcComplete">Caratteristica di codice completa.</string>
  <string name="fcError">Problema di connessione o caratteristica di codice non supportata.</string>
  <string name="httpErrorOk">Conferma</string>
  <string name="httpError">La pagina Web contiene un errore.</string>
  <string name="httpErrorLookup">Impossibile trovare l\'URL.</string>
  <string name="httpErrorUnsupportedAuthScheme">Lo schema di autenticazione del sito non è supportato.</string>
  <string name="httpErrorAuth">Autenticazione fallita.</string>
  <string name="httpErrorProxyAuth">L\'autenticazione al proxy non ha avuto successo.</string>
  <string name="httpErrorConnect">Connessione fallita al server.</string>
  <string name="httpErrorIO">Comunicazione col server fallita. Riprova più tardi.</string>
  <string name="httpErrorTimeout">La connessione al server è scaduta.</string>
  <string name="httpErrorRedirectLoop">La pagina contiene troppi redirect tra server.</string>
  <string name="httpErrorFailedSslHandshake">Non è possibile stabilire una connessione sicura.</string>
  <string name="httpErrorFile">Accesso al file non consentito.</string>
  <string name="httpErrorFileNotFound">Il file richiesto non è stato trovato.</string>
  <string name="httpErrorTooManyRequests">Troppe richieste sono state elaborate. Ritenta più tardi.</string>
  <string name="notification_title">Errore di autenticazione per %1$s</string>
  <string name="contentServiceSync">Sincronizza</string>
  <string name="contentServiceSyncNotificationTitle">Sincronizza</string>
  <string name="contentServiceTooManyDeletesNotificationDesc">Troppi %s eliminati.</string>
  <string name="low_memory">La memoria del telefono è piena! Elimina dei files per liberare spazio.</string>
  <string name="me">Io</string>
  <string name="power_dialog">Impostazioni del Telefono</string>
  <string name="silent_mode">Modalità Silenziosa</string>
  <string name="turn_on_radio">Spegni il wireless</string>
  <string name="turn_off_radio">Spegni wireless</string>
  <string name="screen_lock">Schermata di blocco</string>
  <string name="power_off">Spegni</string>
  <string name="shutdown_progress">Spegnimento...</string>
  <string name="shutdown_confirm">Il telefono si sta spegnendo.</string>
  <string name="recent_tasks_title">Recenti</string>
  <string name="no_recent_tasks">Non ci sono applicazioni recenti.</string>
  <string name="global_actions">Impostazioni del Telefono</string>
  <string name="global_action_lock">Schermata di blocco</string>
  <string name="global_action_power_off">Spegni</string>
  <string name="global_action_toggle_silent_mode">Modalità silenziosa</string>
  <string name="global_action_silent_mode_on_status">Il Suono è DISATTIVATO</string>
  <string name="global_action_silent_mode_off_status">Il Suono è ATTIVO</string>
  <string name="global_actions_toggle_airplane_mode">Modalità Aereo</string>
  <string name="global_actions_airplane_mode_on_status">La modalità Aereo è ACCESA</string>
  <string name="global_actions_airplane_mode_off_status">La modalità Aereo è SPENTA</string>
  <string name="safeMode">Modalità di sicurezza</string>
  <string name="android_system_label">Sistema Android</string>
  <string name="permgrouplab_costMoney">Servizi a pagamento</string>
  <string name="permgroupdesc_costMoney">Consentire alle applicazioni di fare cose che possono costare soldi.</string>
  <string name="permgrouplab_messages">I tuoi messaggi</string>
  <string name="permgroupdesc_messages">Legge e scrive i tuoi SMS, e-mail, e gli altri messaggi.</string>
  <string name="permgrouplab_personalInfo">Le tue informazioni personali</string>
  <string name="permgroupdesc_personalInfo">Accesso diretto ai tuoi contatti e al calendario nel telefono.</string>
  <string name="permgrouplab_location">La tua posizione</string>
  <string name="permgroupdesc_location">Controlla la tua posizione fisica</string>
  <string name="permgrouplab_network">Comunicazione di rete</string>
  <string name="permgroupdesc_network">Permetti alle applicazioni di accedere a varie caratteristiche della rete.</string>
  <string name="permgrouplab_accounts">I tuoi account</string>
  <string name="permgroupdesc_accounts">Accedi agli account disponibili.</string>
  <string name="permgrouplab_hardwareControls">Controlli hardware</string>
  <string name="permgroupdesc_hardwareControls">Accesso diretto all\'hardware del dispositivo.</string>
  <string name="permgrouplab_phoneCalls">Chiamata telefonica</string>
  <string name="permgroupdesc_phoneCalls">Controlla, registra e processa le chiamate telefoniche.</string>
  <string name="permgrouplab_systemTools">Strumenti di sistema</string>
  <string name="permgroupdesc_systemTools">accede al controllo di sistema di basso livello.</string>
  <string name="permgrouplab_developmentTools">Strumenti di sviluppo</string>
  <string name="permgroupdesc_developmentTools">Caratteristiche richieste solo per gli sviluppatori di applicazioni.</string>
  <string name="permgrouplab_storage">Memoria</string>
  <string name="permgroupdesc_storage">Accedi alla carta SD.</string>
  <string name="permlab_statusBar">disabilita o modifica la barra di stato</string>
  <string name="permdesc_statusBar">Permetti ad un\'applicazione di disabilitare la barra di stato o aggiungere e rimuovere le icone di sistema.</string>
  <string name="permlab_expandStatusBar">espandi/contrai la barra di stato</string>
  <string name="permdesc_expandStatusBar">Permetti ad un\'applicazione di espandere o contrarre la barra di stato.</string>
  <string name="permlab_processOutgoingCalls">intercetta chiamate in uscita</string>
  <string name="permdesc_processOutgoingCalls">Permetti ad un\'applicazione di processare le chiamate in uscita e cambiare il numero che viene chiamato. Le applicazioni malevole possono controllare, ridirigere, o prevenire chiamate in uscita.</string>
  <string name="permlab_receiveSms">ricevi SMS</string>
  <string name="permdesc_receiveSms">Permetti ad un\'applicazione di ricevere ed elaborare messaggi SMS. Le applicazioni malevole possono controllare i tuoi messaggi o eliminarli senza mostrarteli.</string>
  <string name="permlab_receiveMms">ricevi MMS</string>
  <string name="permdesc_receiveMms">Permetti ad un\'applicazione di ricevere ed elaborare messaggi MMS. Le applicazioni malevole possono controllare i tuoi messaggi o eliminarli senza mostrarteli.</string>
  <string name="permlab_sendSms">invia messaggi SMS</string>
  <string name="permdesc_sendSms">Permetti ad un\'applicazione di inviare SMS. Le applicazioni malevole possono farti spendere soldi inviando messaggi senza conferma.</string>
  <string name="permlab_readSms">leggi SMS o MMS</string>
  <string name="permdesc_readSms">Permetti ad un\'applicazione di leggere gli SMS memorizzati nel telefono o nella SIM. Le applicazioni malevole possono leggere i messaggi confidenziali.</string>
  <string name="permlab_writeSms">modifica SMS o MMS</string>
  <string name="permdesc_writeSms">Permetti ad un\'applicazione di modificare i messaggi SMS memorizzati nel telefono o nella SIM. Le applicazioni malevole possono eliminare i messaggi.</string>
  <string name="permlab_receiveWapPush">ricevi messaggi WAP</string>
  <string name="permdesc_receiveWapPush">Permetti ad un\'applicazione di ricevere ed elaborare messaggi WAP. Le applicazioni malevole possono controllare i tuoi messaggi o eliminarli senza mostrarteli.</string>
  <string name="permlab_getTasks">recupera applicazioni in esecuzione</string>
  <string name="permdesc_getTasks">Permetti ad un\'applicazione di recuperare informazioni sulle applicazioni in esecuzione o recentemente eseguite. Potrebbe permettere ad applicazioni malevole di scoprire informazioni private sull\'ordine delle applicazioni.</string>
  <string name="permlab_reorderTasks">riordina applicazioni in esecuzione</string>
  <string name="permdesc_reorderTasks">Permetti ad un\'applicazione di spostare le applicazioni in foreground e background. Le applicazioni malevole possono forzare se stesse in foreground senza controllo.</string>
  <string name="permlab_setDebugApp">abilita debug delle applicazioni</string>
  <string name="permdesc_setDebugApp">Permetti ad un\'applicazione di attivare la modalità debug per altre applicazioni. Le applicazioni malevole possono usare questo per terminare le altre applicazioni.</string>
  <string name="permlab_changeConfiguration">cambia impostazioni di interfaccia utente</string>
  <string name="permdesc_changeConfiguration">Permetti ad un\'applicazione di cambiare la configurazione corrente, come la localizzazione e la dimensione del font.</string>
  <string name="permlab_enableCarMode">abilita modalità automobile</string>
  <string name="permdesc_enableCarMode">Permetti ad un\'applicazione di attivare la modalità automobile.</string>
  <string name="permlab_killBackgroundProcesses">chiudi processi in background</string>
  <string name="permdesc_killBackgroundProcesses">Permetti ad un\'applicazione di chiudere applicazioni in background o altre applicazioni, anche se la memoria non è in esaurimento.</string>
  <string name="permlab_forceStopPackages">forza la chiusura di altre applicazioni</string>
  <string name="permdesc_forceStopPackages">Permetti ad un\'applicazione di forzare la chiusura di altre applicazioni.</string>
  <string name="permlab_forceBack">forza la chiusura dell\'applicazione</string>
  <string name="permdesc_forceBack">Permetti ad un\'applicazione di forzare la chiusura di qualunque applicazione in esecuzione e uscire. Non dovrebbe mai essere necessario per le normali applicazioni.</string>
  <string name="permlab_dump">recupera lo stato interno del sistema</string>
  <string name="permdesc_dump">Permetti ad un\'applicazione di recuperare lo stato interno del sistema. Le applicazioni malevole possono recuperare una vasta gamma di informazioni private e di sicurezza di cui non dovrebbero mai avere bisogno.</string>
  <string name="permlab_shutdown">spegnimento parziale</string>
  <string name="permdesc_shutdown">Mette il gestore di attività in uno stato di arresto. Senza eseguire un arresto completo.</string>
  <string name="permlab_stopAppSwitches">impedisci il cambio applicazione</string>
  <string name="permdesc_stopAppSwitches">Impedisci all\'utente di cambiare applicazione.</string>
  <string name="permlab_runSetActivityWatcher">leggi e controlla tutti gli avvii di applicazioni</string>
  <string name="permdesc_runSetActivityWatcher">Permetti ad un\'applicazione di leggere e controllare come il sistema avvia le attività. Le applicazioni malevole possono compromettere completamente il sistema. Questo permesso è necessario solo per lo sviluppo, mai per l\'uso quotidiano dell\'apparecchio.</string>
  <string name="permlab_broadcastPackageRemoved">invia notifica di rimozione di pacchetti</string>
  <string name="permdesc_broadcastPackageRemoved">Permetti ad un\'applicazione di diffondere la notifica che un pacchetto di un\'applicazione è stato rimosso. Le applicazioni malevole possono utilizzare questo per chiudere tutte le altre applicazioni.</string>
  <string name="permlab_broadcastSmsReceived">invia avviso di ricezione SMS</string>
  <string name="permdesc_broadcastSmsReceived">Permetti ad un\'applicazione di diffondere una notifica di ricezione SMS. Le applicazioni malevole possono creare SMS falsi.</string>
  <string name="permlab_broadcastWapPush">diffondi la ricezione di notifica WAP-PUSH</string>
  <string name="permdesc_broadcastWapPush">Permetti ad un\'applicazione di diffondere una notifica che è stato ricevuto un messaggio WAP PUSH. Le applicazioni malevole possono creare una falsa notifica MMS cambiando silenziosamente l\'indirizzo con una variante malevola.</string>
  <string name="permlab_setProcessLimit">limita il numero di processi in esecuzione</string>
  <string name="permdesc_setProcessLimit">Permetti ad un\'applicazione di controllare il numero massimo dei processi che verranno eseguiti. Mai richiesto per applicazioni normali.</string>
  <string name="permlab_setAlwaysFinish">chiudi tutte le applicazioni in background</string>
  <string name="permdesc_setAlwaysFinish">Permetti ad un\'applicazione di controllare se le attività sono sempre terminate quando vanno in background. Mai richiesto per le normali applicazioni.</string>
  <string name="permlab_batteryStats">modifica le statistiche della batteria</string>
  <string name="permdesc_batteryStats">Permetti la modifica delle statistiche di batteria raccolte. Non necessario per le normali applicazioni.</string>
  <string name="permlab_backup">controlla backup e ripristino di sistema</string>
  <string name="permdesc_backup">Permetti ad un\'applicazione di controllare il backup di sistema e il meccanismo di ripristino. Non richiesto per le normali applicazioni.</string>
  <string name="permlab_internalSystemWindow">mostra finestre non autorizzate</string>
  <string name="permdesc_internalSystemWindow">Permetti ad un\'applicazione di di creare delle finestre che sono ideate per l\'interfaccia interna del sistema. Non per le applicazioni normali.</string>
  <string name="permlab_systemAlertWindow">mostra avvertenze sul system-level</string>
  <string name="permdesc_systemAlertWindow">Permetti ad un\'applicazione di mostrare la finestra di allerta di sistema. I programmi malevoli possono usare questa funzione per prendere possesso dell\'intero schermo.</string>
  <string name="permlab_setAnimationScale">modifica la velocità globale delle animazioni</string>
  <string name="permdesc_setAnimationScale">Permetti ad un\'applicazione di cambiare la velocità generale delle animazioni (animazioni più lente o più veloci) in ogni momento.</string>
  <string name="permlab_manageAppTokens">gestisci i token delle applicazioni</string>
  <string name="permdesc_manageAppTokens">Permetti ad un\'applicazione di creare e gestire i propri token, bypassando il normale ordinamento Z. Non dovrebbe mai essere richiesto per le applicazioni normali.</string>
  <string name="permlab_injectEvents">Premi tasti e bottoni di controllo</string>
  <string name="permdesc_injectEvents">Permetti ad un\'applicazione di inviare i propri eventi di input (pressione tasti, ecc.) ad altre applicazioni. Le applicazioni malevole potrebbero usare questo per appropriarsi del telefono.</string>
  <string name="permlab_readInputState">registra quello che scrivi e le azioni che compi</string>
  <string name="permdesc_readInputState">Permetti ad un\'applicazione di leggere i tasti premuti anche se interagisci con un\'altra applicazione (come l\'inserimento di una password). Non dovrebbe essere mai richiesto per applicazioni normali.</string>
  <string name="permlab_bindInputMethod">associa un metodo di inserimento</string>
  <string name="permdesc_bindInputMethod">Permette al titolare di impegnare l\'interfaccia di livello superiore di un metodo di inserimento (tastiera touch screen). Non dovrebbe mai essere necessario per le normali applicazioni.</string>
  <string name="permlab_bindWallpaper">aggancia allo sfondo</string>
  <string name="permdesc_bindWallpaper">Permetti all\'utilizzatore di agganciarsi all\'interfaccia di livello più alto dello sfondo. Non dovrebbe essere richiesto per le normali applicazioni.</string>
  <string name="permlab_bindDeviceAdmin">interagisci con un amministratore del dispositivo</string>
  <string name="permdesc_bindDeviceAdmin">Permette all\'utilizzatore di inviare intenti all\'amministratore del dispositivo. Non dovrebbe essere richiesta per applicazioni normali.</string>
  <string name="permlab_setOrientation">cambia orientamento dello schermo</string>
  <string name="permdesc_setOrientation">Permetti ad un\'applicazione di cambiare la rotazione dello schermo in qualunque momento. Non dovrebbe mai essere richiesto per applicazioni normali.</string>
  <string name="permlab_signalPersistentProcesses">inviare segnali Linux alle applicazioni</string>
  <string name="permdesc_signalPersistentProcesses">Permetti ad un\'applicazione di richiedere che il segnale fornito venga inviato a tutti i processi persistenti.</string>
  <string name="permlab_persistentActivity">rendi l\'applicazione sempre in esecuzione</string>
  <string name="permdesc_persistentActivity">Permetti ad un\'applicazione di rendere una sua parte persistente, di modo che il sistema non possa usarla per altre applicazioni.</string>
  <string name="permlab_deletePackages">elimina applicazioni</string>
  <string name="permdesc_deletePackages">Consenti a un\'applicazione di cancellare i pacchetti Android. Le applicazioni dannose possono usare questa funzione per eliminare applicazioni importanti.</string>
  <string name="permlab_clearAppUserData">elimina i dati delle altre applicazioni</string>
  <string name="permdesc_clearAppUserData">Consente a un\'applicazione di cancellare i dati utente.
</string>
  <string name="permlab_deleteCacheFiles">elimina la cache delle altre applicazioni</string>
  <string name="permdesc_deleteCacheFiles">Consenti ad una applicazione di cancellare i file della cache.</string>
  <string name="permlab_getPackageSize">misura lo spazio richiesto dall\'applicazione</string>
  <string name="permdesc_getPackageSize">Consente a un\'applicazione di recuperare il suo codice, i dati e le dimensioni della cache</string>
  <string name="permlab_installPackages">installa direttamente le applicazioni</string>
  <string name="permdesc_installPackages">Consente a un\'applicazione di installare pacchetti Android nuovi o aggiornati. Le applicazioni dannose possono usare questa funzione per aggiungere nuove applicazioni con autorizzazioni totalmente arbitrarie.</string>
  <string name="permlab_clearAppCache">cancellare tutta la cache dell\'applicazione</string>
  <string name="permdesc_clearAppCache">Consente a un\'applicazione liberare la memoria del telefono eliminando file nella directory della cache dell\'applicazione. L\'accesso è di solito limitato ai processi di sistema.</string>
  <string name="permlab_movePackage">Sposta le applicazioni</string>
  <string name="permdesc_movePackage">Consente a un\'applicazione di spostare le applicazioni dalla memoria interna a quella  esterna e viceversa.</string>
  <string name="permlab_readLogs">Leggere i file log di sistema</string>
  <string name="permdesc_readLogs">Permette ad un\'applicazione di leggere i log di sistema. Questo permette di trovare informazioni generali su quello che fai con il telefono, ma non dovrebbero contenere nessun dato personale o privato.</string>
  <string name="permlab_diagnostic">lettura/scrittura alle risorse di diagnosi</string>
  <string name="permdesc_diagnostic">Permette ad un\'applicazione di leggere e scrivere su ogni risorsa di proprietà del gruppo di diagnosi; per esempio i file in /dev. Questo potrebbe avere effetto sulla stabilità e sicurezza del sistema. Questo dovrebbe essere usato SOLAMENTE per diagnosticare l\'hardware dal produttore o dall\'operatore.</string>
  <string name="permlab_changeComponentState">Abilita o disabilita i componenti dell\'applicazione</string>
  <string name="permdesc_changeComponentState">Consente a un\'applicazione di cambiare lo stato di attivazione di un componente di un\'altra applicazione. Le applicazioni dannose possono usare questa funzione per disattivare le funzionalità importanti del telefono. Ponete attenzione a dare questo permesso, questo può rendere i componenti e/o gli applicativi instabili, malfunzionanti o addirittura inutilizzabili.</string>
  <string name="permlab_setPreferredApplications">imposta le applicazioni preferite</string>
  <string name="permdesc_setPreferredApplications">Consente di modificare le applicazioni preferite. Questo può consentire ad applicazioni maligne di modificare in silenzio le applicazioni che vengono eseguite, raggirarle per raccogliere i vostri dati privati.</string>
  <string name="permlab_writeSettings">modifica le impostazioni di sistema generali</string>
  <string name="permdesc_writeSettings">Permetti ad un\'applicazione di modificare le impostazioni del sistema. Le applicazioni malevole possono corrompere la configurazione del sistema.</string>
  <string name="permlab_writeSecureSettings">modifica le impostaizoni di sicurezza</string>
  <string name="permdesc_writeSecureSettings">Permetti ad un\'applicazione di modificare le impostazioni di sicurezza del sistema. Non necessario per le applicazioni comuni.</string>
  <string name="permlab_writeGservices">modifica il servizio Google maps</string>
  <string name="permdesc_writeGservices">Permetti ad un\'applicazione di modificare il servizio mappe di Google. Utilizzo non richiesto per le normali applicazioni.</string>
  <string name="permlab_receiveBootCompleted">partenza automatica all\'avvio</string>
  <string name="permdesc_receiveBootCompleted">Consente a un\'applicazione di partire non appena il sistema ha terminato l\'avvio. Questo può allungare il tempo per avviare il telefono e consentire all\'applicazione di rimanere sempre in esecuzione e di rallentare il telefono.</string>
  <string name="permlab_broadcastSticky">invia trasmissioni attaccate</string>
  <string name="permdesc_broadcastSticky">Consente a un\'applicazione di inviare trasmissioni attaccate, che rimangono dopo la fine della trasmissione. Le applicazioni dannose possono rendere il telefono lento o instabile, generando un uso eccessivo della memoria memoria.</string>
  <string name="permlab_readContacts">legge i dati dei contatti</string>
  <string name="permdesc_readContacts">Consente a un\'applicazione di modificare i dati (indirizzo) dei contatti memorizzati sul telefono. Le applicazioni dannose possono usarlo per inviare i dati dei propri contatti ad altre persone.</string>
  <string name="permlab_writeContacts">scrive i dati dei contatti</string>
  <string name="permdesc_writeContacts">Consente a un\'applicazione di modificare i dati (indirizzo) dei contatti memorizzati sul telefono. Le applicazioni dannose possono usarlo per cancellare o modificare i dati dei propri contatti.</string>
  <string name="permlab_writeOwnerData">scrive i dati del proprietario</string>
  <string name="permdesc_writeOwnerData">Consente a un\'applicazione di modificare i dati del proprietario memorizzati sul telefono. Applicazioni dannose possono sfruttare questa possibilità per cancellare o modificare i dati del proprietario.</string>
  <string name="permlab_readOwnerData">Accede ai dati del proprietario del telefono</string>
  <string name="permdesc_readOwnerData">Consente a un\'applicazione di leggere i dati del proprietario memorizzati sul telefono. Le applicazioni dannose possono usare questa funzione per accedere ai dati del proprietario del telefono.</string>
  <string name="permlab_readCalendar">leggi eventi del calendario</string>
  <string name="permdesc_readCalendar">Consente a un\'applicazione di leggere tutti gli eventi del calendario memorizzati sul telefono. Le applicazioni dannose potrebbero inviare i contenuti del vostro calendario ad altre persone.</string>
  <string name="permlab_writeCalendar">aggiunge o modifica gli eventi del calendario e invia e-mail a terzi</string>
  <string name="permdesc_writeCalendar">Consente a un\'applicazione di aggiungere o modificare gli eventi del tuo calendario, capaci di inviare e-mail a terzi. Le applicazioni dannose possono utilizzare questo per cancellare o modificare i vostri eventi di calendario o per inviare e-mail a terzi.</string>
  <string name="permlab_accessMockLocation">Fonti di localizzazione fittizie per test</string>
  <string name="permdesc_accessMockLocation">Crea fonti di localizzazione fittizie per test. Le applicazioni dannose possono utilizzare questa funzione per sovrascrivere la posizione e/o lo stato restituito da fonti di posizione reale come il GPS o la triangolazione della rete mobile.</string>
  <string name="permlab_accessLocationExtraCommands">Accede ai comandi di fonti di localizzazione extra</string>
  <string name="permdesc_accessLocationExtraCommands">Accede ai comandi di localizzazione di fonti extra. Le applicazioni dannose potrebbero usare questa funzione per interferire con il funzionamento del GPS o con altri sistemi di localizzazione.</string>
  <string name="permlab_installLocationProvider">Permesso di installare una fonte di localizzazione</string>
  <string name="permdesc_installLocationProvider">Crea fonti di localizzazione fittizie ai fini di test. Le applicazioni dannose possono utilizzare questa funzione per sovrascrivere la posizione e/o alterare la localizzazione da fonti reali come il GPS o la triangolazione da rete mobile o di controllare e segnalare la propria posizione ad una fonte esterna.</string>
  <string name="permlab_accessFineLocation">Localizzazione precisa (GPS)</string>
  <string name="permdesc_accessFineLocation">Se disponibile, accede a sistemi di posizionamento precisi come il Global Positioning System del telefono. Le applicazioni dannose possono utilizzare questo per determinare dove sei. Questa funzione riduce ulteriormente l\'autonomia della batteria.</string>
  <string name="permlab_accessCoarseLocation">posizione approssimativa (Rete cellulare)</string>
  <string name="permdesc_accessCoarseLocation">Se disponibili, accede a sistemi di posizionamento grossolani come il database di rete cellulare per determinare una posizione approssimativa del telefono. Le applicazioni dannose possono utilizzare questo sistema per determinare approssimativamente dove sei.</string>
  <string name="permlab_accessSurfaceFlinger">accede a SurfaceFlinger</string>
  <string name="permdesc_accessSurfaceFlinger">Consente all\'applicazione SurfaceFlinger di utilizzare funzionalità di basso livello.</string>
  <string name="permlab_readFrameBuffer">Leggi frame buffer</string>
  <string name="permdesc_readFrameBuffer">Permetti ad un\'applicazione di leggere il contenuto del frame buffer.</string>
  <string name="permlab_modifyAudioSettings">cambia impostazioni audio</string>
  <string name="permdesc_modifyAudioSettings">Permetti ad un\'applicazione di modificare le impostazioni globali dell\'audio come volume e indirizzamento.</string>
  <string name="permlab_recordAudio">Registra Audio</string>
  <string name="permdesc_recordAudio">Permetti ad un\'applicazione di accedere al percorso di registrazione audio.</string>
  <string name="permlab_camera">Scatta foto</string>
  <string name="permdesc_camera">Permetti ad un\'applicazione di scattare foto con la fotocamera. Questo permette all\'applicazione di scattare foto in qualunque momento.</string>
  <string name="permlab_brick">Disabilitazione permanentemente del telefono</string>
  <string name="permdesc_brick">Permetti ad un\'applicazione di disabilitare il telefono permanentemente. Questo è molto pericoloso.</string>
  <string name="permlab_reboot">Forza riavvio telefono</string>
  <string name="permdesc_reboot">Permetti ad un\'applicazione di forzare il riavvio del telefono.</string>
  <string name="permlab_mount_unmount_filesystems">Monta e smonta filesystem</string>
  <string name="permdesc_mount_unmount_filesystems">Permetti ad un\'applicazione di montare e smontare il filesystem per la memoria esterna.</string>
  <string name="permlab_mount_format_filesystems">Formatta l\'archivio esterno</string>
  <string name="permdesc_mount_format_filesystems">Permetti ad un\'applicazione di formattare la memoria esterna.</string>
  <string name="permlab_asec_access">Prendi informazioni sull\'archivio sicuro</string>
  <string name="permdesc_asec_access">Permetti all\'applicazione di prendere le informazione sull\'archivio sicuro.</string>
  <string name="permlab_asec_create">Crea un\'archivio sicuro</string>
  <string name="permdesc_asec_create">Permetti all\'applicazione di creare un\'archivio sicuro.</string>
  <string name="permlab_asec_destroy">Distruggi l\'archivio sicuro</string>
  <string name="permdesc_asec_destroy">Permetti all\'applicazione di distruggere l\'archivio sicuro.</string>
  <string name="permlab_asec_mount_unmount">Monta/smonta l\'archivio sicuro</string>
  <string name="permdesc_asec_mount_unmount">Permetti all\'applicazione di montare/smontare l\'archivio sicuro.</string>
  <string name="permlab_asec_rename">Rinomina l\'archivio sicuro</string>
  <string name="permdesc_asec_rename">Permetti all\'applicazione di rinominare l\'archivio sicuro.</string>
  <string name="permlab_vibrate">Controllo vibrazione</string>
  <string name="permdesc_vibrate">Permetti all\'applicazione di controllare la vibrazione.</string>
  <string name="permlab_flashlight">Controllo luce flash</string>
  <string name="permdesc_flashlight">Permetti all\'applicazione di controllare la luce flash.</string>
  <string name="permlab_hardware_test">Test hardware</string>
  <string name="permdesc_hardware_test">Permetti all\'applicazione di controllare varie periferiche ai fini di test hardware.</string>
  <string name="permlab_callPhone">Chiama direttamente numeri di telefono</string>
  <string name="permdesc_callPhone">Permette all\'applicazione di chiamare numeri di telefono senza il tuo intervento. Applicazioni dannose potrebbero effettuare chiamate non volute. Questo non permette all\'applicazione di chiamare numeri di emergenza.</string>
  <string name="permlab_callPrivileged">Chiama direttamente qualsiasi numero di telefono</string>
  <string name="permdesc_callPrivileged">Permette l\'applicazione di chiamare qualsiasi numero, compreso quelli di emergenza, senza il tuo intervento. Applicazioni dannose potrebbero effettuare chiamate di emergenza non necessarie ed illegali.</string>
  <string name="permlab_performCdmaProvisioning">Lancia direttamente il setup CDMA del telefono</string>
  <string name="permdesc_performCdmaProvisioning">Consente all\'applicazione di avviare sessioni di provisioning CDMA. Le applicazioni dannose potrebbero avviare inutilmente sessioni di CDMA provisioning</string>
  <string name="permlab_locationUpdates">Controlla le notifiche degli aggiornamenti di posizione</string>
  <string name="permdesc_locationUpdates">Permette abilita/disabilita aggiornamenti di posizione dalla radio. Non usato da normali applicazioni.</string>
  <string name="permlab_checkinProperties">Accesso alle proprietà di controllo</string>
  <string name="permdesc_checkinProperties">Permette l\'accesso in lettura/scrittura a proprietà caricate da il servizio di controllo. Non usato da normali applicazioni.</string>
  <string name="permlab_bindGadget">Scegli widget</string>
  <string name="permdesc_bindGadget">Permette all\'applicazione di dire al sistema quale widget può essere usato da quale applicazione. Con questo permesso, applicazioni possono dare accesso a dati personali ad altre applicazioni. Non usato da normali applicazioni.</string>
  <string name="permlab_modifyPhoneState">Modifica lo stato del telefono</string>
  <string name="permdesc_modifyPhoneState">Permetti all\'applicazione di accedere alle funzioni del telefono. Un\'applicazione con questi permessi può cambiare rete, accendere e spegnere la radio del telefono senza notificare nulla.</string>
  <string name="permlab_readPhoneState">Legge lo stato del telefono e l\'identità</string>
  <string name="permdesc_readPhoneState">Permetti all\'applicazione di accedere alle funzioni del telefono. Un\'applicazione con questi permessi può determinare il numero telefonico, il numero di serie del telefono e, quando una chiamata è attiva, il numero telefonico della chiamata a cui si è connessi.</string>
  <string name="permlab_wakeLock">impedisci la modalità sleep</string>
  <string name="permdesc_wakeLock">Permetti ad un\'applicazione di impedire che il telefono vada in sleep mode.</string>
  <string name="permlab_devicePower">accendi o spegni il telefono</string>
  <string name="permdesc_devicePower">Permetti all\'applicazione di accendere o spegnere il telefono.</string>
  <string name="permlab_factoryTest">Esegui in modalità test di fabbrica</string>
  <string name="permdesc_factoryTest">Esegui a basso livello (test di fabbrica, permettendo l\'accesso completo all\'hardware del telefono. Disponibile solo quando il telefono è avvitato in modalità test di fabbrica.</string>
  <string name="permlab_setWallpaper">imposta sfondo</string>
  <string name="permdesc_setWallpaper">Permetti di impostare lo sfondo di sistema.</string>
  <string name="permlab_setWallpaperHints">suggerimenti sulla dimensione dello sfondo</string>
  <string name="permdesc_setWallpaperHints">Permetti all\'applicazione di impostare i suggerimenti sulla dimensione dello sfondo.</string>
  <string name="permlab_masterClear">reimposta il sistema alle impostazioni di fabbrica</string>
  <string name="permdesc_masterClear">Permetti ad un\'applicazione di resettare completamente il sistema alle sue impostazioni di fabbrica, cancellando i dati, configurazioni e applicazioni installate.</string>
  <string name="permlab_setTime">Imposta ora</string>
  <string name="permdesc_setTime">Permetti ad un\'applicazione di cambiare l\'ora del telefono.</string>
  <string name="permlab_setTimeZone">imposta zona di fuso orario</string>
  <string name="permdesc_setTimeZone">Permetti all\'applicazione di cambiare la zona di fuso orario del telefono.</string>
  <string name="permlab_accountManagerService">Agisci come il servizion di gestione degli account (AccountManagerService)</string>
  <string name="permdesc_accountManagerService">Permetti all\'applicazione di effettuare chiamata agli Autenticatori di Account</string>
  <string name="permlab_getAccounts">mostra account conosciuti</string>
  <string name="permdesc_getAccounts">Permetti ad un\'applicazione di ottenere la lista degli account conosciuti dal telefono.</string>
  <string name="permlab_authenticateAccounts">agisci come autenticatore degli account</string>
  <string name="permdesc_authenticateAccounts">Permetti ad un\'applicazione di usare le funzioni di autenticazione di account dell\' AccountManager, compresa la creazione degli account e la possibilità di leggere e impostare la loro password.</string>
  <string name="permlab_manageAccounts">gestisci la lista degli account</string>
  <string name="permdesc_manageAccounts">Permetti ad un\'applicazione di effettuare operazioni di aggiunta e rimozione degli account ed eliminare la loro password.</string>
  <string name="permlab_useCredentials">usa le credenziali di autenticazione di un account</string>
  <string name="permdesc_useCredentials">Permetti all\'applicazione di richiedere i token di autenticazione.</string>
  <string name="permlab_accessNetworkState">vedi lo stato della rete</string>
  <string name="permdesc_accessNetworkState">Permetti all\'applicazione di accedere allo stato di tutte le reti.</string>
  <string name="permlab_createNetworkSockets">accesso completo ad Internet</string>
  <string name="permdesc_createNetworkSockets">Permetti all\'applicazione di creare socket di rete.</string>
  <string name="permlab_writeApnSettings">scrivi il nome dell\'access point (APN)</string>
  <string name="permdesc_writeApnSettings">Permetti all\'applicazione di modificare le impostazioni dell\'APN, come il Proxy e la Porta di qualunque APN.</string>
  <string name="permlab_changeNetworkState">cambia la connettività di rete</string>
  <string name="permdesc_changeNetworkState">Permetti ad un\'applicazione di cambiare lo stato della connettività alla rete.</string>
  <string name="permlab_changeTetherState">Cambia impostazioni di Teathering</string>
  <string name="permdesc_changeTetherState">Permetti ad un\'applicazione di cambiare lo stato delle reti di cui si effettua il teathering.</string>
  <string name="permlab_changeBackgroundDataSetting">Cambia impostazioni sull\'uso di dati in background</string>
  <string name="permdesc_changeBackgroundDataSetting">Permetti ad un\'applicazione di cambiare le impostazioni sull\'uso dei dati di background.</string>
  <string name="permlab_accessWifiState">Vedi stato Wi-Fi</string>
  <string name="permdesc_accessWifiState">Permetti ad un\'applicazione di leggere le informazioni sullo stato del Wi-Fi.</string>
  <string name="permlab_changeWifiState">cambia stato Wi-Fi</string>
  <string name="permdesc_changeWifiState">Permetti ad un\'applicazione di connettersi e scollegarsi dagli access point Wi-Fi, e di effettuare cambiamenti alle reti Wi-Fi configurate.</string>
  <string name="permlab_changeWifiMulticastState">permetti ricezione Wi-Fi multicast</string>
  <string name="permdesc_changeWifiMulticastState">Permetti ad un\'applicazione la ricezione di pacchetti non diretti direttamente al tuo dispositivo. Questo può essere utile alla scoperta dei servizi offerti vicino a te. Usa più potenza della modalità non multicast.</string>
  <string name="permlab_bluetoothAdmin">Amministrazione Bluetooth</string>
  <string name="permdesc_bluetoothAdmin">Abilita un\'applicazione ad configurare il Bluetooth del telefono, trovare ed associarsi con periferiche remote.</string>
  <string name="permlab_bluetooth">Crea connessioni Bluetooth</string>
  <string name="permdesc_bluetooth">Permetti ad un\'applicazione la configurazione locale del Bluetooth, e di effettuare ed accettare connessioni con le periferiche associate.</string>
  <string name="permlab_disableKeyguard">Disattiva Blocco Tasti</string>
  <string name="permdesc_disableKeyguard">Permetti ad un\'applicazione di disattivare il blocco tasti e qualunque password di sicurezza associata. Un esempio di questa disabilitazione può essere la disattivazione quando si riceve una chiamata, e si riabilita il blocco quando la chiamata è terminata.</string>
  <string name="permlab_readSyncSettings">leggi impostazioni di sincronizzazione</string>
  <string name="permdesc_readSyncSettings">Permetti ad un\'applicazione la lettura delle impostazioni di sincronizzazione, come l\'abilitazione per la sincronizzazione dei Contatti.</string>
  <string name="permlab_writeSyncSettings">scrivi impostazioni di sincronizzazione</string>
  <string name="permdesc_writeSyncSettings">Permetti ad un\'applicazione la modifica delle impostazioni di sincronizzazione, come l\'abilitazione per la sincronizzazione dei Contatti.</string>
  <string name="permlab_readSyncStats">leggi statistiche di sincronizzazione</string>
  <string name="permdesc_readSyncStats">Permetti ad un\'applicazione di leggere le statistiche di sincronia: es: la storia delle sincronizzazioni avvenute.</string>
  <string name="permlab_subscribedFeedsRead">Leggi feed sottoscritti</string>
  <string name="permdesc_subscribedFeedsRead">Permetti ad un\'applicazione di ottenere dettagli riguardo i tuoi feed sincronizzati.</string>
  <string name="permlab_subscribedFeedsWrite">Scrivi feed sottoscritti</string>
  <string name="permdesc_subscribedFeedsWrite">Permetti ad un\'applicazione di modificare il tuoi feed sincronizzati. Questo può permettere ad un\'applicazione malevola di cambiare i tuoi feed sincronizzati.</string>
  <string name="permlab_readDictionary">leggi il dizionario definito dall\'utente</string>
  <string name="permdesc_readDictionary">Permetti ad un\'applicazione di leggere qualunque parola privata, nomi e frasi che l\'utente può aver memorizzato nel dizionario utente.</string>
  <string name="permlab_writeDictionary">scrivi nel dizionario definito dall\'utente</string>
  <string name="permdesc_writeDictionary">Permetti ad un\'applicazione di scrivere nuove parole nel dizionario utente.</string>
  <string name="permlab_sdcardWrite">modifica/elimina contenuti dalla SD</string>
  <string name="permdesc_sdcardWrite">Permetti all\'applicazione di scrivere sulla SD card.</string>
  <string name="permlab_cache_filesystem">accedi al filesystem della cache</string>
  <string name="permdesc_cache_filesystem">Permetti all\'applicazione di leggere e scrivere il filesystyem della cache.</string>
  <string name="policylab_limitPassword">Limita password</string>
  <string name="policydesc_limitPassword">Restringi i tipi di password utilizzabili.</string>
  <string name="policylab_watchLogin">Controlla i tentativi di accesso</string>
  <string name="policydesc_watchLogin">Controlla i tentativi falliti di login nel dispositivo, per effettuare alcune azioni.</string>
  <string name="policylab_resetPassword">Reimposta password</string>
  <string name="policydesc_resetPassword">Cambia forzatamente la password, forzando l\'amministratore a fornirla prima che tu possa effettuare il login.</string>
  <string name="policylab_forceLock">Forza blocco</string>
  <string name="policydesc_forceLock">Controlla quando il dispositivo si blocca, richiedendo l\'inserimento della password.</string>
  <string name="policylab_wipeData">Cancella tutti i dati</string>
  <string name="policydesc_wipeData">Effettua un reset di fabbrica, cancellando tutti i dati senza alcuna conferma.</string>
  <string name="phoneTypeCustom">Personalizzato</string>
  <string name="phoneTypeHome">Home</string>
  <string name="phoneTypeMobile">Cellulare</string>
  <string name="phoneTypeWork">Lavoro</string>
  <string name="phoneTypeFaxWork">Fax Lavoro</string>
  <string name="phoneTypeFaxHome">Fax Casa</string>
  <string name="phoneTypePager">Cercapersone</string>
  <string name="phoneTypeOther">Altro</string>
  <string name="phoneTypeCallback">Richama</string>
  <string name="phoneTypeCar">Auto</string>
  <string name="phoneTypeCompanyMain">Compagnia Principale</string>
  <string name="phoneTypeIsdn">ISDN</string>
  <string name="phoneTypeMain">Principale</string>
  <string name="phoneTypeOtherFax">Altro Fax</string>
  <string name="phoneTypeRadio">Radio</string>
  <string name="phoneTypeTelex">Telex</string>
  <string name="phoneTypeTtyTdd">TTY TDD</string>
  <string name="phoneTypeWorkMobile">Cellulare Lavoro</string>
  <string name="phoneTypeWorkPager">Cercapersone Lavoro</string>
  <string name="phoneTypeAssistant">Assistente</string>
  <string name="phoneTypeMms">MMS</string>
  <string name="eventTypeBirthday">Compleanno</string>
  <string name="eventTypeAnniversary">Anniversario</string>
  <string name="eventTypeOther">Evento</string>
  <string name="emailTypeCustom">Personalizzato</string>
  <string name="emailTypeHome">Casa</string>
  <string name="emailTypeWork">Lavoro</string>
  <string name="emailTypeOther">Altro</string>
  <string name="emailTypeMobile">Cellulare</string>
  <string name="postalTypeCustom">Personalizzato</string>
  <string name="postalTypeHome">Casa</string>
  <string name="postalTypeWork">Lavoro</string>
  <string name="postalTypeOther">Altro</string>
  <string name="imTypeCustom">Personalizzato</string>
  <string name="imTypeHome">Casa</string>
  <string name="imTypeWork">Lavoro</string>
  <string name="imTypeOther">Altro</string>
  <string name="imProtocolCustom">Personalizzato</string>
  <string name="imProtocolAim">AIM</string>
  <string name="imProtocolMsn">Windows Live</string>
  <string name="imProtocolYahoo">Yahoo</string>
  <string name="imProtocolSkype">Skype</string>
  <string name="imProtocolQq">QQ</string>
  <string name="imProtocolGoogleTalk">Google Talk</string>
  <string name="imProtocolIcq">ICQ</string>
  <string name="imProtocolJabber">Jabber</string>
  <string name="imProtocolNetMeeting">Netmeeting</string>
  <string name="orgTypeWork">Lavoro</string>
  <string name="orgTypeOther">Altro</string>
  <string name="orgTypeCustom">Personalizzato</string>
  <string name="contact_status_update_attribution">via %1$s</string>
  <string name="contact_status_update_attribution_with_date">%1$s via %2$s</string>
  <string name="keyguard_password_enter_pin_code">Immetti il codice PIN</string>
  <string name="keyguard_password_enter_password_code">Immetti password per sbloccare</string>
  <string name="keyguard_password_wrong_pin_code">Codice PIN incorretto!</string>
  <string name="keyguard_label_text">Per sbloccare, premi Menu poi 0.</string>
  <string name="emergency_call_dialog_number_for_display">Numero d\'emergenza</string>
  <string name="lockscreen_carrier_default">(Nessun servizio)</string>
  <string name="lockscreen_screen_locked">Schermo bloccato.</string>
  <string name="lockscreen_instructions_when_pattern_enabled">Premi Menu per sbloccare o componi chiamata d\'emergenza.</string>
  <string name="lockscreen_instructions_when_pattern_disabled">Premi Menu per sbloccare.</string>
  <string name="lockscreen_pattern_instructions">Disegna percorso per sbloccare</string>
  <string name="lockscreen_emergency_call">Chiamata d\'Emergenza</string>
  <string name="lockscreen_return_to_call">Ritorna alla chiamata</string>
  <string name="lockscreen_pattern_correct">Corretto!</string>
  <string name="lockscreen_pattern_wrong">Mi spiace, prova ancora</string>
  <string name="lockscreen_plugged_in">Caricamento (%d%%)</string>
  <string name="lockscreen_charged">Carico.</string>
  <string name="lockscreen_battery_short">%d%%</string>
  <string name="lockscreen_low_battery">Connetti il carica batterie.</string>
  <string name="lockscreen_missing_sim_message_short">Nessuna SIM card.</string>
  <string name="lockscreen_missing_sim_message">Nessuna SIM card inserita.</string>
  <string name="lockscreen_missing_sim_instructions">Inserisci una SIM card.</string>
  <string name="emergency_calls_only">Solo chiamate d\'emergenza</string>
  <string name="lockscreen_network_locked_message">Rete bloccata</string>
  <string name="lockscreen_sim_puk_locked_message">SiM card bloccata in PUK.</string>
  <string name="lockscreen_sim_puk_locked_instructions">Controlla la Guida Utente o contatta il Centro Assistenza.</string>
  <string name="lockscreen_sim_locked_message">SIM card bloccata.</string>
  <string name="lockscreen_sim_unlock_progress_dialog_message">Sblocco SIM card</string>
  <string name="lockscreen_too_many_failed_attempts_dialog_message">Hai sbagliato il percorso di sblocco %d volte.\n\nRiprova tra %d secondi.</string>
  <string name="lockscreen_failed_attempts_almost_glogin">Hai sbagliato il percorso di sblocco %d volte. Dopo %d altri tentativi falliti, ti verrà chiesto di sbloccare il telefono usando l\'account Google.\n\n Riprova tra %d secondi.</string>
  <string name="lockscreen_too_many_failed_attempts_countdown">Riprova tra %d secondi.</string>
  <string name="lockscreen_forgot_pattern_button_text">Dimenticato il percorso?</string>
  <string name="lockscreen_glogin_forgot_pattern">Account sbloccato</string>
  <string name="lockscreen_glogin_too_many_attempts">Troppi tentativi!</string>
  <string name="lockscreen_glogin_instructions">Per sbloccare, accedi con il tuo account Google</string>
  <string name="lockscreen_glogin_username_hint">Nome utente (email)</string>
  <string name="lockscreen_glogin_password_hint">Password</string>
  <string name="lockscreen_glogin_submit_button">Accesso</string>
  <string name="lockscreen_glogin_invalid_input">Nome utente o password errati.</string>
  <string name="lockscreen_glogin_checking_password">Controllo...</string>
  <string name="lockscreen_unlock_label">Sblocca</string>
  <string name="lockscreen_sound_on_label">Suono acceso</string>
  <string name="lockscreen_sound_off_label">Suono spento</string>
  <string name="password_keyboard_label_symbol_key">\?123</string>
  <string name="password_keyboard_label_alpha_key">ABC</string>
  <string name="password_keyboard_label_alt_key">ALT</string>
  <string name="hour_ampm">%-l%P</string>
  <string name="hour_cap_ampm">%-l%p</string>
  <string name="status_bar_clear_all_button">Cancella</string>
  <string name="status_bar_no_notifications_title">Nessuna notifica</string>
  <string name="status_bar_ongoing_events_title">In corso</string>
  <string name="status_bar_latest_events_title">Notifiche</string>
  <string name="battery_status_text_percent_format">%d%%</string>
  <string name="battery_status_charging">Caricamento...</string>
  <string name="battery_low_title">Connetti il carica batterie, per favore</string>
  <string name="battery_low_subtitle">Il livello della batteria è basso:</string>
  <string name="battery_low_percent_format">%d%% o meno rimanente.</string>
  <string name="battery_low_why">Utilizzo batteria</string>
  <string name="factorytest_failed">Factory test fallito</string>
  <string name="factorytest_not_system">L\'azione FACTORY_TEST è supportata solo per i pacchetti installati in /system/app.</string>
  <string name="factorytest_no_action">Nessun pacchetto che fornisca l\'azione FACTORY_TEST è stato trovato.</string>
  <string name="factorytest_reboot">Riavvia</string>
  <string name="web_user_agent">Mozilla/5.0 (Linux; U; Android %s) AppleWebKit/533.1 (KHTML, like Gecko) Versione/4.0 Mobile Safari/533.1</string>
  <string name="js_dialog_title">La pagina a \'%s\' dice:</string>
  <string name="js_dialog_title_default">JavaScript</string>
  <string name="js_dialog_before_unload">Abbandonare questa pagina?\n\n%s\n\nSeleziona OK per continuare, o Annulla per restare sulla pagina corrente.</string>
  <string name="save_password_label">Conferma</string>
  <string name="double_tap_toast">Suggerimento: doppio tocco per zoom in e zoom out.</string>
  <string name="permlab_readHistoryBookmarks">leggi cronologia e preferiti del Browser</string>
  <string name="permdesc_readHistoryBookmarks">Permetti all\'applicazione di leggere gli URL che il Browser ha visitato, compresi tutti i preferiti del Browser.</string>
  <string name="permlab_writeHistoryBookmarks">scrivi cronologia e preferiti del Browser</string>
  <string name="permdesc_writeHistoryBookmarks">Permetti all\'applicazione di modificare la cronologia del Browser o i preferiti memorizzati nel telefono. Le applicazioni malevole possono usare questa opzione per cancellare o modificare i dati del Browser.</string>
  <string name="permlab_writeGeolocationPermissions">Modifica i permessi di geolocalizzazione del Browser</string>
  <string name="permdesc_writeGeolocationPermissions">Permetti all\'applicazione di modificare i permessi sulla localizzazione geografica. Le applicazioni malevole possono inviare queste informazioni sulla localizzazione ad altri siti web.</string>
  <string name="save_password_message">Vuoi che il browser cancelli questa password?</string>
  <string name="save_password_notnow">Non ora</string>
  <string name="save_password_remember">Ricorda</string>
  <string name="save_password_never">Mai</string>
  <string name="open_permission_deny">Non hai i permessi per aprire questa pagina.</string>
  <string name="text_copied">Testo copiato negli appunti</string>
  <string name="more_item_label">Più informazioni</string>
  <string name="prepend_shortcut_label">Menu</string>
  <string name="menu_space_shortcut_label">Spazio</string>
  <string name="menu_enter_shortcut_label">Invio</string>
  <string name="menu_delete_shortcut_label">Elimina</string>
  <string name="oneMonthDurationPast">1 mese fa</string>
  <string name="beforeOneMonthDurationPast">Prima di 1 mese fa</string>
  <string name="last_month">Ultimo mese</string>
  <string name="older">Dal più vecchio</string>
  <string name="preposition_for_date">il %s</string>
  <string name="preposition_for_time">a %s</string>
  <string name="preposition_for_year">in %s</string>
  <string name="day">giorno</string>
  <string name="days">giorni</string>
  <string name="hour">Ora</string>
  <string name="hours">ore</string>
  <string name="minute">minuto</string>
  <string name="minutes">minuti</string>
  <string name="second">secondo</string>
  <string name="seconds">secondi</string>
  <string name="week">settimana</string>
  <string name="weeks">Settimane</string>
  <string name="year">Anno</string>
  <string name="years">Anni</string>
  <string name="relative_time">%1$s, %2$s</string>
  <string name="noon">mezzogiorno</string>
  <string name="Noon">Mezzogiorno</string>
  <string name="midnight">mezzanotte</string>
  <string name="Midnight">Mezzanotte</string>
  <string name="elapsed_time_short_format_mm_ss">%1$02d:%2$02d</string>
  <string name="elapsed_time_short_format_h_mm_ss">%1$d:%2$02d:%3$02d</string>
  <string name="selectText">Scegli testo</string>
  <string name="stopSelectingText">Ferma selezione testo</string>
  <string name="cutAll">Cancella tutto</string>
  <string name="copyAll">Copia tutto</string>
  <string name="inputMethod">Metodo di inserimento</string>
  <string name="addToDictionary">Aggiungi \"%s\" al dizionario</string>
  <string name="editTextMenuTitle">Modifica testo</string>
  <string name="low_internal_storage_view_title">Memoria quasi esaurita</string>
  <string name="low_internal_storage_view_text">Memoria del telefono quasi esaurita.</string>
  <string name="capital_on">Acceso</string>
  <string name="capital_off">Spento</string>
  <string name="whichApplication">Completa usando l\'azione</string>
  <string name="alwaysUse">Scelto di default per questa azione.</string>
  <string name="clearDefaultHintMsg">Cancella il default in Impostazioni>Applicazioini>Gestione applicazioni.</string>
  <string name="chooseActivity">Scegli un azione</string>
  <string name="noApplications">Nessuna applicazione può eseguire questa azione.</string>
  <string name="aerr_title">Mi spiace!</string>
  <string name="aerr_application">Arresto inaspettato dell\'applicazione %1$s (processo %2$s). Riprovare.</string>
  <string name="aerr_process">Arresto inaspettato del processo %1$s. Riprovare.</string>
  <string name="anr_title">Mi spiace!</string>
  <string name="anr_activity_application">L\'attività %1$s (nell\'applicazoine %2$s)non risponde.</string>
  <string name="anr_activity_process">L\'attività %1$s (nel processo %2$s)non risponde.</string>
  <string name="anr_application_process">L\'applicazione %1$s (nel processo %2$s) non risponde.</string>
  <string name="anr_process">Il processo %1$s non risponde.</string>
  <string name="force_close">Forza chiusura</string>
  <string name="report">Riporta</string>
  <string name="wait">Attendi</string>
  <string name="sendText">Scegli un azione per il testo</string>
  <string name="volume_ringtone">Volume suoneria</string>
  <string name="volume_music">Volume applicazioni multimediali</string>
  <string name="volume_music_hint_playing_through_bluetooth">Suona attraverso Bluetooth</string>
  <string name="volume_music_hint_silent_ringtone_selected">Suoneria silenziosa selezionata</string>
  <string name="volume_call">Volume chiamata</string>
  <string name="volume_bluetooth_call">Volume chiamata Bluetooth</string>
  <string name="volume_alarm">Volume allarme</string>
  <string name="volume_notification">Volume notifiche</string>
  <string name="volume_unknown">Volume</string>
  <string name="ringtone_default">Suoneria predefinita</string>
  <string name="ringtone_default_with_actual">Suoneria predefinita (%1$s)</string>
  <string name="ringtone_silent">Silenzioso</string>
  <string name="ringtone_picker_title">Suonerie</string>
  <string name="ringtone_unknown">Suoneria sconosciuta</string>
  <string name="wifi_tether_configure_ssid_default">AndroidAP</string>
  <string name="select_character">Inserisci testo</string>
  <string name="sms_control_default_app_name">Applicazione sconosciuta</string>
  <string name="sms_control_title">Invio messaggi SMS</string>
  <string name="sms_control_message">Molti SMS stanno per essere inviati. Seleziona \"Conferma\" per continuare, o \"Annulla\" per bloccare l\'invio.</string>
  <string name="sms_control_yes">Conferma</string>
  <string name="sms_control_no">Annulla</string>
  <string name="date_time_set">Imposta</string>
  <string name="default_permission_group">Impostazioni predefinite</string>
  <string name="permissions_format">%1$s, %2$s</string>
  <string name="no_permissions">Nessun permesso richiesto</string>
  <string name="perms_hide">Nascondi Permessi</string>
  <string name="perms_show_all">Mostra permessi</string>
  <string name="usb_storage_activity_title">Archivio di massa USB</string>
  <string name="usb_storage_title">USB connesso</string>
  <string name="usb_storage_message">Il tuo telefono è connesso al computer tramite USB. Seleziona il bottone in basso se vuoi copiare i file tra il tuo computer e la tua SD Card.</string>
  <string name="usb_storage_button_mount">Abilita archivio USB</string>
  <string name="usb_storage_error_message">Si è verificato un problema utilizzando la tua SD Card come archivio USB.</string>
  <string name="usb_storage_notification_title">USB connesso</string>
  <string name="usb_storage_notification_message">Seleziona per copiare files a/da il tuo computer.</string>
  <string name="usb_storage_stop_notification_title">Disattiva archivio USB</string>
  <string name="usb_storage_stop_notification_message">Seleziona per disattivare l\'archivio USB.</string>
  <string name="usb_storage_stop_title">Archivio USB in uso</string>
  <string name="usb_storage_stop_message">Prima di disattivare l\'archivio USB, controlla di aver disconnesso la tua periferica Android dal computer.</string>
  <string name="usb_storage_stop_button_mount">Disattiva archivio USB</string>
  <string name="usb_storage_stop_error_message">C\'è stato un problema con la disattivazione dell\'archivio USB. Controlla di aver disconnesso la periferica USB e riprova.</string>
  <string name="dlg_confirm_kill_storage_users_title">Attiva archivio USB</string>
  <string name="dlg_confirm_kill_storage_users_text">Se attivi l\'archivio USB, alcune applicazioni che stai utilizzando potrebbero bloccarsi e non essere disponibili fino alla disattivazione dell\'archivio USB.</string>
  <string name="dlg_error_title">Configurazione USB fallita</string>
  <string name="dlg_ok">Conferma</string>
  <string name="extmedia_format_title">Formatta scheda SD</string>
  <string name="extmedia_format_message">Vuoi davvero formattare la scheda SD? Tutti i dati andranno persi.</string>
  <string name="extmedia_format_button_format">Formatta</string>
  <string name="adb_active_notification_title">Debug USB connesso</string>
  <string name="adb_active_notification_message">Scegli per disabilitare il debug USB.</string>
  <string name="locale_replacement">Modifica lingua</string>
  <string name="select_input_method">Sceli medoto di inserimento</string>
  <string name="fast_scroll_alphabet">\u0020ABCDEFGHIJKLMNOPQRSTUVWXYZ</string>
  <string name="fast_scroll_numeric_alphabet">\u00200123456789ABCDEFGHIJKLMNOPQRSTUVWXYZ</string>
  <string name="candidates_style">Stile</string>
  <string name="ext_media_checking_notification_title">Preparazione scheda SD</string>
  <string name="ext_media_checking_notification_message">Controllo degli errori.</string>
  <string name="ext_media_nofs_notification_title">Scheda SD vuota</string>
  <string name="ext_media_nofs_notification_message">Scheda SD vuota o file system non supportato.</string>
  <string name="ext_media_unmountable_notification_title">Scheda SD rovinata</string>
  <string name="ext_media_unmountable_notification_message">Scheda SD rovinata. Devi formattarla.</string>
  <string name="ext_media_badremoval_notification_title">Scheda SD rimossa inaspettatamente</string>
  <string name="ext_media_badremoval_notification_message">Smonta la scheda SD prima di rimuoverla, per non perdere i dati.</string>
  <string name="ext_media_safe_unmount_notification_title">Scheda SD rimossa in sicurezza</string>
  <string name="ext_media_safe_unmount_notification_message">Puoi rimuovere in sicurezza la scheda SD.</string>
  <string name="ext_media_nomedia_notification_title">Scheda SD rimossa</string>
  <string name="ext_media_nomedia_notification_message">Scheda SD rimossa. Inserisci una nuova Scheda.</string>
  <string name="activity_list_empty">Nessuna attività di corrispondenza trovata</string>
  <string name="permlab_pkgUsageStats">Aggiorna le statistiche di utilizzo dei componenti</string>
  <string name="permdesc_pkgUsageStats">Consente la modifica di raccolte statistiche per l\'utilizzo del componente. Non per uso da parte di normali applicazioni.</string>
  <string name="permlab_copyProtectedData">Permette di richiamare il contenitore di servizi predefinito per copiare il contenuto. Non per l\'utilizzo da parte di normali applicazioni.</string>
  <string name="permdesc_copyProtectedData">Permette di richiamare il contenitore di servizi predefinito per copiare il contenuto. Non per l\'utilizzo da parte di normali applicazioni.</string>
  <string name="tutorial_double_tap_to_zoom_message_short">Doppiio tap per il controllo zoom</string>
  <string name="gadget_host_error_inflating">Errore caricamento widget</string>
  <string name="ime_action_go">Vai</string>
  <string name="ime_action_search">Cerca</string>
  <string name="ime_action_send">Invia</string>
  <string name="ime_action_next">Successivo</string>
  <string name="ime_action_done">Fatto</string>
  <string name="ime_action_default">Esegui</string>
  <string name="dial_number_using">Comporre il numero\usando %s</string>
  <string name="create_contact_using">Creare contatto\usando %s</string>
  <string name="accessibility_compound_button_selected">selezionato</string>
  <string name="accessibility_compound_button_unselected">deselezionato</string>
  <string name="grant_credentials_permission_message_header">La seguente o le seguenti applicazioni hanno accesso al tuo account, adesso e in futuro.</string>
  <string name="grant_credentials_permission_message_footer">Vuoi consentire alla richiesta?</string>
  <string name="grant_permissions_header_text">Richiesta Accesso</string>
  <string name="allow">Permetti</string>
  <string name="deny">Vieta</string>
  <string name="permission_request_notification_title">Richiesta Permessi</string>
  <string name="permission_request_notification_with_subtitle">Richiesta permessod\per account %s</string>
  <string name="input_method_binding_label">Medoto d\'immissione</string>
  <string name="sync_binding_label">Sincro</string>
  <string name="accessibility_binding_label">Accessibilità</string>
  <string name="wallpaper_binding_label">Sfondo</string>
  <string name="chooser_wallpaper">Cambia sfondo</string>
  <string name="alternate_eri_file">/data/eri.xml</string>
  <string name="pptp_vpn_description">Protocollo di Tunneling point-to-point</string>
  <string name="l2tp_vpn_description">Protocollo tunneling livello 2</string>
  <string name="l2tp_ipsec_psk_vpn_description">Chiave pre condivisa basata su L2TP/IPSec VPN</string>
  <string name="l2tp_ipsec_crt_vpn_description">Certificato in base L2TP/IPSec VPN</string>
  <string name="upload_file">Scegli file</string>
  <string name="reset">Reset</string>
  <string name="submit">Invia</string>
  <string name="description_star">Preferito</string>
  <string name="car_mode_disable_notification_title">Modalità automobile attiva</string>
  <string name="car_mode_disable_notification_message">Scegli per uscire dalla modalità automobile.</string>
  <string name="tethered_notification_title">Tethering o Hotspot attivi</string>
  <string name="tethered_notification_message">Tocca per configurare</string>
  <string name="throttle_warning_notification_title">Utilizzo intenso rete dati</string>
  <string name="throttle_warning_notification_message">Tocca qui per informazioni sull\'uso della rete dati</string>
  <string name="throttled_notification_title">Limite di dati mobili raggiunto</string>
  <string name="throttled_notification_message">Premi per saperne di più sull\'uso dei dati mobili</string>
  <string name="openvpn_vpn_description">OpenVPN SSL VPN</string>
  <string name="lockscreen_dial_label">Inserisci percorso</string>
  <string name="lockscreen_mms_label">Inserisci il testo</string>
  <string name="status_bar_back_to_call">Toccare qui per tornare alla chiamata</string>
  <string name="lockscreen_bottom_hint">Scorri in alto o in basso per sbloccare</string>
  <string name="lockscreen_unlock_hint">Sbloccare</string>
  <string name="unknown">Sconosciuto</string>
  <string name="private_num">Numero privato</string>
  <string name="payphone">Telefono pubblico</string>
  <string name="callNoAnswerTimeFormat">%s chiamate perse</string>
  <string name="callDetailsDurationFormat">%1$s minuti %2$s secondi</string>
  <string name="date_day">Giorno</string>
  <string name="status_bar_battery_low_notification">Batteria Scarica</string>
  <string name="status_bar_battery_low_notification_button">Impostazioni batteria</string>
  <string name="status_bar_button_wifi">Wi-Fi</string>
  <string name="status_bar_button_apn">Dati</string>
  <string name="status_bar_button_bluetooth">Bluetooth</string>
  <string name="status_bar_button_rotate">Rotazione</string>
  <string name="status_bar_button_brightness">Luminosità</string>
  <string name="status_bar_button_ringer_normal">Suoneria</string>
  <string name="status_bar_button_ringer_vibrate">Vibrazione</string>
  <string name="status_bar_button_ringer_mute">Silenzioso</string>
  <string name="status_bar_button_gps">GPS</string>
  <string name="status_bar_button_sync">Sincronizzazione</string>
  <string name="status_bar_button_cpu">Riduci Frequenza CPU</string>
  <string name="status_bar_button_vibrate">Vibrazione</string>
  <string name="status_bar_button_flight_mode">Modalità Aereo</string>
  <string name="status_bar_button_reboot">Riavvia</string>
  <string name="status_bar_button_shutdown">Spegni</string>
  <string name="recent_dialog_buttonAppKiller_summary">MIUI libera %1$s di memoria. \nMemoria disponibile: %2$s</string>
  <string name="recent_dialog_buttonAppKiller">App killer</string>
  <string name="recent_dialog_buttonTaskManager">Task Manager</string>
  <string name="theme_changing_dialog_title">Il nuovo stile dell\'icona sta per essere preparato</string>
  <string name="theme_changed_dialog_title">Stile icona modificato con successo</string>
  <string name="theme_changed_dialog_message">Anteprima disponibile sul desktop, si consiglia di riavviare il telefono per completare l\'aggiornamento</string>
</resources>
