<?xml version="1.0" encoding="utf-8"?>
<!--Generated by crowdin.net-->
<resources>
  <string name="app_label">Messaggeria</string>
  <string name="new_message">Scrivi nuovo messaggio</string>
  <string name="create_new_message">Scrivi nuovo messaggio</string>
  <string name="menu_call_back">Chiama %s</string>
  <string name="menu_send_email">Invia email a  %s</string>
  <string name="menu_compose_new">Scrivi</string>
  <string name="menu_preferences">Impostazioni</string>
  <string name="menu_add_address_to_contacts">Aggiungi %s ai contatti</string>
  <string name="menu_call">Chiama</string>
  <string name="menu_delete_all">Elimina tutte le conversazioni</string>
  <string name="menu_delete">Elimina conversazione</string>
  <string name="menu_undelivered_messages">Messaggi non consegnati</string>
  <string name="menu_view">Visualizza discussione</string>
  <string name="refreshing">Aggiornamento...</string>
  <string name="has_draft">Bozza</string>
  <string name="broadcast_from_to">Da %1$s a %2$s</string>
  <string name="anonymous_recipient">Anonimo</string>
  <string name="no_subject_view">(Nessun oggetto)</string>
  <string name="messagelist_sender_self">Io</string>
  <string name="view_picture">Visualizza immagine</string>
  <string name="view_slideshow">Visualizza presentazione</string>
  <string name="view_message_details">Dettagli messaggio</string>
  <string name="view_delivery_report">Visualizza rapporto</string>
  <string name="delete_message">Elimina messaggio</string>
  <string name="sent_on">Data invio: %s</string>
  <string name="expire_on">Scadenza: %s</string>
  <string name="kilobyte">kB</string>
  <string name="undelivered_msg_dialog_title">Messaggio non consegnato</string>
  <string name="undelivered_msg_dialog_body">Impossibile inviare il messaggio.\nTentativo eseguito: %s.</string>
  <string name="undelivered_sms_dialog_body">Impossibile inviare il messaggio.</string>
  <string name="delete_thread">Elimina thread</string>
  <string name="menu_forward">Inoltra</string>
  <string name="download">Scarica</string>
  <string name="downloading">Download in corso</string>
  <string name="name_colon">%s: </string>
  <string name="inline_subject"><Oggetto: %s></string>
  <string name="drm_protected_text">* Testo protetto con DRM *</string>
  <string name="insufficient_drm_rights">Diritti DRM insufficienti.</string>
  <string name="copy_message_text">Copia testo messaggio</string>
  <string name="message_options">Opzioni messaggio</string>
  <string name="done">Fatto</string>
  <string name="move_up">Sposta su</string>
  <string name="move_down">Sposta giù</string>
  <string name="remove_slide">Rimuovi diapositiva</string>
  <string name="add_slide">Aggiungi diapositiva</string>
  <string name="add_slide_hint">Selez. per creare nuova dia.</string>
  <string name="discard_slideshow">Ignora presentazione</string>
  <string name="slide_show_part">Parte %1$s/%2$s</string>
  <string name="remove_text">Rimuovi testo</string>
  <string name="add_picture">Aggiungi immagine</string>
  <string name="remove_picture">Rimuovi immagine</string>
  <string name="add_music">Aggiungi musica</string>
  <string name="remove_music">Rimuovi musica</string>
  <string name="add_video">Aggiungi video</string>
  <string name="remove_video">Rimuovi video</string>
  <string name="compose_title">Scrivi</string>
  <string name="to_hint">A</string>
  <string name="subject_hint">Oggetto</string>
  <string name="add_attachment">Aggiungi allegato:</string>
  <string name="add_subject">Aggiungi oggetto</string>
  <string name="discard">Ignora</string>
  <string name="view">Visualizza</string>
  <string name="replace">Sostituisci</string>
  <string name="remove">Rimuovi</string>
  <string name="send">Invia</string>
  <string name="mms">MMS</string>
  <string name="all_threads">Tutti i thread</string>
  <string name="type_to_compose_text_enter_to_send">Digita un testo qui</string>
  <string name="open_keyboard_to_compose_message">Apri tastiera per scrivere il messaggio</string>
  <string name="image_too_large">Immagine troppo grande</string>
  <string name="ask_for_automatically_resize">Ridimensionare automaticamente l\'immagine prima di inviarla?</string>
  <string name="compressing">Immagine troppo grande. Compressione in corso…</string>
  <string name="unsupported_media_format">Formato di %1$s non supportato</string>
  <string name="select_different_media">Seleziona un altro elemento %1$s.</string>
  <string name="exceed_message_size_limitation">Limite di dimensione del messaggio raggiunto.</string>
  <string name="message_too_big_for_video">Dimensioni del messaggio troppo grandi per poter allegare un video.</string>
  <string name="failed_to_add_media">Spiacenti. Impossibile aggiungere questo %1$s al messaggio.</string>
  <string name="failed_to_resize_image">Immagine non ridimensionata.</string>
  <string name="resize_image_error_information">Anche ridimensionata, l\'immagine è troppo grande per essere inviata.</string>
  <string name="forward_prefix">I: </string>
  <string name="discard_message">Ignora</string>
  <string name="discard_message_reason">Il messaggio verrà ignorato. I destinatari non sono validi.</string>
  <string name="has_invalid_recipient">Destinatari non validi: <%1$s></string>
  <string name="invalid_destination">Hai inserito un indirizzo non valido.</string>
  <string name="invalid_recipient_message">Correggi i destinatari o il messaggio non sarà recapitato.</string>
  <string name="cannot_send_message">Impossibile inviare il messaggio</string>
  <string name="cannot_send_message_reason">Il messaggio non ha destinatari validi.</string>
  <string name="cannot_forward_drm_obj">Impossibile inoltrare l\'oggetto DRM incluso nel messaggio.</string>
  <string name="converting_to_picture_message">Conversione in messaggio multimediale in corso...</string>
  <string name="converting_to_text_message">Conversione in messaggio di testo in corso...</string>
  <string name="cannot_add_slide_anymore">Impossibile aggiungere altre diapositive.</string>
  <string name="cannot_add_picture_and_video">Impossibile aggiungere video e immagine a una diapositiva.</string>
  <string name="cannot_save_message">Impossibile salvare il messaggio.</string>
  <string name="cannot_load_message">Impossibile caricare il messaggio.</string>
  <string name="message_saved_as_draft">Messaggio salvato come bozza.</string>
  <string name="locked_message_cannot_be_deleted">Impossibile eliminare messaggi bloccati.</string>
  <string name="too_many_recipients">Questo messaggio ha troppi destinatari (%1$s). Esiste un limite di %2$s destinatari.</string>
  <string name="too_many_attachments">C\'è un limite di %1$s allegati. Verranno aggiunti solo i primi %2$s.</string>
  <string name="adding_attachments_title">Aggiunta di allegati</string>
  <string name="adding_attachments">Attendi mentre vengono aggiunti gli elementi alla presentazione.</string>
  <string name="multiple_recipients">%1$s destinatari</string>
  <string name="cannot_play_audio">Impossibile riprodurre l\'audio.</string>
  <string name="preview">Anteprima</string>
  <string name="preview_slideshow">Anteprima</string>
  <string name="replace_image">Sostituisci immagine</string>
  <string name="duration_sec">Durata (%s sec)</string>
  <string name="duration_selector_title">Durata diapositiva </string>
  <string name="layout_selector_title">Layout presentazione </string>
  <string name="layout_top">Layout (superiore)</string>
  <string name="layout_bottom">Layout (inferiore)</string>
  <string name="type_to_compose_text_or_leave_blank">Digita il testo o lascia vuoto</string>
  <string name="duration_not_a_number">La durata deve essere un numero</string>
  <string name="duration_zero">La durata deve essere superiore a zero secondi</string>
  <string name="secs">sec</string>
  <string name="menu_view_contact">Visualizza contatto</string>
  <string name="menu_add_to_contacts">Aggiungi a contatti</string>
  <string name="hidden_sender_address">Indirizzo mittente nascosto</string>
  <string name="yes">OK</string>
  <string name="no">Annulla</string>
  <string name="set">Imposta</string>
  <string name="play">Riproduci</string>
  <string name="edit">Modifica</string>
  <string name="resize">Ridimensiona</string>
  <string name="try_to_send">Prova a inviare</string>
  <string name="preferences_title">Impostazioni</string>
  <string name="restore_default">Ripristina impostazioni predefinite</string>
  <string name="pref_notification_settings_title">Impostazioni notifiche</string>
  <string name="pref_mms_settings_title">Impostazioni messaggi multimediali (MMS)</string>
  <string name="pref_sms_settings_title">Impostazioni messaggi di testo (SMS)</string>
  <string name="pref_sms_storage_title">Impostazioni di archiviazione</string>
  <string name="pref_summary_manage_sim_messages">Gestisci i messaggi memorizzati nella SIM</string>
  <string name="pref_summary_mms_delivery_reports">Richiedi una conferma di consegna per ogni messaggio inviato</string>
  <string name="pref_summary_mms_read_reports">Richiedi una conferma di lettura per ogni messaggio inviato</string>
  <string name="pref_summary_sms_delivery_reports">Richiedi una conferma di consegna per ogni messaggio inviato</string>
  <string name="pref_summary_auto_delete">Elimina vecchi messaggi al raggiungimento dei limiti</string>
  <string name="pref_summary_delete_limit">%1$s messaggi per conversazione</string>
  <string name="pref_title_manage_sim_messages">Gestisci messaggi della SIM</string>
  <string name="pref_title_mms_delivery_reports">Conferme di recapito</string>
  <string name="pref_title_mms_read_reports">Conferme di lettura</string>
  <string name="pref_title_sms_delivery_reports">Rapporti di consegna</string>
  <string name="pref_title_auto_delete">Elimina vecchi messaggi</string>
  <string name="pref_title_sms_delete">Limite messaggio di testo</string>
  <string name="pref_title_mms_delete">Limite mess. multimediale</string>
  <string name="pref_title_popup_enabled">Informazioni finestra a scomparsa</string>
  <string name="pref_summary_popup_enabled">Ricevi messaggi in una finestra a scomparsa quando lo schermo è acceso</string>
  <string name="pref_title_notification_enabled">Notifiche</string>
  <string name="pref_summary_notification_enabled">Visualizza notifiche messaggi nella barra di stato</string>
  <string name="pref_title_notification_vibrateWhen">Vibrazione</string>
  <string name="pref_summary_notification_vibrateWhen">Attiva anche vibrazione alla notifica</string>
  <string name="pref_title_notification_ringtone">Seleziona suoneria</string>
  <string name="pref_messages_to_save">Imposta numero di messaggi da salvare</string>
  <string name="prefDefault_vibrateWhen">mai quando è attiva la vibrazione</string>
  <string name="prefDefault_vibrate_true">sempre</string>
  <string name="prefDefault_vibrate_false">mai quando non è abilitata la vibrazione</string>
  <string name="prefDialogTitle_vibrateWhen">Vibrazione</string>
  <string name="pref_title_mms_auto_retrieval">Recupero automatico</string>
  <string name="pref_summary_mms_auto_retrieval">Recupera messaggi automaticamente</string>
  <string name="pref_title_mms_retrieval_during_roaming">Recupero in roaming</string>
  <string name="pref_summary_mms_retrieval_during_roaming">Recupera automaticamente i messaggi durante il roaming</string>
  <string name="to_label">A </string>
  <string name="confirm_dialog_title">Elimina</string>
  <string name="confirm_dialog_locked_title">Eliminare messaggio bloccato?</string>
  <string name="confirm_delete_conversation">Verrà eliminato l\'intero thread.</string>
  <string name="confirm_delete_all_conversations">Verranno eliminati tutti i thread.</string>
  <string name="confirm_delete_message">Il messaggio verrà eliminato.</string>
  <string name="confirm_delete_locked_message">Eliminare questo messaggio bloccato?</string>
  <string name="confirm_delete_all_messages">Verrà eliminato l\'intero thread.</string>
  <string name="confirm_delete_all_SIM_messages">Verranno eliminati tutti i messaggi nella SIM.</string>
  <string name="confirm_delete_SIM_message">Questo messaggio nella SIM verrà eliminato.</string>
  <string name="delete_unlocked">Elimina messaggi bloccati</string>
  <string name="delete">Elimina</string>
  <string name="cannot_get_details">Impossibile ottenere i dettagli</string>
  <string name="message_details_title">Dettagli messaggio</string>
  <string name="message_type_label">Tipo: </string>
  <string name="text_message">Messaggio di testo</string>
  <string name="multimedia_message">Messaggio multimediale</string>
  <string name="multimedia_notification">Notifica messaggio multimediale</string>
  <string name="from_label">Da: </string>
  <string name="to_address_label">A: </string>
  <string name="bcc_label">Ccn: </string>
  <string name="sent_label">Inviato: </string>
  <string name="received_label">Ricevuto: </string>
  <string name="saved_label">Salvato: </string>
  <string name="subject_label">Oggetto: </string>
  <string name="message_size_label">Dimensione messaggio: </string>
  <string name="priority_label">Priorità: </string>
  <string name="priority_high">Elevata</string>
  <string name="priority_normal">Normale</string>
  <string name="priority_low">Bassa</string>
  <string name="message_class_label">Classe messaggio: </string>
  <string name="error_code_label">Codice errore: </string>
  <string name="menu_edit">Modifica</string>
  <string name="menu_retry_sending">Riprova invio</string>
  <string name="menu_retry_sending_all">Riprova a inviare tutti</string>
  <string name="menu_delete_messages">Elimina messaggi</string>
  <string name="retrying_dialog_body">Il messaggio %s non è stato inviato a causa di un problema di connessione.\nNuovo tentativo di invio…</string>
  <string name="menu_lock">Blocca messaggio</string>
  <string name="menu_unlock">Sblocca messaggio</string>
  <string name="sim_copy_to_phone_memory">Copia in memoria telefono</string>
  <string name="sim_delete">Elimina</string>
  <string name="sim_manage_messages_title">Messaggi di testo sulla scheda SIM</string>
  <string name="sim_view">Visualizza</string>
  <string name="sim_empty">Nessun messaggio nella SIM.</string>
  <string name="delivery_header_title">Rapporto</string>
  <string name="status_none">(Nessuno)</string>
  <string name="status_pending">In sospeso</string>
  <string name="status_read">Letto</string>
  <string name="status_received">Ricevuto</string>
  <string name="status_failed">Non riuscito</string>
  <string name="status_unread">Da leggere</string>
  <string name="status_rejected">Rifiutato</string>
  <string name="recipient_label">Destinatario: </string>
  <string name="status_label">Stato: </string>
  <string name="attach_image">Immagini</string>
  <string name="attach_take_photo">Scatta foto</string>
  <string name="attach_video">Video</string>
  <string name="attach_record_video">Registra video</string>
  <string name="attach_sound">Audio</string>
  <string name="attach_record_sound">Registra audio</string>
  <string name="attach_slideshow">Presentazione</string>
  <string name="select_bottom_text">Testo in basso</string>
  <string name="select_top_text">Testo in alto</string>
  <string name="delivery_toast_body">Messaggio ricevuto da %s</string>
  <string name="notification_multiple">%s messaggi da leggere.</string>
  <string name="notification_multiple_title">Nuovi messaggi</string>
  <string name="notification_failed_multiple">Impossibile inviare %s messaggi.</string>
  <string name="notification_failed_multiple_title">Messaggi non inviati</string>
  <string name="sim_full_title">SIM piena</string>
  <string name="sim_full_body">Elimina alcuni messaggi per liberare spazio.</string>
  <string name="sms_full_title">Memoria messaggi di testo piena</string>
  <string name="sms_full_body">Messaggio in arrivo rifiutato a causa della memoria piena. Elimina i vecchi messaggi.</string>
  <string name="sms_rejected_title">Messaggio di testo rifiutato</string>
  <string name="sms_rejected_body">Messaggio in arrivo rifiutato per un motivo sconosciuto.</string>
  <string name="type_audio">audio</string>
  <string name="type_picture">immagine</string>
  <string name="type_video">video</string>
  <string name="confirm">Conferma</string>
  <string name="message_send_read_report">Verrà inviata una conferma di lettura.</string>
  <string name="message_queued">Al momento è impossibile inviare il messaggio. Il messaggio verrà inviato non appena il servizio diventa disponibile.</string>
  <string name="no_subject">(Nessun oggetto)</string>
  <string name="unknown_sender">Mittente sconosciuto</string>
  <string name="dl_failure_notification">Download del messaggio %1$s di %2$s non riuscito.</string>
  <string name="dl_expired_notification">Questo messaggio è scaduto e verrà eliminato.</string>
  <string name="rate_limit_surpassed">Conferma</string>
  <string name="confirm_rate_limit">Stai per inviare numerosi MMS. Confermi?</string>
  <string name="message_download_failed_title">Messaggio non scaricato</string>
  <string name="message_send_failed_title">Messaggio non inviato</string>
  <string name="message_failed_body">Seleziona per controllare il messaggio e riprovare.</string>
  <string name="download_later">Download attualmente non disponibile. Riprova più tardi.</string>
  <string name="select_audio">Seleziona audio</string>
  <string name="copy_to_sdcard">Copia allegato in scheda SD</string>
  <string name="copy_to_sdcard_success">Allegato copiato in scheda SD</string>
  <string name="copy_to_sdcard_fail">Copia dell\'allegato nella scheda SD non riuscita</string>
  <string name="save_ringtone">Salva come suoneria</string>
  <string name="saved_ringtone">Suoneria salvata</string>
  <string name="saved_ringtone_fail">Salvataggio della suoneria non riuscito</string>
  <string name="menu_insert_smiley">Inserisci emoticon</string>
  <string name="select_link_title">Seleziona azione</string>
  <string name="slide_number">Diapositiva %s</string>
  <string name="delivery_report_activity">Conferma di recapito</string>
  <string name="storage_limits_activity">Limiti di archiviazione</string>
  <string name="add_attachment_activity">Aggiungi allegato:</string>
  <string name="select_layout_activity">Seleziona layout</string>
  <string name="change_duration_activity">Modifica durata</string>
  <string name="edit_text_activity">Modifica testo</string>
  <string name="edit_slideshow_activity">Modifica presentazione</string>
  <string name="edit_slide_activity">Modifica diapositiva</string>
  <string name="pick_numbers_activity">Seleziona numeri</string>
  <string name="slideshow_activity">Presentazione</string>
  <string name="popup_activity">Risposta rapida</string>
  <string name="popup_btn_send">Risposta</string>
  <string name="class_0_message_activity">Messaggio classe 0</string>
  <string name="send_using_mms_activity">Invia come messaggio multimediale...</string>
  <string name="select_contact_method_activity">Seleziona metodo contatto</string>
  <string name="search_label">Messaggi</string>
  <string name="search_hint">Cerca in messaggi</string>
  <string name="search">Messaggi</string>
  <string name="search_setting_description">Testo nei tuoi messaggi</string>
  <string name="search_empty">Nessuna corrispondenza</string>
  <string name="search_history">%1$s risultati per \"%2$s\</string>
  <string name="confirm_clear_search_title">Cancella</string>
  <string name="confirm_clear_search_text">La cronologia delle ricerche verrà cancellata.</string>
  <string name="pref_mms_clear_search_history_title">Cancella cronologia ricerche</string>
  <string name="pref_mms_clear_search_history_summary">Cancella le ricerche precedenti nei Messaggi che vengono mostrate nella casella di ricerca</string>
  <string name="save">Salva</string>
  <string name="storage_limits_title">Limita messaggi</string>
  <string name="storage_limits_message">Limitare il numero di messaggi da salvare per conversazione?</string>
  <string name="storage_limits_setting">Imposta limiti</string>
  <string name="storage_limits_setting_dismiss">Nessun limite</string>
  <string name="too_many_unsent_mms">Impossibile inviare il messaggio in questo momento. Troppi messaggi multimediali non inviati.</string>
  <string name="me">Io</string>
  <string name="sending_message">Invio in corso...</string>
  <string name="bookmark_sms">Messaggio preferito</string>
  <string name="bookmark_sms_message">Messaggio inserito tra i preferiti...</string>
  <string name="recent_conversation">Conversazione</string>
  <string name="contacts">Contatti</string>
  <string name="sms_bookmark">Raccolta Messaggi Preferiti</string>
  <string name="sms_push">Messaggio push</string>
  <string name="forward_from_format">%sInoltrato da%s</string>
  <string name="msg_forward_from_format">—Inoltrato da:%s</string>
  <string name="forward_count_format">Inoltrato %d volte</string>
  <string name="recipient_count_format">Totale di %d destinatari</string>
  <string name="notification_color_title">Seleziona colore</string>
  <string name="notification_color_summary">Scegli il colore della Trackball quando si riceve un messaggio</string>
  <string name="group_msg_contact_title">%sInvia a:%s</string>
  <string name="sms_bookmark_welcome">Non hai selezionato alcun messaggio come preferito. Premere a lungo su un messaggio e toccare "Messaggio Preferito" per aggiungerlo qui</string>
  <string name="mms_increase_font_size">Aumenta la dimensione dei caratteri</string>
  <string name="mms_decrease_font_size">Diminuisci la dimensione dei caratteri</string>
  <string name="mms_reading_mode_day">Modalità giorno</string>
  <string name="mms_reading_mode_night">Modalità notte</string>
  <string name="menu_patch_delete">Elimina l\'intera conversazione</string>
  <string name="btn_done">Elimina</string>
  <string name="btn_cancel">Annulla</string>
  <string name="pref_title_forward_contact">Inoltrato da</string>
  <string name="pref_summary_forward_contact">Allega l\'originale quando inoltri</string>
  <string name="save_image">Salva foto</string>
  <string name="mms_image_folder_name">Immagine MMS</string>
  <string name="mms_image_saved_successfully">Immagine salvata con successo</string>
  <string name="mms_image_saving_failed">Impossibile salvare la foto, per favore controlla la tua scheda SD</string>
  <string name="festival_sms_category_count_format">(%s)</string>
  <string name="festival_msg_loading">Caricamento in corso...</string>
  <string name="festival_sms_push">Consigliati</string>
  <string name="menu_group_sending">Messaggio</string>
  <string name="miui_push">MIUI PUSH</string>
  <string name="pushed_sms_category">SMS</string>
  <string name="converstaion_list_tile">SMS</string>
  <string name="conversations_count_format">(%d)</string>
  <string name="quick_sms_to">Invia a %s</string>
  <string name="popup_sms_deleted">SMS soppresso</string>
  <string name="pref_set_font_size">Dimensione dei caratteri</string>
  <string name="pref_summery_set_font_size">Dimensione caratteri del messaggio</string>
  <string name="menu_batch_delete">Elimina in massa</string>
  <string name="batch_delete_confirm_dialog_title">Elimina in massa</string>
  <string name="batch_delete_confrom_dialog_message">Elimina le informazioni selezionate</string>
  <string name="btn_delete_with_number">Elimina (%d)</string>
</resources>
