<?xml version="1.0" encoding="utf-8"?>
<!--Generated by crowdin.net-->
<resources>
  <string name="contactsIconLabel">Contatti</string>
  <string name="contactsFavoritesLabel">Preferiti</string>
  <string name="dialerIconLabel">Telefono</string>
  <string name="emergencyDialerIconLabel">Emergency Dialer</string>
  <string name="phoneIconLabel">Telefono</string>
  <string name="recentCallsIconLabel">Registro Chiamate</string>
  <string name="fdnListLabel">Lista FDN</string>
  <string name="unknown">Sconosciuto</string>
  <string name="private_num">Numero privato</string>
  <string name="payphone">Numero a pagamento</string>
  <string name="onHold">In attesa</string>
  <string name="ongoing">Chiamata in corso</string>
  <string name="callFailed_userBusy">Numero Occupato</string>
  <string name="callFailed_congestion">Rete occupata</string>
  <string name="callFailed_noSignal">Nessun segnale</string>
  <string name="callFailed_limitExceeded">ACM limit exceeded</string>
  <string name="callFailed_powerOff">Modulo Radio spento</string>
  <string name="callFailed_simError">Nessuna SIM o SIM non riconosciuta</string>
  <string name="callFailed_outOfService">Area non coperta dal servizio</string>
  <string name="callFailed_fdn_only">Outgoing calls are restricted by FDN.</string>
  <string name="callFailed_cb_enabled">Non puoi effetuare chiamate mentre il blocco chiamate è attivo.</string>
  <string name="callFailed_dsac_restricted">All calls are restricted by access control.</string>
  <string name="callFailed_dsac_restricted_emergency">Emergency calls are restricted by access control.</string>
  <string name="callFailed_dsac_restricted_normal">Normal calls are restricted by access control.</string>
  <string name="callFailed_cdma_lockedUntilPowerCycle">CDMA: Telefono bloccato fino alla fine del ciclo di carica.</string>
  <string name="callFailed_cdma_drop">CDMA: Chiamata persa.</string>
  <string name="callFailed_cdma_intercept">CDMA: telefonata intercettata.</string>
  <string name="callFailed_cdma_reorder">CDMA: in riordine.</string>
  <string name="callFailed_cdma_SO_reject">CDMA: Servizio Opzione Rifiutata.</string>
  <string name="callFailed_cdma_retryOrder">CDMA: nuovo tentantivo.</string>
  <string name="callFailed_cdma_accessFailure">CDMA: Accesso fallito.</string>
  <string name="callFailed_cdma_preempted">CDMA: Preventivato.</string>
  <string name="callFailed_cdma_notEmergency">E\' possibile effettuare solo chiamate di emergenza.</string>
  <string name="confCall">Chiamata in conferenza telefonica</string>
  <string name="call_lost">Call has been lost.</string>
  <string name="retry">Riprova</string>
  <string name="call_lost_title">Chiamata persa</string>
  <string name="mmiStarted">MMI code started</string>
  <string name="ussdRunning">USSD code running…</string>
  <string name="mmiCancelled">Codice MMI annullato</string>
  <string name="cancel">Annulla</string>
  <string name="menu_rejectCallAndSms">Rifiuta con sms</string>
  <string name="menu_speaker">Altoparlante</string>
  <string name="menu_bluetooth">Bluetooth</string>
  <string name="menu_mute">Muto</string>
  <string name="menu_hold">Chiamata trattenuta</string>
  <string name="menu_endCall">Chiamata terminata</string>
  <string name="menu_swapCalls">Scambia chiamate</string>
  <string name="menu_mergeCalls">Unisci chiamate</string>
  <string name="menu_addCall">Aggiungi chiamata</string>
  <string name="menu_manageConference">Gestisci chiamata in conferenza</string>
  <string name="menu_showDialpad">Mostra tastiera telefonica</string>
  <string name="menu_hideDialpad">Nascondi tastiera telefonica</string>
  <string name="menu_answerAndHold">Trattieni chiamata\n& risposta corrente</string>
  <string name="menu_answerAndEnd">Termina chiamata\n& risposta corrente</string>
  <string name="ok">OK</string>
  <string name="menuButtonKeyboardDialHint">Premi tasto Menu per le opzioni sulle chiamate \u0020• \u0020Usa la tastiera per comporre</string>
  <string name="menu_answer">Rispondi</string>
  <string name="menu_ignore">Ignora</string>
  <string name="wait_prompt_str">Send the following tones?\n</string>
  <string name="pause_prompt_str">Sending Tones\n</string>
  <string name="send_button">Invia</string>
  <string name="pause_prompt_yes">Si</string>
  <string name="pause_prompt_no">No</string>
  <string name="wild_prompt_str">Replace the wild character with</string>
  <string name="no_vm_number">Missing voicemail number</string>
  <string name="no_vm_number_msg">No voicemail number is stored on the SIM card.</string>
  <string name="add_vm_number_str">Add number</string>
  <string name="dialer_emptyListWorking">Caricamento...</string>
  <string name="enterPin">Inserisci il codice PIN per sbloccare la SIM card.</string>
  <string name="pinUnlocked">SIM sbloccata</string>
  <string name="enterNewPin">Cambia il codice PIN</string>
  <string name="verifyNewPin">Inserisci il nuovo codice PIN per conferma</string>
  <string name="verifyFailed">Il codice PIN inserito non corrisponde. Riprova.</string>
  <string name="enterPuk">Inserisci il codice PUK per sbloccare la SIM card</string>
  <string name="badPuk">Codice PUK errato!</string>
  <string name="buttonTxtContinue">Continua</string>
  <string name="puk_unlocked">la tua SIM card è stata sbloccata. Sblocco telefono in corso</string>
  <string name="label_ndp">SIM network unlock PIN</string>
  <string name="sim_ndp_unlock_text">Sblocca</string>
  <string name="sim_ndp_dismiss_text">Abbandonare</string>
  <string name="requesting_unlock">Requesting network unlock…</string>
  <string name="unlock_failed">Network unlock request unsuccessful.</string>
  <string name="unlock_success">Network unlock successful.</string>
  <string name="imei">IMEI</string>
  <string name="meid">MEID</string>
  <string name="labelGSMMore">impostazioni chiamate GSM</string>
  <string name="labelCDMAMore">Opzioni chiamate CDMA</string>
  <string name="apn_settings">Access Point Names</string>
  <string name="settings_label">Network settings</string>
  <string name="voicemail">Voicemail</string>
  <string name="voicemail_abbreviated">VM:</string>
  <string name="networks">Operatori di rete</string>
  <string name="call_settings">Impostazioni chiamate</string>
  <string name="additional_gsm_call_settings">Impostazioni GSM aggiuntive</string>
  <string name="sum_gsm_call_settings">Impostazioni aggiuntive chiamate solo in GSM</string>
  <string name="additional_cdma_call_settings">Impostazioni aggiuntive chiamate CDMA</string>
  <string name="sum_cdma_call_settings">Impostazioni aggiuntive solo chiamate CDMA</string>
  <string name="labelNwService">Impostazioni servizi di rete</string>
  <string name="labelCallerId">Caller ID</string>
  <string name="sum_hide_caller_id">Number hidden in outgoing calls</string>
  <string name="sum_show_caller_id">Number displayed in outgoing calls</string>
  <string name="sum_default_caller_id">Use default operator settings to display my number in outgoing calls</string>
  <string name="labelCW">Call waiting</string>
  <string name="sum_cw_enabled">Notificami le chiamate in entrata durante una conversazione</string>
  <string name="sum_cw_disabled">Durante una chiamata, notifica le chiamate in arrivo</string>
  <string name="call_forwarding_settings">Call forwarding settings</string>
  <string name="labelCF">Call forwarding</string>
  <string name="labelCFU">Always forward</string>
  <string name="messageCFU">Utilizza sempre questo numero</string>
  <string name="sum_cfu_enabled_indicator">Forwarding all calls</string>
  <string name="sum_cfu_enabled">Forwarding all calls to {0}</string>
  <string name="sum_cfu_enabled_no_number">Number is unavailable</string>
  <string name="sum_cfu_disabled">Disattivato</string>
  <string name="labelCFB">Forward when busy</string>
  <string name="messageCFB">Conta quando occupato</string>
  <string name="sum_cfb_enabled">Inoltra a {0}</string>
  <string name="sum_cfb_disabled">Disattivato</string>
  <string name="disable_cfb_forbidden">Your carrier does not support disabling call-forwarding when your phone is busy.</string>
  <string name="labelCFNRy">Forward when unanswered</string>
  <string name="messageCFNRy">Conta quando non c\'è risposta</string>
  <string name="sum_cfnry_enabled">Inoltra a {0}</string>
  <string name="sum_cfnry_disabled">Disattivato</string>
  <string name="disable_cfnry_forbidden">Your carrier does not support disabling call-forwarding when your phone doesn\'t answer.</string>
  <string name="labelCFNRc">Forward when unreachable</string>
  <string name="messageCFNRc">Conteggia quando non raggiungibile</string>
  <string name="sum_cfnrc_enabled">Inoltra a {0}</string>
  <string name="sum_cfnrc_disabled">Disabilitata</string>
  <string name="disable_cfnrc_forbidden">Your carrier does not support disabling call-forwarding when your phone is unreachable.</string>
  <string name="updating_title">Impostazioni chiamate</string>
  <string name="error_updating_title">Call settings error</string>
  <string name="reading_settings">Reading settings…</string>
  <string name="updating_settings">Updating settings…</string>
  <string name="reverting_settings">Reverting settings…</string>
  <string name="response_error">Unexpected response from network.</string>
  <string name="exception_error">Timed out to read settings, please retry again.</string>
  <string name="radio_off_error">Please turn on the radio before viewing these settings.</string>
  <string name="close_dialog">Conferma</string>
  <string name="enable">Abilita</string>
  <string name="disable">Disabilita</string>
  <string name="change_num">Aggiorna</string>
  <string name="vm_save_number">Salva il numero della segreteria telefonica</string>
  <string name="vm_changed">Voicemail number changed.</string>
  <string name="vm_change_failed">Voicemail number change unsuccessful.\nPlease contact your carrier if this problem persists.</string>
  <string name="fw_change_failed">Forwarding number change unsuccessful.\nPlease contact your carrier if this problem persists.</string>
  <string name="fw_get_in_vm_failed">Couldn\'t retrieve and save current forwarding number settings.\nSwitch to the new provider anyway?</string>
  <string name="no_change">No changes were made.</string>
  <string name="sum_voicemail_choose_provider">Choose voicemail service</string>
  <string name="voicemail_default">My carrier</string>
  <string name="mobile_networks">Mobile network settings</string>
  <string name="label_available">Available networks</string>
  <string name="load_networks_progress">Searching…</string>
  <string name="empty_networks_list">No networks found.</string>
  <string name="search_networks">Search networks</string>
  <string name="network_query_error">Error while searching for networks.</string>
  <string name="register_on_network">Registering on %s…</string>
  <string name="not_allowed">Your SIM card does not allow a connection to this network.</string>
  <string name="connect_later">Unable to connect to this network at this time. Please try again later.</string>
  <string name="registration_done">Registered on network.</string>
  <string name="sum_carrier_select">Seleziona una rete</string>
  <string name="sum_search_networks">Ricerca tutte le reti disponibili</string>
  <string name="select_automatically">Seleziona automaticamente</string>
  <string name="sum_select_automatically">Automatically select preferred network</string>
  <string name="register_automatically">Registrazione automatica...</string>
  <string name="preferred_network_mode_title">Modalità Network</string>
  <string name="preferred_network_mode_summary">Cambia la modalità operativa delle rete</string>
  <string name="preferred_network_mode_dialogtitle">Modalità Rete Preferita</string>
  <string name="data_enabled">Data enabled</string>
  <string name="data_enable_summary">Enable data access over Mobile network</string>
  <string name="roaming">Data roaming</string>
  <string name="roaming_enable">Attiva dati in roaming</string>
  <string name="roaming_disable">Attiva dati in roaming</string>
  <string name="roaming_reenable_message">Connessione dati persa perchè sei in roaming, i dati roaming sono disattivati.</string>
  <string name="roaming_warning">Consentire il traffico dati in roaming? Si può incorrere in elevati costi aggiuntivi! Si prega di controllare il vostro piano tariffario prima di proseguire.</string>
  <string name="gsm_umts_options">GSM/UMTS Options</string>
  <string name="cdma_options">CDMA Options</string>
  <string name="throttle_data_usage">Data usage</string>
  <string name="throttle_settings_title">Regolamento traffico dati dell\'operatore telefonico</string>
  <string name="throttle_current_usage">Data used in current period</string>
  <string name="throttle_time_frame">Data use period</string>
  <string name="throttle_rate">Data rate policy</string>
  <string name="throttle_help">Learn more</string>
  <string name="throttle_status_subtext">%1$s (%2$d٪) of %3$s period maximum\nNext period starts in %4$d days (%5$s)</string>
  <string name="throttle_data_usage_subtext">%1$s (%2$d٪) of %3$s period maximum</string>
  <string name="throttle_data_rate_reduced_subtext">%1$s maximum exceeded\nData rate reduced to %2$d Kb/s</string>
  <string name="throttle_time_frame_subtext">%1$d٪ of cycle elapsed\nNext period starts in %2$d days (%3$s)</string>
  <string name="throttle_rate_subtext">Data rate reduced to %1$d Kb/s if data use limit is exceeded</string>
  <string name="throttle_help_subtext">More information about your carrier\'s mobile network data use policy</string>
  <string name="cdma_cell_broadcast_sms">Cella Broadcast SMS</string>
  <string name="cell_broadcast_sms">Cell Broadcast SMS</string>
  <string name="enable_disable_cell_bc_sms">Abilita/Disabilita servizi di Cell Broadcast SMS</string>
  <string name="cell_bc_sms_enable">Cell Broadcast SMS enabled</string>
  <string name="cell_bc_sms_disable">Cell Broadcast SMS disabled</string>
  <string name="cb_sms_settings">Cell Broadcast SMS settings</string>
  <string name="enable_disable_emergency_broadcast">Emergency Broadcast</string>
  <string name="emergency_broadcast_enable">Emergency Broadcast enabled</string>
  <string name="emergency_broadcast_disable">Emergency Broadcast disabled</string>
  <string name="enable_disable_administrative">Administrative</string>
  <string name="administrative_enable">Administrative enabled</string>
  <string name="administrative_disable">Administrative disabled</string>
  <string name="enable_disable_maintenance">Maintenance</string>
  <string name="maintenance_enable">Maintenance enabled</string>
  <string name="maintenance_disable">Maintenance disabled</string>
  <string name="general_news_settings">General News</string>
  <string name="bf_news_settings">Business and Financial News</string>
  <string name="sports_news_settings">Sports News</string>
  <string name="entertainment_news_settings">Entertainment News</string>
  <string name="enable_disable_local">Local</string>
  <string name="local_enable">Local news enabled</string>
  <string name="local_disable">Local news disabled</string>
  <string name="enable_disable_regional">Regional</string>
  <string name="regional_enable">Regional news enabled</string>
  <string name="regional_disable">Regional news disabled</string>
  <string name="enable_disable_national">National</string>
  <string name="national_enable">National news enabled</string>
  <string name="national_disable">National news disabled</string>
  <string name="enable_disable_international">International</string>
  <string name="international_enable">International news enabled</string>
  <string name="international_disable">International news disabled</string>
  <string name="list_language_title">Elenco Lingue</string>
  <string name="list_language_summary">Select the news language</string>
  <string name="list_language_dtitle">Languages</string>
  <string name="enable_disable_local_weather">Local Weather</string>
  <string name="local_weather_enable">Local Weather enabled</string>
  <string name="local_weather_disable">Local Weather disabled</string>
  <string name="enable_disable_atr">Area Traffic Reports</string>
  <string name="atr_enable">Area Traffic Reports enabled</string>
  <string name="atr_disable">Area Traffic Reports disabled</string>
  <string name="enable_disable_lafs">Local Airport Flight Schedules</string>
  <string name="lafs_enable">Local Airport Flight Schedules enabled</string>
  <string name="lafs_disable">Local Airport Flight Schedules disabled</string>
  <string name="enable_disable_restaurants">Restaurants</string>
  <string name="restaurants_enable">Restaurants enabled</string>
  <string name="restaurants_disable">Restaurants disabled</string>
  <string name="enable_disable_lodgings">Lodgings</string>
  <string name="lodgings_enable">Lodgings enabled</string>
  <string name="lodgings_disable">Lodgings disabled</string>
  <string name="enable_disable_retail_directory">Retail Directory</string>
  <string name="retail_directory_enable">Retail Directory enabled</string>
  <string name="retail_directory_disable">Retail Directory disabled</string>
  <string name="enable_disable_advertisements">Advertisements</string>
  <string name="advertisements_enable">Advertisements enabled</string>
  <string name="advertisements_disable">Advertisements disabled</string>
  <string name="enable_disable_stock_quotes">Stock Quotes</string>
  <string name="stock_quotes_enable">Stock Quotes enabled</string>
  <string name="stock_quotes_disable">Stock Quotes disabled</string>
  <string name="enable_disable_eo">Employment Opportunities</string>
  <string name="eo_enable">Employment Opportunities enabled</string>
  <string name="eo_disable">Employment Opportunities disabled</string>
  <string name="enable_disable_mhh">Medical, Health and Hospital</string>
  <string name="mhh_enable">Medical, Health and Hospital enabled</string>
  <string name="mhh_disable">Medical, Health and Hospital disabled</string>
  <string name="enable_disable_technology_news">Technology News</string>
  <string name="technology_news_enable">Technology News enabled</string>
  <string name="technology_news_disable">Technology News disabled</string>
  <string name="enable_disable_multi_category">Multi-category</string>
  <string name="multi_category_enable">Multi-category enabled</string>
  <string name="multi_category_disable">Multi-category disabled</string>
  <string name="gsm_umts_network_preferences_title">Preferenze di rete GSM/UMTS</string>
  <string name="gsm_umts_network_preferneces_summary">Non ancora implementato!</string>
  <string name="gsm_umts_network_preferences_dialogtitle">Preferenze di rete GSM/UMTS</string>
  <string name="prefer_2g">Usa solo la rete 2G</string>
  <string name="prefer_2g_summary">Risparmia il consumo della batteria</string>
  <string name="cdma_system_select_title">Seleziona sistema CDMA</string>
  <string name="cdma_system_select_summary">Cambia la modalità di roaming CDMA</string>
  <string name="cdma_system_select_dialogtitle">Selezione del sistema</string>
  <string name="cdma_roaming_mode_title">Modalità di Roaming CDMA</string>
  <string name="cdma_roaming_mode_summary">Cambia la modalità di roaming CDMA</string>
  <string name="cdma_roaming_mode_dialogtitle">Modalità roaming CDMA</string>
  <string name="cdma_network_preferences_title">Preferenze di Rete CDMA</string>
  <string name="cdma_network_preferneces_summary">Non ancora implementata!</string>
  <string name="cdma_network_preferences_dialogtitle">Impostazioni di rete CDMA</string>
  <string name="subscription_title">Test registrazione rete CDMA</string>
  <string name="subscription_summary">Cambia tra RUIM/SIM e NV</string>
  <string name="subscription_dialogtitle">registrazione</string>
  <string name="fdn">Fixed Dialing Numbers</string>
  <string name="manage_fdn_list">Lista dei numeri consentiti</string>
  <string name="fdn_activation">Attivazione lista numeri consentiti</string>
  <string name="fdn_enabled">Fixed Dialing Numbers are enabled</string>
  <string name="fdn_disabled">Fixed Dialing Numbers are disabled</string>
  <string name="enable_fdn">Abilita Lista Numeri consentiti</string>
  <string name="disable_fdn">Disabilita lista numeri consentiti</string>
  <string name="change_pin2">Change PIN2</string>
  <string name="enable_fdn_ok">Disabilita la lista dei numeri consentiti</string>
  <string name="disable_fdn_ok">Abilita lista numeri consentiti</string>
  <string name="sum_fdn">Gestisci la lista dei numeri consentiti</string>
  <string name="sum_fdn_change_pin">Change PIN for FDN access</string>
  <string name="sum_fdn_manage_list">Manage phone number list</string>
  <string name="voice_privacy">Voice Privacy</string>
  <string name="voice_privacy_summary">Enable enhanced privacy mode</string>
  <string name="tty_mode_title">Modalità TTY</string>
  <string name="tty_mode_summary">Abilita modalità TTY</string>
  <string name="tty_mode_option_title">Modalità TTY</string>
  <string name="tty_mode_option_summary">Set TTY mode</string>
  <string name="auto_retry_mode_title">Auto Retry</string>
  <string name="auto_retry_mode_summary">Enable Auto Retry mode</string>
  <string name="menu_add">Aggiungi contatto</string>
  <string name="menu_edit">Modifica contatto</string>
  <string name="menu_delete">Elimina contatto</string>
  <string name="get_pin2">Inserisci PIN2</string>
  <string name="name">Nome</string>
  <string name="number">Number</string>
  <string name="save">Salva</string>
  <string name="add_fdn_contact">Add fixed dialing number</string>
  <string name="adding_fdn_contact">Adding fixed dialing number…</string>
  <string name="fdn_contact_added">Fixed dialing number added.</string>
  <string name="edit_fdn_contact">Edit fixed dialing number</string>
  <string name="updating_fdn_contact">Updating fixed dialing number…</string>
  <string name="fdn_contact_updated">Fixed dialing number updated.</string>
  <string name="delete_fdn_contact">Elimina dalla lista dei numeri concessi</string>
  <string name="deleting_fdn_contact">Deleting fixed dialing number…</string>
  <string name="fdn_contact_deleted">Fixed dialing number deleted.</string>
  <string name="pin2_invalid">FDN not updated: you entered an incorrect PIN2.</string>
  <string name="fdn_invalid_number">FDN not updated: number cannot exceed 20 digits, and can only be digits or \'+\'.</string>
  <string name="simContacts_emptyLoading">Reading from SIM card…</string>
  <string name="simContacts_empty">No contacts on your SIM card</string>
  <string name="simContacts_title">SIM contacts</string>
  <string name="enable_pin">Enable/disable SIM PIN</string>
  <string name="change_pin">Cambia il PIN della SIM</string>
  <string name="enter_pin_text">SIM PIN:</string>
  <string name="oldPinLabel">Vecchio PIN</string>
  <string name="newPinLabel">Nuovo PIN</string>
  <string name="confirmPinLabel">Conferma il nuovo PIN</string>
  <string name="badPin">Il vecchio PIN inserito non è corretto. Per favore riprovare.</string>
  <string name="mismatchPin">I PIN inseriti non corrispondono. Per favore riprovare.</string>
  <string name="invalidPin">Inserisci un PIN composto da 4 fino a 8 numeri.</string>
  <string name="disable_sim_pin">Disable SIM PIN</string>
  <string name="enable_sim_pin">Enable SIM PIN</string>
  <string name="enable_in_progress">Please wait…</string>
  <string name="enable_pin_ok">SIM PIN enabled</string>
  <string name="disable_pin_ok">SIM PIN disabled</string>
  <string name="pin_failed">The PIN you typed was incorrect</string>
  <string name="pin_changed">Il PIN è stato cambiato con successo</string>
  <string name="puk_requested">Password errata, SIM bloccata! Serve il codice PUK2 per sbloccarla.</string>
  <string name="enter_pin2_text">PIN2</string>
  <string name="oldPin2Label">Vecchio PIN2</string>
  <string name="newPin2Label">Nuovo PIN2</string>
  <string name="confirmPin2Label">Conferma il nuovo PIN2</string>
  <string name="badPuk2">Il PUK2 inserito non è corretto. Prova di nuovo.</string>
  <string name="badPin2">Il vecchio PIN2 inserito non è corretto. Per favore prova di nuovo.</string>
  <string name="mismatchPin2">I PIN2 inseriti non corrispondono Per favore prova di nuovo.</string>
  <string name="invalidPin2">Inserisci un PIN2 composto da 4 fino a 8 numeri.</string>
  <string name="invalidPuk2">Inserisci un PUK2 che sia composto da 8 numeri.</string>
  <string name="pin2_changed">PIN2 changed successfully</string>
  <string name="label_puk2_code">Type PUK2 code</string>
  <string name="fdn_enable_puk2_requested">PIN2 is locked! Please change PIN2 and retry!</string>
  <string name="puk2_requested">Password errata, SIM bloccata! Serve il codice PUK2 per sbloccarla.</string>
  <string name="doneButton">Fatto</string>
  <string name="caller_manage_header">Chiamata in conferenza %s</string>
  <string name="caller_manage_manage_done_text">Back to call</string>
  <string name="fake_phone_activity_phoneNumber_text">(650) 555-1234</string>
  <string name="fake_phone_activity_infoText_text">Incoming phone number</string>
  <string name="fake_phone_activity_placeCall_text">Fake Incoming Call</string>
  <string name="sim_missing_continueView_text">Continua senza la scheda SIM</string>
  <string name="sim_missing_msg_text">Nessuna scheda SIM trovata. Per favore inserisci una scheda SIM nel telefono.</string>
  <string name="sim_unlock_dismiss_text">Abbandona</string>
  <string name="sim_unlock_unlock_text">Sbloccare</string>
  <string name="sim_unlock_status_text">Autenticazione PIN in corso...</string>
  <string name="voicemail_settings_number_label">Voicemail number</string>
  <string name="card_title_dialing">Dialing</string>
  <string name="card_title_redialing">Retrying</string>
  <string name="card_title_in_progress">Chiamata in corso</string>
  <string name="card_title_conf_call">Chiamata in conferenza</string>
  <string name="card_title_incoming_call">Chiamata in arrivo</string>
  <string name="card_title_cdma_call_waiting">Avviso di chiamata in linea CDMA</string>
  <string name="card_title_call_ended">Call ended</string>
  <string name="card_title_on_hold">In attesa</string>
  <string name="card_title_hanging_up">Hanging up</string>
  <string name="card_title_in_call">In chiamata</string>
  <string name="notification_missedCallTitle">Chiamata persa</string>
  <string name="notification_missedCallsTitle">Missed calls</string>
  <string name="notification_missedCallsMsg">%s missed calls</string>
  <string name="notification_missedCallTicker">Missed call from %s</string>
  <string name="notification_ongoing_call_format">Current call (%s)</string>
  <string name="notification_on_hold">In attesa</string>
  <string name="notification_voicemail_title">New voicemail</string>
  <string name="notification_voicemail_title_count">New voicemail (%d)</string>
  <string name="notification_voicemail_text_format">Dial %s</string>
  <string name="notification_voicemail_no_vm_number">Voicemail number unknown</string>
  <string name="notification_network_selection_title">No service</string>
  <string name="notification_network_selection_text">Selected network (%s) unavailable</string>
  <string name="incall_error_power_off">To place a call, first turn off Airplane mode.</string>
  <string name="incall_error_emergency_only">Not registered on network.</string>
  <string name="incall_error_out_of_service">Mobile network not available.</string>
  <string name="incall_error_no_phone_number_supplied">Call not sent, no valid number entered.</string>
  <string name="incall_error_call_failed">Call not sent.</string>
  <string name="incall_status_dialed_mmi">Starting MMI sequence…</string>
  <string name="incall_status_dialed_fc">Inizio sequenza codice caratteristico</string>
  <string name="incall_error_supp_service_unknown">Unsupported service.</string>
  <string name="incall_error_supp_service_switch">Unable to switch calls.</string>
  <string name="incall_error_supp_service_separate">Unable to separate call.</string>
  <string name="incall_error_supp_service_transfer">Unable to transfer call.</string>
  <string name="incall_error_supp_service_conference">Unable to conference calls.</string>
  <string name="incall_error_supp_service_reject">Unable to reject call.</string>
  <string name="incall_error_supp_service_hangup">Unable to release call(s).</string>
  <string name="emergency_enable_radio_dialog_title">Emergency call</string>
  <string name="emergency_enable_radio_dialog_message">Turning on radio…</string>
  <string name="emergency_enable_radio_dialog_retry">Out of service area, retrying…</string>
  <string name="dial_emergency_error">Call not sent, %s is not an emergency number!</string>
  <string name="dial_emergency_empty_error">Call not sent, please dial an emergency number!</string>
  <string name="dialerKeyboardHintText">Usa la tastiera per comporre</string>
  <string name="dtmfDialpadHintText">Tono della tastiera</string>
  <string name="dtmfDialpadHandleLabel">Composizione chiamate</string>
  <string name="touchLockText">Doppio tocco\nper sbloccare</string>
  <string name="onscreenAnswerText">Doppio tocco\nper rispondere</string>
  <string name="onscreenRejectText">Doppio tocco\nper rifiutare</string>
  <string name="onscreenHoldText">Trattenuta</string>
  <string name="onscreenUnholdText">Rilasciata</string>
  <string name="onscreenEndCallText">Chiamata terminata</string>
  <string name="onscreenShowDialpadText">Telefono</string>
  <string name="onscreenHideDialpadText">Nascondi</string>
  <string name="onscreenSpeakerText">Altoparlante</string>
  <string name="onscreenMuteText">Muto</string>
  <string name="onscreenBluetoothText">Bluetooth</string>
  <string name="onscreenAddCallText">Aggiungi chiamata</string>
  <string name="onscreenMergeCallsText">Unisci chiamate</string>
  <string name="onscreenSwapCallsText">Swap</string>
  <string name="onscreenManageCallsText">Manage calls</string>
  <string name="onscreenManageConferenceText">Gestisci conferenza</string>
  <string name="importSimEntry">Import</string>
  <string name="importAllSimEntries">Import all</string>
  <string name="importingSimContacts">Importing SIM contacts</string>
  <string name="importToFDNfromContacts">Import from contacts</string>
  <string name="hac_mode_title">Hearing aids</string>
  <string name="hac_mode_summary">Turn on hearing aid compatibility</string>
  <string name="eri_text_label">Messaggio ERI</string>
  <string name="dtmf_tones_title">DTMF Tones</string>
  <string name="dtmf_tones_summary">Set the length of DTMF tones</string>
  <string name="network_message">Network Message</string>
  <string name="ota_title_activate">Activate your phone</string>
  <string name="ota_touch_activate">A special call needs to be made to activate your phone service. \n\nAfter pressing “Activate”, listen to the instructions provided to activate your phone.</string>
  <string name="ota_touch_activate_new">Tocca su "Attiva" per effettuare una chiamata speciale che attiva il telefono con il tuo operatore\'s di rete mobile, in modo da poter effettuare chiamate e connettersi a reti di dati mobili.</string>
  <string name="ota_skip_activation_dialog_title">Skip activation?</string>
  <string name="ota_skip_activation_dialog_message">If you skip activation, you can\'t place calls or connect to mobile data networks (though you can connect to Wi-Fi networks). Until you activate your phone, you are asked to activate it each time you turn it on.</string>
  <string name="ota_skip_activation_dialog_skip_label">Skip</string>
  <string name="ota_skip_activation_dialog_continue_label">Attiva</string>
  <string name="ota_activate">Attiva</string>
  <string name="ota_title_activate_success">Phone is activated!</string>
  <string name="ota_title_problem_with_activation">Problem with activation</string>
  <string name="ota_listen">Follow the spoken instructions until you hear that activation is complete.</string>
  <string name="ota_dialpad">Tastiera</string>
  <string name="ota_speaker">Altoparlante</string>
  <string name="ota_progress">Please wait while your phone is being programmed.</string>
  <string name="ota_failure">Programming Unsuccessful</string>
  <string name="ota_successful">Your phone is now activated. It may take up to 15 minutes for service to start.</string>
  <string name="ota_unsuccessful">Your phone did not activate. \nYou may need to find an area with better coverage (near a window, or outside). \n\nTry again or call customer service for more options.</string>
  <string name="ota_spc_failure">EXCESS SPC FAILURES</string>
  <string name="ota_call_end">Indietro</string>
  <string name="ota_try_again">Riprova</string>
  <string name="ota_next">Prossimo</string>
  <string name="ota_back">Torna indietro</string>
  <string name="ecm_exit_dialog">EcmExitDialog</string>
  <string name="phone_entered_ecm_text">Entered Emergency Callback Mode</string>
  <string name="phone_in_ecm_notification_title">Emergency Callback Mode</string>
  <string name="phone_in_ecm_call_notification_text">Data connection disabled</string>
  <string name="alert_dialog_in_ecm_call">The selected action is not available while in an emergency call</string>
  <string name="progress_dialog_exiting_ecm">Exiting Emergency Callback Mode</string>
  <string name="alert_dialog_yes">Si</string>
  <string name="alert_dialog_no">No</string>
  <string name="alert_dialog_dismiss">Abbandona</string>
  <string name="absent_num">ABSENT NUMBER</string>
  <string name="voicemail_settings">Voicemail settings</string>
  <string name="voicemail_number_not_set"><non impostato></string>
  <string name="voicemail_provider">Voicemail service</string>
  <string name="voicemail_settings_for">Settings for %s</string>
  <string name="other_settings">Other settings</string>
  <string name="dial_button_label">Componi</string>
  <string name="calling_via_template">Calling via ^1\n</string>
  <string name="slide_to_answer">Drag right to answer</string>
  <string name="slide_to_silence">Trascina a sinistra per silenziare la suoneria</string>
  <string name="slide_to_decline">Drag left to decline</string>
  <string name="slide_to_answer_and_hold">Trascina a destra per rispondere and \ntrattenere la chiamata attiva</string>
  <string name="slide_to_answer_and_end_active">Trascina a destra per rispondere e \nterminare la chiamata attiva</string>
  <string name="slide_to_answer_and_end_onhold">Trascina a destra per rispondere e \nterminare la chiamata in attesa</string>
  <string name="slide_to_answer_hint">Rispondi</string>
  <string name="slide_to_decline_hint">Rifiuta</string>
  <string name="notification_ongoing_calling_format">Calling (%s)</string>
  <string name="advanced_setting">Impostazioni avanzate</string>
  <string name="call_reject_hint">Scorri per riagganciare</string>
  <string name="hangup_sms">Reject with SMS</string>
  <string name="hangup_sms_body">Ora non posso rispondere, richiama più tardi per favore</string>
  <string name="onscreenNoteText">Note</string>
  <string name="query_telocation_title">Cercare le informazioni sul numero</string>
  <string name="query_telocation_sum">Cercare le informazioni sul numero appartenente alla linea fissa o mobile</string>
  <string name="button_query_hint">Per favore inserisci i numeri di telefonia fissa o mobile</string>
  <string name="button_query">Ricerca</string>
  <string name="button_clear">Cancella tutto</string>
  <string name="text_location">Sede:</string>
  <string name="text_areacode">Prefisso:</string>
  <string name="unknown_location">Impossibile trovare tutte le informazioni</string>
  <string name="autoip">Auto IP dialing</string>
  <string name="autoip_sum">Add IP prefix to a foreign number. Enter current area code below.</string>
  <string name="ip_prefix">IP prefix</string>
  <string name="ip_prefix_sum">Carrier\'s IP prefix: %s</string>
  <string name="current_areacode">Current area code</string>
  <string name="current_areacode_sum">Area code of current location, or roaming area code if you are roaming. For example: 010</string>
  <string name="always_enable_mms">Always receive MMS</string>
  <string name="always_enable_mms_summary">Always receive MMS even when data is disabled</string>
  <string name="dialer_click_pref_title">Singolo tocco per chiamare un contatto</string>
  <string name="dialer_click_pref_summary">Definici l\'azione per il singolo tocco sulla lista contatti</string>
  <string name="auto_dialpad_pref_title">Mostra automaticamente il pannello per la composizione del numero</string>
  <string name="auto_dialpad_pref_summary">Mostra automaticamente il pannello per la composizione del numero, durante una conversazione</string>
  <string name="anti_disturb_settings">Riduci disturbo</string>
  <string name="incoming_call_limit_title">Blocco chiamate in entrata</string>
  <string name="incoming_call_limit_summary">Accettare chiamate solo da numeri amici. Bloccare le altre chiamate</string>
</resources>
