<?xml version="1.0" encoding="utf-8"?>
<!--Generated by crowdin.net-->
<resources>
  <string name="config_import_vcard_type">افتراضي</string>
  <string name="config_export_vcard_type">افتراضي</string>
  <string name="config_export_dir">الذاكرة</string>
  <string name="config_export_file_prefix">تهيئة البادئة لملف التصدير</string>
  <string name="config_export_file_suffix">تهيئة لاحقة ملف التصدير</string>
  <string name="config_export_file_extension">vcf</string>
  <string name="config_export_extensions_to_consider">تهيئة ملحق لملف التصدير</string>
  <string name="contactsList">اﻷسماء</string>
  <string name="launcherDialer">الهاتف</string>
  <string name="shortcutContact">جهة إتصال</string>
  <string name="shortcutDialContact">اتصل</string>
  <string name="shortcutMessageContact">رسالة نصية</string>
  <string name="shortcutActivityTitle">اختر اختصار لجهة الاتصال</string>
  <string name="callShortcutActivityTitle">اختر رقم للاتصال</string>
  <string name="messageShortcutActivityTitle">اختر رقم لارسال رسالة نصية</string>
  <string name="starredList">المفضلة</string>
  <string name="frequentList">أكثر شيوعا</string>
  <string name="strequentList">مفضلة</string>
  <string name="viewContactTitle">تفاصيل جهة الاتصال</string>
  <string name="viewContactDesription">عرض جهة الاتصال</string>
  <string name="editContactDescription">تحرير جهة الاتصال</string>
  <string name="insertContactDescription">اضافة جهة اتصال</string>
  <string name="searchHint">البحث عن جهة اتصال</string>
  <string name="menu_search">البحث</string>
  <string name="menu_newContact">جهة اتصال جديدة</string>
  <string name="menu_viewContact">عرض جهة إتصال</string>
  <string name="menu_callNumber">مكالمة %s</string>
  <string name="menu_addStar">أضف الى المفضلة</string>
  <string name="menu_removeStar">حذف من المفضلة</string>
  <string name="menu_editContact">تحرير جهة الاتصال</string>
  <string name="menu_deleteContact">حذف جهة الاتصال</string>
  <string name="menu_call">اتصال</string>
  <string name="menu_sendSMS">إرسال رسالة نصية</string>
  <string name="menu_sendEmail">إرسال بريد اليكتروني</string>
  <string name="menu_viewAddress">عرض العنوان على الخريطة</string>
  <string name="menu_makeDefaultNumber">أجعل الرقم افتراضي</string>
  <string name="menu_makeDefaultEmail">اجعل البريد افتراضي</string>
  <string name="menu_splitAggregate">فصل</string>
  <string name="contactsSplitMessage">جهات اتصال مفصوله</string>
  <string name="splitConfirmation_title">فصل جهة اتصال</string>
  <string name="splitConfirmation">هل أنت متأكد من فصل جهة الاتصال الى جهات اتصال متعددة?</string>
  <string name="menu_joinAggregate">انضمام</string>
  <string name="titleJoinContactDataWith">انضمام جهات الاتصال</string>
  <string name="blurbJoinContactDataWith">حدد جهة الإتصال لضمها مع %s.</string>
  <string name="showAllContactsJoinItem">عرض جميع جهات الاتصال</string>
  <string name="separatorJoinAggregateSuggestions">جهات اتصال مقترحة</string>
  <string name="separatorJoinAggregateAll">جميع جهات الاتصال</string>
  <string name="contactsJoinedMessage">جهات إتصال منظمة</string>
  <string name="menu_contactOptions">خيارات</string>
  <string name="contactOptionsTitle">خيارات</string>
  <string name="deleteConfirmation_title">حذف</string>
  <string name="readOnlyContactWarning">لا يمكنك حذف جهة إتصال من حساب للقراءة فقط, ولكن يمكنك أخفائهم في قائمة جهات الاتصال.</string>
  <string name="readOnlyContactDeleteConfirmation">جهة الاتصال تحتوي على معلومات من حسابات متعددة. سوف تكون مخفية المعلومات من قائمة جهات الاتصال ولكن لن تحذف.</string>
  <string name="multipleContactDeleteConfirmation">حذف جهة اﻹتصال سيؤدي الى حذف المعلومات من حسابات متعددة.</string>
  <string name="deleteConfirmation">سيتم حذف جهة الاتصال.</string>
  <string name="menu_done">تم</string>
  <string name="menu_doNotSave">تراجع</string>
  <string name="editContact_title_edit">تحرير جهة الاتصال</string>
  <string name="editContact_title_insert">جهة اتصال جديدة</string>
  <string name="label_phonetic_name">لفظ صوتي</string>
  <string name="label_notes">ملاحظات</string>
  <string name="label_ringtone">نغمة رنين</string>
  <string name="ghostData_name">اﻷول والأخير</string>
  <string name="ghostData_phonetic_name">اسم اللفظ الصوتي</string>
  <string name="ghostData_company">الشركة</string>
  <string name="ghostData_title">اللقب</string>
  <string name="invalidContactMessage">جهة اﻹتصال غير موجودة.</string>
  <string name="pickerNewContactHeader">إنشاء جهة اتصال جديدة</string>
  <string name="selectLabel">حدد الصنف</string>
  <string name="phoneLabelsGroup">الهاتف</string>
  <string name="emailLabelsGroup">بريد</string>
  <string name="imLabelsGroup">المراسل الفوري</string>
  <string name="postalLabelsGroup">العنوان البريدي</string>
  <string name="photoPickerNotFoundText">لا يوجد صور متوفرة في الهاتف.</string>
  <string name="attachToContact">صورة جهة الاتصال</string>
  <string name="customLabelPickerTitle">معرّف اسم التصنيف</string>
  <string name="send_to_voicemail_checkbox">ارسل المكالمات مباشرة الى البريد الصوتي</string>
  <string name="default_ringtone">افتراضي</string>
  <string name="changePicture">تغيير الصورة</string>
  <string name="removePicture">حذف الصورة</string>
  <string name="noContacts">لا يوجد جهات اتصال.</string>
  <string name="noMatchingContacts">لم يتم العثور على جهات اتصال.</string>
  <string name="noContactsWithPhoneNumbers">لا توجد جهات اتصال مع ارقام الهواتف.</string>
  <string name="savingContact">يجري حفظ جهة الاتصال</string>
  <string name="contactSavedToast">تم حفظ جهة الاتصال</string>
  <string name="contactSavedErrorToast">خطأ,لم يتم حفظ التغييرات</string>
  <string name="listTotalPhoneContactsZero">جهات الاتصال مع ارقام الهاتف غير ظاهرة</string>
  <string name="listTotalAllContactsZero">جهات الاتصال غير ظاهرة</string>
  <string name="listFoundAllContactsZero">لم يتمّ العثور على جهة الاتصال</string>
  <string name="contactsIconLabel">جهات الإتصال</string>
  <string name="contactsFavoritesLabel">مفضلة</string>
  <string name="dialerIconLabel">هاتف</string>
  <string name="recentCallsIconLabel">سجل المكالمات</string>
  <string name="liveFolderAll">كلّ جهات الاتصال</string>
  <string name="liveFolderFavorites">جهات اتصال ذات نجمة</string>
  <string name="liveFolderPhone">جهات الاتصال بارقام هواتف</string>
  <string name="menu_sendTextMessage">إرسال رسالة نصيّة</string>
  <string name="recentCalls_callNumber">إتصال %s</string>
  <string name="recentCalls_editNumberBeforeCall">تعديل الرقم قبل الاتصال</string>
  <string name="recentCalls_addToContact">إضافة إلى جهات الاتصال
</string>
  <string name="recentCalls_removeFromRecentList">إزالة من سجل المكالمات</string>
  <string name="recentCalls_deleteAll">حذف سجل المكالمات</string>
  <string name="recentCalls_empty">سجل المكالمات فارغ</string>
  <string name="clearCallLogConfirmation_title">حذف سجل المكالمات</string>
  <string name="clearCallLogConfirmation">هل تريد حذف سجل المكالمات ؟</string>
  <string name="imei">IMEI</string>
  <string name="meid">MEID</string>
  <string name="voicemail">البريد الصوتي</string>
  <string name="unknown">غير معروف</string>
  <string name="private_num">رقم خاصّ</string>
  <string name="payphone">مكالمة هاتفية مدفوعة</string>
  <string name="dialerKeyboardHintText">استخدام لوحة المفاتيح للاتصال</string>
  <string name="dialerDialpadHintText">اتصل لاضافة المكالمة</string>
  <string name="simContacts_emptyLoading">جاري التحميل من شريحة الهاتف</string>
  <string name="simContacts_title">جهات اتصال SIM</string>
  <string name="liveFolder_all_label">جميع جهات الاتصال</string>
  <string name="liveFolder_favorites_label">المفضلة</string>
  <string name="liveFolder_phones_label">الهواتف</string>
  <string name="callDetailTitle">تفاصيل المكالمة</string>
  <string name="toast_call_detail_error">غير قادر على قراءة التفاصيل عن المكالمة المطلوبة</string>
  <string name="type_incoming">مكالمة واردة</string>
  <string name="type_outgoing">مكالمة صادرة</string>
  <string name="type_missed">مكالمة لم يرد عليها</string>
  <string name="actionIncomingCall">مكالمات واردة</string>
  <string name="callBack">معاودة الاتصال</string>
  <string name="callAgain">الاتصال مرة اخرى</string>
  <string name="returnCall">الرجوع للمكالمة</string>
  <string name="callDetailsDurationFormat">%1$s دقائق %2$s ثوان</string>
  <string name="favoritesFrquentSeparator">جهات الاتصال الاكثر شيوعا</string>
  <string name="add_contact_dlg_title">اضافة جهة اتصال</string>
  <string name="add_contact_dlg_message_fmt">اضف \"%s\" الى جهات الاتصال?</string>
  <string name="all_tab_label">الكل</string>
  <string name="description_image_button_one">واحد</string>
  <string name="description_image_button_two">إثنان</string>
  <string name="description_image_button_three">ثلاثة</string>
  <string name="description_image_button_four"> أربعة</string>
  <string name="description_image_button_five"> خمسة</string>
  <string name="description_image_button_six">ستة</string>
  <string name="description_image_button_seven">سبعة</string>
  <string name="description_image_button_eight"> ثمانية</string>
  <string name="description_image_button_nine">تسعة</string>
  <string name="description_image_button_star">نجمة</string>
  <string name="description_image_button_delete">حذف</string>
  <string name="description_image_button_zero">صفر</string>
  <string name="description_image_button_pound">#</string>
  <string name="description_voicemail_button">البريد الصوتي</string>
  <string name="description_dial_button">اتصل</string>
  <string name="description_delete_button">حذف للخلف</string>
  <string name="description_digits_edittext">اتصل بالرقم</string>
  <string name="description_contact_photo">صورة المتصل</string>
  <string name="description_minus_button">سالب</string>
  <string name="description_plus_button">اضافة</string>
  <string name="no_sdcard_title">لا توجد بطاقة ذاكرة</string>
  <string name="no_sdcard_message">لم يتم التعرف على بطاقة الذاكرة</string>
  <string name="searching_vcard_title">جار البحث عن بطاقة أعمال</string>
  <string name="import_from_sim">الاستيراد من الشريحة</string>
  <string name="import_from_sdcard">الاستيراد من بطاقة الذاكرة</string>
  <string name="export_to_sdcard">النسخ الى بطاقة الذاكرة</string>
  <string name="share_visible_contacts">شارك جهات الاتصال الظاهرة</string>
  <string name="import_one_vcard_string">جلب ملف بطاقة أعمال</string>
  <string name="import_multiple_vcard_string">جلب عدة ملفات بطاقات أعمال</string>
  <string name="import_all_vcard_string">جلب جميع ملفات بطاقات الأعمال</string>
  <string name="searching_vcard_message">جار البحث عن بيانات بطاقة أعمال في الذاكرة</string>
  <string name="scanning_sdcard_failed_title">فشل مسح بطاقة الذاكرة</string>
  <string name="scanning_sdcard_failed_message">فشل مسح بطاقة الذاكرة(بسبب: \"%s\")</string>
  <string name="fail_reason_io_error">خطأ في I/O</string>
  <string name="fail_reason_vcard_parse_error">فشل تحليل vCard لسبب غير متوقع</string>
  <string name="fail_reason_vcard_not_supported_error">فشل تحليل بطاقة الأعمال بالرغم من أنه يبدو في شكل صحيح</string>
  <string name="fail_reason_no_vcard_file">لم يتم العثور على بطاقة أعمال في الذاكرة</string>
  <string name="fail_reason_failed_to_read_files">فشل ملف او أكثر في الجلب (%s).</string>
  <string name="fail_reason_unknown">خطأ غير معروف</string>
  <string name="select_vcard_title">حدد ملف vCard</string>
  <string name="progress_shower_message">%1$s\n%2$s</string>
  <string name="reading_vcard_title">جاري قراءة vCard</string>
  <string name="reading_vcard_message">جاري قراءة ملفات vCard</string>
  <string name="reading_vcard_failed_title">قراءة معلومات vCard فشلت</string>
  <string name="reading_vcard_contacts">جهات الاتصال %1$s من %2$s</string>
  <string name="reading_vcard_files">%1$s of %2$sملفات</string>
  <string name="confirm_export_title">تأكيد التصدير</string>
  <string name="confirm_export_message">هل أنت متأكد انك تريد تصدير قائمة جهات الاتصال إلى \"%s\"?</string>
  <string name="exporting_contact_failed_title">فشل في تصدير معلومات جهات الاتصال</string>
  <string name="exporting_contact_failed_message">فشل في تصدير معلومات جهات الاتصال.\n سبب الفشل : \"%s\"</string>
  <string name="fail_reason_no_exportable_contact">لا يوجد جهة اتصال قابلة للتصدير</string>
  <string name="fail_reason_too_many_vcard">ملفات بطاقات الأعمال في الذاكرة كثيرة جداً</string>
  <string name="fail_reason_too_long_filename">اسم الملف المطلوب طويل جدا (\"%s\")</string>
  <string name="exporting_contact_list_title">جاري تصدير جهات الاتصال</string>
  <string name="exporting_contact_list_message">جاري تصدير معلومات جهات الاتصال الى \"%s\"</string>
  <string name="fail_reason_could_not_initialize_exporter">لا يمكن تهيئة المصدّر: \"%s\"</string>
  <string name="fail_reason_error_occurred_during_export">حدث خطأ أثناء التصدير: \"%s\"</string>
  <string name="composer_failed_to_get_database_infomation">فشل في الحصول على معلومات قاعدة البيانات</string>
  <string name="composer_has_no_exportable_contact">لا يوجد أي جهةاتصال للتصدير. إذا كان لديك فعلا جهات اتصال على الهاتف ، قد يتم حظر جميع جهات الاتصال من يتم تصديرها إلى خارج الهاتف عن طريق بعض موفر البيانات.</string>
  <string name="composer_not_initialized">منشئ بطاقة الأعمال لم يتم بالشكل الصحيح</string>
  <string name="fail_reason_could_not_open_file">لا يمكن فتح \"%1$s\": %2$s</string>
  <string name="exporting_contact_list_progress">جهات الاتصال %1$s من %2$s</string>
  <string name="search_settings_description">أسماء جهات الاتصال الخاصة بك</string>
  <string name="add_2sec_pause">اضف ثانيتين للتوقف</string>
  <string name="add_wait">أضف الانتظار</string>
  <string name="call_disambig_title">استخدام مكالمه</string>
  <string name="sms_disambig_title">استخدام رسالة نصية</string>
  <string name="make_primary">تذكر هذا الاختيار</string>
  <string name="quickcontact_missing_app">لا يوجد برنامج لاستخدام هذا الفعل</string>
  <string name="quickcontact_remember_choice">تذكر هذا الاختيار</string>
  <string name="quickcontact_missing_name">غير معروف</string>
  <string name="menu_accounts">الحسابات</string>
  <string name="menu_import_export">استيراد/تصدير</string>
  <string name="dialog_import_export">استيراد/تصدير جهات الاتصال</string>
  <string name="menu_share">مشاركة</string>
  <string name="share_via">مشاركة جهة الاتصال بواسطة</string>
  <string name="share_error">لا يمكن مشاركة جهة الاتصال.</string>
  <string name="nameLabelsGroup">الاسم</string>
  <string name="nicknameLabelsGroup">الكنية</string>
  <string name="organizationLabelsGroup">منظمة</string>
  <string name="websiteLabelsGroup">الموقع الالكتروني</string>
  <string name="eventLabelsGroup">حدث</string>
  <string name="type_short_home">H</string>
  <string name="type_short_mobile">M</string>
  <string name="type_short_work">W</string>
  <string name="type_short_pager">P</string>
  <string name="type_short_other">أ</string>
  <string name="edit_read_only">جهة الاتصال للقراءة فقط</string>
  <string name="edit_secondary_collapse">المزيد</string>
  <string name="dialog_primary_name">الاسم الاساسي</string>
  <string name="dialog_new_contact_account">انشئ جهة اتصال تحت حساب</string>
  <string name="account_phone">الهاتف فقط (غير متزامن )ا</string>
  <string name="call_custom">مكالمة %s</string>
  <string name="call_home">مكالمة المنزل</string>
  <string name="call_mobile">مكالمة الجوال</string>
  <string name="call_work">مكالمة العمل</string>
  <string name="call_fax_work">مكالمة فاكس العمل</string>
  <string name="call_fax_home">مكالمة فاكس المنزل</string>
  <string name="call_pager">مكالمة بيجر</string>
  <string name="call_other">مكالمة</string>
  <string name="call_callback">مكالمة رد</string>
  <string name="call_car">مكالمة السيارة</string>
  <string name="call_company_main">مكالمة الشركة الرئيسي</string>
  <string name="call_isdn">مكاملة ISDN</string>
  <string name="call_main">مكالمة رئيسية</string>
  <string name="call_other_fax">مكالمة فاكس</string>
  <string name="call_radio">مكالمة راديو</string>
  <string name="call_telex">مكالمة تيليكس</string>
  <string name="call_tty_tdd">مكالمة TTY/TDD</string>
  <string name="call_work_mobile">مكالمة جوال العمل</string>
  <string name="call_work_pager">مكالمة بيجر العمل</string>
  <string name="call_assistant">مكالمة %s</string>
  <string name="call_mms">مكالمة وسائط</string>
  <string name="sms_custom">رسالة نصية %s</string>
  <string name="sms_home">رسالة نصية للمنزل</string>
  <string name="sms_mobile">رسالة نصية للجوال</string>
  <string name="sms_work">رسالة نصية للعمل</string>
  <string name="sms_fax_work">رسالة نصية لفاكس العمل</string>
  <string name="sms_fax_home">رسالة نصية لفاكس المنزل</string>
  <string name="sms_pager">رسالة نصية للبيجر</string>
  <string name="sms_other">رسالة نصية</string>
  <string name="sms_callback">رسالة نصية للرد</string>
  <string name="sms_car">رسالة نصية سيارة</string>
  <string name="sms_company_main">رسالة نصية للشركة الرئيسي</string>
  <string name="sms_isdn">رسالة نصية ISDN</string>
  <string name="sms_main">رسالة نصية رئيسية</string>
  <string name="sms_other_fax">رسالة نصية للفاكس</string>
  <string name="sms_radio">رسالة نصية للراديو</string>
  <string name="sms_telex">رسالة نصية تيليكس</string>
  <string name="sms_tty_tdd">رسالة نصية TTY/TDD</string>
  <string name="sms_work_mobile">رسالة نصية لجوال العمل</string>
  <string name="sms_work_pager">رسالة نصية لبيجر العمل</string>
  <string name="sms_assistant">رسالة نصية %s</string>
  <string name="sms_mms">رسالة نصية للوسائط</string>
  <string name="email_home">بريد اليكتروني أساسي</string>
  <string name="email_mobile">بريد اليكتروني متنقل</string>
  <string name="email_work">بريد اليكتروني للعمل</string>
  <string name="email_other">بريد اليكتروني</string>
  <string name="email_custom">بريد اليكتروني %s</string>
  <string name="email">بريد اليكتروني</string>
  <string name="map_home">عرض عنوان المنزل</string>
  <string name="map_work">عرض عنوان العمل</string>
  <string name="map_other">عرض العنوان</string>
  <string name="map_custom">اعرض %s  العنوان</string>
  <string name="chat_aim">دردشة AIM</string>
  <string name="chat_msn">دردشة ويندوز لايف</string>
  <string name="chat_yahoo">دردشة ياهو</string>
  <string name="chat_skype">دردشة سكايب</string>
  <string name="chat_qq">دردشة QQ</string>
  <string name="chat_gtalk">دردشة جوجل</string>
  <string name="chat_icq">دردشة ICQ</string>
  <string name="chat_jabber">دردشة Jabber</string>
  <string name="chat">دردشة</string>
  <string name="postal_street">الشارع</string>
  <string name="postal_pobox">صندوق البريد</string>
  <string name="postal_neighborhood">المنطقة</string>
  <string name="postal_city">المدينة</string>
  <string name="postal_region">الولاية</string>
  <string name="postal_postcode">الرقم البريدى</string>
  <string name="postal_country">الدولة</string>
  <string name="name_given">الاسم المعطى</string>
  <string name="name_family">اسم العائلة</string>
  <string name="name_prefix">الاسم الأول</string>
  <string name="name_middle">الاسم الأوسط</string>
  <string name="name_suffix">الاسم الأخير</string>
  <string name="name_phonetic_given">نطق الاسم المعطى</string>
  <string name="name_phonetic_middle">نطق الاسم الأوسط</string>
  <string name="name_phonetic_family">نطق اسم العائلة</string>
  <string name="account_type_format">%1$ جهة الاتصال</string>
  <string name="from_account_format">من %1$s</string>
  <string name="use_photo_as_primary">استخدم هذه الصورة</string>
  <string name="contact_read_only">%1$s بيانات جهة الاتصال غير قابلة للتعديل في هذا الجهاز.</string>
  <string name="no_contact_details">لا يوجد معلومات اضافية لجهة الاتصال</string>
  <string name="search_bar_hint">البحث عن جهة اتصال</string>
  <string name="search_for_all_contacts">البحث عن جميع جهات الاتصال</string>
  <string name="take_photo">اتخذ صورة</string>
  <string name="pick_photo">اختر صورة من الاستديو</string>
  <string name="locale_change_in_progress">جاري تحديث قائمة جهات الاتصال لتفعيل اللغة.\n\nالرجاء الانتظار...</string>
  <string name="upgrade_in_progress">جاري تحديث قائمة جهات الاتصال.\n\nالرجاء الانتظار...</string>
  <string name="upgrade_out_of_memory">هناك جهات اتصال تتم في عملية الترقية. \n\nعملية الترقية تتطلب ما يقارب %dMb من ذاكرة الهاتف.\n\nاختر واحدا من الخيارات التالية:</string>
  <string name="upgrade_out_of_memory_uninstall">الغي تثبيت بعض البرامج</string>
  <string name="upgrade_out_of_memory_retry">اعد محاولة الترقية</string>
  <string name="search_results_for">نتائج البحث عن %s</string>
  <string name="search_results_searching">جاري البحث...</string>
  <string name="callNoAnswerTimeFormat">مكالمات لم يرد عليها%s مرات</string>
  <string name="numberCountFormat">%s رقم</string>
  <string name="menu_display_all">عرض جميع جهات الاتصال</string>
  <string name="menu_display_only_phones">عرض ارقام الهاتف فقط</string>
  <string name="contactsGroupsLabel">المجموعة</string>
  <string name="group_summary_format">%sتنسيق ملخص المجموعة</string>
  <string name="no_member">مجموعة فارغة</string>
  <string name="applyGroupsSelection">تحديث إعدادات مجموعة</string>
  <string name="no_availablePhone">رقم الهاتف غير متوفر في اعضاء المجموعة</string>
  <string name="add_group_member">اضافة عضو للمجموعة</string>
  <string name="group_name_contacts">جهة الاتصال</string>
  <string name="group_name_friends">أصدقاء</string>
  <string name="group_name_family">العائلة</string>
  <string name="group_name_coworkers">الزملاء</string>
  <string name="group_name_important">قائمة الاسماء المهمة</string>
  <string name="group_name_life_info">نمط الحياة</string>
  <string name="group_name_white_list">القائمة البيضاء</string>
  <string name="group_name_black_list">القائمة السوداء_بلاك ليست</string>
  <string name="button_manage_groups">تحرير</string>
  <string name="button_back">الرجوع للوراء</string>
  <string name="button_remove_contacts">إزالة الاتصال</string>
  <string name="duplicatedGroupNameHelpText">اسم المجموعة الجديدة يجب ان لا يكون نفس اسم مجموعة أخرى</string>
  <string name="system_groups_unchangable">تم بناء المجموعة في النظام ، لا يمكن حذفها أو إعادة تسميتها</string>
  <string name="menu_add">أضف</string>
  <string name="menu_remove">إزالة</string>
  <string name="create_new_group">مجموعة جديدة</string>
  <string name="manage_groups">تحرير مجموعة</string>
  <string name="menu_viewGroup">عرض المجموعات</string>
  <string name="menu_deleteGroup">حذف المجموعة</string>
  <string name="menu_editGroupName">تحرير إسم المجموعة</string>
  <string name="input_group_name_hint">أدخل اسم المجموعة</string>
  <string name="notification_invalid_group_name">اسم المجموعة لا يجب ان يكون فارغ</string>
  <string name="add_to_group_format">اضف %s على الرصيد</string>
  <string name="name_full">الاسم</string>
  <string name="add_more_items">إضافة المزيد</string>
  <string name="saveConfirmationTitle">حفظ جهة الاتصال</string>
  <string name="saveConfirmationBody">هل تريد حفظ التغييرات على هذا الاتصال؟</string>
  <string name="saveConfirmationYes">حفظ</string>
  <string name="saveConfirmationNo">لا يستطيع الحفط</string>
  <string name="import_from_account">استيراد من حسابات أخرى</string>
  <string name="select_account_import_from">حدد الحساب ليتم الاستيراد منه</string>
  <string name="importing_from_account">استيراد اتصالات</string>
  <string name="fail_message_account_needed">ملف</string>
  <string name="success_message_import_from_account">تم الاستيراد</string>
  <string name="date_day">اليوم</string>
  <string name="fast_scroll_alphabet">\#ABCDEFGHIJKLMNOPQRSTUVWXYZ</string>
  <string name="belong_no_group">ينتمي</string>
  <string name="menu_remove_member">إزالة الاتصال</string>
  <string name="removeConfirmation_title">تاكيد الحذف</string>
  <string name="menu_add_favorite_contact">اضف</string>
  <string name="menu_group_sms">ارسال انصيه</string>
  <string name="menu_group_ringtone">نغمة ارسايل انصيه</string>
  <string name="menu_add_member">اضفه الى القايمه</string>
  <string name="menu_callIpNumber">عداد ارساىل %s</string>
  <string name="menu_clearDefaultNumber">إلغاء الإعدادت الإفتراضية</string>
  <string name="menu_clearDefaultEmail">إلغاء إعدادات البريد الافتراضي</string>
  <string name="favoriteContactDescription">أضف إلى المفضلة</string>
  <string name="unfavoriteContactDescription">إلغاء الاشتراك</string>
  <string name="shareContactDescription">إختر رقم هاتف</string>
  <string name="titlePickOrCreateNewContact">إختيار متصل أو إنشاء متصل جديد</string>
  <string name="titlePickContactNumber">إختر رقم الاتصال</string>
  <string name="fixedPhoneLabel">اسم الهاتف</string>
  <string name="fixedFaxLabel">فاكس</string>
  <string name="goto_album">البوم </string>
  <string name="recommneded_photos">صور وثائق</string>
  <string name="downloading_photos">اكثر المواضيع تحميلا من الانترنت</string>
  <string name="callButtonText">اتصال</string>
  <string name="callrecordview_menu_phone_all">عرض جميع المكالمات</string>
  <string name="callrecordview_menu_phone_missed">عرض المكالمات التى لم يرد عليها</string>
  <string name="callrecordview_menu_delete_one">حذف سجل المكالمات</string>
  <string name="callrecordview_menu_delete_stranger">حذف سجل المكالمات للأشخاص الغير مسجلين</string>
  <string name="callrecordview_menu_delete_all">حذف كافة سجلات المكالمات</string>
  <string name="callrecordview_menu_set">المكالمة الورده</string>
  <string name="callrecordview_more">رؤية المزيد</string>
  <string name="callrecordview_more_title">%sكل المحادثات</string>
  <string name="callrecordview_item_calls">الهاتف%dجميع</string>
  <string name="callrecordview_item_op_time_missed">غير متصل</string>
  <string name="callrecordview_item_op_time_short_incoming">%d زمن المكالمة</string>
  <string name="callrecordview_item_op_time_short_outgoing">%d ثواني المكالمة الصادرة</string>
  <string name="callDetailsDurationFormat_incoming">دقيقة المكالمه %1$,%2$  ثانيه</string>
  <string name="callDetailsDurationFormat_outgoing">دقائق المكالمات الصادرة%1$,%2$  ثانية</string>
  <string name="group_delete_confirmation">سيتم حذف مجموعة</string>
  <string name="no_sms_availabe_contact_in_group">لا يوجد متصل فى المجموعة ارسل رسالة قصيرة</string>
  <string name="showDialpadTip">انقر لفتح لوحة المفاتيح</string>
  <string name="set_ringtone_for_group_members_success">تم تخصيص نغمة المجموعة</string>
  <string name="noContactHelpText">لا يمكن إنشاء اتصال</string>
  <string name="noFavoriteHelpText">لا يمكن الجمع</string>
  <string name="noGroupMemberHelpText">لا توجد أي اتصالات تنتمي إلى مجموعة\n\nإضافة إلى أحد الأسماء ، اضغط ، ثم حدد الأسماء تنتمي إلى هذه المجموعة\n</string>
  <string name="noContactHelpTextAccounts">عمل تزامن للحساب</string>
  <string name="noContactHelpTextImportSim"> إستيراد جهات الإتصال من الشريحة</string>
  <string name="noContactHelpTextImportSD"> استيراد جهات الاتصال من بطاقة الذاكرة</string>
  <string name="noContactHelpTextAddContact">جهة اتصال جديدة</string>
  <string name="noContactHelpTextAddStarred">إضافة إلي المفضلة</string>
  <string name="noContactHelpTextAddMember">اضف الى مجموعة</string>
</resources>
