<?xml version="1.0" encoding="utf-8"?>
<!--Generated by crowdin.net-->
<resources>
  <string name="app_name">راديو الإف إم</string>
  <string name="tx_app_name">مرسل إف إم</string>
  <string name="preset_delete">حذف</string>
  <string name="stat_notif_frequency">FM %1$s MHz</string>
  <string name="sel_band_menu">اختر النطاق الإقليمي</string>
  <string name="settings_menu">إعداد</string>
  <string name="regional_band">النطاق الإقليمي</string>
  <string name="aud_output_mode">طريقة إخراج الصوت</string>
  <string name="sel_audio_output">اختر مخرج الصوت</string>
  <string name="record_dur">مدة التسجيل</string>
  <string name="sel_rec_dur">اختر مدة التسجيل</string>
  <string name="auto_select_af">التردد البديل</string>
  <string name="auto_select_af_enabled">تمكين الاختيار التلقائي</string>
  <string name="auto_select_af_disabled">تعطيل الاختيار التلقائي</string>
  <string name="fac_defaults">استعادة ضبط المصنع</string>
  <string name="revert_to_fac">استعادة الإعدادات الافتراضية</string>
  <string name="settings_back">رجوع</string>
  <string name="settings_revert_confirm_title">تأكيد استعادة الإعدادات الافتراضية</string>
  <string name="settings_revert_confirm_msg">سيتم حذف جميع الإعدادت الموجودة</string>
  <string name="settings_back_summary">العودة إلى العرض السابق</string>
  <string name="settings_revert_defaults_title">استعادة ضبط المصنع</string>
  <string name="settings_revert_defaults_summary">إعادة تعيين كافة الإعدادات</string>
  <string name="alert_dialog_ok">موافق</string>
  <string name="alert_dialog_cancel">إلغاء</string>
  <string name="preset_search">البحث عن %1$s</string>
  <string name="fm_command_failed_title">فشل الاتصال بالأف إم</string>
  <string name="fm_cmd_failed_msg">فشلت العملية. الأسباب المحتملة هي : عدم وجود سماعة الرأس السلكية لتعمل كهوائي ، عدم تشغيل البلوتووث ، أو هناك اتصال جارى ، أو قد اغلقت الأف إم. يرجى المحاولة مرة أخرى و التعامل مع ما ورد أعلاه بالتشغيل / الايقاف .ثم تشغيل/ايقاف الأف إم</string>
  <string name="durationformat">%2$d:%5$02d</string>
  <string name="frequency_string">سلسلة التردد</string>
  <string name="stat_no_fm">لم يتم تشغيل راديو الأف إم</string>
  <string name="need_headset_for_antenna">خطأ! الرجاء وضع سماعات الرأس السلكية لتعمل كهوائي للإف إم</string>
  <string name="init_FM">الرجاء الانتظار، بدء تشغيل رقاقة بلوتوث الخاصة بالإف إم</string>
  <string name="need_bluetooth">خطأ! الرجاء تشغيل البلوتوث لبدء تشغيل الإف إم</string>
</resources>
