<?xml version="1.0" encoding="utf-8"?>
<!--Generated by crowdin.net-->
<resources>
  <string name="app_name">الإستديو</string>
  <string name="gadget_title">إطار الصورة</string>
  <string name="details_ms">%1$02d:%2$02d</string>
  <string name="details_hms">%1$02d:%2$02d</string>
  <string name="movie_view_label">أفلام</string>
  <string name="loading_video">جار تحميل الفيديو...</string>
  <string name="resume_playing_title">إستئناف الفيديو</string>
  <string name="resume_playing_message">استئناف التشغيل من %s؟</string>
  <string name="resume_playing_resume">استئناف التشغيل</string>
  <string name="resume_playing_restart">البدء من جديد</string>
  <string name="camera">كاميرا</string>
  <string name="crop_save_text">حفظ</string>
  <string name="crop_discard_text">تجاهل</string>
  <string name="multiface_crop_help">اضغط على الوجه للبدء.</string>
  <string name="saving_image">جار حفظ الصورة...</string>
  <string name="crop_label">اقتصاص الصورة</string>
  <string name="running_face_detection">الرجاء الانتظار...</string>
  <string name="set_image">ضع الصورة كـ</string>
  <string name="wallpaper">جار إعداد صورة الخلفية الرجاء الإنتظار...</string>
  <string name="camera_setas_wallpaper">صورة خلفية</string>
  <string name="details_ok">موافق</string>
  <string name="loading_new">تحميل صور وألبومات جديدة</string>
  <string name="initializing">تحميل</string>
  <string name="pick_prompt">اختر مادة من مجموعتك</string>
  <string name="no_items">لا توجد أي مواد في مجموعتك</string>
  <string name="pick">اختر</string>
  <string name="delete">حذف</string>
  <string name="confirm_delete">تأكيد الحذف</string>
  <string name="cancel">إلغاء</string>
  <string name="share">مشاركة</string>
  <string name="no_sd_card">بطاقة الذاكرة غير جاهزة أو غير موجودة</string>
  <string name="more">المزيد</string>
  <string name="select_all">تحديد الكل</string>
  <string name="deselect_all">إلغاء إختيار الكل</string>
  <string name="slideshow">عرض شرائح</string>
  <string name="menu">قائمة</string>
  <string name="details">تفاصيل</string>
  <string name="album_selected">الألبوم المحدد</string>
  <string name="item_selected">العنصر المحدد</string>
  <string name="albums_selected">الألبومات المحددة</string>
  <string name="items_selected">العناصر المحددة</string>
  <string name="album">الألبوم</string>
  <string name="start">البداية</string>
  <string name="end">النهاية</string>
  <string name="location">الموقع</string>
  <string name="location_unknown">مكان غير معروف</string>
  <string name="title">العنوان</string>
  <string name="type">النوع</string>
  <string name="taken_on">ألتقطت في</string>
  <string name="added_on">أضيفت في</string>
  <string name="show_on_map">استعراض على الخارطة</string>
  <string name="rotate_left">دوران لليسار</string>
  <string name="rotate_right">دوران لليمين</string>
  <string name="crop">قص</string>
  <string name="set_as">تعيين كـ</string>
  <string name="set_as_wallpaper">تعيين كصورة الحائط</string>
  <string name="item">بند</string>
  <string name="items">بنود</string>
  <string name="around">حول</string>
  <string name="date_unknown">تاريخ غير معروف</string>
  <string name="video_err">غير قادر على تشغيل الفيديو</string>
  <string name="lockscreen_wallpaper">إنشاء خلفية شاشة القفل ، يرجى الانتظار</string>
  <string name="wallpaper_set">مجموعة خلفيات اختيارية</string>
  <string name="lockscreen_set">صور لخلفية قفل الشاشة اختيارية</string>
  <string name="miui_screenshot">لقطات من MIUI</string>
</resources>
