<?xml version="1.0" encoding="utf-8"?>
<!--Generated by crowdin.net-->
<resources>
  <string name="word_separators">. ,;:!؟\n()[]*&@{}/<>_+=|\"</string>
  <string name="sentence_separators">.,!؟</string>
  <string name="suggested_punctuations">!؟,@_</string>
  <string name="alternates_for_d">dالمناوبين لل</string>
  <string name="alternates_for_r">Rالمناوبين لل</string>
  <string name="alternates_for_t">Tالمناوبين لل</string>
  <string name="alternates_for_z">Zالمناوبين لل</string>
  <string name="alternates_for_l">Iالمناوبين لل</string>
  <string name="alternates_for_g">Gالمناوبين لل</string>
  <string name="ime_name">أسلوب إدخال جوجل بينيين</string>
  <string name="ime_settings_activity_name">إعدادات أسلوب إدخال جوجل بينيين</string>
  <string name="ime_settings_choose_other_ime">أسلوب الإدخال</string>
  <string name="version">1.2.8</string>
  <string name="toggle_cn">صفر</string>
  <string name="toggle_cn_cand">1</string>
  <string name="toggle_en_lower">2</string>
  <string name="toggle_en_upper">3</string>
  <string name="toggle_en_sym1">4</string>
  <string name="toggle_en_sym2">5</string>
  <string name="toggle_enter_go">6</string>
  <string name="toggle_enter_search">7</string>
  <string name="toggle_enter_send">8</string>
  <string name="toggle_enter_next">9</string>
  <string name="toggle_enter_done">10</string>
  <string name="toggle_row_cn">11</string>
  <string name="toggle_row_en">12</string>
  <string name="toggle_row_uri">13</string>
  <string name="toggle_row_emailaddress">14</string>
  <string name="toggle_phone_sym">15</string>
  <string name="toggle_stroke_urlqwerty">16</string>
  <string name="toggle_misc1">17</string>
  <string name="toggle_misc2">18</string>
  <string name="toggle_misc3">19</string>
  <string name="toggle_misc4">20</string>
  <string name="toggle_smiley_off">21</string>
  <string name="toggle_smiley_on">22</string>
  <string name="toggle_cn_sym1">23</string>
  <string name="toggle_cn_sym2">24</string>
  <string name="toggle_url">25</string>
  <string name="toggle_emailaddress">26</string>
  <string name="toggle_stroke_disabled">27</string>
  <string name="toggle_exit_sym_to_en">28</string>
  <string name="toggle_en_upper_locked">29</string>
  <string name="toggle_single_quote_open">30</string>
  <string name="toggle_single_quote_close">31</string>
  <string name="toggle_double_quote_open">32</string>
  <string name="toggle_double_quote_close">33</string>
  <string name="setting_stroke_key">إعدادات الإتصال</string>
  <string name="setting_fault_tolerance_key">وضع المفتاح خطأ</string>
  <string name="setting_sound_key">إعدادات الصوت</string>
  <string name="setting_vibrate_key">اعداد مفتاح الهزاز</string>
  <string name="setting_prediction_key">اعداد مفتاح التنبوء</string>
  <string name="setting_tradition_key">الاعداد التقليدي</string>
  <string name="setting_switch_key">إعدادات التبادل</string>
  <string name="setting_advanced_key">اعداد متقدم</string>
  <string name="setting">إعدادات أسلوب إدخال جوجل بينيين</string>
  <string name="setting_stroke_title">اعداد المصنع</string>
  <string name="setting_fault_tolerance_title">اعداد فاشل</string>
  <string name="setting_sound_key_title">مفتاح الصوت</string>
  <string name="setting_vibrate_title">اضغط للهزاز</string>
  <string name="setting_prediction_title">اعداد عنوان التنبوء</string>
  <string name="setting_tradition_title">الإدخال التقليدي</string>
  <string name="setting_switch_title">التبديل للإنجليزية</string>
  <string name="setting_switch_shift_space_title">عالي-مسافة</string>
  <string name="setting_enabled">فتح</string>
  <string name="setting_disabled">إغلاق</string>
  <string name="setting_others">إعدادات أخرى</string>
  <string name="setting_others_summary">التزامن مع القاموس</string>
  <string name="account_label_username">اسم الحساب : على سبيل المثال (mohamed@gmail.com)</string>
  <string name="account_label_password">كلمة السر</string>
  <string name="account_label_login">تسجيل الدخول</string>
  <string name="account_label_cancel">إلغاء</string>
  <string name="account_title">تسجيل دخوال المستخدم</string>
  <string name="account_sign_up_title">تسجيل عضو جديد</string>
  <string name="account_signing_in_title">جارى التسجيل ، يرجى الانتظار</string>
  <string name="setting_title">إعدادات أسلوب إدخال جوجل بينيين</string>
  <string name="setting_update_category_key">اعداد تحديث الفئة</string>
  <string name="setting_update_category_title">التحديثات التلقائية للقاموس</string>
  <string name="setting_update_enabled_key">تحديث</string>
  <string name="setting_update_enabled_title">التحديثات التلقائية للقاموس</string>
  <string name="setting_sync_category_title">تزامن قاموس المستخدم</string>
  <string name="setting_sync_enabled_key">مفتاح تمكين إعدادات التزامن</string>
  <string name="setting_sync_now_key">تزامن الآن</string>
  <string name="setting_sync_clear_key">إزالة التزامن</string>
  <string name="setting_sync_enabled_title">تزامن قاموس المستخدم</string>
  <string name="setting_sync_now_title">مزامنة الآن</string>
  <string name="setting_sync_cancel_title">إلغاء التزامن</string>
  <string name="setting_sync_clear_title">تفريغ قاموس السرفر</string>
  <string name="setting_enabled_title">فتح</string>
  <string name="setting_disabled_title">إغلاق</string>
  <string name="status_bar_message_title">إغلاق</string>
  <string name="status_bar_message_sync_title">مزامنة قاموس المستخدم</string>
  <string name="status_bar_message_update_title">تحميل المفردات الشائعة</string>
  <string name="setting_dialog_sync_now_title">طلب</string>
  <string name="setting_dialog_sync_now_message">هل تريد المزامنة الآن</string>
  <string name="setting_dialog_sync_clear_title">ملاحظة</string>
  <string name="setting_dialog_sync_clear_message">القاموس الخاص بالسرفر سيتم إزالته. و هذه العملية غير قابلة للرجوع. هل فعلا تريد الإزالة و الإبقاء على قاموس المستخدم؟ للموافقة ادخل هذا الرقم ثم اضغط موافق</string>
  <string name="setting_error_sync_service_inactive">خدمة النظام غير مفعلة ، لا يمكن إكمال العملية</string>
  <string name="sign_up_url">https://www.google.com/accounts/NewAccount?hl=zh_CN</string>
  <string name="setting_update_time">آخر تحديث:</string>
  <string name="setting_sync_time">اعداد وقت التزامن</string>
  <string name="setting_year">السنة</string>
  <string name="setting_month">أشهر</string>
  <string name="setting_day">اليوم</string>
  <string name="setting_hour">الساعة</string>
  <string name="setting_minute">دقائق</string>
  <string name="setting_second">ثوانى</string>
  <string name="setting_sync_error">فشل التزامن</string>
  <string name="setting_sync_ongoing">مزامنة</string>
  <string name="setting_update_error">فشل التحديث</string>
  <string name="setting_update_ongoing">جاري التحديث...</string>
  <string name="privacy_url">http://m.google.com/static/zh-CN/privacy.html</string>
  <string name="tos_url">http://m.google.com/tospage?dc=gorganic&hl=zh_CN</string>
  <string name="setting_privacy_key">اعداد الخصوصية</string>
  <string name="setting_tos_key">الى</string>
  <string name="setting_about_key">حول</string>
  <string name="setting_privacy_title">سياسة الخصوصية</string>
  <string name="setting_tos_title">شروط الخدمة</string>
  <string name="setting_about_title">نبذة عن</string>
  <string name="setting_about_version_title">الإصدار الحالي</string>
  <string name="setting_about_loading_title">تحميل</string>
  <string name="touch_to_continue"><< التالي </string>
  <string name="touch_to_finish">فتح إذا كانت مدخلات</string>
  <string name="tip_to_open_keyboard">انقر لفتح لوحة المفاتيح</string>
  <string name="tip_to_view_accents">اضغط للعرض</string>
  <string name="tip_to_open_symbols">انقر لفتح الأيقونات</string>
  <string name="tip_to_close_symbols">اضغط لإغلاق الرموز</string>
  <string name="tip_to_launch_settings">اضغط للإعدادات</string>
  <string name="tip_to_select_candidate">اضغط لتحديد مرشح</string>
  <string name="tip_to_backspace">اضغط للرجوع</string>
  <string name="tip_to_smart_key">اضغط على الاختصار</string>
  <string name="tip_to_start_typing">اضغط للكتابة</string>
  <string name="default_device_name">أندرويد</string>
  <string name="next_button_label">التالي</string>
  <string name="back_button_label">الرجوع للوراء</string>
  <string name="skip_button_label">تخطي</string>
  <string name="done_button_label">تم</string>
  <string name="keyboard_tutorial_title">البرنامج التعليمي</string>
  <string name="open_the_keyboard">اظهر لوحة المفاتيح</string>
  <string name="close_the_keyboard">أخفاء لوحة المفاتيح</string>
  <string name="sync">تعيين مستخدم لوحة المفاتيح مفتوحة أو مغلقة القاموس التزامن
</string>
  <string name="keyboard_settings">إعدادات لوحة المفاتيح</string>
</resources>
