<?xml version="1.0" encoding="utf-8"?>
<!--Generated by crowdin.net-->
<resources>
  <string name="app_label">الرسائل</string>
  <string name="new_message">رسالة جديدة</string>
  <string name="create_new_message">كتابة رسالة جديدة</string>
  <string name="menu_call_back">اتصال %s</string>
  <string name="menu_send_email">إرسال بريد إلكتروني إلى %s</string>
  <string name="menu_compose_new">إنشاء</string>
  <string name="menu_preferences">الإعدادات</string>
  <string name="menu_add_address_to_contacts">إضافة إلى جهات الاتصال </string>
  <string name="menu_call">المكالمة

مكالمة</string>
  <string name="menu_delete_all">حذف المواضيع</string>
  <string name="menu_delete">حذف الموضوع</string>
  <string name="menu_undelivered_messages">رسائل غير مسلمة
رسائل لم يتم تسليمها
رسائل غير مستلمة</string>
  <string name="menu_view">استعراض الموضوع</string>
  <string name="refreshing">جاري التحديث...</string>
  <string name="has_draft">مسودة</string>
  <string name="broadcast_from_to">%1$s إلى %2$s</string>
  <string name="anonymous_recipient">مجهول</string>
  <string name="no_subject_view">(بدون عنوان)</string>
  <string name="messagelist_sender_self">أنا</string>
  <string name="view_picture">عرض الصورة</string>
  <string name="view_slideshow">عرض الشريحة</string>
  <string name="view_message_details">استعراض تفاصيل الرسالة</string>
  <string name="view_delivery_report">عرض التقرير</string>
  <string name="delete_message">مسح الرسالة</string>
  <string name="sent_on">المرسلة: %s</string>
  <string name="expire_on">تنتهي : %s</string>
  <string name="kilobyte">ك. بايت</string>
  <string name="undelivered_msg_dialog_title">رسالة لم يتم تسليمها</string>
  <string name="undelivered_msg_dialog_body">يبذال جهداغير قادر على إرسال هذه الرسالة</string>
  <string name="undelivered_sms_dialog_body">غير قادر على إرسال هذه الرسالة</string>
  <string name="delete_thread">حذف الموضوع</string>
  <string name="menu_forward">إعادة توجيه</string>
  <string name="download">تحميل</string>
  <string name="downloading">جاري التحميل</string>
  <string name="name_colon">:\u0020</string>
  <string name="inline_subject"><العنوان: %s></string>
  <string name="drm_protected_text">* إدارة الحقوق الرقمية المحمية النص *</string>
  <string name="insufficient_drm_rights">الكشف عن عدم كفاية حقوق إدارة الحقوق الرقمية</string>
  <string name="copy_message_text">نسخ نص الرسالة</string>
  <string name="message_options">خيارات الرسالة</string>
  <string name="done">تم</string>
  <string name="move_up">نقل للأعلى</string>
  <string name="move_down">نقل للأسفل</string>
  <string name="remove_slide">إزالة الشرائح</string>
  <string name="add_slide">أضف شريحة</string>
  <string name="add_slide_hint">اختر لإضافة شريحة جديدة.</string>
  <string name="discard_slideshow">تجاهل عرض الشرائح</string>
  <string name="slide_show_part">الجزء %1$s/%2$s</string>
  <string name="remove_text">إزالة النص</string>
  <string name="add_picture">إضافة صورة</string>
  <string name="remove_picture">إزالة الصورة</string>
  <string name="add_music">إضافة الموسيقى</string>
  <string name="remove_music">إزالة الموسيقى</string>
  <string name="add_video">إضافة فيديو</string>
  <string name="remove_video">إزالة فيديو</string>
  <string name="compose_title">إنشاء</string>
  <string name="to_hint">إلى</string>
  <string name="subject_hint">الموضوع</string>
  <string name="add_attachment">إرفاق</string>
  <string name="add_subject">إضافة موضوع</string>
  <string name="discard">تجاهل</string>
  <string name="view">عرض</string>
  <string name="replace">استبدال</string>
  <string name="remove">إزالة</string>
  <string name="send">إرسال</string>
  <string name="mms">رسائل متعددة الوسائط</string>
  <string name="all_threads">كافة المواضيع</string>
  <string name="type_to_compose_text_enter_to_send">اكتب للإنشاء</string>
  <string name="open_keyboard_to_compose_message">فتح لوحة المفاتيح لإنشاء رسالة</string>
  <string name="image_too_large">الصورة كبيرة جداً</string>
  <string name="ask_for_automatically_resize">تغيير حجم الصورة تلقائياً قبل إرسالها؟</string>
  <string name="compressing">الصورة كبيرة جداً، جاري ضغطها...</string>
  <string name="unsupported_media_format">تنسيق %1$s غير معتمد</string>
  <string name="select_different_media">الرجاء اختيار غير %1$s.</string>
  <string name="exceed_message_size_limitation">وصلت إلى الحد الأقصى لحجم الرسالة.</string>
  <string name="message_too_big_for_video">ملف الفيديو المرفق بالرسالة كبير جدا.</string>
  <string name="failed_to_add_media">عذراً، لا يمكنك إضافة % 1 $ s إلى رسالتك.</string>
  <string name="failed_to_resize_image">لم يتم تغيير حجم الصورة.</string>
  <string name="resize_image_error_information">عذراً، حتى عند تغيير حجم الصورة لازالت كبيرة للغاية لإرسالها.</string>
  <string name="forward_prefix">إعادة توجيه : \ u0020</string>
  <string name="discard_message">تجاهل</string>
  <string name="discard_message_reason">سيتم تجاهل رسالتك لانه لايوجد مستلمين .</string>
  <string name="has_invalid_recipient">المستلم غير صحيح: <%1$s></string>
  <string name="invalid_destination">لقد قمت بإدخال عنوان غير صحيح.</string>
  <string name="invalid_recipient_message">الرجاء تصحيح المستلم أو سوف لن تصله الرسالة.</string>
  <string name="cannot_send_message">تعذر إرسال الرسالة</string>
  <string name="cannot_send_message_reason">رسالتك لا تحتوي على  جهات استلام صحيحة.</string>
  <string name="cannot_forward_drm_obj">وشملت إدارة الحقوق الرقمية الكائن في الرسالة لا يمكن أن تحال</string>
  <string name="converting_to_picture_message">تحويل إلى رسالة وسائط متعددة</string>
  <string name="converting_to_text_message">تحويل إلى رسالة نصية...</string>
  <string name="cannot_add_slide_anymore">لا يمكن إضافة المزيد من الشرائح</string>
  <string name="cannot_add_picture_and_video">لا يمكن إضافة فيديو و صورة في شريحة واحدة.</string>
  <string name="cannot_save_message">لا يمكن حفظ الرسالة</string>
  <string name="cannot_load_message">لايمكن تحميل الرسالة</string>
  <string name="message_saved_as_draft">تم حفظ الرسالة كمسودة.</string>
  <string name="locked_message_cannot_be_deleted">لا يمكن حذف الرسالة المقفلة.</string>
  <string name="too_many_recipients">هذه الرسالة والعديد من المستلمين (%1$s).$ s). هناك حد من ٪ 2 $ sليالي المستلمين</string>
  <string name="too_many_attachments">لقد تجاوزت الحد المسموح للمرفق %1$s . سيتم ارفاق %2$s الأولى فقط.</string>
  <string name="adding_attachments_title">إضافة مرفقات</string>
  <string name="adding_attachments">الرجاء الانتظار بينما يتم إضافة المواد لشريحة العرض.</string>
  <string name="multiple_recipients">%1$s المستلمين</string>
  <string name="cannot_play_audio">تعذر تشغيل الصوت.</string>
  <string name="preview">معاينة</string>
  <string name="preview_slideshow">معاينة</string>
  <string name="replace_image">استبدال الصورة</string>
  <string name="duration_sec">المدة (%s sec)</string>
  <string name="duration_selector_title">مدة الشريحة \u0020</string>
  <string name="layout_selector_title">تخطيط عرض الشريح\u0020</string>
  <string name="layout_top">تخطيط أعلى
</string>
  <string name="layout_bottom">التصميم (الأسفل)</string>
  <string name="type_to_compose_text_or_leave_blank">أدخل النص، أو اتركه فارغاً</string>
  <string name="duration_not_a_number">المدة يجب أن تكون رقماً</string>
  <string name="duration_zero">المدة يجب أن تكون أكثر من صفر</string>
  <string name="secs">ثانية</string>
  <string name="menu_view_contact">عرض جهات الاتصال</string>
  <string name="menu_add_to_contacts">إضافة إلى جهات الاتصال</string>
  <string name="hidden_sender_address">إخفاء عنوان المرسل</string>
  <string name="yes">موافق</string>
  <string name="no">إلغاء</string>
  <string name="set">ضبط</string>
  <string name="play">تشغيل</string>
  <string name="edit">تحرير</string>
  <string name="resize">تغيير حجم</string>
  <string name="try_to_send">حاول إرسال</string>
  <string name="preferences_title">الإعدادات</string>
  <string name="restore_default">أسترجاع الاعدادات الإفتراضيه</string>
  <string name="pref_notification_settings_title">إعدادات الإعلام</string>
  <string name="pref_mms_settings_title">إعدادات الرسائل متعددة الوسائط (MMS)</string>
  <string name="pref_sms_settings_title">إعدادات رسالة (SMS) نصية</string>
  <string name="pref_sms_storage_title">حفظ الإعدادات </string>
  <string name="pref_summary_manage_sim_messages">إدارة الرسائل المخزنة على بطاقة SIM الخاصة بك</string>
  <string name="pref_summary_mms_delivery_reports">طلب تقرير تسليم لكل رسالة ترسلها</string>
  <string name="pref_summary_mms_read_reports">طلب تقرير مقروء لكل رسالة ترسلها</string>
  <string name="pref_summary_sms_delivery_reports">طلب تقرير تسليم لكل رسالة ترسلها</string>
  <string name="pref_summary_auto_delete">حذف الرسائل القديمة عند وصولها للحد المقرر</string>
  <string name="pref_summary_delete_limit">% 1 $ s الرسائل في المحادثة</string>
  <string name="pref_title_manage_sim_messages">إدارة رسائل بطاقة SIM</string>
  <string name="pref_title_mms_delivery_reports">تقارير التسليم</string>
  <string name="pref_title_mms_read_reports">قراءة التقارير</string>
  <string name="pref_title_sms_delivery_reports">تقارير التسليم</string>
  <string name="pref_title_auto_delete">حذف الرسائل القديمة</string>
  <string name="pref_title_sms_delete">حد نص الرسالة</string>
  <string name="pref_title_mms_delete">حد الرسائل المتعددة الوسائط</string>
  <string name="pref_title_popup_enabled">معلومات الإطار المنبثق </string>
  <string name="pref_summary_popup_enabled">عرض نافذة منبثقة  تحتوي معلومات عند تلقي رسالة نصية على الشاشة الرئيسية
</string>
  <string name="pref_title_notification_enabled">التنبيهات</string>
  <string name="pref_summary_notification_enabled">عرض إعلامات رسالة في شريط المعلومات</string>
  <string name="pref_title_notification_vibrateWhen">الاهتزاز</string>
  <string name="pref_summary_notification_vibrateWhen">يهتز أيضا عند التنبيهة</string>
  <string name="pref_title_notification_ringtone">اختار النغمة</string>
  <string name="pref_messages_to_save">تعيين عدد من الرسائل للحفظ</string>
  <string name="prefDefault_vibrateWhen">ابدأ</string>
  <string name="prefDefault_vibrate_true">دائماً</string>
  <string name="prefDefault_vibrate_false">ابدأ</string>
  <string name="prefDialogTitle_vibrateWhen">الاهتزاز</string>
  <string name="pref_title_mms_auto_retrieval">الاسترداد التلقائي</string>
  <string name="pref_summary_mms_auto_retrieval">استرداد الرسائل تلقائياً</string>
  <string name="pref_title_mms_retrieval_during_roaming">استرداد تلقائي أثناء التجوال</string>
  <string name="pref_summary_mms_retrieval_during_roaming">استرداد تلقائي للرسائل أثناء التجوال</string>
  <string name="to_label">إلى \ u0020</string>
  <string name="confirm_dialog_title">حذف</string>
  <string name="confirm_dialog_locked_title">حذف رسالة مؤمنة؟</string>
  <string name="confirm_delete_conversation">سيتم حذف الموضوع كاملا.</string>
  <string name="confirm_delete_all_conversations">سيتم حذف جميع المواضيع.</string>
  <string name="confirm_delete_message">سيتم حذف الرسالة.</string>
  <string name="confirm_delete_locked_message">هل أنت متأكد من أنك تريد حذف هذه الرسالة مؤمنة؟</string>
  <string name="confirm_delete_all_messages">.سيتم حذف الموضوع كاملا</string>
  <string name="confirm_delete_all_SIM_messages">سيتم حذف جميع الرسائل الموجودة في بطاقة SIM.</string>
  <string name="confirm_delete_SIM_message">SIM  سيتم حذف هذه الرسالة على البطاقة.</string>
  <string name="delete_unlocked">حذف رسالة مؤمنة؟</string>
  <string name="delete">حذف</string>
  <string name="cannot_get_details">لا يمكن الحصول على تفاصيل</string>
  <string name="message_details_title">تفاصيل الرسالة</string>
  <string name="message_type_label">اكتب:\u0020</string>
  <string name="text_message">رسالة نصية</string>
  <string name="multimedia_message">رسالة وسائط</string>
  <string name="multimedia_notification">تنبيه رسالة الوسائط</string>
  <string name="from_label">من:\u0020</string>
  <string name="to_address_label">إلى:\u0020</string>
  <string name="bcc_label">نسخة إلى:\u0020</string>
  <string name="sent_label">أرسلت:\u0020</string>
  <string name="received_label">مستلمة:\u0020</string>
  <string name="saved_label">محفوظة:\u0020</string>
  <string name="subject_label">العنوان:\u0020</string>
  <string name="message_size_label">حجم الرسالة:\u0020</string>
  <string name="priority_label">الأفضلية:\u0020</string>
  <string name="priority_high">عالي</string>
  <string name="priority_normal">متوسط</string>
  <string name="priority_low">منخفض</string>
  <string name="message_class_label">نوع الرسالة:\u0020</string>
  <string name="error_code_label">كود الخطأ:\u0020</string>
  <string name="menu_edit">تحرير</string>
  <string name="menu_retry_sending">اعادة محولة الارسال</string>
  <string name="menu_retry_sending_all">اعادة محولة الارسال للجميع</string>
  <string name="menu_delete_messages">حذف الرسائل</string>
  <string name="retrying_dialog_body">الرسالة %s لم ترسل لوجود مشكلة في الاتصال.\nجاري إعادة الإرسال...</string>
  <string name="menu_lock">قفل الرسالة</string>
  <string name="menu_unlock">إلغاء قفل الرسالة</string>
  <string name="sim_copy_to_phone_memory">نسخ إلى ذاكرة الهاتف</string>
  <string name="sim_delete">حذف</string>
  <string name="sim_manage_messages_title">الرسائل الموجودة في بطاقة SIM</string>
  <string name="sim_view">عرض</string>
  <string name="sim_empty">لا توجد رسائل في بطاقة SIM.</string>
  <string name="delivery_header_title">تقرير</string>
  <string name="status_none">(بدون)</string>
  <string name="status_pending">معلق</string>
  <string name="status_read">مقروءة</string>
  <string name="status_received">مستلمة</string>
  <string name="status_failed">غير ناجح</string>
  <string name="status_unread">غير مقروءة</string>
  <string name="status_rejected">مرفوضة</string>
  <string name="recipient_label">المستلم:\u0020</string>
  <string name="status_label">الحالة:\u0020</string>
  <string name="attach_image">صور</string>
  <string name="attach_take_photo">التقاط صورة</string>
  <string name="attach_video">فيديو</string>
  <string name="attach_record_video">التقاط فيديو</string>
  <string name="attach_sound">الصوت</string>
  <string name="attach_record_sound">تسجيل الصوت</string>
  <string name="attach_slideshow">عرض شرائح</string>
  <string name="select_bottom_text">النص في الاسفال</string>
  <string name="select_top_text">النص في الاعلى</string>
  <string name="delivery_toast_body">استلام الرسالة بواسطة %s</string>
  <string name="notification_multiple">%sالرسائل الغير مقروءة</string>
  <string name="notification_multiple_title">رسالة جديدة</string>
  <string name="notification_failed_multiple">%s رسالة لا يمكن إرسالها.</string>
  <string name="notification_failed_multiple_title">لم يتم الارسال</string>
  <string name="sim_full_title">شريحة الاتصلات ممتلة</string>
  <string name="sim_full_body">حذف بعض الرسائل لإفساح المجال لأكثر من ذلك.
</string>
  <string name="sms_full_title">اذكره ممتله</string>
  <string name="sms_full_body">رفض رسالة واردة نظرا لامتلاء ذاكرة. يرجى حذف الرسائل القديمة</string>
  <string name="sms_rejected_title">الرسالة مرفوضة</string>
  <string name="sms_rejected_body">رسالة واردة مرفوضة نتيجة سبب مجهول.</string>
  <string name="type_audio">الصوت</string>
  <string name="type_picture">الصور</string>
  <string name="type_video">فيديو</string>
  <string name="confirm">موافقة</string>
  <string name="message_send_read_report">استلام تقرير </string>
  <string name="message_queued">غير قادر على إرسال الرسالة حالياً، سيتم إرسالها عندما تتاح الخدمة.</string>
  <string name="no_subject">(لا يوجد موضوع)</string>
  <string name="unknown_sender">مرسل غير معروف</string>
  <string name="dl_failure_notification">تحميل الرسالة</string>
  <string name="dl_expired_notification">هذه الرساله تطلع غبار احذفها يبوي</string>
  <string name="rate_limit_surpassed">موافقة</string>
  <string name="confirm_rate_limit">يتم إرسال عدد كبير من رسائل الوسائط المتعددة. هل هذا موافق؟
</string>
  <string name="message_download_failed_title">فشل تحميل ارسالة</string>
  <string name="message_send_failed_title">لم يتم الارسال</string>
  <string name="message_failed_body">حدد لإعادة عرض الرسالة والمحاولة مرة أخرى.</string>
  <string name="download_later">غير قادر على التحميل حالياً، الرجاء المحاولة لاحقاً.</string>
  <string name="select_audio">ضع صوت</string>
  <string name="copy_to_sdcard">نسخ المرفق إلى بطاقة الذاكرة</string>
  <string name="copy_to_sdcard_success">تم نسخ المرفق إلى بطاقة الذاكرة</string>
  <string name="copy_to_sdcard_fail">فشل في نسخ المرفق إلى بطاقة الذاكرة</string>
  <string name="save_ringtone">حفظ كنغمة</string>
  <string name="saved_ringtone">تم حفظ النغمة</string>
  <string name="saved_ringtone_fail">فشل في حفظ النغمة</string>
  <string name="menu_insert_smiley">إدراج ابتسامة</string>
  <string name="select_link_title">اختر الإجراء</string>
  <string name="slide_number">انزلاق %s</string>
  <string name="delivery_report_activity">تقارير التسليم</string>
  <string name="storage_limits_activity">حدود التخزين</string>
  <string name="add_attachment_activity">إضافة مرفق:</string>
  <string name="select_layout_activity">اختر التصميم</string>
  <string name="change_duration_activity">تغيير العداد</string>
  <string name="edit_text_activity">تحرير النص</string>
  <string name="edit_slideshow_activity">تحرير عرض الشرائح</string>
  <string name="edit_slide_activity">تحرير الانزلاق</string>
  <string name="pick_numbers_activity">إختر أرقام</string>
  <string name="slideshow_activity">عرض الشرائح</string>
  <string name="popup_activity">نافذة الرد السريع</string>
  <string name="popup_btn_send">الرد</string>
  <string name="class_0_message_activity">Class 0 Message</string>
  <string name="send_using_mms_activity">إرسال كرسالة وسائط...</string>
  <string name="select_contact_method_activity">اختيار أسلوب الاتصال</string>
  <string name="search_label">الرسائل</string>
  <string name="search_hint">البحث في الرسائل</string>
  <string name="search">الرسائل</string>
  <string name="search_setting_description">نص في رسائلك</string>
  <string name="search_empty">لا يوجد تطابق</string>
  <string name="search_history">%1$s نتائج عن \"%2$s\"</string>
  <string name="confirm_clear_search_title">مسح</string>
  <string name="confirm_clear_search_text">سيتم مسح سجلات البحث.</string>
  <string name="pref_mms_clear_search_history_title">مسح سجلات البحث</string>
  <string name="pref_mms_clear_search_history_summary">مسح مدخلات بحث الرسائل السابقة من العرض في صندوق البحث</string>
  <string name="save">حفظ</string>
  <string name="storage_limits_title">حد الرسائل</string>
  <string name="storage_limits_message">هل تريد الحد من عدد الرسائل المحفوظة لكل محادثة؟</string>
  <string name="storage_limits_setting">تعيين الحدود</string>
  <string name="storage_limits_setting_dismiss">غير محدود</string>
  <string name="too_many_unsent_mms">لا يمكن إرسال الرسالة الآن. توجد رسائل وسائط كثيرة لم ترسل.</string>
  <string name="me">أنا</string>
  <string name="sending_message">جاري الإرسال...</string>
  <string name="bookmark_sms">أضف للمفضلة</string>
  <string name="bookmark_sms_message">تم إضافة الرسالة للمفضلة...</string>
  <string name="recent_conversation">المحادثة</string>
  <string name="contacts">جهات الاتصال</string>
  <string name="sms_bookmark">المجموعة</string>
  <string name="sms_push">اضغط</string>
  <string name="forward_from_format">%s نقل من %s</string>
  <string name="msg_forward_from_format">- نقل من:%s</string>
  <string name="forward_count_format">تم تحويلها %d مرة</string>
  <string name="recipient_count_format">مجموع %d المستقبلين</string>
  <string name="notification_color_title">إختر اللون</string>
  <string name="notification_color_summary">لون كرة التنقل عند وصول رسالة</string>
  <string name="group_msg_contact_title">%sإرسال إلى:%s</string>
  <string name="sms_bookmark_welcome">لم تقم بإضافة أي رسالة للمفضلة. قم بالضغط مطولاً على الرسالة واختر "أضف للمفضلة" لإضافتها هنا</string>
  <string name="mms_increase_font_size">تكبير حجم الخط</string>
  <string name="mms_decrease_font_size">تصغير حجم الحط</string>
  <string name="mms_reading_mode_day">وضعية إضاءة الخلفية</string>
  <string name="mms_reading_mode_night">وضعية القراءة الليلية</string>
  <string name="menu_patch_delete">حذف المحادثة</string>
  <string name="btn_done">حذف</string>
  <string name="btn_cancel">إلغاء</string>
  <string name="pref_title_forward_contact">محوله من قِبل</string>
  <string name="pref_summary_forward_contact">إرفاق الأصلية عند التحويل</string>
  <string name="save_image">حفظ الصورة</string>
  <string name="mms_image_folder_name">رسالة مصورة</string>
  <string name="mms_image_saved_successfully">تم حفظ الصورة بنجاح</string>
  <string name="mms_image_saving_failed">فشل حفظ الصورة ، يرجى التأكد من طاقة الذاكرة</string>
  <string name="festival_sms_category_count_format">%s</string>
  <string name="festival_msg_loading">تحميل...</string>
  <string name="festival_sms_push">موصى به</string>
  <string name="menu_group_sending">رسالة</string>
  <string name="miui_push">MIUI الموصى بها</string>
  <string name="pushed_sms_category">الرسائل القصيرة</string>
  <string name="converstaion_list_tile">الرسائل القصيرة</string>
  <string name="conversations_count_format">%d</string>
  <string name="quick_sms_to">ارسل الى%s</string>
  <string name="popup_sms_deleted">تم حذف الرسائل القصيرة</string>
  <string name="pref_set_font_size">ضبط حجم النص</string>
  <string name="pref_summery_set_font_size">تعيين حجم عرض نص رسالة
</string>
  <string name="menu_batch_delete">حذف أكثر من رسالة</string>
  <string name="batch_delete_confirm_dialog_title">حذف أكثر من رسالة</string>
  <string name="batch_delete_confrom_dialog_message">سيتم حذف الرسالة المحددة</string>
  <string name="btn_delete_with_number">حذف (%d)</string>
</resources>
