<?xml version="1.0" encoding="utf-8"?>
<!--Generated by crowdin.net-->
<resources>
  <string name="contactsIconLabel">جهات الاتصال</string>
  <string name="contactsFavoritesLabel">المفضلة</string>
  <string name="dialerIconLabel">الطلب الهاتفي
</string>
  <string name="emergencyDialerIconLabel">مكالمات الطوارئ</string>
  <string name="phoneIconLabel">الهاتف</string>
  <string name="recentCallsIconLabel">سجل المكالمات</string>
  <string name="fdnListLabel">قائمة الأرقام الثابتة</string>
  <string name="unknown">غير معروف</string>
  <string name="private_num">رقم خاص</string>
  <string name="payphone">دفع الهاتف</string>
  <string name="onHold">إنتظار</string>
  <string name="ongoing">المكالمة الحالية</string>
  <string name="callFailed_userBusy">الخط مشغول</string>
  <string name="callFailed_congestion">الشبكة مشغولة</string>
  <string name="callFailed_noSignal">لا توجد إشارة</string>
  <string name="callFailed_limitExceeded">تم تجوز حد acm</string>
  <string name="callFailed_powerOff">إطفاء الراديو</string>
  <string name="callFailed_simError">الشريحة معطوبة أو غير موجودة</string>
  <string name="callFailed_outOfService">خارج نطاق الخدمة</string>
  <string name="callFailed_fdn_only">المكالمات الصادرة مقيدة بالأرقام الثابتة في الشريحة</string>
  <string name="callFailed_cb_enabled">المكالمات محظورة، لا يمكنك إجراء مكالمات</string>
  <string name="callFailed_dsac_restricted">جميع المكالمات مقيدة بلوحة تحكم الدخول.</string>
  <string name="callFailed_dsac_restricted_emergency">مكالمات الطوارئ مقيدة بلوحة تحكم الدخول.</string>
  <string name="callFailed_dsac_restricted_normal">المكالمات القياسية مقيدة بلوحة تحكم الدخول.</string>
  <string name="callFailed_cdma_lockedUntilPowerCycle">CDMA: الهاتف مقفل حتى يتم اعادة الطاقة.</string>
  <string name="callFailed_cdma_drop">المكالمة إنتهت.</string>
  <string name="callFailed_cdma_intercept">تم إعتراض المكالمة.</string>
  <string name="callFailed_cdma_reorder">إعادة الترتيب.</string>
  <string name="callFailed_cdma_SO_reject">تم رفض خيار الخدمة.</string>
  <string name="callFailed_cdma_retryOrder">أمر تكرار المحاولة.</string>
  <string name="callFailed_cdma_accessFailure">تعذر الوصول.</string>
  <string name="callFailed_cdma_preempted">إستبق.</string>
  <string name="callFailed_cdma_notEmergency">مكالمات الطوارئ فقط</string>
  <string name="confCall">مكالمة جماعية</string>
  <string name="call_lost">الاتصال مفقود</string>
  <string name="retry">إعادة المحاولة</string>
  <string name="call_lost_title">الاتصال مفقود</string>
  <string name="mmiStarted">تم يدء رمز MMI</string>
  <string name="ussdRunning">جاري تشغيل رمز USSD</string>
  <string name="mmiCancelled">تم إلغاء رمز MMI</string>
  <string name="cancel">إلغاء</string>
  <string name="menu_rejectCallAndSms">رفض و رد برسالة نصية</string>
  <string name="menu_speaker">مكبر الصوت</string>
  <string name="menu_bluetooth">البلوتوث</string>
  <string name="menu_mute">كتم</string>
  <string name="menu_hold">تعليق</string>
  <string name="menu_endCall">إنهاء المكالمة</string>
  <string name="menu_swapCalls">تبديل المكالمات</string>
  <string name="menu_mergeCalls">دمج المكالمات</string>
  <string name="menu_addCall">إضافة مكالمة</string>
  <string name="menu_manageConference">إدارة المكالمة الجماعية</string>
  <string name="menu_showDialpad">عرض مفاتيح الاتصال</string>
  <string name="menu_hideDialpad">إخفاء لوحة المفاتيح</string>
  <string name="menu_answerAndHold">تعليق المكالمة الحالية\n والإجابة</string>
  <string name="menu_answerAndEnd">إنهاء المكالمة الحالية\n والإجابة</string>
  <string name="ok">موافق</string>
  <string name="menuButtonKeyboardDialHint">اضغط القائمة لخيارات الاتصال \u0020• \u0020استخدم لوحة المفاتيح للاتصال</string>
  <string name="menu_answer">إجابة</string>
  <string name="menu_ignore">تجاهل</string>
  <string name="wait_prompt_str">إرسال النغمات الآتية؟\n</string>
  <string name="pause_prompt_str">جاري إرسال النغمات\n</string>
  <string name="send_button">إرسال</string>
  <string name="pause_prompt_yes">نعم</string>
  <string name="pause_prompt_no">لا</string>
  <string name="wild_prompt_str">استبدل الحروف الشاذة مع</string>
  <string name="no_vm_number">عدد البريد الصوتي المفقود</string>
  <string name="no_vm_number_msg">لا يوجد رقم بريد صوتي مخزن في بطاقة SIM.</string>
  <string name="add_vm_number_str">إضافة رقم</string>
  <string name="dialer_emptyListWorking">جاري التحميل...</string>
  <string name="enterPin">أدخل الرمز السري لفتح بطاقة sim.</string>
  <string name="pinUnlocked">تم فتح قفل SIM</string>
  <string name="enterNewPin">رمز جديد لـPIN</string>
  <string name="verifyNewPin">اكتب رمز PIN الجديد مرة اخرى للتأكيد</string>
  <string name="verifyFailed">الرمز المدخل غير متوافق. الرجاء المحاولة مرة اخرى.</string>
  <string name="enterPuk">اكتب رمز PUK لقتح قفل بطاقة SIM</string>
  <string name="badPuk">رمز PUK غير صحيح!</string>
  <string name="buttonTxtContinue">استمرار</string>
  <string name="puk_unlocked">تم فتح قفل بطاقة SIM.جاري فتح قفل الهاتف...</string>
  <string name="label_ndp">SIM network unlock PIN</string>
  <string name="sim_ndp_unlock_text">فتح القفل</string>
  <string name="sim_ndp_dismiss_text">رفض</string>
  <string name="requesting_unlock">جاري طلب فتح الشبكة...</string>
  <string name="unlock_failed">فشل في طلب فتح الشبكة.</string>
  <string name="unlock_success">تم فتح الشبكة بنجاح.</string>
  <string name="imei">الرقم التسلسلي</string>
  <string name="meid">MEID</string>
  <string name="labelGSMMore">إعدادات اتصال GSM</string>
  <string name="labelCDMAMore">إعدادات اتصال CDMA</string>
  <string name="apn_settings">أسماء نقاط الوصول</string>
  <string name="settings_label">إعدادات الشبكة</string>
  <string name="voicemail">البريد الصوتي</string>
  <string name="voicemail_abbreviated">بريد صوتي:</string>
  <string name="networks">مشغل الشبكة</string>
  <string name="call_settings">إعدادات المكالمات</string>
  <string name="additional_gsm_call_settings">إعدادات أخرى</string>
  <string name="sum_gsm_call_settings">إعدادات اضافية ﻹتصال GSM</string>
  <string name="additional_cdma_call_settings">إعدادات اضافية ﻹتصال CDMA</string>
  <string name="sum_cdma_call_settings">إعدادت اضافية لاتصال GSM</string>
  <string name="labelNwService">إعدادات خدمة الشبكة</string>
  <string name="labelCallerId">هوية المتصل</string>
  <string name="sum_hide_caller_id">الرقم مخفي في الاتصالات الصادرة</string>
  <string name="sum_show_caller_id">الرقم ظاهر في الاتصالات الصادرة</string>
  <string name="sum_default_caller_id">استخدام اعدادات المشغل الأساسية ﻹظهار رقمي في الاتصالات الصادرة</string>
  <string name="labelCW">انتظار المكالمات</string>
  <string name="sum_cw_enabled">أثناء المكالمة, نبهني بالمكالمات الواردة</string>
  <string name="sum_cw_disabled">أثناء المكالمة, نبهني بالمكالمات الواردة</string>
  <string name="call_forwarding_settings">إعدادات تحويل المكالمات</string>
  <string name="labelCF">تحويل المكالمات</string>
  <string name="labelCFU">تحويل دائم</string>
  <string name="messageCFU">استخدم هذا الرقم دائما</string>
  <string name="sum_cfu_enabled_indicator">تحويل جميع المكالمات</string>
  <string name="sum_cfu_enabled">تحويل جميع المكالمات الى {0}</string>
  <string name="sum_cfu_enabled_no_number">الرقم غير متوفر</string>
  <string name="sum_cfu_disabled">معطل</string>
  <string name="labelCFB">تحويل عند انشغال الخط</string>
  <string name="messageCFB">رقم عند الإنشغال</string>
  <string name="sum_cfb_enabled">تحويل الى {0}</string>
  <string name="sum_cfb_disabled">معطل</string>
  <string name="disable_cfb_forbidden">مزود الخدمة لديك لا يدعم تحويل المكالمات عند الإنشغال.</string>
  <string name="labelCFNRy">تمرير عند عدم الرد</string>
  <string name="messageCFNRy">الرقم عند عدم الرد</string>
  <string name="sum_cfnry_enabled">تحويل الى {0}</string>
  <string name="sum_cfnry_disabled">معطل</string>
  <string name="disable_cfnry_forbidden">شركة الإتصال لا تدعم تعطيل تحويل المكالمات عند عدم الرد.</string>
  <string name="labelCFNRc">تحويل عند تعذر الإتصال</string>
  <string name="messageCFNRc">الرقم عند تعذر الإتصال</string>
  <string name="sum_cfnrc_enabled">تحويل الى {0}</string>
  <string name="sum_cfnrc_disabled">معطل</string>
  <string name="disable_cfnrc_forbidden">شركة الأتصالات لديك لا تدعم تعطيل إعادة توجيه المكالمة عندما يكون هاتفك غير قابلة للوصول</string>
  <string name="updating_title">ضبط المكالمات</string>
  <string name="error_updating_title">خطأ فى ضبط المكالمات</string>
  <string name="reading_settings">قراءة الإعدادات</string>
  <string name="updating_settings">تحديث الإعدادات</string>
  <string name="reverting_settings">إعدادات الإعادة</string>
  <string name="response_error">استجابة غير متوقعة من الشبكة.</string>
  <string name="exception_error">خطأ في الشبكة أو في البطاقة .</string>
  <string name="radio_off_error">الرجاء تشغيل الراديو قبل عرض هذه الإعدادات.</string>
  <string name="close_dialog">موافق</string>
  <string name="enable">مفعل</string>
  <string name="disable">معطل</string>
  <string name="change_num">تحديث</string>
  <string name="vm_save_number">حفظ رقم البريد الصوتي</string>
  <string name="vm_changed">تم تغيير رقم البريد الصوتي.</string>
  <string name="vm_change_failed">لم يتم تغيير رقم البريد الصوتي.\nالرجاء التواصل مع شركة الإتصال إذا إستمرت هذه المشكلة.</string>
  <string name="fw_change_failed">لم يتم تمرير رقم البريد الصوتي.\nالرجاء التواصل مع شركة الإتصال إذا إستمرت هذه المشكلة.</string>
  <string name="fw_get_in_vm_failed">فشل في استعادة وحفظ إعدادات تمرير الرقم الحالية.\nهل تريد التحويل إلى مزود جديد على أية حال؟</string>
  <string name="no_change">لم يتم إحداث تغيير.</string>
  <string name="sum_voicemail_choose_provider">إختر خدمة البريد الصوتي</string>
  <string name="voicemail_default">شركة الإتصال</string>
  <string name="mobile_networks">إعدادات شبكة الجوال</string>
  <string name="label_available">الشبكات المتاحة</string>
  <string name="load_networks_progress">يجري البحث...</string>
  <string name="empty_networks_list">لم يتم العثور على اي شبكة.</string>
  <string name="search_networks">البحث عن الشبكات</string>
  <string name="network_query_error">خطأ عند البحث عن الشبكات.</string>
  <string name="register_on_network">التسجيل في %s…</string>
  <string name="not_allowed">بطاقتك لا تسمح بالإتصال بهذه الشبكة.</string>
  <string name="connect_later">لا يمكن الإتصال بالشبكة حالياً. الرجاء المحاول لاحقا.</string>
  <string name="registration_done">تم التسجيل في على الشبكه.</string>
  <string name="sum_carrier_select">حدد مشغل الشبكة</string>
  <string name="sum_search_networks">ابحث عن جميع الشبكات المتوفرة</string>
  <string name="select_automatically">تحديد تلقائي</string>
  <string name="sum_select_automatically">تحديد تلقائي للشبكة المفضلة</string>
  <string name="register_automatically">تسجيل تلقائي...</string>
  <string name="preferred_network_mode_title">وضع الشبكة</string>
  <string name="preferred_network_mode_summary">تغيير وضع تشغيل الشبكة</string>
  <string name="preferred_network_mode_dialogtitle">وضع الشبكة المفضل</string>
  <string name="data_enabled">تفعيل البيانات</string>
  <string name="data_enable_summary">تمكين الوصول إلى البيانات عبر شبكة الجوال</string>
  <string name="roaming">بيانات التجوال</string>
  <string name="roaming_enable">الإتصال بخدمة البيانات عند التجوال</string>
  <string name="roaming_disable">الإتصال بخدمة البيانات عند التجوال</string>
  <string name="roaming_reenable_message">لقد فقدت اتصال البيانات بسبب مغادرتك لشبكتك المنزلية مع إيقاف بيانات التجوال.</string>
  <string name="roaming_warning">تشغيل بيانات التجوال؟ قد تتحمل رسوم تجوال عالية!</string>
  <string name="gsm_umts_options">خيارات GSM/UMTS</string>
  <string name="cdma_options">خيارات CDMA</string>
  <string name="throttle_data_usage">بيانات الإستخدام</string>
  <string name="throttle_settings_title">سياسة مزود الخدمة</string>
  <string name="throttle_current_usage">البيانات المستخدمة في الفترة الحالية</string>
  <string name="throttle_time_frame">فترة إستخدام البيانات</string>
  <string name="throttle_rate">سياسة معدل البيانات</string>
  <string name="throttle_help">تعلم أكثر</string>
  <string name="throttle_status_subtext">%1$s (%2$d٪) من %3$s أقصى مدة\nNext الفترة بدأت من %4$dيوم(%5$s)</string>
  <string name="throttle_data_usage_subtext">%1$s (%2$d٪) منl %3$s أقصى مده</string>
  <string name="throttle_data_rate_reduced_subtext">%1$s تجاوز الحد الأقصى\nانخفاض معدل البيانات الى %2$d Kb/s</string>
  <string name="throttle_time_frame_subtext">%1$d٪ من دورة المنقضي\nالفترة المقبلة ستبدأ في %2$d أيام (%3$s)</string>
  <string name="throttle_rate_subtext">معدل البيانات انخفض الى %1$d Kb/s اذا كانت البيانات تجاوزت الحد</string>
  <string name="throttle_help_subtext">مزيد من المعلومات حول الناقل الخاص بك \ \'ق بيانات شبكة للهاتف المحمول استخدام سياسة</string>
  <string name="cdma_cell_broadcast_sms">بث الرسائل القصيرة الخليوي</string>
  <string name="cell_broadcast_sms">بث الرسائل القصيرة الخليوي</string>
  <string name="enable_disable_cell_bc_sms">بث الرسائل القصيرة الخليوي</string>
  <string name="cell_bc_sms_enable">تمكين خلية بث الرسائل القصيرة</string>
  <string name="cell_bc_sms_disable">تعطيل خلية بث الرسائل القصيرة</string>
  <string name="cb_sms_settings">ضبط خلية بث الرسائل القصيرة</string>
  <string name="enable_disable_emergency_broadcast">بث الطوارئ</string>
  <string name="emergency_broadcast_enable">تمكين بث الطوارئ</string>
  <string name="emergency_broadcast_disable">تعطيل بث الطوارئ</string>
  <string name="enable_disable_administrative">الإدارة</string>
  <string name="administrative_enable">تمكين الإدارة</string>
  <string name="administrative_disable">تعطيل الإدارة</string>
  <string name="enable_disable_maintenance">الصيانة</string>
  <string name="maintenance_enable">تمكين صيانة</string>
  <string name="maintenance_disable">تعطيل صيانة</string>
  <string name="general_news_settings">أخبار عامة</string>
  <string name="bf_news_settings">أخبار المال والأعمال المالية</string>
  <string name="sports_news_settings">أخبار الرياضة</string>
  <string name="entertainment_news_settings">أخبار الترفيه</string>
  <string name="enable_disable_local">المحلية</string>
  <string name="local_enable">تمكين وسائل الاعلام المحلية</string>
  <string name="local_disable">تعطيل وسائل الاعلام المحلية</string>
  <string name="enable_disable_regional">إقليمي</string>
  <string name="regional_enable">تمكين ألاخبارإلاقليمية</string>
  <string name="regional_disable">تعطيل الاخبار إلاقليمية</string>
  <string name="enable_disable_national">وطني</string>
  <string name="national_enable">تمكين الانباء الوطنية</string>
  <string name="national_disable">الأخبار المحلية غير مفعلة</string>
  <string name="enable_disable_international">دولي</string>
  <string name="international_enable">الأخبار الدولية مفعلة</string>
  <string name="international_disable">الأخبار الدولية غير مفعلة</string>
  <string name="list_language_title">اللغة</string>
  <string name="list_language_summary">إختر لغة الأخبار</string>
  <string name="list_language_dtitle">اللغات</string>
  <string name="enable_disable_local_weather">حالة الطقس المحلية</string>
  <string name="local_weather_enable">حالة الطقس المحلية مفعلة</string>
  <string name="local_weather_disable">حالة الطقس المحلية غير مفعلة</string>
  <string name="enable_disable_atr">سجل العمليات</string>
  <string name="atr_enable">سجل العميات مُفعل</string>
  <string name="atr_disable">سجل العميات مُفعل</string>
  <string name="enable_disable_lafs">جدول الرحلات المحلية</string>
  <string name="lafs_enable">جدول الرحلات المحلية مُفعل</string>
  <string name="lafs_disable">جدول الرحلات المحلية مُعطل</string>
  <string name="enable_disable_restaurants">المطاعم</string>
  <string name="restaurants_enable">المطاعم مفعلة</string>
  <string name="restaurants_disable">المطاعم غير مفعلة</string>
  <string name="enable_disable_lodgings">جاري التحميل</string>
  <string name="lodgings_enable">تحميل مفعل</string>
  <string name="lodgings_disable">تم إيقاف التحميل</string>
  <string name="enable_disable_retail_directory">دليل التجزئة</string>
  <string name="retail_directory_enable">دليل التجزئة مفعل</string>
  <string name="retail_directory_disable">دليل التجزئة معطل</string>
  <string name="enable_disable_advertisements">الإعلانات</string>
  <string name="advertisements_enable">الإعلانات مفعلة</string>
  <string name="advertisements_disable">الإعلانات غير مفعلة</string>
  <string name="enable_disable_stock_quotes">أسعار الأسهم</string>
  <string name="stock_quotes_enable">أسعار الأسهم مُفعله</string>
  <string name="stock_quotes_disable">أسعار الأسهم مٌعطله</string>
  <string name="enable_disable_eo">فرص العمل</string>
  <string name="eo_enable">فرص العمل مفعلة</string>
  <string name="eo_disable">فرص العمل غير مفعلة</string>
  <string name="enable_disable_mhh">طبي، صحي و مستشفيات</string>
  <string name="mhh_enable">طبي، صحي و مستشفيات مُفعل</string>
  <string name="mhh_disable">طبي، صحي و مستشفيات مُعطل</string>
  <string name="enable_disable_technology_news">أخبار التقنية</string>
  <string name="technology_news_enable">تمكين أخبار العلوم والتكنولوجيا</string>
  <string name="technology_news_disable">تعطيل أخبار العلوم والتكنولوجيا</string>
  <string name="enable_disable_multi_category">متعددة الفئة</string>
  <string name="multi_category_enable">الفئات المتعددة مُفعل</string>
  <string name="multi_category_disable">الفئات المتعددة مُعطل</string>
  <string name="gsm_umts_network_preferences_title">GSM/UMTS التفضيلات لشبكات</string>
  <string name="gsm_umts_network_preferneces_summary">!لم تُنفذ حتى الآن</string>
  <string name="gsm_umts_network_preferences_dialogtitle">GSM/UMTS التفضيلات لشبكات</string>
  <string name="prefer_2g">استخدم شبكة الجيل الثاني فقط</string>
  <string name="prefer_2g_summary">حالة البطارية</string>
  <string name="cdma_system_select_title">تحديد النظام</string>
  <string name="cdma_system_select_summary">إلى التجوال CDMA تغيير وضع</string>
  <string name="cdma_system_select_dialogtitle">تحديد النظام</string>
  <string name="cdma_roaming_mode_title">CDMA وضع التجوال</string>
  <string name="cdma_roaming_mode_summary">إلى التجوال CDMA تغيير وضع</string>
  <string name="cdma_roaming_mode_dialogtitle">CDMA وضع التجوال</string>
  <string name="cdma_network_preferences_title">CDMA تفضيلات شبكة</string>
  <string name="cdma_network_preferneces_summary">لم ينفذ حتى الآن !</string>
  <string name="cdma_network_preferences_dialogtitle">تفضيلات شبكة CDMA</string>
  <string name="subscription_title">فحص إشتراك CDMA</string>
  <string name="subscription_summary">التغيير بين RUIM/SIM و NV</string>
  <string name="subscription_dialogtitle">إشتراك</string>
  <string name="fdn">اصلاح ارقام الاتصال</string>
  <string name="manage_fdn_list">قائمة الأرقام الثابتة</string>
  <string name="fdn_activation">قائمة الأرقام المفعلة</string>
  <string name="fdn_enabled">إصلاح أرقام الإتصال مفعلة</string>
  <string name="fdn_disabled">إصلاح أرقام الإتصال غير مفعلة</string>
  <string name="enable_fdn">تمكين FDN</string>
  <string name="disable_fdn">تعطيل FDN</string>
  <string name="change_pin2">تغيير رقم PIN2</string>
  <string name="enable_fdn_ok">تم تعطيل FDN</string>
  <string name="disable_fdn_ok">تم تفعيل FDN</string>
  <string name="sum_fdn">التحكم بإصلاح أرقام الإتصال</string>
  <string name="sum_fdn_change_pin">تغيير رقم PIN لبيانات FDN</string>
  <string name="sum_fdn_manage_list">إدارة قائمة أرقام الهاتف</string>
  <string name="voice_privacy">خصوصية الصوت</string>
  <string name="voice_privacy_summary">تفعيل وضع الخصوصية المحسن</string>
  <string name="tty_mode_title">وضعية TTY</string>
  <string name="tty_mode_summary">تفعيل TTY</string>
  <string name="tty_mode_option_title">وضعية TTY</string>
  <string name="tty_mode_option_summary">حدد وضعية TTY</string>
  <string name="auto_retry_mode_title">إعادة تلقائية</string>
  <string name="auto_retry_mode_summary">تفعيل الإعادة التلقائية</string>
  <string name="menu_add">اضافة جهة اتصال</string>
  <string name="menu_edit">تحرير جهة الاتصال</string>
  <string name="menu_delete">حذف جهة الاتصال</string>
  <string name="get_pin2">أدخل رقمPIN2</string>
  <string name="name">الاسم</string>
  <string name="number">الرقم</string>
  <string name="save">حفظ</string>
  <string name="add_fdn_contact">إضافة رقم إتصال ثابت</string>
  <string name="adding_fdn_contact">جاري اضافة رقم FDN</string>
  <string name="fdn_contact_added">تم إضافة رقم إتصال ثابت.</string>
  <string name="edit_fdn_contact">تحرير رقم الإتصال الثابت</string>
  <string name="updating_fdn_contact">تحديث رقم الإتصال الثابت</string>
  <string name="fdn_contact_updated">تحرير رقم الإتصال الثابت المحدث.</string>
  <string name="delete_fdn_contact">حذف رقم الإتصال الثابت</string>
  <string name="deleting_fdn_contact">جاري حذف رقم FDN...</string>
  <string name="fdn_contact_deleted">تم حذف رقم FDN.</string>
  <string name="pin2_invalid">لم يتم تحديث رقم FDN: لقد ادخلت رقم شخصي غير صحيح.</string>
  <string name="fdn_invalid_number">لم يتم تحديث رقم FDN: لابد ألا يتجاوز 20 خانة.</string>
  <string name="simContacts_emptyLoading">جاري القراءة من بطاقة SIM</string>
  <string name="simContacts_empty">لا توجد جهات إتصال في بطاقة SIM.</string>
  <string name="simContacts_title">حدد جهة اتصال لنقلها</string>
  <string name="enable_pin">تفعيل/تعطيل رقم بطاقة SIM  السري</string>
  <string name="change_pin">تغيير رقم PIN لـSIM</string>
  <string name="enter_pin_text">رقم SIM :</string>
  <string name="oldPinLabel">رقم PIN القديم</string>
  <string name="newPinLabel">رقم PIN الجديد</string>
  <string name="confirmPinLabel">تأكيد رقم PIN</string>
  <string name="badPin">رقم PIN المدخل غير صحيح. من فضلك أعد المحاولة.</string>
  <string name="mismatchPin">أرقام PIN المدخلة ليست متماثلة. الرجاء اعادة المحاولة.</string>
  <string name="invalidPin">أدخل رقم PIN يتكون من 4 أرقام إلى 8 أرقام كحد أقصى.</string>
  <string name="disable_sim_pin">عطل رقم PIN</string>
  <string name="enable_sim_pin">فعل رقم PIN</string>
  <string name="enable_in_progress">الرجاء الانتظار ...</string>
  <string name="enable_pin_ok">تم تفعيل رقم PIN</string>
  <string name="disable_pin_ok">تم تعطيل رقم PIN</string>
  <string name="pin_failed">رقم PIN المدخل غير صحيح.</string>
  <string name="pin_changed">تم تغيير رقم التعريف الشخصي للبطاقة بنجاح</string>
  <string name="puk_requested">كلمة المرور خاطئة,تم قفل بطاقة SIM! قم بإدخال رقم PUK2.</string>
  <string name="enter_pin2_text">PIN2</string>
  <string name="oldPin2Label">PIN2 القديم</string>
  <string name="newPin2Label">PIN2 الجديد</string>
  <string name="confirmPin2Label">تأكيد رقم PIN2 الجديد</string>
  <string name="badPuk2">رقم PUK2 اللذي ادخلته غير صحيح, الرجاء إعادة المحاولة.</string>
  <string name="badPin2">الرقم المدخل غير صحيح من فضلك أعد إدخال رقم PIN.</string>
  <string name="mismatchPin2">ارقام PIN2 المدخلة ليست متماثلة. الرجاء اعادة المحاولة.</string>
  <string name="invalidPin2">أدخل رقم PIN2 يتكون من 4 أرقام إلى 8 أرقام كحد أقصى.</string>
  <string name="invalidPuk2">ادخل رقم PUK2 اللذي يتكون من 8 أرقام.</string>
  <string name="pin2_changed">تم تغيير PIN2 بنجاح</string>
  <string name="label_puk2_code">أدخل رمز PUK2</string>
  <string name="fdn_enable_puk2_requested">كلمة المرور غير صحيحة, الرجاء قم بتغيير PIN2 وأعد المحاولة!</string>
  <string name="puk2_requested">كلمة المرور خاطئة,تم قفل بطاقة SIM! قم بإدخال رقم PUK2.</string>
  <string name="doneButton">انتهى</string>
  <string name="caller_manage_header">مكالمة مؤتمر %s</string>
  <string name="caller_manage_manage_done_text">عوده للمكالمه</string>
  <string name="fake_phone_activity_phoneNumber_text">مكالمة مزيفة</string>
  <string name="fake_phone_activity_infoText_text">رقم الهاتف الوارد</string>
  <string name="fake_phone_activity_placeCall_text">مكالمة واردة مزيفة</string>
  <string name="sim_missing_continueView_text">متابعة بدون شريحه الهاتف</string>
  <string name="sim_missing_msg_text">لم يتم ايجاد شريحه الهاتف. الرجاء ادخال شريحة الهاتف SIM .</string>
  <string name="sim_unlock_dismiss_text">رفض</string>
  <string name="sim_unlock_unlock_text">فتح القفل</string>
  <string name="sim_unlock_status_text">جاري مصادقة PIN...</string>
  <string name="voicemail_settings_number_label">رقم البريد الصوتي</string>
  <string name="card_title_dialing">اتصال</string>
  <string name="card_title_redialing">إعادة المحاولة</string>
  <string name="card_title_in_progress">المكالمة الحالية</string>
  <string name="card_title_conf_call">مكالمة جماعية</string>
  <string name="card_title_incoming_call">مكالمة واردة</string>
  <string name="card_title_cdma_call_waiting">محادثة فيديو قيد الانتظار</string>
  <string name="card_title_call_ended">انتهت المكالمة</string>
  <string name="card_title_on_hold">إنتظار</string>
  <string name="card_title_hanging_up">انهاء المكالمة</string>
  <string name="card_title_in_call">جاري الاتصال</string>
  <string name="notification_missedCallTitle">مكالمة لم يرد عليها</string>
  <string name="notification_missedCallsTitle">مكالمات لم يرد عليها</string>
  <string name="notification_missedCallsMsg">%s مكالمات لم يرد عليها</string>
  <string name="notification_missedCallTicker">مكالمة لم يرد عليها من %s</string>
  <string name="notification_ongoing_call_format">المكالمة الحالية(%s)</string>
  <string name="notification_on_hold">معلقة</string>
  <string name="notification_voicemail_title">بريد صوتي جديد</string>
  <string name="notification_voicemail_title_count">بريد صوتي جديد (%d)</string>
  <string name="notification_voicemail_text_format">أتصال %s</string>
  <string name="notification_voicemail_no_vm_number">رقم البريد الصوتي مجهول</string>
  <string name="notification_network_selection_title">لا توجد خدمة</string>
  <string name="notification_network_selection_text">الشبكة المختارة (%s) غير متوفرة</string>
  <string name="incall_error_power_off">لإجراء مكالمة , قم بإيقاف وضع الطيران اولا.</string>
  <string name="incall_error_emergency_only">خارج التغطية.</string>
  <string name="incall_error_out_of_service">لا توجد شبكة.</string>
  <string name="incall_error_no_phone_number_supplied">فشل في الاتصال, الرقم المدخل غير صالح.</string>
  <string name="incall_error_call_failed">فشل في الاتصال.</string>
  <string name="incall_status_dialed_mmi">جاري بدء سياق MMI</string>
  <string name="incall_status_dialed_fc">جاري بدء ميزة الرمز ...</string>
  <string name="incall_error_supp_service_unknown">الخدمة غير مدعومة.</string>
  <string name="incall_error_supp_service_switch">غير قادر على تحويل المكالمات.</string>
  <string name="incall_error_supp_service_separate">غير قادر على فصل المكالمة.</string>
  <string name="incall_error_supp_service_transfer">غير قادر على نقل المكالمة.</string>
  <string name="incall_error_supp_service_conference">غير قادر على المكالمات الجماعية.</string>
  <string name="incall_error_supp_service_reject">غير قادر على رفض المكالمة.</string>
  <string name="incall_error_supp_service_hangup">غير قادر على إطلاق المكالمة.</string>
  <string name="emergency_enable_radio_dialog_title">مكالمة الطوارئ</string>
  <string name="emergency_enable_radio_dialog_message">جاري تشغيل الراديو...</string>
  <string name="emergency_enable_radio_dialog_retry">خارج التغطية, جاري إعادة المحاولة...</string>
  <string name="dial_emergency_error">المكالمة لم تتم, %s ليس رقم طوارئ!</string>
  <string name="dial_emergency_empty_error">المكالمة لم تتم, الرجاء الاتصال برقم الطوارئ!</string>
  <string name="dialerKeyboardHintText">استخدم لوحة المفاتيح للاتصال</string>
  <string name="dtmfDialpadHintText">نغمة لمس لوحة المفاتيح</string>
  <string name="dtmfDialpadHandleLabel">لوحة الاتصال</string>
  <string name="touchLockText">ضغط مزدوج\nلفتح القفل</string>
  <string name="onscreenAnswerText">نقر مزدوج \لا يوجد استجابه</string>
  <string name="onscreenRejectText">نقر مزدوج \لا يمكن الاستعاده</string>
  <string name="onscreenHoldText">تعليق</string>
  <string name="onscreenUnholdText">إلغاء التعليق</string>
  <string name="onscreenEndCallText">إنهاء المكالمة</string>
  <string name="onscreenShowDialpadText">لوحة الاتصال</string>
  <string name="onscreenHideDialpadText">إخفاء</string>
  <string name="onscreenSpeakerText">مكبر الصوت</string>
  <string name="onscreenMuteText">صامت</string>
  <string name="onscreenBluetoothText">بلوتوث</string>
  <string name="onscreenAddCallText">إضافة مكالمة</string>
  <string name="onscreenMergeCallsText">دمج المكالمات</string>
  <string name="onscreenSwapCallsText">تبديل</string>
  <string name="onscreenManageCallsText">إدارة المكالمات</string>
  <string name="onscreenManageConferenceText">إدارة</string>
  <string name="importSimEntry">استيراد</string>
  <string name="importAllSimEntries">استيراد الجميع</string>
  <string name="importingSimContacts">استيراد جهات الإتصال من بطاقة SIM</string>
  <string name="importToFDNfromContacts">استيراد من الاسماء</string>
  <string name="hac_mode_title">مكبر الصوت</string>
  <string name="hac_mode_summary">تشغيل مكبر الصوت</string>
  <string name="eri_text_label">نص ERI</string>
  <string name="dtmf_tones_title">نغمات DTMF</string>
  <string name="dtmf_tones_summary">تعين طول نغمه DTMF</string>
  <string name="network_message">رسالة شبكة</string>
  <string name="ota_title_activate">فعل هاتفك</string>
  <string name="ota_touch_activate">بحاجة لعمل مكالمة خاصة ليتم تفعيل خدمة الهاتف. \n\nبعد ضغط "تفعيل"، استمع إلى التعليمات لتفعل هاتفك.</string>
  <string name="ota_touch_activate_new">المس "فعل" لوضع اتصال خاص لتفعيل هاتفك على مشغل الشبكة الخاص بك , لكي تتمكن من الإتصال و تفعيل خدمة نقل البيانات عن طريق المشغل.</string>
  <string name="ota_skip_activation_dialog_title">تخطي التنشيط؟</string>
  <string name="ota_skip_activation_dialog_message">إذا تخطيت التنشيط ، يمكنك /\'t المكالمات مكان أو الاتصال بشبكات البيانات المتنقلة (على الرغم من أن تتمكن من الاتصال بشبكات واي فاي). حتى تقوم بتنشيط هاتفك ، فسيطلب منك لتنشيطه في كل مرة تقوم بتشغيله</string>
  <string name="ota_skip_activation_dialog_skip_label">تخطى</string>
  <string name="ota_skip_activation_dialog_continue_label">تفعيل</string>
  <string name="ota_activate">تفعيل</string>
  <string name="ota_title_activate_success">الهاتف مفعل!</string>
  <string name="ota_title_problem_with_activation">خطأ في التفعيل</string>
  <string name="ota_listen">اتبع ارشادات التحدث حتى تسمع أن التنشيط اكتمال</string>
  <string name="ota_dialpad">لوحه مفاتيح</string>
  <string name="ota_speaker">مكبر الصوت</string>
  <string name="ota_progress">الرجاء الانتظار بينما يتم برمجه هاتفك.</string>
  <string name="ota_failure">البرمجه لم تنجح</string>
  <string name="ota_successful">هاتفك الان مفعل .يحتاج لمده 15 دقيقه لبدى تشغيل الخدمات .</string>
  <string name="ota_unsuccessful">هاتفك لم يفعل بعد./nيجب عليك ان تجد منطقة تكون التغطية فيها بشكل اقوى ( بالقرب من النافذة , أو بالخارج ) /n/nحاول مرة أخرى أو اتصل بخدمة العملاء لمزيد من الخيارات.</string>
  <string name="ota_spc_failure">خطاء في النظام</string>
  <string name="ota_call_end">رجوع</string>
  <string name="ota_try_again">إعادة المحاولة</string>
  <string name="ota_next">التالي</string>
  <string name="ota_back">رجوع</string>
  <string name="ecm_exit_dialog">قطع الاتصال</string>
  <string name="phone_entered_ecm_text">اجراء اتصال طارى</string>
  <string name="phone_in_ecm_notification_title">لاجراء مكالمه طارى فقط</string>
  <string name="phone_in_ecm_call_notification_text">حزم البيانات معطل</string>
  <string name="alert_dialog_in_ecm_call">الخيار لا يمكنك من اجراء مكالمه طارئه</string>
  <string name="progress_dialog_exiting_ecm">الخروج من وضع الطوارى</string>
  <string name="alert_dialog_yes">نعم</string>
  <string name="alert_dialog_no">لا</string>
  <string name="alert_dialog_dismiss">رفض</string>
  <string name="absent_num">ارقام غائبه</string>
  <string name="voicemail_settings">اعدادات البريد الصوتي</string>
  <string name="voicemail_number_not_set"><لم يدخل></string>
  <string name="voicemail_provider">خدمة البريد الصوتي</string>
  <string name="voicemail_settings_for">أعدادات %s</string>
  <string name="other_settings">الأعدادات الأخرى</string>
  <string name="dial_button_label">أتصال</string>
  <string name="calling_via_template">دعوه خاصه ^1\n</string>
  <string name="slide_to_answer">سحب لليمين للرد</string>
  <string name="slide_to_silence">اسحب لليسار لوضع المكالمه صامته</string>
  <string name="slide_to_decline">سحب لليسار للرفض</string>
  <string name="slide_to_answer_and_hold">اسحب لليمين لرفع السماعه و /n وانتضر لتفعيل المكالمه</string>
  <string name="slide_to_answer_and_end_active">اسحب لليمين للإجابة أو /nانهي المكالمة</string>
  <string name="slide_to_answer_and_end_onhold">اسحب لليمين /n لوضع المكالمه في الانتضار</string>
  <string name="slide_to_answer_hint">اجابة</string>
  <string name="slide_to_decline_hint">رفض</string>
  <string name="notification_ongoing_calling_format">مكالمه صادرة (%s)</string>
  <string name="advanced_setting">خيارات متقدمة</string>
  <string name="call_reject_hint">رفض المكالمه</string>
  <string name="hangup_sms">اضغط زر القائمة لرفض المكالمة و ارسال رسالة نصية</string>
  <string name="hangup_sms_body">قطع الاتصال ,ارسال رسالة</string>
  <string name="onscreenNoteText">سجل</string>
  <string name="query_telocation_title">الاستعلام عن عدد الاسناد</string>
  <string name="query_telocation_sum">معلومات إسناد لفحص أرقام الخليوي أو الثابت</string>
  <string name="button_query_hint">الرجاء ادخال رقم الجوال او الهاتف الثابت</string>
  <string name="button_query">الاستعلام</string>
  <string name="button_clear">فارغ</string>
  <string name="text_location">: مكان النص</string>
  <string name="text_areacode">الرمز:</string>
  <string name="unknown_location">مكان غير معروف</string>
  <string name="autoip">IP اوتوماتيكي</string>
  <string name="autoip_sum">مجموع IP </string>
  <string name="ip_prefix">IP مبدائي</string>
  <string name="ip_prefix_sum">طلب الآي بي:%s</string>
  <string name="current_areacode">الموقع الحالي</string>
  <string name="current_areacode_sum">الرمز الحالي، رمز المنطقة. مثال:010</string>
  <string name="always_enable_mms">استلام رسائل الوسائط المتعدد دائما</string>
  <string name="always_enable_mms_summary">تمكين رسائل ,mms</string>
  <string name="dialer_click_pref_title">اضغط على لائحة جهات الاتصال</string>
  <string name="dialer_click_pref_summary">ملخص المكالمات</string>
  <string name="auto_dialpad_pref_title">حفظ العنوان</string>
  <string name="auto_dialpad_pref_summary">ملخص المكالمه</string>
  <string name="anti_disturb_settings">اعدادات DND</string>
  <string name="incoming_call_limit_title">خدمة حظر المكالمات الواردة</string>
  <string name="incoming_call_limit_summary">تسمح فقط الوصول إلى الهواتف المؤهلة ، ورفض تلقائيا للهواتف الغير متوافقة</string>
</resources>
