<?xml version="1.0" encoding="utf-8"?>
<!--Generated by crowdin.net-->
<resources>
  <string name="app_name">تحديث النظام</string>
  <string name="apply_now_button_text">تحديث</string>
  <string name="apply_later_button_text">تحديث لاحقا</string>
  <string name="apply_update_button_text">تحديثات البرنامج</string>
  <string name="apply_title_textview_text">{0} جاهز للاستخدام</string>
  <string name="apply_subtitle_textview_text">ملاحظات الاصدار:</string>
  <string name="apply_unable_to_reboot_toast">لا يمكن إعادة التشغيل في وضع recovery</string>
  <string name="apply_trying_to_get_root_access">تحاول الحصول على صلاحيات الجذر إلى إعادة التشغيل في وضع recovery</string>
  <string name="available_updates_text">الرجاء الاختيار لتحميل ROM:</string>
  <string name="choose_available_update_text">ترقية</string>
  <string name="no_updates_found_instructions">\nهو احدث اصدار تم انقر فوق\'تحقق الان\' التحقق من وجود تحديثات مرة أخرى</string>
  <string name="check_error_instructions">فشل التحقق من وجود تحديثات\nانقر فوق\'التدقيق الآن\'إعادة التحقق من وجود تحديثات</string>
  <string name="downloaded_update_found_text">ملفات التحديثات الموجودة في بطاقة الذاكرة:</string>
  <string name="checking_for_updates">التحقق من وجود تحديثات</string>
  <string name="downloading_update">جاري تحميل التحديث</string>
  <string name="sdcard_is_not_present_dialog_body">تحتاج الى بطاقة ذاكرة قابلة للكتابه لتحميل التحديث</string>
  <string name="sdcard_is_not_present_dialog_title">لم يتم العثور على بطاقة الذاكرة</string>
  <string name="sdcard_is_not_present_dialog_ok_button">موافق</string>
  <string name="current_version_text">الإصدار المستخدم حاليا: {0}</string>
  <string name="delete_updates_text">إزالة التحديث</string>
  <string name="delete_updates_success_message">تم حذف هذا التحديث</string>
  <string name="delete_updates_failure_message">خطأ في إزالة التحديث</string>
  <string name="delete_updates_noFolder_message">لم يتم العثور على التحديث المحلي</string>
  <string name="apply_update_dialog_title">الرجاء التأكيد</string>
  <string name="apply_update_dialog_text">تريد تطبيق هذا التحديث على الفور الملف: {0}.\n اذا ضغطت على زر "تحديث" سيعاد التشغيل الى وضع recovery لتثبيت التحديث.</string>
  <string name="apply_update_dialog_update_button">تحديث</string>
  <string name="apply_update_dialog_backup_and_update_button">النسخ الاحتياطي و تطبيقات التحديث</string>
  <string name="apply_update_dialog_cancel_button">إلغاء</string>
  <string name="check_now">تحقق من التحديثات</string>
  <string name="menu_config">اعداد</string>
  <string name="menu_about">نبذة عن</string>
  <string name="menu_changelog">تغييرات التحديث</string>
  <string name="cancel_download_buton_text">إلغاء التحميل</string>
  <string name="confirm_download_cancelation_dialog_message">هل حقا تريد إلغاء التحميل؟</string>
  <string name="confirm_download_cancelation_dialog_yes">نعم</string>
  <string name="confirm_download_cancelation_dialog_no">لا</string>
  <string name="download_canceled_toast_message">تم إلغاء التحميل</string>
  <string name="verify_and_apply_dialog_title">التأكيد والتطبيق</string>
  <string name="verify_and_apply_dialog_message">التحقق من ملفات MD5</string>
  <string name="apply_existing_update_md5error_message">خطأ. ملف MD5 غير مطابق.</string>
  <string name="file_not_found_error_message">الملف غير موجود او لا يمكنك الدخول</string>
  <string name="apply_upload_info_message">انقر فوق "التحديث الآن"،وإعادة تشغيل الهاتف تلقائيا لتطبيق التحديث. إذا كنت تريد مهمة النسخ الاحتياطي،الرجاء العودة إلى نظام النسخ الاحتياطي بعد التحديث.</string>
  <string name="notes_about_recovery">(Please note that in order to support future upgrades OTA, you must use compatible with the ROM recovery. In order to ensure the compatibility of recovery, you can via the menu item "heavy brush recovery" to use our recommended recovery.)
</string>
  <string name="last_update_check_text">التحقق من التحديثات</string>
  <string name="overwrite_update_title">التحديث موجود</string>
  <string name="overwrite_update_summary">التحديث المحدد موجود, \nهل تريد اعادة التحميل؟</string>
  <string name="overwrite_update_positive">إعادة تحميل</string>
  <string name="overwrite_update_negative">استخدم الحالي</string>
  <string name="no_md5_found_summary">لم يتم التحقق من التحديث،\n هل تريد حقاً تطبيق هذا التحديث من دون التحقق منه؟</string>
  <string name="no_md5_found_positive">تحديثات البرنامج</string>
  <string name="no_md5_found_negative">إلغاء</string>
  <string name="notification_tickertext">جاري تحميل التحديث</string>
  <string name="notification_finished">التنزيل مكتمل</string>
  <string name="stable_description">= مستقرة</string>
  <string name="experimental_description">= اختبار النسخة</string>
  <string name="changelog_button_text">السجل</string>
  <string name="changelog_title_rom">سجل تغييرات الروم</string>
  <string name="md5_check_cancelled">تم إلغاء التحقق</string>
  <string name="title_running">الإصدارة الحالية</string>
  <string name="no_updatecheck_executed">لم يتم التحقق من التحديث</string>
  <string name="about_dialog_title">نبذة عن</string>
  <string name="no_updates_found">لا توجد تحديثات</string>
  <string name="not_new_updates_found_title">البحث عن تاريخ!</string>
  <string name="exception_while_downloading">خطأ أثناء تحميل التحديثات</string>
  <string name="not_update_check_error_title">الاختيار ليس للحصول على التحديثات</string>
  <string name="not_update_download_error_title">خطأ أثناء تحميل التحديثات</string>
  <string name="not_update_downloaded_title">تنزيل التحديث بالكامل</string>
  <string name="not_update_downloaded_body">{0} جاهز للتثبيت</string>
  <string name="download_info_filename">اسم الملف:</string>
  <string name="download_info_mirror">خادم المرايا:</string>
  <string name="download_info_downloading">جاري التحميل...</string>
  <string name="download_info_speed">سرعة التنزيل:</string>
  <string name="download_info_remaining_time">الوقت المتبقي:</string>
  <string name="md5_verification_failed">فشل في التحقق</string>
  <string name="not_new_updates_found_body">نسخة جديدة من المستكشف</string>
  <string name="not_network_error">لا يوجد اتصال، تأكد من اتصال الشبكة</string>
  <string name="version_description">معتمد</string>
  <string name="acknowledge">شكراً</string>
  <string name="pleasea_check_update">الرجاء التحقق من التحديثات</string>
  <string name="already_applied">تم التثبيت</string>
  <string name="stable_version">النسخة المستقرة</string>
  <string name="test_version">تجريبي</string>
  <string name="wifi_not_available_title">الواي فاي غير متصل</string>
  <string name="wifi_not_available_body">حجم ملفات الـROM كبيرة,ينصح باستخدام wifi للتحميل, تم اكتشاف wifi لم يفتح بعد او لم يتم الاتصال, هل تريد الاستمرار في التحميل؟</string>
  <string name="widget_title">My MIUI</string>
  <string name="widget_feedback">ونود أن نقول</string>
  <string name="unable_to_flash_recovery">فشل تثبيت recovery</string>
  <string name="flash_recovery_successfully">تم تثبيت recovery بنجاح</string>
  <string name="reflash_recovery">Heavy brush recovery</string>
  <string name="boot_recovery">اعد التشغيل الى recovery</string>
  <string name="flash_recovery_dialog_message">جاري تحديث recovery</string>
  <string name="applying_rom_message">جاري تطبيق ROM</string>
  <string name="loading">جاري الاتصال بـMIUI</string>
  <string name="page_error_title">لا يمكن الوصول</string>
  <string name="page_error">لا يمكن الوصول الى MIUI,قد تكون شبكة الهاتف معطلة,فانه يترتب على تعطيل الملقم.</string>
  <string name="page_reload">مرة اخرى</string>
  <string name="install_rom_from_sd">حدد ROM التثبيت</string>
</resources>
