<?xml version="1.0" encoding="utf-8"?>
<!--Generated by crowdin.net-->
<resources>
  <string name="config_import_vcard_type">default</string>
  <string name="config_export_vcard_type">default</string>
  <string name="config_export_dir">/sdcard</string>
  <string name="config_export_file_extension">vcf</string>
  <string name="contactsList">Contacts</string>
  <string name="launcherDialer">Phone</string>
  <string name="shortcutContact">Contact</string>
  <string name="shortcutDialContact">Direct dial</string>
  <string name="shortcutMessageContact">Direct message</string>
  <string name="shortcutActivityTitle">Choose a contact shortcut</string>
  <string name="callShortcutActivityTitle">Choose a number to call</string>
  <string name="messageShortcutActivityTitle">Choose a number to message</string>
  <string name="starredList">Starred</string>
  <string name="frequentList">Frequent</string>
  <string name="strequentList">Favorites</string>
  <string name="viewContactTitle">Contact details</string>
  <string name="viewContactDesription">View contact</string>
  <string name="editContactDescription">Edit contact</string>
  <string name="insertContactDescription">Create contact</string>
  <string name="searchHint">Search contacts</string>
  <string name="menu_search">Search</string>
  <string name="menu_newContact">New contact</string>
  <string name="menu_viewContact">View contact</string>
  <string name="menu_callNumber">Call %s</string>
  <string name="menu_addStar">Add to favorites</string>
  <string name="menu_removeStar">Remove from favorites</string>
  <string name="menu_editContact">Edit contact</string>
  <string name="menu_deleteContact">Delete contact</string>
  <string name="menu_call">Call contact</string>
  <string name="menu_sendSMS">Text contact</string>
  <string name="menu_sendEmail">Send email</string>
  <string name="menu_viewAddress">Map address</string>
  <string name="menu_makeDefaultNumber">Make default number</string>
  <string name="menu_makeDefaultEmail">Make default email</string>
  <string name="menu_splitAggregate">Separate</string>
  <string name="contactsSplitMessage">Contacts separated</string>
  <string name="splitConfirmation_title">Separate Contact</string>
  <string name="splitConfirmation">Are you sure you want to separate this single contact into multiple contacts: one for each set of contact information that was joined into it?</string>
  <string name="menu_joinAggregate">Join</string>
  <string name="titleJoinContactDataWith">Join contacts</string>
  <string name="blurbJoinContactDataWith">Select the contact you want to join with %s.</string>
  <string name="showAllContactsJoinItem">Show all contacts</string>
  <string name="separatorJoinAggregateSuggestions">Suggested contacts</string>
  <string name="separatorJoinAggregateAll">All contacts</string>
  <string name="contactsJoinedMessage">Contacts joined</string>
  <string name="menu_contactOptions">Options</string>
  <string name="contactOptionsTitle">Options</string>
  <string name="deleteConfirmation_title">Delete</string>
  <string name="readOnlyContactWarning">You cannot delete contacts from read-only accounts, but you can hide them in your contacts lists.</string>
  <string name="readOnlyContactDeleteConfirmation">This contact contains information from multiple accounts. Information from read-only accounts will be hidden in your contacts lists, not deleted.</string>
  <string name="multipleContactDeleteConfirmation">Deleting this contact will delete information from multiple accounts.</string>
  <string name="deleteConfirmation">This contact will be deleted.</string>
  <string name="menu_done">Done</string>
  <string name="menu_doNotSave">Revert</string>
  <string name="editContact_title_edit">Edit contact</string>
  <string name="editContact_title_insert">New contact</string>
  <string name="label_phonetic_name">Phonetic</string>
  <string name="label_notes">Notes</string>
  <string name="label_ringtone">Ringtone</string>
  <string name="ghostData_name">First and Last</string>
  <string name="ghostData_phonetic_name">Phonetic name</string>
  <string name="ghostData_company">Company</string>
  <string name="ghostData_title">Title</string>
  <string name="invalidContactMessage">The contact does not exist.</string>
  <string name="pickerNewContactHeader">Create new contact</string>
  <string name="selectLabel">Select label</string>
  <string name="phoneLabelsGroup">Phone</string>
  <string name="emailLabelsGroup">Email</string>
  <string name="imLabelsGroup">IM</string>
  <string name="postalLabelsGroup">Postal address</string>
  <string name="photoPickerNotFoundText">No pictures are available on the phone.</string>
  <string name="attachToContact">Contact icon</string>
  <string name="customLabelPickerTitle">Custom label name</string>
  <string name="send_to_voicemail_checkbox">Send calls directly to voicemail</string>
  <string name="default_ringtone">Default</string>
  <string name="changePicture">Change icon</string>
  <string name="removePicture">Remove icon</string>
  <string name="noContacts">No contacts.</string>
  <string name="noMatchingContacts">No matching contacts found.</string>
  <string name="noContactsWithPhoneNumbers">No contacts with phone numbers.</string>
  <string name="savingContact">Saving contact…</string>
  <string name="contactSavedToast">Contact saved.</string>
  <string name="contactSavedErrorToast">Error, unable to save contact changes.</string>
  <string name="listTotalPhoneContactsZero">No visible contacts with phone numbers</string>
  <string name="listTotalAllContactsZero">No visible contacts</string>
  <string name="listFoundAllContactsZero">Contact not found</string>
  <string name="contactsIconLabel">Contacts</string>
  <string name="contactsFavoritesLabel">Favorites</string>
  <string name="dialerIconLabel">Phone</string>
  <string name="recentCallsIconLabel">Call log</string>
  <string name="liveFolderAll">All contacts</string>
  <string name="liveFolderFavorites">Starred contacts</string>
  <string name="liveFolderPhone">Contacts with phone numbers</string>
  <string name="menu_sendTextMessage">Send text message</string>
  <string name="recentCalls_callNumber">Call %s</string>
  <string name="recentCalls_editNumberBeforeCall">Edit number before call</string>
  <string name="recentCalls_addToContact">Add to contacts</string>
  <string name="recentCalls_removeFromRecentList">Remove from call log</string>
  <string name="recentCalls_deleteAll">Clear call log</string>
  <string name="recentCalls_empty">Call log is empty.</string>
  <string name="clearCallLogConfirmation_title">Clear call log</string>
  <string name="clearCallLogConfirmation">Are you sure you want to clear the call log?</string>
  <string name="imei">IMEI</string>
  <string name="meid">MEID</string>
  <string name="voicemail">Voicemail</string>
  <string name="unknown">Unknown</string>
  <string name="private_num">Private number</string>
  <string name="payphone">Pay phone</string>
  <string name="dialerKeyboardHintText">Use keyboard to dial</string>
  <string name="dialerDialpadHintText">Dial to add a call</string>
  <string name="simContacts_emptyLoading">Loading from SIM card…</string>
  <string name="simContacts_title">SIM card contacts</string>
  <string name="liveFolder_all_label">All contacts</string>
  <string name="liveFolder_favorites_label">Starred</string>
  <string name="liveFolder_phones_label">Phones</string>
  <string name="callDetailTitle">Call details</string>
  <string name="toast_call_detail_error">Couldn\'t read details for the requested call.</string>
  <string name="type_incoming">Incoming call</string>
  <string name="type_outgoing">Outgoing call</string>
  <string name="type_missed">Missed call</string>
  <string name="actionIncomingCall">Incoming calls</string>
  <string name="callBack">Call back</string>
  <string name="callAgain">Call again</string>
  <string name="returnCall">Return call</string>
  <string name="callDetailsDurationFormat">%1$s mins %2$s secs</string>
  <string name="favoritesFrquentSeparator">Frequently contacted</string>
  <string name="add_contact_dlg_title">Add contact</string>
  <string name="add_contact_dlg_message_fmt">Add \"%s\" to contacts?</string>
  <string name="all_tab_label">All</string>
  <string name="description_image_button_one">one</string>
  <string name="description_image_button_two">two</string>
  <string name="description_image_button_three">three</string>
  <string name="description_image_button_four">four</string>
  <string name="description_image_button_five">five</string>
  <string name="description_image_button_six">six</string>
  <string name="description_image_button_seven">seven</string>
  <string name="description_image_button_eight">eight</string>
  <string name="description_image_button_nine">nine</string>
  <string name="description_image_button_star">star</string>
  <string name="description_image_button_delete">delete</string>
  <string name="description_image_button_zero">zero</string>
  <string name="description_image_button_pound">pound</string>
  <string name="description_voicemail_button">voicemail</string>
  <string name="description_dial_button">dial</string>
  <string name="description_delete_button">backspace</string>
  <string name="description_digits_edittext">number to dial</string>
  <string name="description_contact_photo">contact photo</string>
  <string name="description_minus_button">minus</string>
  <string name="description_plus_button">plus</string>
  <string name="no_sdcard_title">No SD card</string>
  <string name="no_sdcard_message">No SD card detected</string>
  <string name="searching_vcard_title">Searching for vCard</string>
  <string name="import_from_sim">Import from SIM card</string>
  <string name="import_from_sdcard">Import from SD card</string>
  <string name="export_to_sdcard">Export to SD card</string>
  <string name="share_visible_contacts">Share visible contacts</string>
  <string name="import_one_vcard_string">Import one vCard file</string>
  <string name="import_multiple_vcard_string">Import multiple vCard files</string>
  <string name="import_all_vcard_string">Import all vCard files</string>
  <string name="searching_vcard_message">Searching for vCard data on SD card</string>
  <string name="scanning_sdcard_failed_title">Scanning SD card failed</string>
  <string name="scanning_sdcard_failed_message">Scanning SD card failed (Reason: \"%s\")</string>
  <string name="fail_reason_io_error">I/O Error</string>
  <string name="fail_reason_vcard_parse_error">Failed to parse vCard for unexpected reason</string>
  <string name="fail_reason_vcard_not_supported_error">Failed to parse vCard though it seems in valid format, since the current implementation does not support it</string>
  <string name="fail_reason_no_vcard_file">No vCard file found on the SD card</string>
  <string name="fail_reason_failed_to_read_files">One or more files failed to be imported (%s).</string>
  <string name="fail_reason_unknown">Unknown error</string>
  <string name="select_vcard_title">Select vCard file</string>
  <string name="progress_shower_message">%1$s\n%2$s</string>
  <string name="reading_vcard_title">Reading vCard</string>
  <string name="reading_vcard_message">Reading vCard file(s)</string>
  <string name="reading_vcard_failed_title">Reading of vCard data has failed</string>
  <string name="reading_vcard_contacts">%1$s of %2$s contacts</string>
  <string name="reading_vcard_files">%1$s of %2$s files</string>
  <string name="confirm_export_title">Confirm export</string>
  <string name="confirm_export_message">Are you sure you want to export your contact list to \"%s\"?</string>
  <string name="exporting_contact_failed_title">Failed to export contact data</string>
  <string name="exporting_contact_failed_message">Failed to export contact data.\nReason for failure: \"%s\"</string>
  <string name="fail_reason_no_exportable_contact">There is no exportable contact</string>
  <string name="fail_reason_too_many_vcard">Too many vCard files on the SD card</string>
  <string name="fail_reason_too_long_filename">Required filename is too long (\"%s\")</string>
  <string name="exporting_contact_list_title">Exporting contact data</string>
  <string name="exporting_contact_list_message">Exporting contact data to \"%s\"</string>
  <string name="fail_reason_could_not_initialize_exporter">Could not initialize the exporter: \"%s\"</string>
  <string name="fail_reason_error_occurred_during_export">Error occured during export: \"%s\"</string>
  <string name="composer_failed_to_get_database_infomation">Failed to get database information</string>
  <string name="composer_has_no_exportable_contact">There is no exportable contact. If you have actualy have contacts on your phone, all the contacts may be prohibited from being exported to outside the phone by some data provider.</string>
  <string name="composer_not_initialized">The vCard composer is not correctly initialized</string>
  <string name="fail_reason_could_not_open_file">Could not open \"%1$s\": %2$s</string>
  <string name="exporting_contact_list_progress">%1$s of %2$s contacts</string>
  <string name="search_settings_description">Names of your contacts</string>
  <string name="add_2sec_pause">Add 2-sec pause</string>
  <string name="add_wait">Add wait</string>
  <string name="call_disambig_title">Call using</string>
  <string name="sms_disambig_title">Text using</string>
  <string name="make_primary">Remember this choice</string>
  <string name="quickcontact_missing_app">No application found to handle this action</string>
  <string name="quickcontact_remember_choice">Remember this choice</string>
  <string name="quickcontact_missing_name">Unknown</string>
  <string name="menu_accounts">Accounts</string>
  <string name="menu_import_export">Import/Export</string>
  <string name="dialog_import_export">Import/Export contacts</string>
  <string name="menu_share">Share</string>
  <string name="share_via">Share contact via</string>
  <string name="share_error">This contact cannot be shared.</string>
  <string name="nameLabelsGroup">Name</string>
  <string name="nicknameLabelsGroup">Nickname</string>
  <string name="organizationLabelsGroup">Organization</string>
  <string name="websiteLabelsGroup">Website</string>
  <string name="eventLabelsGroup">Event</string>
  <string name="type_short_home">H</string>
  <string name="type_short_mobile">M</string>
  <string name="type_short_work">W</string>
  <string name="type_short_pager">P</string>
  <string name="type_short_other">O</string>
  <string name="edit_read_only">This contact is read-only</string>
  <string name="edit_secondary_collapse">More</string>
  <string name="dialog_primary_name">Primary name</string>
  <string name="dialog_new_contact_account">Create contact under account</string>
  <string name="account_phone">Phone-only (unsynced)</string>
  <string name="call_custom">Call %s</string>
  <string name="call_home">Call home</string>
  <string name="call_mobile">Call mobile</string>
  <string name="call_work">Call work</string>
  <string name="call_fax_work">Call work fax</string>
  <string name="call_fax_home">Call home fax</string>
  <string name="call_pager">Call pager</string>
  <string name="call_other">Call</string>
  <string name="call_callback">Call callback</string>
  <string name="call_car">Call car</string>
  <string name="call_company_main">Call company main</string>
  <string name="call_isdn">Call ISDN</string>
  <string name="call_main">Call main</string>
  <string name="call_other_fax">Call fax</string>
  <string name="call_radio">Call radio</string>
  <string name="call_telex">Call telex</string>
  <string name="call_tty_tdd">Call TTY/TDD</string>
  <string name="call_work_mobile">Call work mobile</string>
  <string name="call_work_pager">Call work pager</string>
  <string name="call_assistant">Call %s</string>
  <string name="call_mms">Call MMS</string>
  <string name="sms_custom">Text %s</string>
  <string name="sms_home">Text home</string>
  <string name="sms_mobile">Text mobile</string>
  <string name="sms_work">Text work</string>
  <string name="sms_fax_work">Text work fax</string>
  <string name="sms_fax_home">Text home fax</string>
  <string name="sms_pager">Text pager</string>
  <string name="sms_other">Text</string>
  <string name="sms_callback">Text callback</string>
  <string name="sms_car">Text car</string>
  <string name="sms_company_main">Text company main</string>
  <string name="sms_isdn">Text ISDN</string>
  <string name="sms_main">Text main</string>
  <string name="sms_other_fax">Text fax</string>
  <string name="sms_radio">Text radio</string>
  <string name="sms_telex">Text telex</string>
  <string name="sms_tty_tdd">Text TTY/TDD</string>
  <string name="sms_work_mobile">Text work mobile</string>
  <string name="sms_work_pager">Text work pager</string>
  <string name="sms_assistant">Text %s</string>
  <string name="sms_mms">Text MMS</string>
  <string name="email_home">Email home</string>
  <string name="email_mobile">Email mobile</string>
  <string name="email_work">Email work</string>
  <string name="email_other">Email</string>
  <string name="email_custom">Email %s</string>
  <string name="email">Email</string>
  <string name="map_home">View home address</string>
  <string name="map_work">View work address</string>
  <string name="map_other">View address</string>
  <string name="map_custom">View %s address</string>
  <string name="chat_aim">Chat using AIM</string>
  <string name="chat_msn">Chat using Windows Live</string>
  <string name="chat_yahoo">Chat using Yahoo</string>
  <string name="chat_skype">Chat using Skype</string>
  <string name="chat_qq">Chat using QQ</string>
  <string name="chat_gtalk">Chat using Google Talk</string>
  <string name="chat_icq">Chat using ICQ</string>
  <string name="chat_jabber">Chat using Jabber</string>
  <string name="chat">Chat</string>
  <string name="postal_street">Street</string>
  <string name="postal_pobox">PO box</string>
  <string name="postal_neighborhood">Neighborhood</string>
  <string name="postal_city">City</string>
  <string name="postal_region">State</string>
  <string name="postal_postcode">ZIP code</string>
  <string name="postal_country">Country</string>
  <string name="name_given">Given name</string>
  <string name="name_family">Family name</string>
  <string name="name_prefix">Name prefix</string>
  <string name="name_middle">Middle name</string>
  <string name="name_suffix">Name suffix</string>
  <string name="name_phonetic_given">Phonetic given name</string>
  <string name="name_phonetic_middle">Phonetic middle name</string>
  <string name="name_phonetic_family">Phonetic family name</string>
  <string name="account_type_format">%1$s contact</string>
  <string name="from_account_format">from %1$s</string>
  <string name="use_photo_as_primary">Use this photo</string>
  <string name="contact_read_only">%1$s contact information is not editable on this device.</string>
  <string name="no_contact_details">No additional information for this contact</string>
  <string name="search_bar_hint">Search contacts</string>
  <string name="search_for_all_contacts">Search for all contacts</string>
  <string name="take_photo">Take photo</string>
  <string name="pick_photo">Select photo from Gallery</string>
  <string name="locale_change_in_progress">Contact list is being updated to reflect the change of language.\n\nPlease wait...</string>
  <string name="upgrade_in_progress">Contact list is being updated.\n\nPlease wait...</string>
  <string name="upgrade_out_of_memory">Contacts are in the process of being upgraded. \n\nThe upgrade process requires approximately %dMb of internal phone storage.\n\nChoose one of the following options:</string>
  <string name="upgrade_out_of_memory_uninstall">Uninstall some applications</string>
  <string name="upgrade_out_of_memory_retry">Retry upgrade</string>
  <string name="search_results_for">Search results for: %s</string>
  <string name="search_results_searching">Searching...</string>
  <string name="callNoAnswerTimeFormat">响铃%s次</string>
  <string name="numberCountFormat">%s个号码</string>
  <string name="menu_display_all">显示所有联系人</string>
  <string name="menu_display_only_phones">仅显示有电话的联系人</string>
  <string name="contactsGroupsLabel">群组</string>
  <string name="group_summary_format">%s位</string>
  <string name="no_member">该组为空</string>
  <string name="applyGroupsSelection">更新群组设置…</string>
  <string name="no_availablePhone">该群组成员无可用手机号</string>
  <string name="add_group_member">添加成员</string>
  <string name="group_name_contacts">联系人</string>
  <string name="group_name_friends">朋友</string>
  <string name="group_name_family">家人</string>
  <string name="group_name_coworkers">同事</string>
  <string name="group_name_important">重要联系人</string>
  <string name="group_name_life_info">生活百事通</string>
  <string name="group_name_white_list">白名单</string>
  <string name="group_name_black_list">黑名单</string>
  <string name="button_manage_groups">编辑</string>
  <string name="button_back">返回</string>
  <string name="button_remove_contacts">移除联系人</string>
  <string name="duplicatedGroupNameHelpText">新群组名不能与另一群组名相同</string>
  <string name="system_groups_unchangable">该组为系统内置，不能删除或改名</string>
  <string name="menu_add">添加</string>
  <string name="menu_remove">移除</string>
  <string name="create_new_group">新建群组</string>
  <string name="manage_groups">编辑群组</string>
  <string name="menu_viewGroup">查看群组</string>
  <string name="menu_deleteGroup">删除群组</string>
  <string name="menu_editGroupName">编辑群组名称</string>
  <string name="input_group_name_hint">在此输入群组名</string>
  <string name="notification_invalid_group_name">群组名不能为空</string>
  <string name="add_to_group_format">添加到%s</string>
  <string name="name_full">姓名</string>
  <string name="add_more_items">添加更多</string>
  <string name="saveConfirmationTitle">保存联系人</string>
  <string name="saveConfirmationBody">是否保存对此联系人的改动？</string>
  <string name="saveConfirmationYes">保存</string>
  <string name="saveConfirmationNo">不保存</string>
  <string name="import_from_account">从其他帐号导入到小米帐号</string>
  <string name="select_account_import_from">选择从哪个帐号导入</string>
  <string name="importing_from_account">正在导入联系人</string>
  <string name="fail_message_account_needed">请先配置小米帐号</string>
  <string name="success_message_import_from_account">导入完成</string>
  <string name="date_day">日</string>
  <string name="fast_scroll_alphabet">\#ABCDEFGHIJKLMNOPQRSTUVWXYZ</string>
  <string name="belong_no_group">未加入群组</string>
  <string name="menu_remove_member">移除联系人</string>
  <string name="removeConfirmation_title">移除</string>
  <string name="menu_add_favorite_contact">添加联系人到收藏</string>
  <string name="menu_group_sms">群发短信</string>
  <string name="menu_group_ringtone">群设铃声</string>
  <string name="menu_add_member">添加联系人</string>
  <string name="menu_callIpNumber">拨打IP电话 (加拨%s)</string>
  <string name="menu_clearDefaultNumber">取消默认号码设置</string>
  <string name="menu_clearDefaultEmail">取消默认邮件设置</string>
  <string name="favoriteContactDescription">添加到收藏</string>
  <string name="unfavoriteContactDescription">取消收藏</string>
  <string name="shareContactDescription">分享联系人</string>
  <string name="titlePickOrCreateNewContact">选择现有或创建新联系人</string>
  <string name="titlePickContactNumber">选择电话号码</string>
  <string name="fixedPhoneLabel">座机</string>
  <string name="fixedFaxLabel">传真</string>
  <string name="goto_album">去相册</string>
  <string name="recommneded_photos">推荐头像</string>
  <string name="downloading_photos">正在从网上下载更多头像</string>
  <string name="callButtonText">呼叫</string>
  <string name="callrecordview_menu_phone_all">显示全部来电</string>
  <string name="callrecordview_menu_phone_missed">只显示未接来电</string>
  <string name="callrecordview_menu_delete_one">清除通话记录</string>
  <string name="callrecordview_menu_delete_stranger">清除陌生人通话记录</string>
  <string name="callrecordview_menu_delete_all">清除全部通话记录</string>
  <string name="callrecordview_menu_set">设置</string>
  <string name="callrecordview_more">查看更多</string>
  <string name="callrecordview_more_title">%s全部通话</string>
  <string name="callrecordview_item_calls">共%d个电话</string>
  <string name="callrecordview_item_op_time_missed">未接通</string>
  <string name="callrecordview_item_op_time_short_incoming">呼入%d秒</string>
  <string name="callrecordview_item_op_time_short_outgoing">呼出%d秒</string>
  <string name="callDetailsDurationFormat_incoming">呼入%1$s分%2$s秒</string>
  <string name="callDetailsDurationFormat_outgoing">呼出%1$s分%2$s秒</string>
  <string name="group_delete_confirmation">将会删除群组</string>
  <string name="no_sms_availabe_contact_in_group">该群组没有可以发送短信的联系人</string>
  <string name="showDialpadTip">点击打开键盘</string>
  <string name="set_ringtone_for_group_members_success">群设铃声成功</string>
  <string name="noContactHelpText">目前没有联系人，您可以：</string>
  <string name="noFavoriteHelpText">目前没有收藏，您可以：</string>
  <string name="noGroupMemberHelpText">目前没有任何联系人属于该群组。\n\n要添加联系人，请按，然后选择要归属到该群组的联系人\n</string>
  <string name="noContactHelpTextAccounts">配置同步帐号</string>
  <string name="noContactHelpTextImportSim">导入SIM卡联系人</string>
  <string name="noContactHelpTextImportSD">导入SD卡联系人</string>
  <string name="noContactHelpTextAddContact">新建一个联系人</string>
  <string name="noContactHelpTextAddStarred">添加收藏</string>
  <string name="noContactHelpTextAddMember">添加群组成员</string>
</resources>
