<?xml version="1.0" encoding="utf-8"?>
<!--Generated by crowdin.net-->
<resources>
  <string name="config_import_vcard_type">per defecte</string>
  <string name="config_export_vcard_type">per defecte</string>
  <string name="config_export_dir">/sdcard</string>
  <string name="config_export_file_prefix"> </string>
  <string name="config_export_file_suffix"> </string>
  <string name="config_export_file_extension">targeta de visita</string>
  <string name="config_export_extensions_to_consider"> </string>
  <string name="contactsList">Contactes</string>
  <string name="launcherDialer">Telèfon</string>
  <string name="shortcutContact">Contacte</string>
  <string name="shortcutDialContact">Trucada directa</string>
  <string name="shortcutMessageContact">Missatge directe</string>
  <string name="shortcutActivityTitle">Tria un accés directe pel contacte</string>
  <string name="callShortcutActivityTitle">Tria un número per a trucar</string>
  <string name="messageShortcutActivityTitle">Tria un número per a enviar un missatge</string>
  <string name="starredList">Destacats</string>
  <string name="frequentList">Freqüents</string>
  <string name="strequentList">Preferits</string>
  <string name="viewContactTitle">Detalls del contacte</string>
  <string name="viewContactDesription">Veure contacte</string>
  <string name="editContactDescription">Edita el contacte</string>
  <string name="insertContactDescription">Crea un contacte</string>
  <string name="searchHint">Cerca de contactes</string>
  <string name="menu_search">Cerca</string>
  <string name="menu_newContact">Contacte nou</string>
  <string name="menu_viewContact">Veure contacte</string>
  <string name="menu_callNumber">Truca al %s</string>
  <string name="menu_addStar">Afegeix a preferits</string>
  <string name="menu_removeStar">Esborra dels preferits</string>
  <string name="menu_editContact">Edita el contacte</string>
  <string name="menu_deleteContact">Elimina el contacte</string>
  <string name="menu_call">Truca al contacte</string>
  <string name="menu_sendSMS">SMS al contacte</string>
  <string name="menu_sendEmail">Envia un correu electrònic</string>
  <string name="menu_viewAddress">Mapa de l\'adreça</string>
  <string name="menu_makeDefaultNumber">Converteix en número predeterminat</string>
  <string name="menu_makeDefaultEmail">Converteix en correu predeterminat</string>
  <string name="menu_splitAggregate">Separa</string>
  <string name="contactsSplitMessage">Contactes separats</string>
  <string name="splitConfirmation_title">Separa Contacte</string>
  <string name="splitConfirmation">Segur que vols separar aquest contacte en múltiples contactes -un per a cada conjunt d\'informació que es va unir-?</string>
  <string name="menu_joinAggregate">Uneix</string>
  <string name="titleJoinContactDataWith">Uneix contactes</string>
  <string name="blurbJoinContactDataWith">Selecciona el contacte a unir amb %s.</string>
  <string name="showAllContactsJoinItem">Mostra tots els contactes</string>
  <string name="separatorJoinAggregateSuggestions">Contactes suggerits</string>
  <string name="separatorJoinAggregateAll">Tots els contactes</string>
  <string name="contactsJoinedMessage">Contactes units</string>
  <string name="menu_contactOptions">Opcions</string>
  <string name="contactOptionsTitle">Opcions</string>
  <string name="deleteConfirmation_title">Elimina</string>
  <string name="readOnlyContactWarning">No pots eliminar contactes de comptes de només lectura, però els pots amagar.</string>
  <string name="readOnlyContactDeleteConfirmation">Aquest contacte conté informació de diversos comptes. En els comptes de només lectura s\'amagarà en lloc d\'esborrar-se.</string>
  <string name="multipleContactDeleteConfirmation">En eliminar aquest contacte es perdrà la informació de diversos comptes.</string>
  <string name="deleteConfirmation">Aquest contacte serà eliminat.</string>
  <string name="menu_done">Acaba</string>
  <string name="menu_doNotSave">Enrere</string>
  <string name="editContact_title_edit">Edita el contacte</string>
  <string name="editContact_title_insert">Nou contacte</string>
  <string name="label_phonetic_name">Fonètic</string>
  <string name="label_notes">Anotacions</string>
  <string name="label_ringtone">To</string>
  <string name="ghostData_name">Primer i últim</string>
  <string name="ghostData_phonetic_name">Nom fonètic</string>
  <string name="ghostData_company">Empresa</string>
  <string name="ghostData_title">Càrrec</string>
  <string name="invalidContactMessage">El contacte no existeix.</string>
  <string name="pickerNewContactHeader">Crea un contacte nou</string>
  <string name="selectLabel">Selecciona l\'etiqueta</string>
  <string name="phoneLabelsGroup">Telèfon</string>
  <string name="emailLabelsGroup">Correu electrònic</string>
  <string name="imLabelsGroup">IM</string>
  <string name="postalLabelsGroup">Adreça postal</string>
  <string name="photoPickerNotFoundText">No hi ha imatges disponibles al telèfon.</string>
  <string name="attachToContact">Icona del contacte</string>
  <string name="customLabelPickerTitle">Nom personalitzat d\'etiqueta</string>
  <string name="send_to_voicemail_checkbox">Envia trucades al contestador</string>
  <string name="default_ringtone">Per defecte</string>
  <string name="changePicture">Canvia la icona</string>
  <string name="removePicture">Esborra icona</string>
  <string name="noContacts">No hi ha contactes.</string>
  <string name="noMatchingContacts">No hi ha contactes per mostrar.</string>
  <string name="noContactsWithPhoneNumbers">No hi ha contactes amb telèfon.</string>
  <string name="savingContact">Guardant contacte...</string>
  <string name="contactSavedToast">Contacte guardat.</string>
  <string name="contactSavedErrorToast">Error, no es poden guardar els canvis.</string>
  <string name="listTotalPhoneContactsZero">No hi ha cap contacte visible amb telèfon</string>
  <string name="listTotalAllContactsZero">No hi ha contactes visibles</string>
  <string name="listFoundAllContactsZero">Contacte no trobat</string>
  <string name="contactsIconLabel">Contactes</string>
  <string name="contactsFavoritesLabel">Preferits</string>
  <string name="dialerIconLabel">Telèfon</string>
  <string name="recentCallsIconLabel">Registre de trucades</string>
  <string name="liveFolderAll">Tots els contactes</string>
  <string name="liveFolderFavorites">Contactes destacats</string>
  <string name="liveFolderPhone">Contactes amb telèfon</string>
  <string name="menu_sendTextMessage">Envia missatge de text</string>
  <string name="recentCalls_callNumber">Truca a %s</string>
  <string name="recentCalls_editNumberBeforeCall">Edita número abans de trucar</string>
  <string name="recentCalls_addToContact">Afegeix a contactes</string>
  <string name="recentCalls_removeFromRecentList">Esborra de registre de trucades</string>
  <string name="recentCalls_deleteAll">Neteja el registre de trucades</string>
  <string name="recentCalls_empty">El registre de trucades és buit.</string>
  <string name="clearCallLogConfirmation_title">Neteja el registre de trucades</string>
  <string name="clearCallLogConfirmation">Segur que vols netejar el registre de trucades?</string>
  <string name="imei">IMEI</string>
  <string name="meid">MEID</string>
  <string name="voicemail">Contestador</string>
  <string name="unknown">Desconegut</string>
  <string name="private_num">Número privat</string>
  <string name="payphone">Telèfon públic</string>
  <string name="dialerKeyboardHintText">Utilitza el teclat per marcar</string>
  <string name="dialerDialpadHintText">Marcar per afegir una trucada</string>
  <string name="simContacts_emptyLoading">Carregant des de la SIM...</string>
  <string name="simContacts_title">Contactes de la targeta SIM</string>
  <string name="liveFolder_all_label">Tots els contactes</string>
  <string name="liveFolder_favorites_label">Destacats</string>
  <string name="liveFolder_phones_label">Mòbils</string>
  <string name="callDetailTitle">Detalls de la trucada</string>
  <string name="toast_call_detail_error">No es poden llegir els detalls de la trucada.</string>
  <string name="type_incoming">Trucada entrant</string>
  <string name="type_outgoing">Trucada sortint</string>
  <string name="type_missed">Trucada perduda</string>
  <string name="actionIncomingCall">Trucades entrants</string>
  <string name="callBack">Torna la trucada</string>
  <string name="callAgain">Torna a trucar</string>
  <string name="returnCall">Torna la trucada</string>
  <string name="callDetailsDurationFormat">%1$s min %2$s seg</string>
  <string name="favoritesFrquentSeparator">Freqüents</string>
  <string name="add_contact_dlg_title">Afegeix contacte</string>
  <string name="add_contact_dlg_message_fmt">Afegir \"%s\" als contactes?</string>
  <string name="all_tab_label">Tots</string>
  <string name="description_image_button_one">un</string>
  <string name="description_image_button_two">dos</string>
  <string name="description_image_button_three">tres</string>
  <string name="description_image_button_four">quatre</string>
  <string name="description_image_button_five">cinc</string>
  <string name="description_image_button_six">sis</string>
  <string name="description_image_button_seven">set</string>
  <string name="description_image_button_eight">vuit</string>
  <string name="description_image_button_nine">nou</string>
  <string name="description_image_button_star">destaca</string>
  <string name="description_image_button_delete">esborra</string>
  <string name="description_image_button_zero">zero</string>
  <string name="description_image_button_pound">lliura</string>
  <string name="description_voicemail_button">contestador</string>
  <string name="description_dial_button">truca</string>
  <string name="description_delete_button">retrocés</string>
  <string name="description_digits_edittext">número per marcar</string>
  <string name="description_contact_photo">foto del contacte</string>
  <string name="description_minus_button">menys</string>
  <string name="description_plus_button">més</string>
  <string name="no_sdcard_title">No hi ha targeta SD</string>
  <string name="no_sdcard_message">No s\'ha detectat targeta SD</string>
  <string name="searching_vcard_title">Buscant vCard</string>
  <string name="import_from_sim">Importa des de la SIM</string>
  <string name="import_from_sdcard">Importa des de la SD</string>
  <string name="export_to_sdcard">Exporta a la SD</string>
  <string name="share_visible_contacts">Comparteix contactes</string>
  <string name="import_one_vcard_string">Importa un fitxer vCard</string>
  <string name="import_multiple_vcard_string">Importa diversos fitxers vCard</string>
  <string name="import_all_vcard_string">Importa tots els fitxers vCard</string>
  <string name="searching_vcard_message">Buscant dades vCard a la targeta SD</string>
  <string name="scanning_sdcard_failed_title">Ha fallat la cerca a la targeta SD</string>
  <string name="scanning_sdcard_failed_message">Ha fallat la cerca a la SD (Raó: \"%s\")</string>
  <string name="fail_reason_io_error">Error d\'E/S</string>
  <string name="fail_reason_vcard_parse_error">Ha fallat l\'anàlisi del vCard per raons desconegudes</string>
  <string name="fail_reason_vcard_not_supported_error">Ha fallat l\'anàlisi del vCard. Tot i tenir un format vàlid, la implementació actual no l\'entén</string>
  <string name="fail_reason_no_vcard_file">No s\'ha trobat el fitxer vCard a la targeta SD</string>
  <string name="fail_reason_failed_to_read_files">No s\'han pogut importar un o més fitxers (%s).</string>
  <string name="fail_reason_unknown">Error desconegut</string>
  <string name="select_vcard_title">Tria un fitxer vCard</string>
  <string name="progress_shower_message">%1$s\n%2$s</string>
  <string name="reading_vcard_title">Llegint vCard</string>
  <string name="reading_vcard_message">Llegint fitxer(s) vCard</string>
  <string name="reading_vcard_failed_title">Ha fallat la lectura de vCard</string>
  <string name="reading_vcard_contacts">%1$s de %2$s contactes</string>
  <string name="reading_vcard_files">%1$s de %2$s fitxers</string>
  <string name="confirm_export_title">Confirmació d\'exportació</string>
  <string name="confirm_export_message">Segur que vols exportar la llista de contactes a \"%s\"?</string>
  <string name="exporting_contact_failed_title">Ha fallat l\'exportació de les dades dels contactes</string>
  <string name="exporting_contact_failed_message">Ha fallat l\'exportació de les dades dels contactes. Raó: \"%s\"</string>
  <string name="fail_reason_no_exportable_contact">No hi ha contactes exportables</string>
  <string name="fail_reason_too_many_vcard">Massa fitxers vCard a la targeta SD</string>
  <string name="fail_reason_too_long_filename">El nom de fitxer és massa llarg (\"%s\")</string>
  <string name="exporting_contact_list_title">Exportar dades de contacte</string>
  <string name="exporting_contact_list_message">Exportant dades de contacte a \"%s\"</string>
  <string name="fail_reason_could_not_initialize_exporter">No es pot inicialitzar l\'origen: \"%s\"</string>
  <string name="fail_reason_error_occurred_during_export">Error durant l\'exportació: \"%s\"</string>
  <string name="composer_failed_to_get_database_infomation">No s\'ha pogut obtenir informació de la base de dades</string>
  <string name="composer_has_no_exportable_contact">No hi ha contactes exportables. Si tens contactes al telèfon, potser el teu proveïdor no permet aquest tipus d\'exportacions.</string>
  <string name="composer_not_initialized">El compositor vCard no està correctament inicialitzat</string>
  <string name="fail_reason_could_not_open_file">No es pot obrir \"%1$s\": %2$s</string>
  <string name="exporting_contact_list_progress">%1$s de %2$s contactes</string>
  <string name="search_settings_description">Noms dels contactes</string>
  <string name="add_2sec_pause">Afegeix una pausa de 2 segons</string>
  <string name="add_wait">Afegeix espera</string>
  <string name="call_disambig_title">Truca utilitzant</string>
  <string name="sms_disambig_title">Envia SMS utilitzant</string>
  <string name="make_primary">Recorda aquesta elecció</string>
  <string name="quickcontact_missing_app">No s\'ha trobat cap aplicació per aquesta acció</string>
  <string name="quickcontact_remember_choice">Recorda aquesta elecció</string>
  <string name="quickcontact_missing_name">Desconegut</string>
  <string name="menu_accounts">Comptes</string>
  <string name="menu_import_export">Importa/Exporta</string>
  <string name="dialog_import_export">Importa/Exporta contactes</string>
  <string name="menu_share">Comparteix</string>
  <string name="share_via">Comparteix contacte via</string>
  <string name="share_error">Aquest contacte no es pot compartir.</string>
  <string name="nameLabelsGroup">Nom</string>
  <string name="nicknameLabelsGroup">Sobrenom</string>
  <string name="organizationLabelsGroup">Empresa</string>
  <string name="websiteLabelsGroup">Web</string>
  <string name="eventLabelsGroup">Esdeveniment</string>
  <string name="type_short_home">C</string>
  <string name="type_short_mobile">M</string>
  <string name="type_short_work">F</string>
  <string name="type_short_pager">B</string>
  <string name="type_short_other">A</string>
  <string name="edit_read_only">Aquest contacte és de només lectura</string>
  <string name="edit_secondary_collapse">Més</string>
  <string name="dialog_primary_name">Nom primari</string>
  <string name="dialog_new_contact_account">Crea un contacte en el compte</string>
  <string name="account_phone">Només al telèfon (no sincronitzat)</string>
  <string name="call_custom">Truca a %s</string>
  <string name="call_home">Truca a casa</string>
  <string name="call_mobile">Truca al mòbil</string>
  <string name="call_work">Truca a la feina</string>
  <string name="call_fax_work">Truca al fax de la feina</string>
  <string name="call_fax_home">Truca al fax de casa</string>
  <string name="call_pager">Truca al localitzador</string>
  <string name="call_other">Truca</string>
  <string name="call_callback">Torna la trucada</string>
  <string name="call_car">Truca al cotxe</string>
  <string name="call_company_main">Truca a l\'empresa principal</string>
  <string name="call_isdn">Truca a RDSI</string>
  <string name="call_main">Truca al principal</string>
  <string name="call_other_fax">Truca al fax</string>
  <string name="call_radio">Truca a la ràdio</string>
  <string name="call_telex">Truca al tèlex</string>
  <string name="call_tty_tdd">Truca a TTY/TDD</string>
  <string name="call_work_mobile">Truca al mòbil de la feina</string>
  <string name="call_work_pager">Truca al localitzador de la feina</string>
  <string name="call_assistant">Truca a %s</string>
  <string name="call_mms">Truca a MMS</string>
  <string name="sms_custom">Envia SMS a %s</string>
  <string name="sms_home">Envia SMS a casa</string>
  <string name="sms_mobile">Envia SMS a mòbil</string>
  <string name="sms_work">Envia SMS a la feina</string>
  <string name="sms_fax_work">Envia SMS al fax de la feina</string>
  <string name="sms_fax_home">Envia SMS al fax de la feina</string>
  <string name="sms_pager">Envia SMS al localitzador</string>
  <string name="sms_other">Envia SMS</string>
  <string name="sms_callback">Envia SMS de retorn de trucada</string>
  <string name="sms_car">Envia SMS al cotxe</string>
  <string name="sms_company_main">Envia SMS a l\'empresa principal</string>
  <string name="sms_isdn">Envia SMS a RDSI</string>
  <string name="sms_main">Envia SMS al principal</string>
  <string name="sms_other_fax">Envia SMS al fax</string>
  <string name="sms_radio">Envia SMS a la ràdio</string>
  <string name="sms_telex">Envia SMS al tèlex</string>
  <string name="sms_tty_tdd">Envia SMS a TTY/TDD</string>
  <string name="sms_work_mobile">Envia SMS al mòbil de la feina</string>
  <string name="sms_work_pager">Envia SMS al localitzador de la feina</string>
  <string name="sms_assistant">Envia SMS a %s</string>
  <string name="sms_mms">Envia SMS al MMS</string>
  <string name="email_home">Envia email a casa</string>
  <string name="email_mobile">Envia email al mòbil</string>
  <string name="email_work">Envia email a la feina</string>
  <string name="email_other">Envia email</string>
  <string name="email_custom">Envia email a %s</string>
  <string name="email">Correu electrònic</string>
  <string name="map_home">Veure adreça de casa</string>
  <string name="map_work">Veure adreça de la feina</string>
  <string name="map_other">Veure adreça</string>
  <string name="map_custom">Veure adreça de %s</string>
  <string name="chat_aim">Xat amb AIM</string>
  <string name="chat_msn">Xat amb Windows Live</string>
  <string name="chat_yahoo">Xat amb Yahoo</string>
  <string name="chat_skype">Xat amb Skype</string>
  <string name="chat_qq">Xat amb QQ</string>
  <string name="chat_gtalk">Xat amb Google Talk</string>
  <string name="chat_icq">Xat amb ICQ</string>
  <string name="chat_jabber">Xat amb Jabber</string>
  <string name="chat">Xat</string>
  <string name="postal_street">Carrer</string>
  <string name="postal_pobox">Apartat de correus</string>
  <string name="postal_neighborhood">Barri</string>
  <string name="postal_city">Ciutat</string>
  <string name="postal_region">Província</string>
  <string name="postal_postcode">Codi postal</string>
  <string name="postal_country">País</string>
  <string name="name_given">Nom</string>
  <string name="name_family">Cognoms</string>
  <string name="name_prefix">Nom</string>
  <string name="name_middle">Primer cognom</string>
  <string name="name_suffix">Segon cognom</string>
  <string name="name_phonetic_given">Nom fonètic</string>
  <string name="name_phonetic_middle">Nom fonètic</string>
  <string name="name_phonetic_family">Cognom fonètic</string>
  <string name="account_type_format">%1$s contacte</string>
  <string name="from_account_format">de %1$s</string>
  <string name="use_photo_as_primary">Utilitza aquesta foto</string>
  <string name="contact_read_only">La informació del contacte %1$s no es pot editar.</string>
  <string name="no_contact_details">No hi ha més informació del contacte</string>
  <string name="search_bar_hint">Cerca de contactes</string>
  <string name="search_for_all_contacts">Cercar tots els contactes</string>
  <string name="take_photo">Fes una foto</string>
  <string name="pick_photo">Tria una foto de la Galeria</string>
  <string name="locale_change_in_progress">S\'actualitzarà la llista de contactes per reflectir el canvi d\'idioma.\n\nSisplau espera...</string>
  <string name="upgrade_in_progress">S\'actualitza la llista.\n\nSisplau espera...</string>
  <string name="upgrade_out_of_memory">Els contactes s\'estan actualitzant. \n\nEl procés requereix aproximadament %dMb de memòria interna.\n\nTria una opció:</string>
  <string name="upgrade_out_of_memory_uninstall">Desinstal·la algunes aplicacions</string>
  <string name="upgrade_out_of_memory_retry">Reintenta l\'actualització</string>
  <string name="search_results_for">Resultats de la cerca per a: %s</string>
  <string name="search_results_searching">Cercant...</string>
  <string name="callNoAnswerTimeFormat">Ha sonat %s cops</string>
  <string name="numberCountFormat">%s números</string>
  <string name="menu_display_all">Mostra tots els contactes</string>
  <string name="menu_display_only_phones">Mostra només els contactes amb telèfon</string>
  <string name="contactsGroupsLabel">Grups</string>
  <string name="group_summary_format">%s membres</string>
  <string name="no_member">El grup és buit</string>
  <string name="applyGroupsSelection">Actualitza la configuració del grup...</string>
  <string name="no_availablePhone">Aquest usuari no té número de telèfon.</string>
  <string name="add_group_member">Nou membre</string>
  <string name="group_name_contacts">Contactes</string>
  <string name="group_name_friends">Amics</string>
  <string name="group_name_family">Familiars</string>
  <string name="group_name_coworkers">Feina</string>
  <string name="group_name_important">Important</string>
  <string name="group_name_life_info">Estil de vida</string>
  <string name="group_name_white_list">Llista blanca</string>
  <string name="group_name_black_list">Llista negra</string>
  <string name="button_manage_groups">Gestiona grups</string>
  <string name="button_back">Enrere</string>
  <string name="button_remove_contacts">Elimina contactes</string>
  <string name="duplicatedGroupNameHelpText">El nom no pot ser el mateix que el d\'un grup existent</string>
  <string name="system_groups_unchangable">El grup per defecte no es pot reanomenar ni eliminar.</string>
  <string name="menu_add">Afegeix</string>
  <string name="menu_remove">Elimina</string>
  <string name="create_new_group">Nou grup</string>
  <string name="manage_groups">Gestiona grups</string>
  <string name="menu_viewGroup">Veure grup</string>
  <string name="menu_deleteGroup">Eliminar grup</string>
  <string name="menu_editGroupName">Edita el nom del grup</string>
  <string name="input_group_name_hint">Introdueix un nom de grup</string>
  <string name="notification_invalid_group_name">El nom del grup no es pot deixar en blanc</string>
  <string name="add_to_group_format">Afegeix a %s</string>
  <string name="name_full">Nom</string>
  <string name="add_more_items">Afegeix camps</string>
  <string name="saveConfirmationTitle">Desa contacte</string>
  <string name="saveConfirmationBody">Vols desar les modificacions del contacte?</string>
  <string name="saveConfirmationYes">Desa</string>
  <string name="saveConfirmationNo">No desis</string>
  <string name="import_from_account">Importa</string>
  <string name="select_account_import_from">Seleccioneu el compte que voleu importar</string>
  <string name="importing_from_account">S\'està important</string>
  <string name="fail_message_account_needed">Sisplau, primer configura el teu compte MIUI</string>
  <string name="success_message_import_from_account">Importació correcta</string>
  <string name="date_day">Dia</string>
  <string name="fast_scroll_alphabet">\#ABCDEFGHIJKLMNOPQRSTUVWXYZ</string>
  <string name="belong_no_group">Sense grup</string>
  <string name="menu_remove_member">Elimina un membre</string>
  <string name="removeConfirmation_title">Esborra</string>
  <string name="menu_add_favorite_contact">Afegeix contacte als preferits</string>
  <string name="menu_group_sms">Envia missatge de grup</string>
  <string name="menu_group_ringtone">To de trucada del grup</string>
  <string name="menu_add_member">Afegeix un membre</string>
  <string name="menu_callIpNumber">Truca al telèfon IP (Dial %s)</string>
  <string name="menu_clearDefaultNumber">Cancel·la el número per defecte</string>
  <string name="menu_clearDefaultEmail">Cancel·la l\'adreça per defecte</string>
  <string name="favoriteContactDescription">Afegeix als favorits</string>
  <string name="unfavoriteContactDescription">Elimina dels favorits</string>
  <string name="shareContactDescription">Comparteix contactes</string>
  <string name="titlePickOrCreateNewContact">Tria un contacte o crea\'n un de nou</string>
  <string name="titlePickContactNumber">Selecciona un número de telèfon</string>
  <string name="fixedPhoneLabel">Telèfon fix</string>
  <string name="fixedFaxLabel">Fax</string>
  <string name="goto_album">Vés a la Galeria</string>
  <string name="recommneded_photos">Fotos de contacte recomanades</string>
  <string name="downloading_photos">Baixa les fotos</string>
  <string name="callButtonText">Truca</string>
  <string name="callrecordview_menu_phone_all">Mostra totes les trucades</string>
  <string name="callrecordview_menu_phone_missed">Mostra només les trucades perdudes</string>
  <string name="callrecordview_menu_delete_one">Elimina del registre</string>
  <string name="callrecordview_menu_delete_stranger">Esborra trucades de números desconeguts</string>
  <string name="callrecordview_menu_delete_all">Esborra historial de trucades</string>
  <string name="callrecordview_menu_set">Paràmetres</string>
  <string name="callrecordview_more">Més</string>
  <string name="callrecordview_more_title">Total de trucades %s</string>
  <string name="callrecordview_item_calls">%d trucades</string>
  <string name="callrecordview_item_op_time_missed">Perduda</string>
  <string name="callrecordview_item_op_time_short_incoming">Rebuda: %d segons</string>
  <string name="callrecordview_item_op_time_short_outgoing">Realitzada: %d segons</string>
  <string name="callDetailsDurationFormat_incoming">Trucada rebuda: %1$s minuts %2$s segons</string>
  <string name="callDetailsDurationFormat_outgoing">Trucada realitzada: %1$s minuts %2$s segons</string>
  <string name="group_delete_confirmation">Confirma la supressió del grup</string>
  <string name="no_sms_availabe_contact_in_group">Aquest grup no té contactes que puguin rebre missatges</string>
  <string name="showDialpadTip">Toca per mostrar el dialpad</string>
  <string name="set_ringtone_for_group_members_success">To de grup actualitzat</string>
  <string name="noContactHelpText">No hi ha contactes. Opcions:</string>
  <string name="noFavoriteHelpText">No hi ha favorits. Opcions:</string>
  <string name="noGroupMemberHelpText">El grup no té membres. Opcions:</string>
  <string name="noContactHelpTextAccounts">Configura el compte</string>
  <string name="noContactHelpTextImportSim">Importa contactes de la SIM</string>
  <string name="noContactHelpTextImportSD">Importa contactes de la SD</string>
  <string name="noContactHelpTextAddContact">Crea un nou contacte</string>
  <string name="noContactHelpTextAddStarred">Afegeix dels preferits</string>
  <string name="noContactHelpTextAddMember">Afegeix un membre al grup</string>
</resources>
