<?xml version="1.0" encoding="utf-8"?>
<!--Generated by crowdin.net-->
<resources>
  <string name="app_name">Ràdio FM</string>
  <string name="tx_app_name">Transmissor de FM</string>
  <string name="preset_delete">Suprimeix</string>
  <string name="stat_notif_frequency">Sintonitzant FM %1$s MHz</string>
  <string name="sel_band_menu">Selecciona banda regional</string>
  <string name="settings_menu">Paràmetres</string>
  <string name="regional_band">Banda regional</string>
  <string name="aud_output_mode">Mode de sortida d\'àudio</string>
  <string name="sel_audio_output">Seleccioneu sortida d\'àudio</string>
  <string name="record_dur">Durada de gravació</string>
  <string name="sel_rec_dur">Selecciona el temps de gravació</string>
  <string name="auto_select_af">Selecció automàtica AF</string>
  <string name="auto_select_af_enabled">Selecció automàtica activada</string>
  <string name="auto_select_af_disabled">Selecció automàtica desactivada</string>
  <string name="fac_defaults">Restaura la configuració predeterminada</string>
  <string name="revert_to_fac">Restaura la configuració predeterminada</string>
  <string name="settings_back">Enrere</string>
  <string name="settings_revert_confirm_title">Confirma restablir configuració</string>
  <string name="settings_revert_confirm_msg">Això eliminarà tota configuració, la preestablerta inclosa</string>
  <string name="settings_back_summary">Torna a la vista anterior</string>
  <string name="settings_revert_defaults_title">Torna als valors de fàbrica</string>
  <string name="settings_revert_defaults_summary">Restablir tots els paràmetres</string>
  <string name="alert_dialog_ok">D\'acord</string>
  <string name="alert_dialog_cancel">Cancel·la</string>
  <string name="preset_search">Cerca%1$s</string>
  <string name="fm_command_failed_title">Operació FM fallida</string>
  <string name="fm_cmd_failed_msg">L\'operació ha fallat. Possibles causes: no has connectat els auriculars, no has activat el Bluetooth, el telèfon està realitzant una trucada, o s\'ha tancat la ràdio. Comprova-ho i intenta-ho de nou.</string>
  <string name="durationformat">%2$d:%5$02d</string>
  <string name="frequency_string">frequency_string</string>
  <string name="stat_no_fm">La ràdio FM no està engegada</string>
  <string name="need_headset_for_antenna">Error! Connecta els auriculars com a antena.</string>
  <string name="init_FM">Sisplau espera, activant el bluetooth...</string>
  <string name="need_bluetooth">Error! Sisplau activa el bluetooth.</string>
</resources>
