<?xml version="1.0" encoding="utf-8"?>
<!--Generated by crowdin.net-->
<resources>
  <string name="word_separators">.	 ,;:!?\n()[]*&@{}/<>_+=|\"</string>
  <string name="sentence_separators">.,!?</string>
  <string name="suggested_punctuations">!?,@_</string>
  <string name="alternates_for_d"> </string>
  <string name="alternates_for_r"> </string>
  <string name="alternates_for_t"> </string>
  <string name="alternates_for_z"> </string>
  <string name="alternates_for_l"> </string>
  <string name="alternates_for_g"> </string>
  <string name="ime_name">Google Pinyin IME</string>
  <string name="ime_settings_activity_name">Google Pinyin IME Settings</string>
  <string name="ime_settings_choose_other_ime">Input method</string>
  <string name="version">1.2.8</string>
  <string name="toggle_cn">0 </string>
  <string name="toggle_cn_cand">1</string>
  <string name="toggle_en_lower">2</string>
  <string name="toggle_en_upper">3</string>
  <string name="toggle_en_sym1">4</string>
  <string name="toggle_en_sym2">5</string>
  <string name="toggle_enter_go">6</string>
  <string name="toggle_enter_search">7</string>
  <string name="toggle_enter_send">8</string>
  <string name="toggle_enter_next">9</string>
  <string name="toggle_enter_done">10</string>
  <string name="toggle_row_cn">11</string>
  <string name="toggle_row_en">12</string>
  <string name="toggle_row_uri">13</string>
  <string name="toggle_row_emailaddress">14</string>
  <string name="toggle_phone_sym">15</string>
  <string name="toggle_stroke_urlqwerty">16</string>
  <string name="toggle_misc1">17</string>
  <string name="toggle_misc2">18</string>
  <string name="toggle_misc3">19</string>
  <string name="toggle_misc4">20</string>
  <string name="toggle_smiley_off">21</string>
  <string name="toggle_smiley_on">22</string>
  <string name="toggle_cn_sym1">23</string>
  <string name="toggle_cn_sym2">24</string>
  <string name="toggle_url">25</string>
  <string name="toggle_emailaddress">26</string>
  <string name="toggle_stroke_disabled">27</string>
  <string name="toggle_exit_sym_to_en">28</string>
  <string name="toggle_en_upper_locked">29</string>
  <string name="toggle_single_quote_open">30</string>
  <string name="toggle_single_quote_close">31</string>
  <string name="toggle_double_quote_open">32</string>
  <string name="toggle_double_quote_close">33</string>
  <string name="setting_stroke_key">setting_stroke_key</string>
  <string name="setting_fault_tolerance_key">setting_fault_key</string>
  <string name="setting_sound_key">setting_sound_key</string>
  <string name="setting_vibrate_key">setting_vibrate_key</string>
  <string name="setting_prediction_key">setting_prediction_key</string>
  <string name="setting_tradition_key">setting_tradition_key</string>
  <string name="setting_switch_key">setting_switch_key</string>
  <string name="setting_advanced_key">setting_advanced_key</string>
  <string name="setting">Configuració del Pinyin IME</string>
  <string name="setting_stroke_title">Stroke IME</string>
  <string name="setting_fault_tolerance_title">Stroke fault tolerance</string>
  <string name="setting_sound_key_title">So en pitjar una tecla</string>
  <string name="setting_vibrate_title">Vibra en pitjar una tecla</string>
  <string name="setting_prediction_title">Text predictiu</string>
  <string name="setting_tradition_title">Entrada de xinès tradicional</string>
  <string name="setting_switch_title">Canvia Xinès/Anglès</string>
  <string name="setting_switch_shift_space_title">Shift-Barra espaiadora</string>
  <string name="setting_enabled">Activa</string>
  <string name="setting_disabled">Desactiva</string>
  <string name="setting_others">Altres opcions</string>
  <string name="setting_others_summary">Sincronitza diccionari, etc</string>
  <string name="account_label_username">Nom d\'usuari: (per ex. johndoe@gmail.com)</string>
  <string name="account_label_password">Contrasenya:</string>
  <string name="account_label_login">Autenticació</string>
  <string name="account_label_cancel">Cancel·la</string>
  <string name="account_title">Autenticació d\'usuari</string>
  <string name="account_sign_up_title">Autentica\'t</string>
  <string name="account_signing_in_title">Comprovant, espera...</string>
  <string name="setting_title">Opcions de Google Pinyin IME</string>
  <string name="setting_update_category_key">setting_update_category_key</string>
  <string name="setting_update_category_title">Actualitza diccionari automàticament</string>
  <string name="setting_update_enabled_key">setting_update_enabled_key</string>
  <string name="setting_update_enabled_title">Diccionari autoactualitzat</string>
  <string name="setting_sync_category_title">Sincronitza diccionari de l\'usuari</string>
  <string name="setting_sync_enabled_key">setting_sync_enabled_key</string>
  <string name="setting_sync_now_key">setting_sync_now_key</string>
  <string name="setting_sync_clear_key">setting_sync_clear_key</string>
  <string name="setting_sync_enabled_title">Diccionari de l\'usuari sincronitzat</string>
  <string name="setting_sync_now_title">Sincronitza ara</string>
  <string name="setting_sync_cancel_title">Cancel·la sincronització</string>
  <string name="setting_sync_clear_title">Neteja el servidor de diccionari</string>
  <string name="setting_enabled_title">Enable</string>
  <string name="setting_disabled_title">Disable</string>
  <string name="status_bar_message_title">Google Pinyin IME</string>
  <string name="status_bar_message_sync_title">Syncing user dictionary...</string>
  <string name="status_bar_message_update_title">Downloading popular words...</string>
  <string name="setting_dialog_sync_now_title">Ask</string>
  <string name="setting_dialog_sync_now_message">Do you want to sync now?</string>
  <string name="setting_dialog_sync_clear_title">Caution</string>
  <string name="setting_dialog_sync_clear_message">User dictionary on the server will be cleared, this operation is irreversible. Do you really want to clear the user dictionary on the server? If yes, please enter the following numbers and press OK.</string>
  <string name="setting_error_sync_service_inactive">Sync service is not started. Unable to proceed.</string>
  <string name="sign_up_url">https://www.google.com/accounts/NewAccount?hl=ca_AD</string>
  <string name="setting_update_time">Last updated on:</string>
  <string name="setting_sync_time">Last sync:</string>
  <string name="setting_year">Year</string>
  <string name="setting_month">Month</string>
  <string name="setting_day">Day</string>
  <string name="setting_hour">Hour</string>
  <string name="setting_minute">Minutes</string>
  <string name="setting_second">seconds</string>
  <string name="setting_sync_error">Sync failed</string>
  <string name="setting_sync_ongoing">Syncing...</string>
  <string name="setting_update_error">Update failed</string>
  <string name="setting_update_ongoing">Updating in progress...</string>
  <string name="privacy_url">http://m.google.com/static/zh-CN/privacy.html</string>
  <string name="tos_url">http://m.google.com/tospage?dc=gorganic&hl=ca_AD</string>
  <string name="setting_privacy_key">setting_privacy_key</string>
  <string name="setting_tos_key">setting_tos_key</string>
  <string name="setting_about_key">setting_about_key</string>
  <string name="setting_privacy_title">Privacy policy</string>
  <string name="setting_tos_title">Terms of service</string>
  <string name="setting_about_title">About</string>
  <string name="setting_about_version_title">Versió actual:</string>
  <string name="setting_about_loading_title">Carregant…</string>
  <string name="touch_to_continue">Continua</string>
  <string name="touch_to_finish">Toca per a acabar</string>
  <string name="tip_to_open_keyboard"> </string>
  <string name="tip_to_view_accents"> </string>
  <string name="tip_to_open_symbols"> </string>
  <string name="tip_to_close_symbols"> </string>
  <string name="tip_to_launch_settings"> </string>
  <string name="tip_to_select_candidate"> </string>
  <string name="tip_to_backspace"> </string>
  <string name="tip_to_smart_key"> </string>
  <string name="tip_to_start_typing"> </string>
  <string name="default_device_name">Android</string>
  <string name="next_button_label">Següent</string>
  <string name="back_button_label">Enrere</string>
  <string name="skip_button_label">Omet</string>
  <string name="done_button_label">Fet</string>
  <string name="keyboard_tutorial_title">Utilitza al teclat en pantalla</string>
  <string name="open_the_keyboard">Toca qualsevol text</string>
  <string name="close_the_keyboard">Prem "Enrere"</string>
  <string name="sync">Activa o desactiva el diccionari d\'usuari a les opcions de teclat</string>
  <string name="keyboard_settings">Mantingues premut</string>
</resources>
