<?xml version="1.0" encoding="utf-8"?>
<!--Generated by crowdin.net-->
<resources>
  <string name="app_name">Actualització del sistema</string>
  <string name="apply_now_button_text">Actualitza ara</string>
  <string name="apply_later_button_text">Actualitza després</string>
  <string name="apply_update_button_text">Aplica l\'actualització</string>
  <string name="apply_title_textview_text">Llest per al seu ús</string>
  <string name="apply_subtitle_textview_text">Notes de la versió:</string>
  <string name="apply_unable_to_reboot_toast">No es pot reiniciar el sistema en mode recuperació</string>
  <string name="apply_trying_to_get_root_access">Intentant accedir com a root per reiniciar el sistema en mode de recuperació</string>
  <string name="available_updates_text">Tria la rom a descarregar:</string>
  <string name="choose_available_update_text">Actualitza</string>
  <string name="no_updates_found_instructions">Ja tens l\'actualització més recent \ feu clic a \ "comprovar ara" \ Recomprovant actualitzacions.</string>
  <string name="check_error_instructions">Ha fallat l\'actualització\ clica a \'comprova ara\'\ Tornant a buscar.</string>
  <string name="downloaded_update_found_text">S\'ha trobat un fitxer d\'actualització a la SD:</string>
  <string name="checking_for_updates">Comprovant actualitzacions</string>
  <string name="downloading_update">Descarregant l\'actualització</string>
  <string name="sdcard_is_not_present_dialog_body">Necessites una targeta SD per al fitxer baixat</string>
  <string name="sdcard_is_not_present_dialog_title">No es troba la targeta SD</string>
  <string name="sdcard_is_not_present_dialog_ok_button">D\'acord</string>
  <string name="current_version_text">Actualment utilitzant la versió:</string>
  <string name="delete_updates_text">Elimina l\'actualització</string>
  <string name="delete_updates_success_message">Aquesta actualització s\'ha eliminat</string>
  <string name="delete_updates_failure_message">Elimina l\'error de l\'actualització</string>
  <string name="delete_updates_noFolder_message">No s\'ha trobat cap actualització local</string>
  <string name="apply_update_dialog_title">Confirma</string>
  <string name="apply_update_dialog_text">Vols aplicar aquesta actualització immediatament del fitxer: (0).\N Si fas clic al botó "Actualitzar" el telèfon es reiniciarà automàticament en mode de recuperació per instal·lar-lo.</string>
  <string name="apply_update_dialog_update_button">Actualitza</string>
  <string name="apply_update_dialog_backup_and_update_button">Actualitza la còpia de seguretat i les aplicacions</string>
  <string name="apply_update_dialog_cancel_button">Cancel·la</string>
  <string name="check_now">Cerca actualitzacions</string>
  <string name="menu_config">Configuració</string>
  <string name="menu_about">Quant a…</string>
  <string name="menu_changelog">Registre de canvis</string>
  <string name="cancel_download_buton_text">Cancel·la</string>
  <string name="confirm_download_cancelation_dialog_message">Estàs segur de voler cancel·lar la descàrrega actual?</string>
  <string name="confirm_download_cancelation_dialog_yes">Sí</string>
  <string name="confirm_download_cancelation_dialog_no">No</string>
  <string name="download_canceled_toast_message">Descàrrega cancel·lada</string>
  <string name="verify_and_apply_dialog_title">S\'ha verificat el fitxer.</string>
  <string name="verify_and_apply_dialog_message">S\'estan comprovant les firmes MD5</string>
  <string name="apply_existing_update_md5error_message">Error: Les sumes MD5 no coincideixen.</string>
  <string name="file_not_found_error_message">No existeix el fitxer o no s\'hi pot accedir.</string>
  <string name="apply_upload_info_message">Clica a "Actualitza ara", el telèfon es reiniciarà automàticament per a aplicar l\'actualització. Si vols fer una còpia de seguretat torna al sistema de còpies de seguretat després de l\'actualització.</string>
  <string name="notes_about_recovery">(Please note that in order to support future upgrades OTA, you must be compatible with the ROM recovery. In order to ensure the compatibility of recovery, you can via the menu item "heavy brush recovery" use our recommended recovery.)</string>
  <string name="last_update_check_text">Darrera cerca d\'actualitzacions</string>
  <string name="overwrite_update_title">Actualitzar els existents</string>
  <string name="overwrite_update_summary">La Rom ja existeix. La vols tornar a descarregar?</string>
  <string name="overwrite_update_positive">Descarregar de nou</string>
  <string name="overwrite_update_negative">Utilitza la rom actual</string>
  <string name="no_md5_found_summary">L\'actualització no té suma MD5. Segur que vols aplicar-la sense comprovar?</string>
  <string name="no_md5_found_positive">Aplica l\'actualització</string>
  <string name="no_md5_found_negative">Cancel·la</string>
  <string name="notification_tickertext">Descarregant l\'actualització</string>
  <string name="notification_finished">Descàrrega completa</string>
  <string name="stable_description">Estable</string>
  <string name="experimental_description">Experimental</string>
  <string name="changelog_button_text">Registre de canvis</string>
  <string name="changelog_title_rom">Registre de canvis de la ROM</string>
  <string name="md5_check_cancelled">La comprovació de la suma de comprovació MD5 estat cancel·lada</string>
  <string name="title_running">Versió actual</string>
  <string name="no_updatecheck_executed">No s\'ha executat la comprovació d\'actualitzacions</string>
  <string name="about_dialog_title">Quant a…</string>
  <string name="no_updates_found">No s\'ha trobat cap actualització</string>
  <string name="not_new_updates_found_title">Noves actualitzacions trobades!</string>
  <string name="exception_while_downloading">Error al descarregar</string>
  <string name="not_update_check_error_title">No es poden comprovar les actualitzacions</string>
  <string name="not_update_download_error_title">Error durant la descàrrega de l\'actualització</string>
  <string name="not_update_downloaded_title">Finalitzada la descàrrega de l\'actualització</string>
  <string name="not_update_downloaded_body">(0) Preparat per instal·lar</string>
  <string name="download_info_filename">Nom del fitxer:</string>
  <string name="download_info_mirror">Servidor secundari:</string>
  <string name="download_info_downloading">Descarregant...</string>
  <string name="download_info_speed">Velocitat de descàrrega:</string>
  <string name="download_info_remaining_time">Temps restant:</string>
  <string name="md5_verification_failed">Verificació de MD5 fallida</string>
  <string name="not_new_updates_found_body">Nova versió trobada</string>
  <string name="not_network_error">Error de xarxa, comproveu la connexió a Internet</string>
  <string name="version_description">Descripció de la versió</string>
  <string name="acknowledge">Agraïments</string>
  <string name="pleasea_check_update">Comprovant actualitzacions</string>
  <string name="already_applied">Aplicat</string>
  <string name="stable_version">Versió estable</string>
  <string name="test_version">Versió experimental</string>
  <string name="wifi_not_available_title">Wi-Fi no està connectat</string>
  <string name="wifi_not_available_body">La mida del fitxer és gran, es recomana la descàrrega a través de Wi-fi però no està activada o ben connectada, continuar igualment?</string>
  <string name="widget_title">El meu MIUI</string>
  <string name="widget_feedback">Algun comentari?</string>
  <string name="unable_to_flash_recovery">No és possible guardar la recuperació</string>
  <string name="flash_recovery_successfully">Recuperació guardada amb èxit</string>
  <string name="reflash_recovery">Heavy brush recovery</string>
  <string name="boot_recovery">Reinicia el sistema en mode de recuperació</string>
  <string name="flash_recovery_dialog_message">Guardant la recuperació</string>
  <string name="applying_rom_message">Aplica la nova ROM</string>
  <string name="loading">Connectant a MIUI</string>
  <string name="page_error_title">No es pot accedir</string>
  <string name="page_error">No es pot accedir a MIUI, podria haver un problema amb la seva connexió a internet o en el nostre servidor</string>
  <string name="page_reload">Torna a carregar la pàgina</string>
  <string name="install_rom_from_sd">Instal·la la ROM des de la SD</string>
</resources>
